{
  "authorDailyContributionsMap": {
    "omupenguin": [
      {
        "insertions": 1337,
        "deletions": 1344,
        "date": "2019-10-02",
        "commitResults": [
          {
            "hash": "27073ef1ca2d181f7aee168b2c5a9f31cd1beca4",
            "messageTitle": "Refacted Duke into Dolla, and made Dolla a skeleton codebase.",
            "messageBody": "",
            "insertions": 1336,
            "deletions": 1344
          },
          {
            "hash": "426a6e3ff77654ede20102f72064b9d7a4d5fc03",
            "messageTitle": "Dolla now greets upon startup.",
            "messageBody": "",
            "insertions": 1,
            "deletions": 0
          }
        ]
      },
      {
        "insertions": 442,
        "deletions": 187,
        "date": "2019-10-03",
        "commitResults": [
          {
            "hash": "5d6d230974749668dc982fd7fcfcee3771ad9e2e",
            "messageTitle": "Fixed checkstyle errors.",
            "messageBody": "",
            "insertions": 3,
            "deletions": 2
          },
          {
            "hash": "b54480aab3a2ad0661a8a5805c554ab6893bea9b",
            "messageTitle": "Fixed checkstyle errors.",
            "messageBody": "",
            "insertions": 104,
            "deletions": 99
          },
          {
            "hash": "163598b7fbf53ff646f07efbc91e8ab031d9ace3",
            "messageTitle": "Wrote foundations for morphing Dolla.",
            "messageBody": "",
            "insertions": 169,
            "deletions": 8
          },
          {
            "hash": "5a6abf6e020d02bb9d0534d7ac5781086902eaca",
            "messageTitle": "Completed Preliminary functions.",
            "messageBody": "",
            "insertions": 135,
            "deletions": 48
          },
          {
            "hash": "8e52fa69b1a9bd11db62af2229521cf57234520c",
            "messageTitle": "Converted unused commands to abstract commands so the program can run.",
            "messageBody": "",
            "insertions": 18,
            "deletions": 24
          },
          {
            "hash": "63c4980ce6022c6de8cd9fc87dbe018cc66a8bbf",
            "messageTitle": "Done debugging and finished basic feature.",
            "messageBody": "",
            "insertions": 13,
            "deletions": 6
          }
        ]
      },
      {
        "insertions": 325,
        "deletions": 106,
        "date": "2019-10-10",
        "commitResults": [
          {
            "hash": "58919fd8babdf0bdad96385516e537eda7b18d23",
            "messageTitle": "Tried to fix checksytle errors.",
            "messageBody": "",
            "insertions": 71,
            "deletions": 35
          },
          {
            "hash": "7d3dc86a1891c4080fecbf50f03f50bbe0a32b9b",
            "messageTitle": "Still trying to fix checkstyle errors.",
            "messageBody": "",
            "insertions": 5,
            "deletions": 5
          },
          {
            "hash": "8aec117500b32899c9cfd2cf93415f9f3f076242",
            "messageTitle": "Still trying to fix checkstyle errors.",
            "messageBody": "",
            "insertions": 2,
            "deletions": 1
          },
          {
            "hash": "4c8aa28e0998573d7097ecafc959fa5ee2410f2e",
            "messageTitle": "Added Log, EntryList, and LogList Classes, and modified Entry Class.",
            "messageBody": "Entry and EntryList inherits from Log and LogList respectively, so that similar classes can share functions through inheritence.\n",
            "insertions": 59,
            "deletions": 2
          },
          {
            "hash": "c9b04816fd4823d50da466a52d015f385c0c26c3",
            "messageTitle": "Updated EntryList.",
            "messageBody": "",
            "insertions": 3,
            "deletions": 0
          },
          {
            "hash": "8a421f46f2232fff33a6790f725aec0999774e90",
            "messageTitle": "Added DollaData and SwitchModeCommand, and updated various files.",
            "messageBody": "DollaData stores all the data in Dolla\u0027s operation.\nSwitchModeCommand is a command that switches Dolla\u0027s mode.\nDolla.java now uses DollaData, and updated various files to accomodate for DollaData and SwitchModeCommand.\n",
            "insertions": 77,
            "deletions": 27
          },
          {
            "hash": "f2bebeb58535e3365ffc9d8d3cee37066c68eddb",
            "messageTitle": "Added EntryParser and morphed ShowListCommand.",
            "messageBody": "",
            "insertions": 107,
            "deletions": 32
          },
          {
            "hash": "00b84dc55037021b53fd4e9ef2f00e878169ba61",
            "messageTitle": "Minor update to ShowListCommand.",
            "messageBody": "",
            "insertions": 1,
            "deletions": 4
          }
        ]
      },
      {
        "insertions": 66,
        "deletions": 19,
        "date": "2019-10-15",
        "commitResults": [
          {
            "hash": "a2a7064580ed4e3920576d1f9d6d71942df99591",
            "messageTitle": "Converted entryList in Dolla to private. Functions affected also updated.",
            "messageBody": "",
            "insertions": 20,
            "deletions": 9
          },
          {
            "hash": "b34bc64eb413a2ee4868b2b37bda7a26dc6ace37",
            "messageTitle": "Cleaned up DollaParser for SLAP.",
            "messageBody": "",
            "insertions": 30,
            "deletions": 10
          },
          {
            "hash": "472b8ed6a0b2db3e50cbeeaa4663d159ab7f2bea",
            "messageTitle": "Added Javadocs for various methods.",
            "messageBody": "",
            "insertions": 16,
            "deletions": 0
          }
        ]
      },
      {
        "insertions": 240,
        "deletions": 92,
        "date": "2019-10-17",
        "commitResults": [
          {
            "hash": "551af02dfb0a361e7d6878ffda46f07dc572fd5a",
            "messageTitle": "Moved Parser back to Dolla package.",
            "messageBody": "",
            "insertions": 9,
            "deletions": 13
          },
          {
            "hash": "14103f62d1002da86fa98978540011c2f8a1b8ae",
            "messageTitle": "Added and fixed some java documentations.",
            "messageBody": "",
            "insertions": 23,
            "deletions": 10
          },
          {
            "hash": "35e201fe2f09d415b145c2bcbfb0457c08023c78",
            "messageTitle": "Changed \u0027break\u0027 in switch case within MainParser to a \u0027return\u0027",
            "messageBody": "",
            "insertions": 2,
            "deletions": 1
          },
          {
            "hash": "0ec71d84b0580beab2132ac754fa5b3b8f73794b",
            "messageTitle": "Updated EntryParser.java and shifted some code from DollaParser.java to Parser.java.",
            "messageBody": "",
            "insertions": 39,
            "deletions": 48
          },
          {
            "hash": "acec776d6b64d0763543783ff04519da5c485dc8",
            "messageTitle": "Added InitialModifyCommand.java and updated relevant files for \u0027modify\u0027 feature.",
            "messageBody": "",
            "insertions": 82,
            "deletions": 9
          },
          {
            "hash": "d98ead28a82bbfe1657de20d5ba358846798aa6e",
            "messageTitle": "mode to be passed will be \u0027modify \u003ccurrent mode\u003e\u0027 for later use.",
            "messageBody": "",
            "insertions": 5,
            "deletions": 1
          },
          {
            "hash": "f9a821c78e2367e3a9a866c6ca8180c70b7d1dac",
            "messageTitle": "Added ModifyEntryCommand, and updated ModifyParser and DollaData, as well as other affected files.",
            "messageBody": "ModifyParser: When modify is initiated, the mode changes to \u0027modify\u0027 and\nthen uses the respective modes\u0027 add parsing to verify the input.\nModifyEntryCommand: Basically acts as a \u0027addEntryCommand\u0027, but replaces\nan already exisiting entry.\nDollaData: Stores information required for modification of lists, and\nnow contains a method to replace a log within a loglist when in modify mode.\n",
            "insertions": 80,
            "deletions": 10
          }
        ]
      },
      {
        "insertions": 9,
        "deletions": 11,
        "date": "2019-10-23",
        "commitResults": [
          {
            "hash": "7262d229fd9a742b5e4f2d5cf8de6d37d5373541",
            "messageTitle": "Minor Ui fixes.",
            "messageBody": "",
            "insertions": 9,
            "deletions": 11
          }
        ]
      },
      {
        "insertions": 139,
        "deletions": 50,
        "date": "2019-10-24",
        "commitResults": [
          {
            "hash": "bb502350caac41139fc86d690e0e25551d7ec892",
            "messageTitle": "Cleaned up add command details in Paraser.",
            "messageBody": "",
            "insertions": 7,
            "deletions": 24
          },
          {
            "hash": "aeae035761311d078fbc5305a06bba5f62992611",
            "messageTitle": "Added and updated some java documentations.",
            "messageBody": "",
            "insertions": 32,
            "deletions": 26
          },
          {
            "hash": "d80bb2c5f081eb6e8c28b060ad272b5b3aa398c1",
            "messageTitle": "Added unit testing functionalities to gradle.",
            "messageBody": "",
            "insertions": 5,
            "deletions": 0
          },
          {
            "hash": "2f39b1abbbf29d14a1d21a6675dc450cd596b458",
            "messageTitle": "Added tests for Entry.",
            "messageBody": "",
            "insertions": 46,
            "deletions": 0
          },
          {
            "hash": "f14283d083810a83d4354d981d9d7d91ab103c39",
            "messageTitle": "Added tests for EntryList.",
            "messageBody": "",
            "insertions": 49,
            "deletions": 0
          }
        ]
      },
      {
        "insertions": 189,
        "deletions": 50,
        "date": "2019-10-29",
        "commitResults": [
          {
            "hash": "781f4f2a3a98f51a7ca0d28772d26dde91117580",
            "messageTitle": "Refactored the Parsers to remove redundency. handleInput in XYZParser has been renamed to parseInput. parseInput no longer requires any parameters to be passed in. Constructor of ModifyParser now handles the mode change. Modes of XYZParser are stored when the parser is created.",
            "messageBody": "",
            "insertions": 26,
            "deletions": 15
          },
          {
            "hash": "e7b8c2ecf752395a92b381b0be4c15a2c178a3e1",
            "messageTitle": "Added getCommandInfo as an abstract method in Command.java. getCommandInfo returns a string containing the data stored in the command. Mainly to be used for testing or debugging purposes.",
            "messageBody": "",
            "insertions": 84,
            "deletions": 0
          },
          {
            "hash": "f3484f9193f14bbc23e2fdee3517ca71c89c6b16",
            "messageTitle": "Added DollaParserTest.",
            "messageBody": "",
            "insertions": 29,
            "deletions": 0
          },
          {
            "hash": "91d4b1d71414d7daae66298f43a8e119e9c61b07",
            "messageTitle": "Added new test in DollaParserTest.",
            "messageBody": "",
            "insertions": 13,
            "deletions": 5
          },
          {
            "hash": "a1028c37830ca10dfa52572b93d2f818027309b2",
            "messageTitle": "Fixed checkstyle errors.",
            "messageBody": "",
            "insertions": 13,
            "deletions": 13
          },
          {
            "hash": "09611a30ebc2c4d622d5a7ebedf7368d0d1cb5bd",
            "messageTitle": "Fixed Codacy errors.",
            "messageBody": "",
            "insertions": 10,
            "deletions": 2
          },
          {
            "hash": "0dc8e6f8dc32a8067001344d9295f586cc871c95",
            "messageTitle": "Fixed Codacy errors.",
            "messageBody": "",
            "insertions": 4,
            "deletions": 4
          },
          {
            "hash": "0535ae88009a1b40095722c8e87ba56746eb1792",
            "messageTitle": "Fixed Codacy errors.",
            "messageBody": "",
            "insertions": 3,
            "deletions": 4
          },
          {
            "hash": "6ec8609070a6c7b49270463e342187c04388616e",
            "messageTitle": "Fixed more Codacy errors.",
            "messageBody": "",
            "insertions": 7,
            "deletions": 7
          }
        ]
      },
      {
        "insertions": 171,
        "deletions": 15,
        "date": "2019-10-30",
        "commitResults": [
          {
            "hash": "16e11f1fbce157d93d99e4a4fffa6a87b57d57ab",
            "messageTitle": "Fixed checkstyle error.",
            "messageBody": "",
            "insertions": 1,
            "deletions": 0
          },
          {
            "hash": "5643549f900c2bccfdca01bd7568d189b797ce03",
            "messageTitle": "Added modify now works for debts.",
            "messageBody": "",
            "insertions": 170,
            "deletions": 15
          }
        ]
      },
      {
        "insertions": 957,
        "deletions": 593,
        "date": "2019-10-31",
        "commitResults": [
          {
            "hash": "91ee6def4af3184e61d6c0834446de1a970dcc80",
            "messageTitle": "Cleaned up parsers.",
            "messageBody": "",
            "insertions": 63,
            "deletions": 151
          },
          {
            "hash": "e0a625bd4173c4c82b29106aa5cba1df5568ae64",
            "messageTitle": "Refactored UI.",
            "messageBody": "",
            "insertions": 142,
            "deletions": 107
          },
          {
            "hash": "419e087c778d9985455d4709c59178dd803d1b8d",
            "messageTitle": "Prepped LimitParser for Modify.",
            "messageBody": "",
            "insertions": 9,
            "deletions": 0
          },
          {
            "hash": "40dc8fe8f53ee64830bb6cfb1f92d493f04485ef",
            "messageTitle": "Refactored modify commands and prepare for partial modifies.",
            "messageBody": "",
            "insertions": 60,
            "deletions": 26
          },
          {
            "hash": "07ef843bf234539ed2470d5b2df8ca0b7698f0ff",
            "messageTitle": "Minor fixes.",
            "messageBody": "",
            "insertions": 1,
            "deletions": 0
          },
          {
            "hash": "60f2066e8287e279779fd41753e501863f22d36e",
            "messageTitle": "Created split up CommandStringList and fixed some codacy errors.",
            "messageBody": "",
            "insertions": 57,
            "deletions": 44
          },
          {
            "hash": "b4a1f491f7807e5d4e23460d7f9c02dc45d72af7",
            "messageTitle": "Fixed checkstyle errors.",
            "messageBody": "",
            "insertions": 28,
            "deletions": 23
          },
          {
            "hash": "d3d760511193b6b922929b306f0f20bbcf01e0f6",
            "messageTitle": "Fixed checkstyle and codacy errors.",
            "messageBody": "",
            "insertions": 54,
            "deletions": 52
          },
          {
            "hash": "4e406474845cd39b1327db087eb6676466cfe0c1",
            "messageTitle": "Fixed checkstyle and codacy errors.",
            "messageBody": "",
            "insertions": 2,
            "deletions": 2
          },
          {
            "hash": "2406bac5b0111f2a98096e4f8c2eea588388a327",
            "messageTitle": "Done with PartialModifyParser for entry.",
            "messageBody": "",
            "insertions": 72,
            "deletions": 7
          },
          {
            "hash": "676430996fa0643f4370b43c85eb7a5a6c957221",
            "messageTitle": "PartialModify for entry is now working and cleaned up some code. BUG: Modified records are not saved.",
            "messageBody": "",
            "insertions": 164,
            "deletions": 25
          },
          {
            "hash": "a780a4c8cce5256032d566b62738668c96a7304e",
            "messageTitle": "Modified records will now be saved.",
            "messageBody": "",
            "insertions": 18,
            "deletions": 2
          },
          {
            "hash": "05c17c28fb40c35405d4388da545508381b9ff0c",
            "messageTitle": "Added a a way to cancel modifications.",
            "messageBody": "",
            "insertions": 55,
            "deletions": 24
          },
          {
            "hash": "79cb2ff63763c8ff9122f15a32a74bde3b923cf7",
            "messageTitle": "Small fixes and documentation.",
            "messageBody": "",
            "insertions": 0,
            "deletions": 0
          },
          {
            "hash": "dd576511f183ba5b3cb06333fa2d3cce18c0cfe8",
            "messageTitle": "Moved modify parsing methods into parser so that they can be shared.",
            "messageBody": "",
            "insertions": 173,
            "deletions": 95
          },
          {
            "hash": "ae1e1790c799e34e80cf91407dbf7b27f99fe725",
            "messageTitle": "Minor changes.",
            "messageBody": "",
            "insertions": 3,
            "deletions": 2
          },
          {
            "hash": "0e0372821ac15119419f831b39b6eb0a990586d4",
            "messageTitle": "Fixed checkstyle errors.",
            "messageBody": "",
            "insertions": 40,
            "deletions": 25
          },
          {
            "hash": "f856d817e8081f38826346f633ac905ca66384ad",
            "messageTitle": "fixed codacy errors.",
            "messageBody": "",
            "insertions": 4,
            "deletions": 3
          },
          {
            "hash": "e7a1d97ff1d9058a7fec4d4e8b37d8f7d6059821",
            "messageTitle": "fixed checkstyle errors.",
            "messageBody": "",
            "insertions": 2,
            "deletions": 0
          },
          {
            "hash": "097a471c5a299aa686d5f8144058d7b9b59d798f",
            "messageTitle": "Trying to fix checkstyle error.",
            "messageBody": "",
            "insertions": 1,
            "deletions": 1
          },
          {
            "hash": "d0371b45cf3700e496a0f7b7ae8fca705e8d4635",
            "messageTitle": "Changed mode greeting in Ui due to gibberish appearing.",
            "messageBody": "",
            "insertions": 9,
            "deletions": 4
          }
        ]
      },
      {
        "insertions": 26,
        "deletions": 9,
        "date": "2019-11-01",
        "commitResults": [
          {
            "hash": "23d03ad18b06a9f9904ca4a2afb6a3ba0fde47f1",
            "messageTitle": "Minor update to the welcome message to include version number.",
            "messageBody": "",
            "insertions": 9,
            "deletions": 5
          },
          {
            "hash": "4884cc771e12a7d1056cf8263159d21380f226ac",
            "messageTitle": "If the unimplemented modify commands are called, an error message will now appear.",
            "messageBody": "",
            "insertions": 15,
            "deletions": 2
          },
          {
            "hash": "48b971e26910e9f7ad28229d4ea7a7eb8101c6b2",
            "messageTitle": "Trying to fix the gibberish problem.",
            "messageBody": "",
            "insertions": 2,
            "deletions": 2
          }
        ]
      }
    ],
    "Weng-Kexin": [
      {
        "insertions": 58,
        "deletions": 34,
        "date": "2019-09-21",
        "commitResults": [
          {
            "hash": "d889178ef2d8959c25a61ae8f3cd30a7efb88662",
            "messageTitle": "fixed bug in snoozeCommand",
            "messageBody": "",
            "insertions": 38,
            "deletions": 13
          },
          {
            "hash": "256d03fc316fe8aaabd344386e9550e9c8cf37a3",
            "messageTitle": "edited printTimeConflictError() and added printMsg() in Ui.java (overloading)",
            "messageBody": "",
            "insertions": 20,
            "deletions": 21
          }
        ]
      },
      {
        "insertions": 80,
        "deletions": 15,
        "date": "2019-09-26",
        "commitResults": [
          {
            "hash": "e22153a6e7c9aabb725e0419839b6eef234bc188",
            "messageTitle": "updated snoozecommand javadocs",
            "messageBody": "",
            "insertions": 15,
            "deletions": 0
          },
          {
            "hash": "64b402d3b09ee6bfb6944ae76a90fa8ee656deae",
            "messageTitle": "added javadocs for time.java",
            "messageBody": "",
            "insertions": 9,
            "deletions": 3
          },
          {
            "hash": "c52ebf45004a7fed70e880ce0ea0095e4a81865b",
            "messageTitle": "added missing javadocs in ui.java",
            "messageBody": "",
            "insertions": 19,
            "deletions": 1
          },
          {
            "hash": "64d9e01fdd6b84503486c9a2356ab6e90137e16d",
            "messageTitle": "added more missing javadocs",
            "messageBody": "",
            "insertions": 21,
            "deletions": 2
          },
          {
            "hash": "095dfdeb270c11d3666b7e2b7c4d65680f7a876b",
            "messageTitle": "added even more javadocs",
            "messageBody": "",
            "insertions": 10,
            "deletions": 0
          },
          {
            "hash": "0303825a7303986aa36a0ed625ab3b18f8614a70",
            "messageTitle": "edited test files to correct checkstyle format",
            "messageBody": "",
            "insertions": 6,
            "deletions": 9
          }
        ]
      },
      {
        "insertions": 58,
        "deletions": 81,
        "date": "2019-10-09",
        "commitResults": [
          {
            "hash": "80a743a7b4b57d53e0568827c7e339ca3abcf850",
            "messageTitle": "refactored code by moving classes into respective packages",
            "messageBody": "",
            "insertions": 58,
            "deletions": 81
          }
        ]
      },
      {
        "insertions": 81,
        "deletions": 58,
        "date": "2019-10-10",
        "commitResults": [
          {
            "hash": "303ef3791edf3a57f1f0ba9e49cd6fe35444e4e9",
            "messageTitle": "Revert \"refactored code by moving classes into respective packages\"",
            "messageBody": "",
            "insertions": 81,
            "deletions": 58
          }
        ]
      },
      {
        "insertions": 175,
        "deletions": 3,
        "date": "2019-10-16",
        "commitResults": [
          {
            "hash": "8dda0517f3de102fffe5146d7c6c6cbeabf70838",
            "messageTitle": "Added Limit Mode and edited UGDG",
            "messageBody": "",
            "insertions": 128,
            "deletions": 0
          },
          {
            "hash": "054b2d186e4888323aa945e7a3ebde2d0f83fbaf",
            "messageTitle": "added LimitUi.java to handle all limit related user interactions",
            "messageBody": "",
            "insertions": 18,
            "deletions": 1
          },
          {
            "hash": "48937c63f9803a29855eeb8649f3be3b769b3c91",
            "messageTitle": "added LimitParser",
            "messageBody": "",
            "insertions": 29,
            "deletions": 2
          }
        ]
      },
      {
        "insertions": 48,
        "deletions": 13,
        "date": "2019-10-17",
        "commitResults": [
          {
            "hash": "7ce63c5f00e44cd624612bd3c66719d076be175d",
            "messageTitle": "Added sample diagram in DG",
            "messageBody": "",
            "insertions": 9,
            "deletions": 0
          },
          {
            "hash": "83c4e908fef586fa2df549be919207c857654559",
            "messageTitle": "added addlimitcommand.java",
            "messageBody": "",
            "insertions": 26,
            "deletions": 0
          },
          {
            "hash": "861ade0f6b55b260f8e65d25515b4a41868e7e16",
            "messageTitle": "added AddLimitCommand.java and updated LimitList",
            "messageBody": "",
            "insertions": 13,
            "deletions": 13
          }
        ]
      },
      {
        "insertions": 74,
        "deletions": 107,
        "date": "2019-10-18",
        "commitResults": [
          {
            "hash": "f7f6ab5e9998466508f89d9edc21f8f09ded3280",
            "messageTitle": "editing limit.java",
            "messageBody": "",
            "insertions": 7,
            "deletions": 20
          },
          {
            "hash": "496a93515dd1ac77fd6ec8dc3bac5995732d0736",
            "messageTitle": "moved Ui.java into its own package (can add different ui classes for different modes, for easier readability)",
            "messageBody": "",
            "insertions": 0,
            "deletions": 4
          },
          {
            "hash": "dbf66efd3820e6eae745e0d4b00283d43b275a53",
            "messageTitle": "moved Ui.java into its own package",
            "messageBody": "",
            "insertions": 31,
            "deletions": 46
          },
          {
            "hash": "8cd1031aca6a6c70e65748d5dea7893f8da44b23",
            "messageTitle": "changed access of line in Ui.java to protected (aka package-private)",
            "messageBody": "",
            "insertions": 1,
            "deletions": 1
          },
          {
            "hash": "ab3f7a64c411c5ec8296b99d88f99950995a0df2",
            "messageTitle": "moved Ui.java back into dolla package (idk how to resolve the conflict)",
            "messageBody": "",
            "insertions": 33,
            "deletions": 32
          },
          {
            "hash": "529e2968e6a245721ed6214eea58acfea94d9c1c",
            "messageTitle": "resolving conflict",
            "messageBody": "",
            "insertions": 2,
            "deletions": 4
          }
        ]
      },
      {
        "insertions": 140,
        "deletions": 23,
        "date": "2019-10-20",
        "commitResults": [
          {
            "hash": "797cad7a1a56c9d40c3cb5e2d6d44e3a25e9a0b9",
            "messageTitle": "Added removeLimitCommand to remove limits and modified UG accordingly",
            "messageBody": "",
            "insertions": 140,
            "deletions": 23
          }
        ]
      },
      {
        "insertions": 38,
        "deletions": 12,
        "date": "2019-10-21",
        "commitResults": [
          {
            "hash": "35250176b07c2b363acc8411f0dcfe73e4f9dfb1",
            "messageTitle": "added tag.java",
            "messageBody": "",
            "insertions": 35,
            "deletions": 0
          },
          {
            "hash": "ab5a41baa41e9a45a92ab94964ced06480d1fa6c",
            "messageTitle": "resolve conflicts",
            "messageBody": "",
            "insertions": 3,
            "deletions": 12
          }
        ]
      },
      {
        "insertions": 955,
        "deletions": 611,
        "date": "2019-10-22",
        "commitResults": [
          {
            "hash": "3b35c9abc524d3f4dbb2e0f2d5f84b2ada44a143",
            "messageTitle": "changed enums to string",
            "messageBody": "",
            "insertions": 39,
            "deletions": 43
          },
          {
            "hash": "d0fb519936515222fe08cf8a661d12de4ff8f920",
            "messageTitle": "added taggin feature",
            "messageBody": "",
            "insertions": 51,
            "deletions": 18
          },
          {
            "hash": "cf917b1a3cf94e89b0d103f2be52e778b0b7436b",
            "messageTitle": "renamed invalidFormatPrinter in LimitUi",
            "messageBody": "",
            "insertions": 11,
            "deletions": 6
          },
          {
            "hash": "dc5b0406614345a4dab09e773445af4ee98aa242",
            "messageTitle": "fixed bugs",
            "messageBody": "",
            "insertions": 6,
            "deletions": 7
          },
          {
            "hash": "d206db544fbbc64910ab40eaf21fdf6cffa1b4e6",
            "messageTitle": "fixed bugs",
            "messageBody": "",
            "insertions": 30,
            "deletions": 13
          },
          {
            "hash": "3795db195903560aee1f75a58e5effa96929e2e7",
            "messageTitle": "fixing checkstyle errors",
            "messageBody": "",
            "insertions": 20,
            "deletions": 3
          },
          {
            "hash": "8693ae486868eac194d5e891667ce4fb08ee02b6",
            "messageTitle": "added javadocs for limitparser and limitUI",
            "messageBody": "",
            "insertions": 39,
            "deletions": 18
          },
          {
            "hash": "79cb3212842bec2defb3f9b6c673bc713e18bf2c",
            "messageTitle": "fixed more checkstyle errors",
            "messageBody": "",
            "insertions": 22,
            "deletions": 23
          },
          {
            "hash": "9118f738aa0cfa78b5e1c40704041122b1d1beb6",
            "messageTitle": "fixed more checkstyle errors",
            "messageBody": "",
            "insertions": 6,
            "deletions": 7
          },
          {
            "hash": "0ede40ecbb2e333a9d30bc7be6ac74ca3bb1ccee",
            "messageTitle": "corrected checkstyle errors in dolla.java",
            "messageBody": "",
            "insertions": 3,
            "deletions": 10
          },
          {
            "hash": "2ffbe08b8325e412bd0ed6902dc7016185bb932e",
            "messageTitle": "fixed checkstyle errors in DollaData.java",
            "messageBody": "",
            "insertions": 62,
            "deletions": 5
          },
          {
            "hash": "eca177858dbd57e381a37ce797118c0f9b9f91a4",
            "messageTitle": "edited some checkstyle errors in reminder.java and storage.java (storage.java still has checkstyle errors but im not sure how to correct them)",
            "messageBody": "",
            "insertions": 56,
            "deletions": 40
          },
          {
            "hash": "d7ce059fb5a7085b22e0c6cbd5891b23c7deecb8",
            "messageTitle": "corrected checkstyle errors in Ui.java",
            "messageBody": "",
            "insertions": 102,
            "deletions": 44
          },
          {
            "hash": "c8337148f0903b4326dc889069b94d0f00fd3b31",
            "messageTitle": "more fixes",
            "messageBody": "",
            "insertions": 183,
            "deletions": 140
          },
          {
            "hash": "ac6465863a5ffa878d4750772788cf006eae64df",
            "messageTitle": "left with storage, command, parser, sort",
            "messageBody": "",
            "insertions": 10,
            "deletions": 1
          },
          {
            "hash": "18a196885568df095ef7de114c5977a7e59ab24f",
            "messageTitle": "left with storage, command, parser",
            "messageBody": "",
            "insertions": 38,
            "deletions": 14
          },
          {
            "hash": "5a6df69a3cd5044281a58434ff9eca44114b8916",
            "messageTitle": "left with command and storage checkstyle errors",
            "messageBody": "",
            "insertions": 46,
            "deletions": 26
          },
          {
            "hash": "4275a7051195a2ba3bce476cb0bd536889bd74d1",
            "messageTitle": "more",
            "messageBody": "",
            "insertions": 18,
            "deletions": 20
          },
          {
            "hash": "7be16d7fcb7e95ee317f508a6757fe189fdf96a0",
            "messageTitle": "fixed all checkstyle errors!!",
            "messageBody": "",
            "insertions": 130,
            "deletions": 90
          },
          {
            "hash": "d341bc11a79a63e5a5e00bb7c2cf7b63bc642037",
            "messageTitle": "changed mode strings to static final strings in main parser and changed .equals() to .equalsIgnoreCase() to ignore capitalization of inputs (commands can be both in caps or small letters)",
            "messageBody": "",
            "insertions": 22,
            "deletions": 16
          },
          {
            "hash": "828b0a3578956848b8cf8e614d5742c6c0218fde",
            "messageTitle": "bug fixes",
            "messageBody": "",
            "insertions": 61,
            "deletions": 67
          }
        ]
      },
      {
        "insertions": 8,
        "deletions": 7,
        "date": "2019-10-23",
        "commitResults": [
          {
            "hash": "5cee3c4c4f7316b8d8c2aec6d38998fe5122f796",
            "messageTitle": "bug fixes",
            "messageBody": "",
            "insertions": 6,
            "deletions": 6
          },
          {
            "hash": "422c444947fce8bd812c43cf14854424bf30e0f8",
            "messageTitle": "print out tag only when there is a /tag",
            "messageBody": "",
            "insertions": 2,
            "deletions": 1
          }
        ]
      },
      {
        "insertions": 10,
        "deletions": 8,
        "date": "2019-10-24",
        "commitResults": [
          {
            "hash": "874d396021a01c477076bfd0c2fb54c08f246fad",
            "messageTitle": "refining code",
            "messageBody": "",
            "insertions": 10,
            "deletions": 8
          }
        ]
      },
      {
        "insertions": 238,
        "deletions": 265,
        "date": "2019-10-25",
        "commitResults": [
          {
            "hash": "16b9196d56751320b2d65884a0e639e70006cda8",
            "messageTitle": "removed unused param",
            "messageBody": "",
            "insertions": 0,
            "deletions": 1
          },
          {
            "hash": "e2d543f50a510d70f67c4cf2cb7f80ad2419d112",
            "messageTitle": "changed \u0027log\u0027 to \u0027record\u0027 (log -\u003e record, loglist -\u003e record)",
            "messageBody": "",
            "insertions": 222,
            "deletions": 245
          },
          {
            "hash": "6c192d514e60ad6265a1486205d8fcf5c2173d01",
            "messageTitle": "removed unnecessary javadocs in tag",
            "messageBody": "",
            "insertions": 2,
            "deletions": 10
          },
          {
            "hash": "1e46a311865cd2ef1fe19c558bd9c268a4a314ef",
            "messageTitle": "fixed checkstyle errors",
            "messageBody": "",
            "insertions": 10,
            "deletions": 7
          },
          {
            "hash": "b1c70b484c8e1d83b637d6955d9c6a5a713afb86",
            "messageTitle": "added missing javadoc in tag.java simplified boolean in initialModifyCommand removed unused import in record.java",
            "messageBody": "",
            "insertions": 4,
            "deletions": 2
          }
        ]
      },
      {
        "insertions": 141,
        "deletions": 174,
        "date": "2019-10-27",
        "commitResults": [
          {
            "hash": "98e0612b9ce2bc1021812c6f607625fa0702cfc5",
            "messageTitle": "resolving merge conflicts",
            "messageBody": "",
            "insertions": 0,
            "deletions": 18
          },
          {
            "hash": "a32e43b3c27df7e65b4a05e039d6778500572673",
            "messageTitle": "added recordType in record (can be entry, limit or debt) and echoEntry and echoDebt to one method (echoAddRecord)",
            "messageBody": "",
            "insertions": 34,
            "deletions": 53
          },
          {
            "hash": "4f8a70836f55b83db36dfefd5df635a698c2c3a2",
            "messageTitle": "checkstyle errors",
            "messageBody": "",
            "insertions": 4,
            "deletions": 2
          },
          {
            "hash": "c4a8db78d21b49124f64bc604c4325b4e3ac2b6e",
            "messageTitle": "edited printInvalidDebtFormatError() to print correct format",
            "messageBody": "",
            "insertions": 4,
            "deletions": 14
          },
          {
            "hash": "a2079ca38b603a75bf69aac338c771bf4819a544",
            "messageTitle": "added missing javadoc",
            "messageBody": "",
            "insertions": 10,
            "deletions": 0
          },
          {
            "hash": "0c4fb111c6d5ca092d2dd1b33ebb6472b8e38975",
            "messageTitle": "moved Ui.java to ui package",
            "messageBody": "",
            "insertions": 33,
            "deletions": 43
          },
          {
            "hash": "6d9c835023c5821a203e2858b8ec887af0c1c948",
            "messageTitle": "changed line access in Ui.java to protected",
            "messageBody": "",
            "insertions": 1,
            "deletions": 1
          },
          {
            "hash": "25dcaaac8bb72c751d001a64eb8db94fdcbaaa5b",
            "messageTitle": "edited some javadocs",
            "messageBody": "",
            "insertions": 28,
            "deletions": 35
          },
          {
            "hash": "bdcd39d1c6c4b023e657fc67f7902b2878776afd",
            "messageTitle": "fixed checkstyle and codacy errors",
            "messageBody": "",
            "insertions": 13,
            "deletions": 1
          },
          {
            "hash": "f6824ce5eba51ff8017a3bc4ab235eb660e434f2",
            "messageTitle": "refactored showWelcome in Ui.java to print welcome message",
            "messageBody": "",
            "insertions": 11,
            "deletions": 7
          },
          {
            "hash": "ff66fccfc599268588c88745a549f4631bea4455",
            "messageTitle": "fix checkstyle error",
            "messageBody": "",
            "insertions": 3,
            "deletions": 0
          }
        ]
      },
      {
        "insertions": 117,
        "deletions": 130,
        "date": "2019-10-28",
        "commitResults": [
          {
            "hash": "f93a19118d69bd627d5c57d8a11eebd1900799ca",
            "messageTitle": "added storage containter for tags (hashmap)",
            "messageBody": "",
            "insertions": 102,
            "deletions": 115
          },
          {
            "hash": "7da04a9585f3f0c986d5ea12bcc4e5614f69a4dc",
            "messageTitle": "fixed checkstyle and codacy",
            "messageBody": "",
            "insertions": 15,
            "deletions": 11
          },
          {
            "hash": "caf2276aaf4720ff2fbe8c88454ee14e92b55b90",
            "messageTitle": "codacy",
            "messageBody": "",
            "insertions": 0,
            "deletions": 4
          }
        ]
      },
      {
        "insertions": 165,
        "deletions": 89,
        "date": "2019-10-30",
        "commitResults": [
          {
            "hash": "16e8bba9de3a03ec766441f5a49d292c1f3605b6",
            "messageTitle": "resolved conflicts and added tagging support for add entry, limit and debt",
            "messageBody": "",
            "insertions": 112,
            "deletions": 62
          },
          {
            "hash": "7d55ed6930120df1ef5bd00029f7f8d3a57c3651",
            "messageTitle": "codacy",
            "messageBody": "",
            "insertions": 1,
            "deletions": 1
          },
          {
            "hash": "7805e5199128e27908ef93faa33ca797d0f9e1ac",
            "messageTitle": "added limit exception",
            "messageBody": "",
            "insertions": 13,
            "deletions": 0
          },
          {
            "hash": "3c17683f08d99337e9d58a9f3e86465282446866",
            "messageTitle": "codacy",
            "messageBody": "",
            "insertions": 1,
            "deletions": 1
          },
          {
            "hash": "5623e9592acd998a06a03449cfd8ceeabd17d49d",
            "messageTitle": "extracted boolean statements in MainParser to its own private static class",
            "messageBody": "",
            "insertions": 12,
            "deletions": 7
          },
          {
            "hash": "ea2563c6014616ef0f3def8c5bf88bc8a4db1cf6",
            "messageTitle": "refactoring limit related classes",
            "messageBody": "",
            "insertions": 26,
            "deletions": 18
          }
        ]
      },
      {
        "insertions": 368,
        "deletions": 285,
        "date": "2019-10-31",
        "commitResults": [
          {
            "hash": "b2f2cb81afded2bd2700b0a923d65ac12eb55277",
            "messageTitle": "refactoring limit feature",
            "messageBody": "",
            "insertions": 61,
            "deletions": 115
          },
          {
            "hash": "33e41b4f13e87369e389178922abe0ba4c9f2542",
            "messageTitle": "removed limit exception",
            "messageBody": "",
            "insertions": 0,
            "deletions": 24
          },
          {
            "hash": "d9996bc31b12a12f1e1f7354ce4411e128c63244",
            "messageTitle": "checkstyle errors",
            "messageBody": "",
            "insertions": 15,
            "deletions": 20
          },
          {
            "hash": "cbb1a8a70ebdfb11f50d7050c577f3f0468311fe",
            "messageTitle": "Added ability for dolla to check if there are duplicated limits in the list",
            "messageBody": "",
            "insertions": 48,
            "deletions": 4
          },
          {
            "hash": "c295c15f7b6dbe4c380270420d57019f00a68e71",
            "messageTitle": "checkstyle",
            "messageBody": "",
            "insertions": 16,
            "deletions": 9
          },
          {
            "hash": "e48ce242a96d1b214593cccc0626b2f3fe91fa1c",
            "messageTitle": "added checking for duplicates support for entries",
            "messageBody": "",
            "insertions": 85,
            "deletions": 31
          },
          {
            "hash": "cc0c8c5c0eafd3b8312590368fa5722b1927d218",
            "messageTitle": "added duplicate finding support for debt",
            "messageBody": "",
            "insertions": 83,
            "deletions": 24
          },
          {
            "hash": "0a6d57b1ab467500e3dd896fdbc16dfba5dea055",
            "messageTitle": "refactoring code",
            "messageBody": "",
            "insertions": 55,
            "deletions": 51
          },
          {
            "hash": "dabcd337c7ea31948646654bb8eec18b1740c21f",
            "messageTitle": "fixed bug",
            "messageBody": "",
            "insertions": 4,
            "deletions": 2
          },
          {
            "hash": "b988e24e96df261b7104429170b75a2e6a1a0219",
            "messageTitle": "codacy",
            "messageBody": "",
            "insertions": 1,
            "deletions": 5
          }
        ]
      },
      {
        "insertions": 137,
        "deletions": 1216,
        "date": "2019-11-01",
        "commitResults": [
          {
            "hash": "89621579462cdae46b4f796fdf3c307c4163d6f6",
            "messageTitle": "fixed setLimitCommand bug",
            "messageBody": "",
            "insertions": 21,
            "deletions": 50
          },
          {
            "hash": "6090dd08a769fd49ef42984b673abc955c4f4e09",
            "messageTitle": "fixed bugs for adding new limit in dolla mode and also tag parsing for adding records in dolla mode",
            "messageBody": "",
            "insertions": 82,
            "deletions": 55
          },
          {
            "hash": "7c8fd69f6d401c519c5fd5c8b2e9c539fa9114a5",
            "messageTitle": "removed unused files",
            "messageBody": "",
            "insertions": 4,
            "deletions": 520
          },
          {
            "hash": "9937c3607668865ebd3c24f0b7f6168e6dd2bdad",
            "messageTitle": "codacy",
            "messageBody": "",
            "insertions": 1,
            "deletions": 1
          },
          {
            "hash": "e8f10bf5f7ec89ed383b40fb2bb8201fcd997da5",
            "messageTitle": "travis",
            "messageBody": "",
            "insertions": 1,
            "deletions": 1
          },
          {
            "hash": "c0ab6dc708b1e012af05dc70843d0af5008e9c7b",
            "messageTitle": "removed all unused files",
            "messageBody": "",
            "insertions": 20,
            "deletions": 578
          },
          {
            "hash": "63bbcab5da9cb249304300d1858ac504a02e758d",
            "messageTitle": "codacy",
            "messageBody": "",
            "insertions": 8,
            "deletions": 4
          },
          {
            "hash": "dfa0de9cc1c2a620d6771577c9d298b6a0c62032",
            "messageTitle": "optimized unused imports",
            "messageBody": "",
            "insertions": 0,
            "deletions": 7
          }
        ]
      },
      {
        "insertions": 23,
        "deletions": 3,
        "date": "2019-11-04",
        "commitResults": [
          {
            "hash": "626d6518c2cb5396daa044062e6a8780a24496cf",
            "messageTitle": "added coveralls and fixed workaround code for Coveralls CI failure",
            "messageBody": "",
            "insertions": 23,
            "deletions": 3
          }
        ]
      }
    ],
    "tatayu": [
      {
        "insertions": 222,
        "deletions": 52,
        "date": "2019-10-16",
        "commitResults": [
          {
            "hash": "23fa97e6f117efe20fdeb83a12256e7ab70adca7",
            "messageTitle": "added debt",
            "messageBody": "",
            "insertions": 190,
            "deletions": 12
          },
          {
            "hash": "7c56cf1af8aebcd2220d94a26f128c88d9dcc335",
            "messageTitle": "changed command for mode and listing",
            "messageBody": "",
            "insertions": 11,
            "deletions": 11
          },
          {
            "hash": "e6341f5ec180cf3ce742b2797d099988b8b1c2c5",
            "messageTitle": "trying to fix checkstyle error",
            "messageBody": "",
            "insertions": 21,
            "deletions": 29
          }
        ]
      },
      {
        "insertions": 140,
        "deletions": 39,
        "date": "2019-10-17",
        "commitResults": [
          {
            "hash": "703f300982e644e772edf54a7df66d761f8496e9",
            "messageTitle": "fixed import * thing",
            "messageBody": "",
            "insertions": 3,
            "deletions": 4
          },
          {
            "hash": "67fb32022125275f85e06e76d2438df463ffd39d",
            "messageTitle": "fixed \u0027.*\u0027 form of import",
            "messageBody": "",
            "insertions": 4,
            "deletions": 1
          },
          {
            "hash": "0aed3f443f1b9061dddaa6f377e1d2cad1fdab71",
            "messageTitle": "changed back the override part",
            "messageBody": "",
            "insertions": 25,
            "deletions": 19
          },
          {
            "hash": "d85dbfd83fda13cd70568e1f034a143086940c12",
            "messageTitle": "Added better search command",
            "messageBody": "",
            "insertions": 108,
            "deletions": 15
          }
        ]
      },
      {
        "insertions": 63,
        "deletions": 26,
        "date": "2019-10-18",
        "commitResults": [
          {
            "hash": "e89b540b85b072a1e3fdbc8b1004e4bfe7fa9783",
            "messageTitle": "added due date for debt with bug in loading storage",
            "messageBody": "",
            "insertions": 31,
            "deletions": 14
          },
          {
            "hash": "3a3e6be1e09b0ccb3653b1963b164a24aca57631",
            "messageTitle": "bug fixed",
            "messageBody": "",
            "insertions": 2,
            "deletions": 2
          },
          {
            "hash": "6cfd6ec655e8e019d12abda642ca6080a67c484f",
            "messageTitle": "Changed due date format to dd/MM/yyyy",
            "messageBody": "",
            "insertions": 30,
            "deletions": 10
          }
        ]
      },
      {
        "insertions": 128,
        "deletions": 52,
        "date": "2019-10-21",
        "commitResults": [
          {
            "hash": "1da41f80f430a55200ec78cd8713a0fdf8e3363e",
            "messageTitle": "changed search to search description and search name",
            "messageBody": "",
            "insertions": 43,
            "deletions": 9
          },
          {
            "hash": "a49a8fe24f36295dc8f83091158f10e63c1341a6",
            "messageTitle": "changed format of date of entry to dd/MM/yyyy added search date to all modes",
            "messageBody": "",
            "insertions": 48,
            "deletions": 22
          },
          {
            "hash": "df6d3767250ef8e88a230b1e346e4321e64897d7",
            "messageTitle": "added reminder",
            "messageBody": "",
            "insertions": 37,
            "deletions": 21
          }
        ]
      },
      {
        "insertions": 39,
        "deletions": 4,
        "date": "2019-10-22",
        "commitResults": [
          {
            "hash": "93a2335a8ef95905ab65b8af1fd3201455f8e15e",
            "messageTitle": "added documentation",
            "messageBody": "",
            "insertions": 39,
            "deletions": 4
          }
        ]
      },
      {
        "insertions": 70,
        "deletions": 52,
        "date": "2019-10-24",
        "commitResults": [
          {
            "hash": "3c5985c5833f545992044e07dd49194fe4424fc8",
            "messageTitle": "Added documentation",
            "messageBody": "",
            "insertions": 62,
            "deletions": 14
          },
          {
            "hash": "43baff86b4bfc4727c4edb030fbd0bc2fe762964",
            "messageTitle": "Fixed checkstyle errors",
            "messageBody": "",
            "insertions": 8,
            "deletions": 8
          },
          {
            "hash": "4c608f719783c193ea702474a648a8d27ded3a9e",
            "messageTitle": "deleted java doc that are not required",
            "messageBody": "",
            "insertions": 0,
            "deletions": 30
          }
        ]
      },
      {
        "insertions": 184,
        "deletions": 93,
        "date": "2019-10-28",
        "commitResults": [
          {
            "hash": "15eb32335cdb48eacbd10b381250bcc0538e0718",
            "messageTitle": "added search duration for limit mode, sepaarate ui for debt and search",
            "messageBody": "",
            "insertions": 124,
            "deletions": 88
          },
          {
            "hash": "a0b52c6c2a1962c3048b88af97755c6ab3c13154",
            "messageTitle": "fixed reminder bug",
            "messageBody": "",
            "insertions": 3,
            "deletions": 2
          },
          {
            "hash": "ad4b8526e2b69cf669311e9ad4a6bf5f89849019",
            "messageTitle": "edited user guide",
            "messageBody": "",
            "insertions": 1,
            "deletions": 3
          },
          {
            "hash": "f391b3ed7b142a73df33eb7dfaf02e88dafbcaeb",
            "messageTitle": "added debt test",
            "messageBody": "",
            "insertions": 56,
            "deletions": 0
          }
        ]
      },
      {
        "insertions": 65,
        "deletions": 40,
        "date": "2019-10-29",
        "commitResults": [
          {
            "hash": "377c17ec4fd2c848d2bbc02294758d1c9becde6e",
            "messageTitle": "fixed checkstyle error",
            "messageBody": "",
            "insertions": 11,
            "deletions": 6
          },
          {
            "hash": "371f6259e9c4345ab45900778a10438da3508dec",
            "messageTitle": "codacy",
            "messageBody": "",
            "insertions": 5,
            "deletions": 7
          },
          {
            "hash": "ab75a49ad02a4afda5914f4de26b83e92c39f863",
            "messageTitle": "codacy",
            "messageBody": "",
            "insertions": 2,
            "deletions": 2
          },
          {
            "hash": "fa8c0560d53d60b9ea5598943d812b4130155cfa",
            "messageTitle": "codacy",
            "messageBody": "",
            "insertions": 9,
            "deletions": 8
          },
          {
            "hash": "d0744fe5e8070e7b34b11f8741d027cd491090a5",
            "messageTitle": "codacy",
            "messageBody": "",
            "insertions": 6,
            "deletions": 2
          },
          {
            "hash": "007635d557c0fd538df029bc7ebb60cf2e2e94e5",
            "messageTitle": "codacy",
            "messageBody": "",
            "insertions": 17,
            "deletions": 9
          },
          {
            "hash": "b062972616a4449e89159e74f420af520031c5bd",
            "messageTitle": "fixed checkstyle and codacy",
            "messageBody": "",
            "insertions": 8,
            "deletions": 5
          },
          {
            "hash": "f298873a1a961fc491fda1963b04bbbc2be909eb",
            "messageTitle": "added author",
            "messageBody": "",
            "insertions": 7,
            "deletions": 1
          }
        ]
      },
      {
        "insertions": 79,
        "deletions": 8,
        "date": "2019-10-30",
        "commitResults": [
          {
            "hash": "33b2e3dbd693f166c473c277591fcffba98f506d",
            "messageTitle": "bill skeleton",
            "messageBody": "",
            "insertions": 79,
            "deletions": 8
          }
        ]
      },
      {
        "insertions": 108,
        "deletions": 56,
        "date": "2019-10-31",
        "commitResults": [
          {
            "hash": "17d5f6810963ffd30aefd5daf64e14b8ee24d3bb",
            "messageTitle": "added documentation",
            "messageBody": "",
            "insertions": 50,
            "deletions": 10
          },
          {
            "hash": "2d2a9c683078b01403408a8a5ebe9a6911ae1426",
            "messageTitle": "checkstyle",
            "messageBody": "",
            "insertions": 12,
            "deletions": 3
          },
          {
            "hash": "cbf7edadd9c7f08b5178aa11483936af8a159d29",
            "messageTitle": "fixed checkstyle",
            "messageBody": "",
            "insertions": 30,
            "deletions": 19
          },
          {
            "hash": "1b223e7ec46f5b68aa55ad864e6ccd628a6f8b96",
            "messageTitle": "codacy",
            "messageBody": "",
            "insertions": 11,
            "deletions": 14
          },
          {
            "hash": "b14687cf7d7f616a3f4b2dfaee7fc9c3dff4f35e",
            "messageTitle": "codacy",
            "messageBody": "",
            "insertions": 5,
            "deletions": 5
          },
          {
            "hash": "ce09e8ca358e48d313353e813bb66a15f7fa871b",
            "messageTitle": "codacy and checkstyle",
            "messageBody": "",
            "insertions": 0,
            "deletions": 2
          },
          {
            "hash": "bb4b752861bb45d8f987a71c28b1fc9102fe8560",
            "messageTitle": "codacy",
            "messageBody": "",
            "insertions": 0,
            "deletions": 3
          }
        ]
      },
      {
        "insertions": 122,
        "deletions": 33,
        "date": "2019-11-01",
        "commitResults": [
          {
            "hash": "b8428fb09b02ca027d04d61f4aa642b019bc0b50",
            "messageTitle": "fixed bugs related to search",
            "messageBody": "",
            "insertions": 105,
            "deletions": 15
          },
          {
            "hash": "92849be92e9b55a15ffd25dac2549e3d346b250c",
            "messageTitle": "checkstyle and codacy",
            "messageBody": "",
            "insertions": 17,
            "deletions": 18
          }
        ]
      },
      {
        "insertions": 181,
        "deletions": 114,
        "date": "2019-11-03",
        "commitResults": [
          {
            "hash": "34f780f939b091a33b5ac52d4cccb82149eda84d",
            "messageTitle": "fixed search bugs",
            "messageBody": "",
            "insertions": 101,
            "deletions": 43
          },
          {
            "hash": "d5ac41e3ec9b4dedc241b2ac8d1cd09ab6092ead",
            "messageTitle": "fixed search bugs",
            "messageBody": "",
            "insertions": 39,
            "deletions": 34
          },
          {
            "hash": "89b5cb26384fcd4dd9d47bb2108098fb97086186",
            "messageTitle": "fixed checkstyle and codacy",
            "messageBody": "",
            "insertions": 41,
            "deletions": 36
          },
          {
            "hash": "7240447c9f3422acd35f35178c685265608c7609",
            "messageTitle": "codacy",
            "messageBody": "",
            "insertions": 0,
            "deletions": 1
          }
        ]
      },
      {
        "insertions": 195,
        "deletions": 12,
        "date": "2019-11-04",
        "commitResults": [
          {
            "hash": "42b99d41dcb4014a3eeb2c259b2d8bb347dc0982",
            "messageTitle": "added mark name feature for bill list",
            "messageBody": "",
            "insertions": 188,
            "deletions": 6
          },
          {
            "hash": "3539eabceea3a4ac906b9dcb51fae2d18646c9e8",
            "messageTitle": "checkstyle",
            "messageBody": "",
            "insertions": 7,
            "deletions": 5
          },
          {
            "hash": "12d94c2b1c1bea979c0cbc951c0ad371aa73f8cd",
            "messageTitle": "fixed codacy",
            "messageBody": "",
            "insertions": 0,
            "deletions": 1
          }
        ]
      }
    ],
    "yetong1895": [
      {
        "insertions": 262,
        "deletions": 215,
        "date": "2019-09-24",
        "commitResults": [
          {
            "hash": "ad1e5427ffda138bc6f75cf905721f9551eb2d10",
            "messageTitle": "remodify code style to settle style errors",
            "messageBody": "",
            "insertions": 262,
            "deletions": 215
          }
        ]
      },
      {
        "insertions": 140,
        "deletions": 31,
        "date": "2019-10-13",
        "commitResults": [
          {
            "hash": "86144e7dd205bd41ddda83f9a5bbb7813199da28",
            "messageTitle": "Modified Storage to load/save Dolla",
            "messageBody": "",
            "insertions": 140,
            "deletions": 31
          }
        ]
      },
      {
        "insertions": 137,
        "deletions": 126,
        "date": "2019-10-14",
        "commitResults": [
          {
            "hash": "97bfdceb95dd282bdb337ef6eaff2d56733c95fc",
            "messageTitle": "some changes",
            "messageBody": "",
            "insertions": 4,
            "deletions": 4
          },
          {
            "hash": "1bdd52ceb20649b0f10e8ddd46cc79b8883d1dcd",
            "messageTitle": "sort skeleton",
            "messageBody": "",
            "insertions": 4,
            "deletions": 0
          },
          {
            "hash": "06cb1ed416ac3169d3c308dbecb074048caa9987",
            "messageTitle": "added load support for entry",
            "messageBody": "",
            "insertions": 129,
            "deletions": 122
          }
        ]
      },
      {
        "insertions": 166,
        "deletions": 56,
        "date": "2019-10-15",
        "commitResults": [
          {
            "hash": "935cace50f8c09f92f3d58a2012051a57e099a9f",
            "messageTitle": "Add save support for entries and included save format for entries",
            "messageBody": "",
            "insertions": 105,
            "deletions": 51
          },
          {
            "hash": "e550bd753b82dc8e59def993ba2ccf5e9f48c2ba",
            "messageTitle": "configuring sort(checkpoint 1)",
            "messageBody": "",
            "insertions": 61,
            "deletions": 5
          }
        ]
      },
      {
        "insertions": 296,
        "deletions": 66,
        "date": "2019-10-16",
        "commitResults": [
          {
            "hash": "1ebc4af8e41c220b39067067e4634db62885737f",
            "messageTitle": "entry sort for date and description",
            "messageBody": "",
            "insertions": 143,
            "deletions": 38
          },
          {
            "hash": "00571459fbefca277713c45d7ca8b6de7e839fca",
            "messageTitle": "add sort support for date and description for entry,limit and debt",
            "messageBody": "",
            "insertions": 96,
            "deletions": 27
          },
          {
            "hash": "8ec15fe129a599606f0319082fa1123f1afd5a1d",
            "messageTitle": "add undo(incomplete)",
            "messageBody": "",
            "insertions": 57,
            "deletions": 1
          }
        ]
      },
      {
        "insertions": 175,
        "deletions": 196,
        "date": "2019-10-17",
        "commitResults": [
          {
            "hash": "5dbe376315a903dd036bff7b60afc2c0ccac6f35",
            "messageTitle": "checkpoint",
            "messageBody": "",
            "insertions": 16,
            "deletions": 18
          },
          {
            "hash": "7604e081cef87215635bae4ef2613bf396277862",
            "messageTitle": "add sort command and provide sorting support for entry and debt",
            "messageBody": "",
            "insertions": 154,
            "deletions": 157
          },
          {
            "hash": "084b1a576a6c636d28e44f5a7d16844200905a2a",
            "messageTitle": "update undo",
            "messageBody": "",
            "insertions": 5,
            "deletions": 21
          }
        ]
      },
      {
        "insertions": 332,
        "deletions": 183,
        "date": "2019-10-18",
        "commitResults": [
          {
            "hash": "cab3df89a818aae234fed195de781c07aeb3a541",
            "messageTitle": "add load and save support for limit",
            "messageBody": "",
            "insertions": 67,
            "deletions": 50
          },
          {
            "hash": "df47caaffb5772b1f76e37211c9e2c2a88237c8f",
            "messageTitle": "combine comparators",
            "messageBody": "",
            "insertions": 38,
            "deletions": 53
          },
          {
            "hash": "055f0ed031e4e856991af97998297767b8d246e8",
            "messageTitle": "add remove command for entry, debt and limit",
            "messageBody": "",
            "insertions": 68,
            "deletions": 16
          },
          {
            "hash": "a87f5ba2aaff16945b59859f8b4d81ef651c6e79",
            "messageTitle": "change logo to DOLLA",
            "messageBody": "",
            "insertions": 6,
            "deletions": 5
          },
          {
            "hash": "523d2bbb500383eb40e4c98001d6bf9a8b7e4c02",
            "messageTitle": "checkpoint for undo",
            "messageBody": "",
            "insertions": 4,
            "deletions": 0
          },
          {
            "hash": "f3544dbf4d64df9f6eca611c11a7001e266b6238",
            "messageTitle": "checkpoint for undo",
            "messageBody": "",
            "insertions": 149,
            "deletions": 59
          }
        ]
      },
      {
        "insertions": 239,
        "deletions": 166,
        "date": "2019-10-19",
        "commitResults": [
          {
            "hash": "fad297f314983b5bbdad65aea7d0405cac4bf883",
            "messageTitle": "undo support for debt",
            "messageBody": "",
            "insertions": 127,
            "deletions": 20
          },
          {
            "hash": "3c4e13a2decb9ff0bc4574d9e86d17f0631fedf8",
            "messageTitle": "add undo support for entry (incomplete)",
            "messageBody": "",
            "insertions": 37,
            "deletions": 10
          },
          {
            "hash": "df2e8e51339c918482d53040ed615e24ab2efaf0",
            "messageTitle": "fixed untracked files",
            "messageBody": "",
            "insertions": 41,
            "deletions": 41
          },
          {
            "hash": "41b20f7648dd564b81f3d9b886fc65fb377e033e",
            "messageTitle": "added undo support for entry and debt",
            "messageBody": "",
            "insertions": 34,
            "deletions": 95
          }
        ]
      },
      {
        "insertions": 152,
        "deletions": 59,
        "date": "2019-10-21",
        "commitResults": [
          {
            "hash": "028e2cbe2ff4b0f3b211a377544b823489fa985e",
            "messageTitle": "fix bugs in undo",
            "messageBody": "",
            "insertions": 92,
            "deletions": 31
          },
          {
            "hash": "277dd9a86306b820e3c7a549bdccd5350ce41b52",
            "messageTitle": "redo support for entry and debt",
            "messageBody": "",
            "insertions": 60,
            "deletions": 28
          }
        ]
      },
      {
        "insertions": 60,
        "deletions": 138,
        "date": "2019-10-22",
        "commitResults": [
          {
            "hash": "96f682009c07132720dd4ef5a59371046146a137",
            "messageTitle": "simplfy part of undo and redo code",
            "messageBody": "",
            "insertions": 60,
            "deletions": 138
          }
        ]
      },
      {
        "insertions": 142,
        "deletions": 52,
        "date": "2019-10-23",
        "commitResults": [
          {
            "hash": "6f1a7bea1ab11ad73d917ea11e76cbabafe44fe5",
            "messageTitle": "redo and repeat support for entry and debt",
            "messageBody": "",
            "insertions": 142,
            "deletions": 52
          }
        ]
      },
      {
        "insertions": 316,
        "deletions": 391,
        "date": "2019-10-24",
        "commitResults": [
          {
            "hash": "1972b3c28191cd65157196143df66d1ed7695894",
            "messageTitle": "simplify code and remove redundency",
            "messageBody": "",
            "insertions": 31,
            "deletions": 28
          },
          {
            "hash": "e4972261d6770939fb8b68b31be2390e7ef2788c",
            "messageTitle": "including java docs for action",
            "messageBody": "",
            "insertions": 67,
            "deletions": 33
          },
          {
            "hash": "17ab54863ee83c93e788e2d32dd094cbf6b16123",
            "messageTitle": "add javadoc for AddActionCommand",
            "messageBody": "",
            "insertions": 44,
            "deletions": 22
          },
          {
            "hash": "e8d3b31b97f40d744bb3f1dac9a1aa920ed143ce",
            "messageTitle": "simplfy part of the code",
            "messageBody": "",
            "insertions": 52,
            "deletions": 65
          },
          {
            "hash": "d27e5513181466cdff939b094af81dd705810d2b",
            "messageTitle": "more javadoc",
            "messageBody": "",
            "insertions": 82,
            "deletions": 49
          },
          {
            "hash": "cf6123ba0da58337bab92923025d579569e24a47",
            "messageTitle": "fix storage bug",
            "messageBody": "",
            "insertions": 3,
            "deletions": 3
          },
          {
            "hash": "01eec7448ecbb89e0778c0b841b6a0b0b0172b9d",
            "messageTitle": "fix style error",
            "messageBody": "",
            "insertions": 32,
            "deletions": 51
          },
          {
            "hash": "5dc5200a998c7a64c536c57dc7128c5c66c13cb5",
            "messageTitle": "fix bug",
            "messageBody": "",
            "insertions": 4,
            "deletions": 1
          },
          {
            "hash": "b68c7bf3c5e12ccf68c7c38022bc0cd5657646ea",
            "messageTitle": "fix bug",
            "messageBody": "",
            "insertions": 1,
            "deletions": 139
          },
          {
            "hash": "41056f1a5cb041d785b39a4584c3c48e8450ddb5",
            "messageTitle": "fix bug",
            "messageBody": "",
            "insertions": 0,
            "deletions": 0
          }
        ]
      },
      {
        "insertions": 26,
        "deletions": 26,
        "date": "2019-10-25",
        "commitResults": [
          {
            "hash": "f101c0f6919c44e739793846bf6347e1fa8c48cb",
            "messageTitle": "simplify code",
            "messageBody": "",
            "insertions": 11,
            "deletions": 9
          },
          {
            "hash": "647f2af2fdb63d747fe138803a13ed6bf764da1c",
            "messageTitle": "simplify code",
            "messageBody": "",
            "insertions": 15,
            "deletions": 17
          }
        ]
      },
      {
        "insertions": 532,
        "deletions": 328,
        "date": "2019-10-26",
        "commitResults": [
          {
            "hash": "493da3e5f6438a40576e6361b71dde48410a3359",
            "messageTitle": "add sort amount and move Ui to ui package",
            "messageBody": "",
            "insertions": 155,
            "deletions": 83
          },
          {
            "hash": "327bd3187e90a69e5100d5a309dc3f0fa74d8041",
            "messageTitle": "fixing sort",
            "messageBody": "",
            "insertions": 60,
            "deletions": 30
          },
          {
            "hash": "7780ebf55fb7eab8db45b42436f02124647fdf24",
            "messageTitle": "fix bug in undo and redo",
            "messageBody": "",
            "insertions": 45,
            "deletions": 21
          },
          {
            "hash": "a7373a93a44cf416e14c04b192b2dd42f5da8561",
            "messageTitle": "add error handling for redo, undo and repeat",
            "messageBody": "",
            "insertions": 114,
            "deletions": 70
          },
          {
            "hash": "f1992009599f809f31bf703427315d7823f36961",
            "messageTitle": "exception handling for remove command",
            "messageBody": "",
            "insertions": 27,
            "deletions": 18
          },
          {
            "hash": "8d2b1e1af02664de9a70e69e40229bccc061cd31",
            "messageTitle": "fix style error",
            "messageBody": "",
            "insertions": 82,
            "deletions": 59
          },
          {
            "hash": "75090fdf1124771ad13a133d264879ac383ce0f8",
            "messageTitle": "trying to fix codacy",
            "messageBody": "",
            "insertions": 7,
            "deletions": 13
          },
          {
            "hash": "0e9eac13e4bdadaa5df5295959bed2d177a0c31b",
            "messageTitle": "fix more codacy",
            "messageBody": "",
            "insertions": 36,
            "deletions": 28
          },
          {
            "hash": "864c5fe43db4d407f635327e63366b1f67e48939",
            "messageTitle": "fix style error",
            "messageBody": "",
            "insertions": 6,
            "deletions": 6
          }
        ]
      },
      {
        "insertions": 9,
        "deletions": 15,
        "date": "2019-10-27",
        "commitResults": [
          {
            "hash": "c7c28220e41a24f5c72462ea15eff66f46e7e985",
            "messageTitle": "added StorageSequenceDiagram",
            "messageBody": "",
            "insertions": 0,
            "deletions": 6
          },
          {
            "hash": "8ad2d0617e6ba01b9831c13f7b66c963c3483c48",
            "messageTitle": "try fix codacy",
            "messageBody": "",
            "insertions": 5,
            "deletions": 5
          },
          {
            "hash": "8cd2d2a5c8bee309341df7e708e34f2faa4809dc",
            "messageTitle": "more fix",
            "messageBody": "",
            "insertions": 4,
            "deletions": 4
          }
        ]
      },
      {
        "insertions": 4,
        "deletions": 7,
        "date": "2019-10-28",
        "commitResults": [
          {
            "hash": "0214ccca710b763d427dd5d86b450fc497479c79",
            "messageTitle": "fix style error",
            "messageBody": "",
            "insertions": 0,
            "deletions": 3
          },
          {
            "hash": "6d46e98f5145857113bb3e18f2ca4b373c1f0100",
            "messageTitle": "change duke.jar to dolla.jar",
            "messageBody": "",
            "insertions": 4,
            "deletions": 4
          }
        ]
      },
      {
        "insertions": 40,
        "deletions": 15,
        "date": "2019-10-29",
        "commitResults": [
          {
            "hash": "31f797b6f28ed15b99067b74f1e09c2032298870",
            "messageTitle": "add authorship",
            "messageBody": "",
            "insertions": 37,
            "deletions": 12
          },
          {
            "hash": "0efca77219e4aa2148de8cbf4a435665b0b5dd42",
            "messageTitle": "codacy check",
            "messageBody": "",
            "insertions": 3,
            "deletions": 3
          }
        ]
      },
      {
        "insertions": 523,
        "deletions": 458,
        "date": "2019-10-31",
        "commitResults": [
          {
            "hash": "335691974183f14ef8c786c546d67986807bab25",
            "messageTitle": "split storage to read and write",
            "messageBody": "",
            "insertions": 318,
            "deletions": 305
          },
          {
            "hash": "fb2b4c6cafdf0ac27661dee2380973e5d5b943b3",
            "messageTitle": "update storage",
            "messageBody": "",
            "insertions": 9,
            "deletions": 3
          },
          {
            "hash": "bd7ea0d4b353205aebf756befb400514175fe1cb",
            "messageTitle": "storage fix",
            "messageBody": "",
            "insertions": 1,
            "deletions": 1
          },
          {
            "hash": "147090f95496fe57ca4a43e1a1f7364c862b73d8",
            "messageTitle": "storage parsing",
            "messageBody": "",
            "insertions": 42,
            "deletions": 32
          },
          {
            "hash": "aa0a95dfb4c66d9106501ad8ee2b7f884600e5ed",
            "messageTitle": "slap storage",
            "messageBody": "",
            "insertions": 66,
            "deletions": 31
          },
          {
            "hash": "17ff1aa92894f21934f8e7b2d12691a188011aec",
            "messageTitle": "codacy",
            "messageBody": "",
            "insertions": 15,
            "deletions": 14
          },
          {
            "hash": "efd03f5da9fca93728f7efa0949679912ab932db",
            "messageTitle": "codacy",
            "messageBody": "",
            "insertions": 5,
            "deletions": 43
          },
          {
            "hash": "597013513ca870d9c6509a3fa6628fe0b10ae614",
            "messageTitle": "minor bug",
            "messageBody": "",
            "insertions": 1,
            "deletions": 1
          },
          {
            "hash": "a4c47a3947ff87af55271a45bbe6d622734f264a",
            "messageTitle": "codacy",
            "messageBody": "",
            "insertions": 1,
            "deletions": 1
          },
          {
            "hash": "c6b824ff84995e93723a796c16e3159ac902ff08",
            "messageTitle": "storage diagram",
            "messageBody": "",
            "insertions": 10,
            "deletions": 0
          },
          {
            "hash": "ffeda545dd91b1343176ac64ce253fade2b72bda",
            "messageTitle": "update userguide and Storage diagram",
            "messageBody": "",
            "insertions": 37,
            "deletions": 7
          },
          {
            "hash": "0b6319bb87551c0e1c8d488629b9708d0cf8c8da",
            "messageTitle": "fix checkstyle",
            "messageBody": "",
            "insertions": 3,
            "deletions": 3
          },
          {
            "hash": "bf4836c0b1af4b144afc4151f53ffd6bcbf36fa3",
            "messageTitle": "fix codacy",
            "messageBody": "",
            "insertions": 5,
            "deletions": 3
          },
          {
            "hash": "777448fdb72ce192b8b1463b7fc2303ee7212bc1",
            "messageTitle": "fix style",
            "messageBody": "",
            "insertions": 1,
            "deletions": 1
          },
          {
            "hash": "e6eea443cd4903879bc8c77a81fa944fe3432ced",
            "messageTitle": "fix codacy",
            "messageBody": "",
            "insertions": 1,
            "deletions": 5
          },
          {
            "hash": "6087747f7086b86b2b2bb066a0563053643de417",
            "messageTitle": "codacy",
            "messageBody": "",
            "insertions": 1,
            "deletions": 6
          },
          {
            "hash": "1ad6e28359c7a2c731eceb0ad472c32c2b17a882",
            "messageTitle": "codacy fix",
            "messageBody": "",
            "insertions": 6,
            "deletions": 1
          },
          {
            "hash": "39360959ef18fc0abe2ac18f775747b9867eda63",
            "messageTitle": "fix",
            "messageBody": "",
            "insertions": 1,
            "deletions": 1
          }
        ]
      },
      {
        "insertions": 234,
        "deletions": 72,
        "date": "2019-11-01",
        "commitResults": [
          {
            "hash": "0ae786ebee6468b5e809b12d1c3c116e868c37c2",
            "messageTitle": "fix bugs in sort and remove",
            "messageBody": "",
            "insertions": 129,
            "deletions": 72
          },
          {
            "hash": "4dbe5cd8ded9f258a657b26fd1f1496e837dc68d",
            "messageTitle": "add state list",
            "messageBody": "",
            "insertions": 8,
            "deletions": 0
          },
          {
            "hash": "7713514ec1fda11f0bb665adb1410ce8eba5c7d3",
            "messageTitle": "include typewwrite style message printing",
            "messageBody": "",
            "insertions": 25,
            "deletions": 0
          },
          {
            "hash": "cc4a3252fdd2d8ad3d87e70df6640c2419313f04",
            "messageTitle": "changing action command",
            "messageBody": "",
            "insertions": 72,
            "deletions": 0
          }
        ]
      },
      {
        "insertions": 164,
        "deletions": 374,
        "date": "2019-11-02",
        "commitResults": [
          {
            "hash": "8d3df0712cf8670ae6d4babb473cbbb34302bac4",
            "messageTitle": "change undo logic from generate state to save state",
            "messageBody": "",
            "insertions": 164,
            "deletions": 374
          }
        ]
      },
      {
        "insertions": 259,
        "deletions": 252,
        "date": "2019-11-03",
        "commitResults": [
          {
            "hash": "0c61583ddd8f97b36db8c1442fb8a5a7ad4b0b63",
            "messageTitle": "refactor redo codes",
            "messageBody": "",
            "insertions": 255,
            "deletions": 248
          },
          {
            "hash": "b2ef7ca4b3deec072ed7aefa770b9a12533e5672",
            "messageTitle": "change sorting printing to typewrite style",
            "messageBody": "",
            "insertions": 4,
            "deletions": 4
          }
        ]
      },
      {
        "insertions": 191,
        "deletions": 109,
        "date": "2019-11-04",
        "commitResults": [
          {
            "hash": "c2570ef86b97082e75cf49235d5a1af8719aba55",
            "messageTitle": "add javadoc for new action commands",
            "messageBody": "",
            "insertions": 176,
            "deletions": 98
          },
          {
            "hash": "884b97a007ea99d37ed36eb24f2669979f6db8f8",
            "messageTitle": "fix codacy",
            "messageBody": "",
            "insertions": 15,
            "deletions": 11
          }
        ]
      }
    ]
  },
  "authorFinalContributionMap": {
    "omupenguin": 1689,
    "Weng-Kexin": 871,
    "tatayu": 1257,
    "yetong1895": 1527
  },
  "authorFileTypeContributionMap": {
    "omupenguin": {
      "tests": 137,
      "functional": 1548,
      "other": 4
    },
    "Weng-Kexin": {
      "tests": 2,
      "functional": 848,
      "other": 21
    },
    "tatayu": {
      "tests": 57,
      "functional": 1200
    },
    "yetong1895": {
      "tests": 9,
      "functional": 1510,
      "other": 8
    }
  },
  "authorContributionVariance": {
    "omupenguin": 211432.9,
    "Weng-Kexin": 100641.61,
    "tatayu": 7443.79,
    "yetong1895": 62394.2
  },
  "authorDisplayNameMap": {
    "omupenguin": "CS2113T-F11-2 QUE  . . ENG",
    "Weng-Kexin": "CS2113T-F11-2 WEN  . . XIN",
    "tatayu": "CS2113T-F11-2 YU   . . XUE",
    "yetong1895": "CS2113T-F11-2 YE   . . ONG"
  }
}
