{
  "authorDailyContributionsMap": {
    "Chianhaoplanks": [
      {
        "insertions": 16,
        "deletions": 411,
        "date": "2019-09-24",
        "commitResults": [
          {
            "hash": "d3245f49984a3b5d02ae72e055d1801beb929635",
            "messageTitle": "Stay at Duke first",
            "messageBody": "",
            "insertions": 0,
            "deletions": 390
          },
          {
            "hash": "e9f236051158f8968250bc47cb98e7b445b51946",
            "messageTitle": "Removed money commands",
            "messageBody": "",
            "insertions": 3,
            "deletions": 10
          },
          {
            "hash": "8011a9c4dfa57d734f11c26e3b13a2bccc444224",
            "messageTitle": "fixed checkstyle for Duke.java",
            "messageBody": "",
            "insertions": 13,
            "deletions": 11
          }
        ]
      },
      {
        "insertions": 78,
        "deletions": 8,
        "date": "2019-09-28",
        "commitResults": [
          {
            "hash": "181065f864a4c9698d87bf4f844ceda18f44f28e",
            "messageTitle": "Added DetectAnomaliesTest",
            "messageBody": "",
            "insertions": 78,
            "deletions": 8
          }
        ]
      },
      {
        "insertions": 104,
        "deletions": 34,
        "date": "2019-10-04",
        "commitResults": [
          {
            "hash": "80fdd139d4e45a22c687c254f165ecde7a00858d",
            "messageTitle": "Merged MoneyStorage stuff",
            "messageBody": "",
            "insertions": 104,
            "deletions": 34
          }
        ]
      },
      {
        "insertions": 118,
        "deletions": 37,
        "date": "2019-10-05",
        "commitResults": [
          {
            "hash": "b7aeb2e9c82fb52f686cadf4343a24f9a08bf54e",
            "messageTitle": "Fixed Dates \u0026 added Load to MoneyStorage",
            "messageBody": "",
            "insertions": 118,
            "deletions": 37
          }
        ]
      },
      {
        "insertions": 0,
        "deletions": 4,
        "date": "2019-10-06",
        "commitResults": [
          {
            "hash": "2f51eb8c317891d0980206c10b1a3d9dc43b0ee2",
            "messageTitle": "Added teammate\u0027s changes",
            "messageBody": "",
            "insertions": 0,
            "deletions": 4
          }
        ]
      },
      {
        "insertions": 166,
        "deletions": 11,
        "date": "2019-10-08",
        "commitResults": [
          {
            "hash": "6bded6b228f3de3b1d0751c8f9e7f41d50b0c8c4",
            "messageTitle": "Undo function for Adding Exp, Income and Goals only",
            "messageBody": "",
            "insertions": 153,
            "deletions": 10
          },
          {
            "hash": "9e6ef41aa1102decef435403c25bc141d91b4c38",
            "messageTitle": "Undo for add Instalments",
            "messageBody": "",
            "insertions": 12,
            "deletions": 0
          },
          {
            "hash": "0b8cdbe601bf2f15a1be72154534dff10a67f991",
            "messageTitle": "Undo for add Instalments",
            "messageBody": "",
            "insertions": 1,
            "deletions": 1
          }
        ]
      },
      {
        "insertions": 69,
        "deletions": 16,
        "date": "2019-10-09",
        "commitResults": [
          {
            "hash": "faa50c9cbc0b035f75fb83d3aff549347416d568",
            "messageTitle": "Trying rewriting deleted entry",
            "messageBody": "",
            "insertions": 63,
            "deletions": 14
          },
          {
            "hash": "75a7a5938cd5df076846c465f1f824868afa659b",
            "messageTitle": "Resolving conflicts",
            "messageBody": "",
            "insertions": 0,
            "deletions": 1
          },
          {
            "hash": "dd2b25d3cfa691e66cb8cf74e51404eb7f8dbb0c",
            "messageTitle": "Debugged issues",
            "messageBody": "",
            "insertions": 6,
            "deletions": 1
          }
        ]
      },
      {
        "insertions": 164,
        "deletions": 47,
        "date": "2019-10-11",
        "commitResults": [
          {
            "hash": "63552105754b949d6b4d7dc3f70d60f196f46e72",
            "messageTitle": "Added Undo for delete command",
            "messageBody": "",
            "insertions": 162,
            "deletions": 45
          },
          {
            "hash": "0fd8636d6f11dee9fc09e2303679b0ff5f29a53c",
            "messageTitle": "Successfully merged with team repo",
            "messageBody": "",
            "insertions": 2,
            "deletions": 2
          }
        ]
      },
      {
        "insertions": 12,
        "deletions": 17,
        "date": "2019-10-14",
        "commitResults": [
          {
            "hash": "7fe3266cf1abbcb7c9768ae64c34fe9905080883",
            "messageTitle": "Before bills",
            "messageBody": "",
            "insertions": 12,
            "deletions": 17
          }
        ]
      },
      {
        "insertions": 125,
        "deletions": 10,
        "date": "2019-10-15",
        "commitResults": [
          {
            "hash": "25a90a721e6ac1f795157ee6ad589679e98882f6",
            "messageTitle": "Added Bill and AddingBillCommand",
            "messageBody": "",
            "insertions": 125,
            "deletions": 10
          }
        ]
      }
    ],
    "ChenChao19": [
      {
        "insertions": 123,
        "deletions": 8,
        "date": "2019-09-23",
        "commitResults": [
          {
            "hash": "21865af11102151fff98bb148d9e75db77751b42",
            "messageTitle": "Account class part-1",
            "messageBody": "",
            "insertions": 61,
            "deletions": 0
          },
          {
            "hash": "e01c0262e70cab4781b02fc53ada2dd412bab29d",
            "messageTitle": "Account class implement constructor and getter",
            "messageBody": "",
            "insertions": 62,
            "deletions": 8
          }
        ]
      },
      {
        "insertions": 396,
        "deletions": 348,
        "date": "2019-09-24",
        "commitResults": [
          {
            "hash": "3260ce07c3ec3e0b3e9081f984f0d348e2dc915f",
            "messageTitle": "Checkstyle AddCommand.java and Reminders.java",
            "messageBody": "",
            "insertions": 170,
            "deletions": 163
          },
          {
            "hash": "3d3c3cd507e68d21bae32ab9d274c37bee6e5396",
            "messageTitle": "Checkstyle Storage.java",
            "messageBody": "",
            "insertions": 71,
            "deletions": 70
          },
          {
            "hash": "3f2da1ddcaa08ace4fb065e317043f53bbd343c8",
            "messageTitle": "Checkstyle ViewScheduleCommand.java",
            "messageBody": "",
            "insertions": 21,
            "deletions": 17
          },
          {
            "hash": "245e9996a43332994b7068ce6d0643fb20f5f401",
            "messageTitle": "Checkstyle DeleteCommand.java",
            "messageBody": "",
            "insertions": 9,
            "deletions": 7
          },
          {
            "hash": "fbf4ad725ad62b105a6d935350fb01919330124b",
            "messageTitle": "Checkstyle Parser.java",
            "messageBody": "",
            "insertions": 22,
            "deletions": 6
          },
          {
            "hash": "e0ba4531370239ec6fc9cc2d40ed064dea99a21d",
            "messageTitle": "Checkstyle Ui.java",
            "messageBody": "",
            "insertions": 12,
            "deletions": 14
          },
          {
            "hash": "7e0a4594615d63bd7f0f8a5618c85679d1a0f72a",
            "messageTitle": "Checkstyle DoneCommand.java",
            "messageBody": "",
            "insertions": 7,
            "deletions": 5
          },
          {
            "hash": "d2cf626bb2589c15dbb89cd9ede520dc5f2edc9a",
            "messageTitle": "Checkstyle Periods.java",
            "messageBody": "",
            "insertions": 13,
            "deletions": 6
          },
          {
            "hash": "d5de1d186321d21f168cfe551a560ca770eb5774",
            "messageTitle": "Checkstyle RescheduleCommand.java",
            "messageBody": "",
            "insertions": 7,
            "deletions": 6
          },
          {
            "hash": "5dfb9a28557c3be75e92163f417a0a6c78dc2791",
            "messageTitle": "Checkstyle TaskList.java",
            "messageBody": "",
            "insertions": 10,
            "deletions": 8
          },
          {
            "hash": "85c4dedacfbdf122e5b2cd519d32cf76f0c39cbc",
            "messageTitle": "Checkstyle Task.java",
            "messageBody": "",
            "insertions": 6,
            "deletions": 5
          },
          {
            "hash": "a238f2054af769786976ad01dacee25a088024b7",
            "messageTitle": "Checkstyle FixedDuration.java",
            "messageBody": "",
            "insertions": 7,
            "deletions": 3
          },
          {
            "hash": "46f40d0c4830c1b04af6ef1e82245bc2e40bfc9c",
            "messageTitle": "Checkstyle Deadline.java",
            "messageBody": "",
            "insertions": 3,
            "deletions": 5
          },
          {
            "hash": "72c9e9113a8712ac2406b7d570891a7da3af2e49",
            "messageTitle": "Checkstyle Events.java",
            "messageBody": "",
            "insertions": 5,
            "deletions": 3
          },
          {
            "hash": "ea289f4ab93e039d1ab8100be9d9359500341334",
            "messageTitle": "Checkstyle DukeException.java",
            "messageBody": "",
            "insertions": 5,
            "deletions": 4
          },
          {
            "hash": "a66e3819e6108f3b1a4bd27a4211e22e53d24f62",
            "messageTitle": "Checkstyle SearchCommand.java",
            "messageBody": "",
            "insertions": 6,
            "deletions": 6
          },
          {
            "hash": "e6010388ab04dd0b30bffda8828d969228c536b1",
            "messageTitle": "Checkstyle Command.java, ExitCommand.java, ChooseEventTime.java, FreeTimeCommand.java, ViewCommands.java",
            "messageBody": "",
            "insertions": 22,
            "deletions": 20
          }
        ]
      },
      {
        "insertions": 47,
        "deletions": 0,
        "date": "2019-09-25",
        "commitResults": [
          {
            "hash": "412548551977eb81950ee50dde7c893751972527",
            "messageTitle": "Checkstyle + Javadoc",
            "messageBody": "",
            "insertions": 47,
            "deletions": 0
          }
        ]
      },
      {
        "insertions": 77,
        "deletions": 12,
        "date": "2019-09-28",
        "commitResults": [
          {
            "hash": "369108860f449f8abc9d26cf57dd372815015c6e",
            "messageTitle": "junit fixedduration, period for get dates",
            "messageBody": "",
            "insertions": 13,
            "deletions": 2
          },
          {
            "hash": "935743eecc2df97f565d5765d62075d09d2529a1",
            "messageTitle": "junit for Tasks package: Deadline + Events + Todos + Periods + FixedDuration",
            "messageBody": "",
            "insertions": 64,
            "deletions": 10
          }
        ]
      },
      {
        "insertions": 183,
        "deletions": 1545,
        "date": "2019-10-07",
        "commitResults": [
          {
            "hash": "57ddb3ab4c3ea9a20b7a2be4c0b2c4ce3b67fd3e",
            "messageTitle": "Removing and integrating original duke code",
            "messageBody": "",
            "insertions": 0,
            "deletions": 913
          },
          {
            "hash": "ac2e1083f2916d562522a489d83d4064eef6884f",
            "messageTitle": "comment out test files remove old storage",
            "messageBody": "",
            "insertions": 0,
            "deletions": 1
          },
          {
            "hash": "00cac545516fccbe16cdcdaff1e33df30d07c109",
            "messageTitle": "removing old storage and integrating with duke",
            "messageBody": "",
            "insertions": 14,
            "deletions": 578
          },
          {
            "hash": "9c2e2e390a48945c71aa121669d373e912e29bff",
            "messageTitle": "Add instalment tracking",
            "messageBody": "",
            "insertions": 128,
            "deletions": 51
          },
          {
            "hash": "0a78e3c1dc8acc9752df6b6ee0cea31f6600398f",
            "messageTitle": "Add ListInstalmentCommand",
            "messageBody": "",
            "insertions": 41,
            "deletions": 2
          }
        ]
      },
      {
        "insertions": 124,
        "deletions": 20,
        "date": "2019-10-08",
        "commitResults": [
          {
            "hash": "fbf1869ef022d6427c03fd93fe7a1999199b0a3f",
            "messageTitle": "Add DeleteInstalmentCommand",
            "messageBody": "",
            "insertions": 39,
            "deletions": 5
          },
          {
            "hash": "3948cc324ed262140733e859140b45c7db31895a",
            "messageTitle": "Add AutoUpdateInstalmentCommand algorithm to be refine",
            "messageBody": "",
            "insertions": 49,
            "deletions": 6
          },
          {
            "hash": "3f732ee6f1fbbd8152535a03aa47fd0f6648e322",
            "messageTitle": "Resolve conflicts",
            "messageBody": "",
            "insertions": 36,
            "deletions": 9
          }
        ]
      },
      {
        "insertions": 10,
        "deletions": 0,
        "date": "2019-10-09",
        "commitResults": [
          {
            "hash": "5d33bb56c0b134db39ceb03bd554e7f0618be395",
            "messageTitle": "add logic for auto update",
            "messageBody": "",
            "insertions": 10,
            "deletions": 0
          }
        ]
      },
      {
        "insertions": 148,
        "deletions": 44,
        "date": "2019-10-11",
        "commitResults": [
          {
            "hash": "d0d0036cf1fbb7e38b874b2a2b66364818ef81f8",
            "messageTitle": "Merge remote-tracking branch \u0027upstream/master\u0027",
            "messageBody": "# Conflicts:\n#\tdata/moneyAccount.txt\n",
            "insertions": 124,
            "deletions": 15
          },
          {
            "hash": "74acd07bdab50ca0290065c2d11aa75d8b836058",
            "messageTitle": "auto deduct algorithm saving instalment as an expenditure",
            "messageBody": "",
            "insertions": 24,
            "deletions": 29
          }
        ]
      },
      {
        "insertions": 213,
        "deletions": 6,
        "date": "2019-10-13",
        "commitResults": [
          {
            "hash": "33ad64924423f7e9f3bdff45f0c9907dc368968f",
            "messageTitle": "add term.java, binarysearchdeluxe.java, comparatorbyprefixorderquery.java and autocomplete.java",
            "messageBody": "",
            "insertions": 124,
            "deletions": 5
          },
          {
            "hash": "f7cc79ba7686615c0cd44be69757e8525cb92d0a",
            "messageTitle": "add autocompletetextfield.java",
            "messageBody": "",
            "insertions": 89,
            "deletions": 1
          }
        ]
      },
      {
        "insertions": 23,
        "deletions": 0,
        "date": "2019-10-14",
        "commitResults": [
          {
            "hash": "21daedf1339cd567db131ed66158815fddbf271d",
            "messageTitle": "merge conflict",
            "messageBody": "",
            "insertions": 23,
            "deletions": 0
          }
        ]
      },
      {
        "insertions": 85,
        "deletions": 205,
        "date": "2019-10-16",
        "commitResults": [
          {
            "hash": "08f0d3dac5255ee09ad0144bb16798b0692a4c9c",
            "messageTitle": "PopUp for autocompletion with commands",
            "messageBody": "",
            "insertions": 85,
            "deletions": 205
          }
        ]
      }
    ],
    "chengweixuan": [
      {
        "insertions": 95,
        "deletions": 1,
        "date": "2019-09-23",
        "commitResults": [
          {
            "hash": "ba7e537518445b507c0e889857e6cb3879af4553",
            "messageTitle": "failed fetch",
            "messageBody": "",
            "insertions": 3,
            "deletions": 0
          },
          {
            "hash": "ce2c0f08beabc37d9f15214fd312166b42e7154e",
            "messageTitle": "added base classes",
            "messageBody": "",
            "insertions": 91,
            "deletions": 0
          },
          {
            "hash": "402339e9f9562775b2dea193f3fee271101e375f",
            "messageTitle": "added extensive base classes",
            "messageBody": "",
            "insertions": 1,
            "deletions": 1
          }
        ]
      },
      {
        "insertions": 2,
        "deletions": 1,
        "date": "2019-09-26",
        "commitResults": [
          {
            "hash": "d2eb9395c33a575f092882023cd1178abd4a0d4c",
            "messageTitle": "checkstyled",
            "messageBody": "",
            "insertions": 2,
            "deletions": 1
          }
        ]
      },
      {
        "insertions": 15,
        "deletions": 19,
        "date": "2019-09-28",
        "commitResults": [
          {
            "hash": "74dbe56e30d7dca32ded7535bc8515177219dbe9",
            "messageTitle": "fixed spelling error",
            "messageBody": "",
            "insertions": 3,
            "deletions": 3
          },
          {
            "hash": "c4783bc8f3359997dbfc7c7d9849d19d2fc1cf03",
            "messageTitle": "fixed tentative tasks JUnit testing",
            "messageBody": "",
            "insertions": 12,
            "deletions": 16
          }
        ]
      },
      {
        "insertions": 389,
        "deletions": 128,
        "date": "2019-10-03",
        "commitResults": [
          {
            "hash": "309df8276d43a96fcc21da42d338bc6fdfa094be",
            "messageTitle": "added documentation for all add commands, delete commands and list commands so far",
            "messageBody": "",
            "insertions": 220,
            "deletions": 19
          },
          {
            "hash": "bfb0ae6d5a47e29aca332c7d2307e3b23a6ae53c",
            "messageTitle": "implemented Timing Shortcuts C-extension Friendlier Syntax along with documentation",
            "messageBody": "",
            "insertions": 3,
            "deletions": 3
          },
          {
            "hash": "190fda6e24855a3c77e52c9711ee68dbee9bbb11",
            "messageTitle": "Documented Parser",
            "messageBody": "",
            "insertions": 10,
            "deletions": 4
          },
          {
            "hash": "996f1b385249201e0926ac4c9852ddd4ef2f6b53",
            "messageTitle": "fixed create bank account command with new date parser",
            "messageBody": "",
            "insertions": 4,
            "deletions": 1
          },
          {
            "hash": "29c00c7874bac15bd6042fe7899f8e55133635bf",
            "messageTitle": "fixed checkstyle for account except for documentation",
            "messageBody": "",
            "insertions": 98,
            "deletions": 57
          },
          {
            "hash": "caae8f46722ab96275786dfe4a20bb995b0ae77a",
            "messageTitle": "checkstyled delete income command",
            "messageBody": "",
            "insertions": 8,
            "deletions": 11
          },
          {
            "hash": "0ca5c8e5fa71e34cf1dcf758b857bbb9d29e8860",
            "messageTitle": "checkstyled income, expenditure and add and delete commands",
            "messageBody": "",
            "insertions": 38,
            "deletions": 25
          },
          {
            "hash": "160dc38f2c537e97bf7d4d72eda30c1449f1d8be",
            "messageTitle": "checkstyle list commands for expenditure and income",
            "messageBody": "",
            "insertions": 8,
            "deletions": 8
          }
        ]
      },
      {
        "insertions": 179,
        "deletions": 157,
        "date": "2019-10-05",
        "commitResults": [
          {
            "hash": "2912ad1cec9074aa7cf8f473297d2ad5e18778a1",
            "messageTitle": "fixed timing shortcuts to work with new storage",
            "messageBody": "",
            "insertions": 99,
            "deletions": 82
          },
          {
            "hash": "aa7a951810afe5a7be1fb40e2c39fc538d85a32d",
            "messageTitle": "checkstyle add commands and parser",
            "messageBody": "",
            "insertions": 80,
            "deletions": 75
          }
        ]
      },
      {
        "insertions": 325,
        "deletions": 22,
        "date": "2019-10-07",
        "commitResults": [
          {
            "hash": "092a221df876983680cc405e0524395cbf92a10d",
            "messageTitle": "added ViewPastTransactions C-extension Archive",
            "messageBody": "",
            "insertions": 157,
            "deletions": 14
          },
          {
            "hash": "1364451dc7f44df988634ac79d6079de9264e1fa",
            "messageTitle": "added currentMonth functionality for income and expenditure",
            "messageBody": "",
            "insertions": 1,
            "deletions": 2
          },
          {
            "hash": "5da72397573ceb72763750426335a97a57791cf8",
            "messageTitle": "added functionality for expenditure side for Archive function",
            "messageBody": "",
            "insertions": 93,
            "deletions": 0
          },
          {
            "hash": "4a708dc0079c7fabd8397965599db2fc63db430f",
            "messageTitle": "fixed add commands to work with tracking money in/out month lists",
            "messageBody": "",
            "insertions": 17,
            "deletions": 4
          },
          {
            "hash": "f857cc585bf2820744a6a84d4a897f3d4e65f549",
            "messageTitle": "Added documentation for ViewPastRecords C-Extension Archive",
            "messageBody": "",
            "insertions": 54,
            "deletions": 0
          },
          {
            "hash": "742012b4ec53da05c7d70efe7ed75ee623f9eba3",
            "messageTitle": "merged and fixed with master",
            "messageBody": "",
            "insertions": 3,
            "deletions": 2
          }
        ]
      },
      {
        "insertions": 1,
        "deletions": 5,
        "date": "2019-10-10",
        "commitResults": [
          {
            "hash": "6a7f7aa1d7921bc00f7bf8bb6d2c17221ba68b0e",
            "messageTitle": "added comments",
            "messageBody": "",
            "insertions": 1,
            "deletions": 5
          }
        ]
      },
      {
        "insertions": 366,
        "deletions": 24,
        "date": "2019-10-11",
        "commitResults": [
          {
            "hash": "b0e6e23eb025caaf2d02bd728afa1174d987a819",
            "messageTitle": "Implemented Split expenditure D-Loans",
            "messageBody": "",
            "insertions": 308,
            "deletions": 8
          },
          {
            "hash": "7ab69f35545c4b661856237db697852815f61168",
            "messageTitle": "added documentation for the new commands",
            "messageBody": "",
            "insertions": 42,
            "deletions": 15
          },
          {
            "hash": "646a5efbe35026fb60d2641d60675d38e20ee345",
            "messageTitle": "documented Split object",
            "messageBody": "",
            "insertions": 16,
            "deletions": 1
          }
        ]
      },
      {
        "insertions": 354,
        "deletions": 10,
        "date": "2019-10-12",
        "commitResults": [
          {
            "hash": "b8c7f1ac4759f7c01bfd86df6ad6c39d59f83266",
            "messageTitle": "implemented adding and listing of loans",
            "messageBody": "",
            "insertions": 354,
            "deletions": 10
          }
        ]
      },
      {
        "insertions": 259,
        "deletions": 98,
        "date": "2019-10-13",
        "commitResults": [
          {
            "hash": "ec5728c2dc9184c9f5798f62d83fab8fed469c01",
            "messageTitle": "implemented the settling of loans",
            "messageBody": "",
            "insertions": 151,
            "deletions": 43
          },
          {
            "hash": "e9be4af08835b6d561da869a12edf8b73f6c4a80",
            "messageTitle": "implemented storage for loans",
            "messageBody": "",
            "insertions": 105,
            "deletions": 14
          },
          {
            "hash": "d32eb63ebdfe1911c36ecf386c57a0c8ac2df437",
            "messageTitle": "simplified functions, now left with documentation",
            "messageBody": "",
            "insertions": 3,
            "deletions": 41
          }
        ]
      },
      {
        "insertions": 139,
        "deletions": 46,
        "date": "2019-10-14",
        "commitResults": [
          {
            "hash": "1d932ebfc23921273217316fd0286ae8885556d0",
            "messageTitle": "Documented D-Loans",
            "messageBody": "",
            "insertions": 129,
            "deletions": 34
          },
          {
            "hash": "d8541a8319dd3bffc6f874ff7c7f1fa2e2838934",
            "messageTitle": "added function to auto update money in/out for loan settle command",
            "messageBody": "",
            "insertions": 9,
            "deletions": 7
          },
          {
            "hash": "e3168ce297bbe73453abc28f2f2de75e7a063d17",
            "messageTitle": "Merged with master with fixed issues",
            "messageBody": "",
            "insertions": 1,
            "deletions": 5
          }
        ]
      }
    ],
    "cctt1014": [
      {
        "insertions": 77,
        "deletions": 212,
        "date": "2019-09-23",
        "commitResults": [
          {
            "hash": "712665f165b8165d90d01eebc40d087e2812667f",
            "messageTitle": "merge duke logic to gui",
            "messageBody": "",
            "insertions": 77,
            "deletions": 212
          }
        ]
      },
      {
        "insertions": 185,
        "deletions": 12,
        "date": "2019-09-24",
        "commitResults": [
          {
            "hash": "9ff66ae435ca77a0ff44b49f7a854da2992f3f77",
            "messageTitle": "fix the bug which hides some text in GUI",
            "messageBody": "",
            "insertions": 7,
            "deletions": 7
          },
          {
            "hash": "585d9fcd0ae6e9f22c107747f12a219d823e840d",
            "messageTitle": "done the javadoc in some files in command and control panel folder",
            "messageBody": "",
            "insertions": 178,
            "deletions": 5
          }
        ]
      },
      {
        "insertions": 114,
        "deletions": 23,
        "date": "2019-09-27",
        "commitResults": [
          {
            "hash": "96b4bacda2a6845101c7ef028fc928f7266b371a",
            "messageTitle": "update gui",
            "messageBody": "",
            "insertions": 8,
            "deletions": 4
          },
          {
            "hash": "cd802b22526405747efe2348a4255f9b7de4239e",
            "messageTitle": "add junit for 2 b-extention: reschedule(snooze) command and find free time",
            "messageBody": "",
            "insertions": 105,
            "deletions": 18
          },
          {
            "hash": "8cd54ce42a1e38ec738b3228007e0cb85ffeccb9",
            "messageTitle": "fix a typo in delete command",
            "messageBody": "",
            "insertions": 1,
            "deletions": 1
          }
        ]
      },
      {
        "insertions": 27,
        "deletions": 28,
        "date": "2019-09-28",
        "commitResults": [
          {
            "hash": "b6b4d63381f311103e5245edc8494c0807514f12",
            "messageTitle": "update",
            "messageBody": "",
            "insertions": 10,
            "deletions": 19
          },
          {
            "hash": "b286f677c4556464ca6f9bdbe3eaa7481929700c",
            "messageTitle": "fix the junit",
            "messageBody": "",
            "insertions": 17,
            "deletions": 9
          }
        ]
      },
      {
        "insertions": 132,
        "deletions": 35,
        "date": "2019-10-02",
        "commitResults": [
          {
            "hash": "319ed1ce1b3820da9b50438a42ca012752b31cda",
            "messageTitle": "implement bank-tracker and its constructor, samples are added to the MoneyCommandList.txt“",
            "messageBody": "",
            "insertions": 96,
            "deletions": 11
          },
          {
            "hash": "70e9848e4a5c7ec53cf632f9e729e0156b21d845",
            "messageTitle": "implement listBankTrackers for D-Bank",
            "messageBody": "",
            "insertions": 36,
            "deletions": 24
          }
        ]
      },
      {
        "insertions": 82,
        "deletions": 43,
        "date": "2019-10-03",
        "commitResults": [
          {
            "hash": "195fca48511cca6e59131d6f638dfb2c7f3a5f3f",
            "messageTitle": "FG can prompt a new window now",
            "messageBody": "",
            "insertions": 44,
            "deletions": 9
          },
          {
            "hash": "5db0e66a9d874345662efc6846513f4176b531d9",
            "messageTitle": "user can change icon now, cannot store the new icon and load in the next gradle run",
            "messageBody": "",
            "insertions": 24,
            "deletions": 8
          },
          {
            "hash": "d6012a55ab08b0e0c72cfb7e05ebc60208242178",
            "messageTitle": "implement customized icon, allow user to choose icon by \u0027change icon\u0027 command",
            "messageBody": "",
            "insertions": 14,
            "deletions": 26
          }
        ]
      },
      {
        "insertions": 395,
        "deletions": 36,
        "date": "2019-10-06",
        "commitResults": [
          {
            "hash": "6fc70f17b6b3b4471717b349bb74f1d6d7bd7234",
            "messageTitle": "fix the bugs in creating a new bank-tracker and add the javadoc",
            "messageBody": "",
            "insertions": 54,
            "deletions": 9
          },
          {
            "hash": "bd5492d2fef5a6acd11164371638465c0654be14",
            "messageTitle": "add internal transfer command for d-bank",
            "messageBody": "",
            "insertions": 232,
            "deletions": 9
          },
          {
            "hash": "d8db5ee7f621bdbe11e69091318e9e3c6e9ad0f6",
            "messageTitle": "implement the command to check current income and expenditure histogram",
            "messageBody": "",
            "insertions": 109,
            "deletions": 18
          }
        ]
      },
      {
        "insertions": 320,
        "deletions": 110,
        "date": "2019-10-14",
        "commitResults": [
          {
            "hash": "026c759ff44b9d8d0de8f463d3ab48c590ff309b",
            "messageTitle": "improve the structure of handleUserInput() to make it more oop",
            "messageBody": "",
            "insertions": 90,
            "deletions": 59
          },
          {
            "hash": "50067fc9281937771b5268c78fb5ce3dc1e74c12",
            "messageTitle": "implement line graph controller and fxml file",
            "messageBody": "",
            "insertions": 57,
            "deletions": 2
          },
          {
            "hash": "bba0b52c9526401fc7fd61f1d4b6ce2c45d9b497",
            "messageTitle": "add interface for data transfer from account to GUI",
            "messageBody": "",
            "insertions": 31,
            "deletions": 17
          },
          {
            "hash": "cd0459bcc8dcd693c8fd2dbda6311bd88979419d",
            "messageTitle": "add overall category trend graph",
            "messageBody": "",
            "insertions": 68,
            "deletions": 25
          },
          {
            "hash": "3352fd9439436d50a589f58b41e592c7b74b2e3d",
            "messageTitle": "add a graph which can check curr 3 month\u0027s income/expenditure, sample commands are put in MoneyCommandList.txt",
            "messageBody": "",
            "insertions": 74,
            "deletions": 7
          }
        ]
      },
      {
        "insertions": 2,
        "deletions": 4,
        "date": "2019-10-15",
        "commitResults": [
          {
            "hash": "aa2bc9753b7ee721d46d783ece9192e48db24fc3",
            "messageTitle": "add the FG-v1.2.jar",
            "messageBody": "",
            "insertions": 2,
            "deletions": 4
          }
        ]
      }
    ],
    "therealnickcheong": [
      {
        "insertions": 466,
        "deletions": 161,
        "date": "2019-09-22",
        "commitResults": [
          {
            "hash": "a4b606d3763c338b3cda22cc031027efd4af481e",
            "messageTitle": "JavaFX tutorial 1-3 done",
            "messageBody": "",
            "insertions": 248,
            "deletions": 35
          },
          {
            "hash": "abd8f5752c0b5ccce7fde380a0c807a5994679a4",
            "messageTitle": "JavaFX tutorial completed",
            "messageBody": "",
            "insertions": 218,
            "deletions": 126
          }
        ]
      },
      {
        "insertions": 231,
        "deletions": 14,
        "date": "2019-09-24",
        "commitResults": [
          {
            "hash": "25793fc4a931880b0e417dbd280d892a3809183a",
            "messageTitle": "AddShortGoalCommand done",
            "messageBody": "",
            "insertions": 164,
            "deletions": 8
          },
          {
            "hash": "47bf44de2fa5b09c42778209f9c1d14e52689aa3",
            "messageTitle": "delete and list goals",
            "messageBody": "",
            "insertions": 67,
            "deletions": 6
          }
        ]
      },
      {
        "insertions": 321,
        "deletions": 292,
        "date": "2019-09-25",
        "commitResults": [
          {
            "hash": "76ea217f3fec61cf53c10a648db5b0462c9f21e4",
            "messageTitle": "fixed checkstyle except for missing javaDocs and Done Command Unicode warning",
            "messageBody": "",
            "insertions": 321,
            "deletions": 292
          }
        ]
      },
      {
        "insertions": 17,
        "deletions": 4,
        "date": "2019-09-26",
        "commitResults": [
          {
            "hash": "06313e917ee3fa26ab161b23622803045acaf4f4",
            "messageTitle": "fixed Duke welcome message and bye command exits GUI",
            "messageBody": "",
            "insertions": 17,
            "deletions": 4
          }
        ]
      },
      {
        "insertions": 28,
        "deletions": 25,
        "date": "2019-09-28",
        "commitResults": [
          {
            "hash": "93a14fd6dea815772faa8e8e096afe621bcc461c",
            "messageTitle": "Junit for remind and schedule fixed to be compatible with GUI",
            "messageBody": "",
            "insertions": 28,
            "deletions": 25
          }
        ]
      },
      {
        "insertions": 78,
        "deletions": 21,
        "date": "2019-10-01",
        "commitResults": [
          {
            "hash": "3188695e71df94545bad1a0661c489a90421dcab",
            "messageTitle": "able to create cross platform Jar for GUI Duke-v1.1 created",
            "messageBody": "",
            "insertions": 21,
            "deletions": 6
          },
          {
            "hash": "442eb97c8b373ab324d5b43f59cef2446c468906",
            "messageTitle": "fixed reminders, schedule, MultipleEvent bug",
            "messageBody": "",
            "insertions": 57,
            "deletions": 15
          }
        ]
      },
      {
        "insertions": 801,
        "deletions": 6,
        "date": "2019-10-02",
        "commitResults": [
          {
            "hash": "49a004cf437705bd59542c397a13c46c87e76ba1",
            "messageTitle": "integrated FG, added start and init function",
            "messageBody": "",
            "insertions": 801,
            "deletions": 6
          }
        ]
      },
      {
        "insertions": 90,
        "deletions": 90,
        "date": "2019-10-03",
        "commitResults": [
          {
            "hash": "9ebe250d9a114d4838f820530e2722f69bb0a10a",
            "messageTitle": "checkstyle for Goal(expect java doc) and addshortgoalcommand done",
            "messageBody": "",
            "insertions": 88,
            "deletions": 88
          },
          {
            "hash": "09f799f992f90c67c5ac04e7ecf9f676937b2b88",
            "messageTitle": "checkstyle for Goal(expect java doc) and addshortgoalcommand done",
            "messageBody": "",
            "insertions": 2,
            "deletions": 2
          }
        ]
      },
      {
        "insertions": 121,
        "deletions": 16,
        "date": "2019-10-05",
        "commitResults": [
          {
            "hash": "6c82e57d5ba52a8df46a914283fb8cfaa0dbb302",
            "messageTitle": "fixed storage to load Goals, initStatus, BaseSavings",
            "messageBody": "",
            "insertions": 30,
            "deletions": 9
          },
          {
            "hash": "8bc31ad72e27b254ecd92a7eeacd2672897aad94",
            "messageTitle": "added DoneGoalCommand",
            "messageBody": "",
            "insertions": 72,
            "deletions": 4
          },
          {
            "hash": "3068f83c757f1bcad67527a6c62c98724211e4f7",
            "messageTitle": "added goal progress to ListGoalCommand",
            "messageBody": "",
            "insertions": 19,
            "deletions": 3
          }
        ]
      },
      {
        "insertions": 108,
        "deletions": 10,
        "date": "2019-10-09",
        "commitResults": [
          {
            "hash": "a3d0178179c25698a4b288c60824e675f2905a8a",
            "messageTitle": "added CommitGoalCommand",
            "messageBody": "",
            "insertions": 101,
            "deletions": 5
          },
          {
            "hash": "1c3923592445ffd1f0b1e3705379b7b78a956851",
            "messageTitle": "lists are now displayed in the graph container.",
            "messageBody": "",
            "insertions": 7,
            "deletions": 4
          },
          {
            "hash": "71d0aed4722d7b1bf95c77af2b1259a7c7e171cc",
            "messageTitle": "lists are now displayed in the graph container.",
            "messageBody": "",
            "insertions": 0,
            "deletions": 1
          }
        ]
      },
      {
        "insertions": 129,
        "deletions": 45,
        "date": "2019-10-11",
        "commitResults": [
          {
            "hash": "4262151f4eff26e60797359381c4ce00862ea961",
            "messageTitle": "goals are sorted according to priority level",
            "messageBody": "",
            "insertions": 30,
            "deletions": 11
          },
          {
            "hash": "03bc1c8ff1afb281bde62a5cfa9ae4113702a482",
            "messageTitle": "goal list is updated and displayed live upon command added target savings under list goals and commit goals getResponse() returns a String Array containing outputString and graphContainerString so control what goes in the respective window.",
            "messageBody": "",
            "insertions": 93,
            "deletions": 29
          },
          {
            "hash": "aadda16a619032aa5f6ce6860dbb1d2797f6fd22",
            "messageTitle": "remove the sort of goals based on priority as it breaks undo for addGoalCommand",
            "messageBody": "",
            "insertions": 5,
            "deletions": 5
          },
          {
            "hash": "74ac64356add776f82cd5039c3fd99856b30e57f",
            "messageTitle": "fixed storage on exit",
            "messageBody": "",
            "insertions": 1,
            "deletions": 0
          }
        ]
      },
      {
        "insertions": 80,
        "deletions": 5,
        "date": "2019-10-14",
        "commitResults": [
          {
            "hash": "e06c860281d0997d0146c6c97f737d781a8a0655",
            "messageTitle": "sort of working search bar",
            "messageBody": "",
            "insertions": 80,
            "deletions": 4
          },
          {
            "hash": "5aff2d5ba145951355330e62b51ae78ec20b9250",
            "messageTitle": "find function added still need to refine search",
            "messageBody": "",
            "insertions": 0,
            "deletions": 1
          }
        ]
      }
    ]
  },
  "authorFinalContributionMap": {
    "Chianhaoplanks": 701,
    "ChenChao19": 496,
    "chengweixuan": 1655,
    "cctt1014": 907,
    "therealnickcheong": 1223
  },
  "authorFileTypeContributionMap": {
    "Chianhaoplanks": {
      "tests": 71,
      "functional": 630
    },
    "ChenChao19": {
      "tests": 77,
      "functional": 417,
      "other": 2
    },
    "chengweixuan": {
      "tests": 9,
      "functional": 1646
    },
    "cctt1014": {
      "tests": 91,
      "functional": 814,
      "other": 2
    },
    "therealnickcheong": {
      "tests": 38,
      "functional": 1164,
      "other": 21
    }
  },
  "authorContributionVariance": {
    "Chianhaoplanks": 9785.377,
    "ChenChao19": 125150.78,
    "chengweixuan": 26547.455,
    "cctt1014": 16482.459,
    "therealnickcheong": 46615.33
  },
  "authorDisplayNameMap": {
    "Chianhaoplanks": "CS2113T-W12-2 AW   . . HAO",
    "ChenChao19": "CS2113T-W12-2 CHE  . . HAO",
    "chengweixuan": "CS2113T-W12-2 CHE  . . UAN",
    "cctt1014": "CS2113T-W12-2 CHE  . . ONG",
    "therealnickcheong": "CS2113T-W12-2 CHE  . . LAS"
  }
}
