{
  "authorDailyContributionsMap": {
    "termehlee": [
      {
        "insertions": 32,
        "deletions": 6,
        "date": "2019-10-09",
        "commitResults": [
          {
            "hash": "66960d5fca607af028130588c5b62d9102a47da4",
            "messageTitle": "Changes to toString when amount is negative",
            "messageBody": "",
            "insertions": 1,
            "deletions": 1
          },
          {
            "hash": "082f19a890a7144e6bfbe2f3bd5d81d1cb8fbdae",
            "messageTitle": "Update updateTotalSpentLabel for negative total",
            "messageBody": "",
            "insertions": 3,
            "deletions": 1
          },
          {
            "hash": "d8402d649fd992755fa45bdaa1cf516976227c8f",
            "messageTitle": "DeleteCommand for internalList only for now",
            "messageBody": "",
            "insertions": 5,
            "deletions": 0
          },
          {
            "hash": "96295e494f6fb338ee7acdb8176ad31d425ef79a",
            "messageTitle": "DeleteCommand with new additions for input",
            "messageBody": "",
            "insertions": 23,
            "deletions": 4
          }
        ]
      },
      {
        "insertions": 29,
        "deletions": 24,
        "date": "2019-10-14",
        "commitResults": [
          {
            "hash": "1539aa0823725764c8d676689980b5f68da7af9d",
            "messageTitle": "Minor change to fix bug where GUI does not update",
            "messageBody": "",
            "insertions": 1,
            "deletions": 0
          },
          {
            "hash": "818568d44861a9239624731cf39b14453f986afe",
            "messageTitle": "Edits in checkstyle based on Travis build #13",
            "messageBody": "",
            "insertions": 11,
            "deletions": 9
          },
          {
            "hash": "816ee5f7cde940d0af3120bd16e0d92128693dde",
            "messageTitle": "Edit #2 for Travis CI",
            "messageBody": "",
            "insertions": 2,
            "deletions": 2
          },
          {
            "hash": "68d56330d89814a480ed7ce87ed6e70b3edd0b1f",
            "messageTitle": "Edits for checkstyle done",
            "messageBody": "",
            "insertions": 15,
            "deletions": 13
          }
        ]
      },
      {
        "insertions": 2,
        "deletions": 2,
        "date": "2019-10-16",
        "commitResults": [
          {
            "hash": "7a090b29dba3af707bc0549b8f23ac989283a8aa",
            "messageTitle": "Edits to ExpenseTest",
            "messageBody": "",
            "insertions": 2,
            "deletions": 2
          }
        ]
      },
      {
        "insertions": 67,
        "deletions": 2,
        "date": "2019-10-19",
        "commitResults": [
          {
            "hash": "8ada025327386bc2d3d3732edc9334a85547068e",
            "messageTitle": "PieChart with bugs",
            "messageBody": "",
            "insertions": 63,
            "deletions": 1
          },
          {
            "hash": "dcf13f0ea5bde3cbf77de20dd62a1da0f4e4595e",
            "messageTitle": "PieChart working, command yet to be added",
            "messageBody": "",
            "insertions": 4,
            "deletions": 1
          }
        ]
      },
      {
        "insertions": 1642,
        "deletions": 400,
        "date": "2019-10-20",
        "commitResults": [
          {
            "hash": "4331b83d9af2ad1a7818880955d2854ad4e3316d",
            "messageTitle": "Merge after changing of structure",
            "messageBody": "",
            "insertions": 1642,
            "deletions": 400
          }
        ]
      },
      {
        "insertions": 70,
        "deletions": 65,
        "date": "2019-10-21",
        "commitResults": [
          {
            "hash": "80655085a694ea24f9b515a61e62fb601255e031",
            "messageTitle": "PieChart (buggy): Error with casting",
            "messageBody": "",
            "insertions": 70,
            "deletions": 65
          }
        ]
      },
      {
        "insertions": 364,
        "deletions": 117,
        "date": "2019-10-22",
        "commitResults": [
          {
            "hash": "73d46fcd240467574bbfd2a6ca2c3d4de2d5b7cf",
            "messageTitle": "PieChart: Unable to implement",
            "messageBody": "",
            "insertions": 275,
            "deletions": 32
          },
          {
            "hash": "9e137372a267fa0df5e02df7171d724b7e8549e0",
            "messageTitle": "PieChart implemented in ExpensePane (formatting not finalised)",
            "messageBody": "",
            "insertions": 65,
            "deletions": 5
          },
          {
            "hash": "adc856563ceb251d66a7c6aca3d655e0f078cbf0",
            "messageTitle": "Documentation for ExpensePane; delete unncessary files",
            "messageBody": "",
            "insertions": 24,
            "deletions": 80
          }
        ]
      },
      {
        "insertions": 700,
        "deletions": 41,
        "date": "2019-10-25",
        "commitResults": [
          {
            "hash": "7995710ab9adf247ff74738c9d17e3bd941a9dd5",
            "messageTitle": "Implemented first version of incomeList",
            "messageBody": "",
            "insertions": 700,
            "deletions": 41
          }
        ]
      },
      {
        "insertions": 42,
        "deletions": 13,
        "date": "2019-10-26",
        "commitResults": [
          {
            "hash": "6e48e939fbf68836f290ff3383e6073f14cad222",
            "messageTitle": "Changes to BudgetPane",
            "messageBody": "",
            "insertions": 42,
            "deletions": 13
          }
        ]
      },
      {
        "insertions": 463,
        "deletions": 26,
        "date": "2019-10-29",
        "commitResults": [
          {
            "hash": "b214502e0624e93cb3baf3da23b07a4e96c856a4",
            "messageTitle": "Implement BudgetViewStorage",
            "messageBody": "",
            "insertions": 416,
            "deletions": 19
          },
          {
            "hash": "0718e753a5e21fe8247ccf00a11cbce830ce98f0",
            "messageTitle": "Error with getBudgetTag",
            "messageBody": "",
            "insertions": 47,
            "deletions": 7
          }
        ]
      },
      {
        "insertions": 298,
        "deletions": 108,
        "date": "2019-10-30",
        "commitResults": [
          {
            "hash": "770ce2f70148fdbcbd18e303beafd19b1a729fa0",
            "messageTitle": "Implemented BudgetBar in BudgetPane",
            "messageBody": "",
            "insertions": 221,
            "deletions": 41
          },
          {
            "hash": "ec9c923b8829a8c4048fc79af4a205ad09dbf6a0",
            "messageTitle": "Change view for incomeList",
            "messageBody": "",
            "insertions": 77,
            "deletions": 67
          }
        ]
      },
      {
        "insertions": 61,
        "deletions": 77,
        "date": "2019-10-31",
        "commitResults": [
          {
            "hash": "898ee397d878b96cf4218c4ca5252f4f37eaa66e",
            "messageTitle": "Update GUI of BudgetBar",
            "messageBody": "",
            "insertions": 61,
            "deletions": 77
          }
        ]
      },
      {
        "insertions": 6,
        "deletions": 5,
        "date": "2019-11-01",
        "commitResults": [
          {
            "hash": "88972a63949964c178aa91b2df6a9187bbaadfa5",
            "messageTitle": "Minor edits for budget",
            "messageBody": "",
            "insertions": 3,
            "deletions": 2
          },
          {
            "hash": "7559d881af49cc15b0cf347372381251cf18af6e",
            "messageTitle": "Bug fix in Budget",
            "messageBody": "",
            "insertions": 3,
            "deletions": 3
          }
        ]
      }
    ],
    "otonashixav": [
      {
        "insertions": 198,
        "deletions": 117,
        "date": "2019-09-22",
        "commitResults": [
          {
            "hash": "4a4b6bddca6afd7c56837b75c24106c16878dfb4",
            "messageTitle": "slightly refactored command params and fixed checkStyle errors; test errors remain",
            "messageBody": "",
            "insertions": 198,
            "deletions": 117
          }
        ]
      },
      {
        "insertions": 159,
        "deletions": 151,
        "date": "2019-09-24",
        "commitResults": [
          {
            "hash": "d850d2008e513df81ded34fbee3ac472e3a828df",
            "messageTitle": "redid command structure, AddCommand as example",
            "messageBody": "",
            "insertions": 158,
            "deletions": 150
          },
          {
            "hash": "f528349a6df6f14d5645417ba771efcaacf90bdc",
            "messageTitle": "changed Command constructor from public to protected",
            "messageBody": "",
            "insertions": 1,
            "deletions": 1
          }
        ]
      },
      {
        "insertions": 0,
        "deletions": 2,
        "date": "2019-10-02",
        "commitResults": [
          {
            "hash": "f87a681c22bf0c80acd1b6eea8146d8106340cc0",
            "messageTitle": "removed extra imports in Duke and CommandParamsTest",
            "messageBody": "",
            "insertions": 0,
            "deletions": 2
          }
        ]
      },
      {
        "insertions": 635,
        "deletions": 402,
        "date": "2019-10-04",
        "commitResults": [
          {
            "hash": "c41339806d6fce64147629dbfb25fb501e0a635b",
            "messageTitle": "renamed package DukeObjects to list (see package naming standards)",
            "messageBody": "",
            "insertions": 12,
            "deletions": 16
          },
          {
            "hash": "f77868a1bb42f9f17d6a1b7349e3c990631d463a",
            "messageTitle": "put everything into a package duke to comply to coding standards (see https://nuscs2113-ay1920s1.github.io/website/coding-standards/java/intermediate.html#naming)",
            "messageBody": "",
            "insertions": 143,
            "deletions": 147
          },
          {
            "hash": "75c6f98a3b65adf0dd8d2fb44f401948c67095a6",
            "messageTitle": "added some code to DukeList",
            "messageBody": "",
            "insertions": 89,
            "deletions": 0
          },
          {
            "hash": "d4eaeb00e3e56dded02c63a9c3b225b7efdb0064",
            "messageTitle": "finished some parts of the undo/redo functions",
            "messageBody": "",
            "insertions": 329,
            "deletions": 224
          },
          {
            "hash": "ea55c86e11689ea8d096d95e2bc492bddbccb595",
            "messageTitle": "largely finished DukeList",
            "messageBody": "",
            "insertions": 62,
            "deletions": 15
          }
        ]
      },
      {
        "insertions": 360,
        "deletions": 232,
        "date": "2019-10-05",
        "commitResults": [
          {
            "hash": "c1cf567bb11d25f692d524426d81656d6c4d7468",
            "messageTitle": "fixed up the rest of DukeItem and DukeList",
            "messageBody": "",
            "insertions": 343,
            "deletions": 61
          },
          {
            "hash": "1bd3c323af79426ffdd73e795312bc42090dd19a",
            "messageTitle": "renamed list to dukeobjects temporarily",
            "messageBody": "",
            "insertions": 17,
            "deletions": 171
          }
        ]
      },
      {
        "insertions": 374,
        "deletions": 101,
        "date": "2019-10-06",
        "commitResults": [
          {
            "hash": "6b44cb20c6880d992c643804ea11b5401de3e96a",
            "messageTitle": "wrote tests for dukeobjects",
            "messageBody": "",
            "insertions": 294,
            "deletions": 23
          },
          {
            "hash": "f8e0d76a2ae390bdd2f53747137d4a00018189f6",
            "messageTitle": "moved all packages into a package duke to fulfill coding standard requirements",
            "messageBody": "",
            "insertions": 80,
            "deletions": 78
          }
        ]
      },
      {
        "insertions": 378,
        "deletions": 414,
        "date": "2019-10-09",
        "commitResults": [
          {
            "hash": "890f861aba2213794f724cff1eb99a7f4b821064",
            "messageTitle": "reverted an earlier revert",
            "messageBody": "",
            "insertions": 164,
            "deletions": 140
          },
          {
            "hash": "edf52282be28d0f2ed6a1a260a17304e26b3146e",
            "messageTitle": "done refactoring",
            "messageBody": "",
            "insertions": 207,
            "deletions": 272
          },
          {
            "hash": "1c2ebcae821f66fd65b9423f8ce152fdba16258e",
            "messageTitle": "minor change to exception thrown by parser",
            "messageBody": "",
            "insertions": 7,
            "deletions": 2
          }
        ]
      },
      {
        "insertions": 357,
        "deletions": 262,
        "date": "2019-10-17",
        "commitResults": [
          {
            "hash": "f0ab04ce785fc54aeb74c6f2b2a7c89290dc954d",
            "messageTitle": "allowed abbreviations for command input; fixed build",
            "messageBody": "",
            "insertions": 189,
            "deletions": 170
          },
          {
            "hash": "780d21403b29c91a22eda367ea99bf618df0b7dc",
            "messageTitle": "fixed remaining errors",
            "messageBody": "",
            "insertions": 168,
            "deletions": 92
          }
        ]
      }
    ],
    "ChaojieLiu666": [
      {
        "insertions": 2,
        "deletions": 0,
        "date": "2019-10-03",
        "commitResults": [
          {
            "hash": "debfc84ae0be1fd68449748d11c67ed239e93db7",
            "messageTitle": "Some change on Javadoc.",
            "messageBody": "",
            "insertions": 2,
            "deletions": 0
          }
        ]
      },
      {
        "insertions": 167,
        "deletions": 3,
        "date": "2019-10-09",
        "commitResults": [
          {
            "hash": "8515bb3cf8dd972f307cea7cab83f13731d294bc",
            "messageTitle": "Implemented Sort and View functions for ExpenseList.",
            "messageBody": "",
            "insertions": 167,
            "deletions": 3
          }
        ]
      },
      {
        "insertions": 125,
        "deletions": 87,
        "date": "2019-10-10",
        "commitResults": [
          {
            "hash": "87e6c954e50b3e61368acb2530b9be5a759181ed",
            "messageTitle": "Implemented sort and view Command.",
            "messageBody": "",
            "insertions": 125,
            "deletions": 87
          }
        ]
      },
      {
        "insertions": 200,
        "deletions": 117,
        "date": "2019-10-13",
        "commitResults": [
          {
            "hash": "d64f46c353ebdb1170ea4fc32c74b3398b744f1b",
            "messageTitle": "Update ViewScope that can view previous days/weeks... ago",
            "messageBody": "",
            "insertions": 182,
            "deletions": 96
          },
          {
            "hash": "743272ff7cbad32fc0009371d2c96bb97f916344",
            "messageTitle": "Fix some errors after merging master to this branch.",
            "messageBody": "",
            "insertions": 18,
            "deletions": 21
          }
        ]
      },
      {
        "insertions": 106,
        "deletions": 96,
        "date": "2019-10-15",
        "commitResults": [
          {
            "hash": "4cb4e3de1b7413df74bdda9451984a4afdb39132",
            "messageTitle": "Edit structure of sort and view command and fix setTime() in AddExpenseCommand.",
            "messageBody": "",
            "insertions": 106,
            "deletions": 96
          }
        ]
      },
      {
        "insertions": 108,
        "deletions": 6,
        "date": "2019-10-17",
        "commitResults": [
          {
            "hash": "b4be14bc891aa45be121560f6eaa424b4a0d4002",
            "messageTitle": "a start with trending chart.",
            "messageBody": "",
            "insertions": 65,
            "deletions": 0
          },
          {
            "hash": "55f27ea47d541407889805534d04e1cf07a6895a",
            "messageTitle": "several changes",
            "messageBody": "",
            "insertions": 43,
            "deletions": 6
          }
        ]
      },
      {
        "insertions": 1266,
        "deletions": 334,
        "date": "2019-10-20",
        "commitResults": [
          {
            "hash": "61d8fe2666148f5f39e29e2de5c23b0cb29b3e08",
            "messageTitle": "Changed the Overall Architecture and GUI",
            "messageBody": "",
            "insertions": 1252,
            "deletions": 270
          },
          {
            "hash": "bb220c1e47f908e7375ce92d26f5b7035976b216",
            "messageTitle": "Changed of overall architecture and merged some conflicts",
            "messageBody": "",
            "insertions": 12,
            "deletions": 64
          },
          {
            "hash": "637c42d885e18532e8c221bffbc2d220ca6e0b97",
            "messageTitle": "Changed the overall structure.",
            "messageBody": "",
            "insertions": 2,
            "deletions": 0
          }
        ]
      },
      {
        "insertions": 376,
        "deletions": 26,
        "date": "2019-10-23",
        "commitResults": [
          {
            "hash": "903277b6a54019f62ddb6b374c7a3db723efa8e3",
            "messageTitle": "InputHistory",
            "messageBody": "",
            "insertions": 118,
            "deletions": 8
          },
          {
            "hash": "472357575b129bcae9d42347655199ac46351b84",
            "messageTitle": "AutoComplete",
            "messageBody": "",
            "insertions": 258,
            "deletions": 18
          }
        ]
      },
      {
        "insertions": 92,
        "deletions": 196,
        "date": "2019-10-24",
        "commitResults": [
          {
            "hash": "860f3193746160178f28408cdee4fae7c714d260",
            "messageTitle": "fix the bug caused by previous merge.",
            "messageBody": "",
            "insertions": 2,
            "deletions": 17
          },
          {
            "hash": "eb79031dec28229190c8aac88e3e0b8a616dc4d1",
            "messageTitle": "Refactor in MainWindow",
            "messageBody": "",
            "insertions": 90,
            "deletions": 179
          }
        ]
      },
      {
        "insertions": 176,
        "deletions": 28,
        "date": "2019-10-26",
        "commitResults": [
          {
            "hash": "72dfcc7a7ef81f786031fdd4a9190e1b1967bf51",
            "messageTitle": "Updated Javadoc",
            "messageBody": "",
            "insertions": 176,
            "deletions": 28
          }
        ]
      },
      {
        "insertions": 992,
        "deletions": 17,
        "date": "2019-10-27",
        "commitResults": [
          {
            "hash": "fd52e31ccd808d7c93d5d42300e5a93742873ca1",
            "messageTitle": "Model Part of Payments Reminder",
            "messageBody": "",
            "insertions": 440,
            "deletions": 7
          },
          {
            "hash": "66a0d1f6a654d78955f7bb4f97d7c0b12a892ca2",
            "messageTitle": "Implement the storage of Payments Reminder.",
            "messageBody": "",
            "insertions": 552,
            "deletions": 10
          }
        ]
      },
      {
        "insertions": 861,
        "deletions": 80,
        "date": "2019-10-28",
        "commitResults": [
          {
            "hash": "49755c9dc3fcd6cb7b642d51c71d85268be5988e",
            "messageTitle": "Implement Logic part",
            "messageBody": "",
            "insertions": 625,
            "deletions": 52
          },
          {
            "hash": "3a01d604d9e3c8688abfc12cc1dfbc5df45931c7",
            "messageTitle": "Implement the main list of the payments reminder.",
            "messageBody": "",
            "insertions": 236,
            "deletions": 28
          }
        ]
      },
      {
        "insertions": 433,
        "deletions": 115,
        "date": "2019-10-29",
        "commitResults": [
          {
            "hash": "12dbc251d03f3dc028625e2556bb8677e5220787",
            "messageTitle": "temp save",
            "messageBody": "",
            "insertions": 101,
            "deletions": 6
          },
          {
            "hash": "b0ed17d1ea1076f779398bc2e38d7f671a5af0be",
            "messageTitle": "change shadow start point",
            "messageBody": "",
            "insertions": 1,
            "deletions": 1
          },
          {
            "hash": "b797654ff874dfc03c85994aff50b872f6dea514",
            "messageTitle": "Payments Reminder",
            "messageBody": "",
            "insertions": 331,
            "deletions": 108
          }
        ]
      },
      {
        "insertions": 29,
        "deletions": 46,
        "date": "2019-10-31",
        "commitResults": [
          {
            "hash": "52c7d507799cbbba1679bd4bdcef3bff7fa843b9",
            "messageTitle": "Refactor and Bug fix",
            "messageBody": "",
            "insertions": 29,
            "deletions": 46
          }
        ]
      },
      {
        "insertions": 170,
        "deletions": 100,
        "date": "2019-11-06",
        "commitResults": [
          {
            "hash": "06cce7988006db05408081b80c43d1a4ba3a631e",
            "messageTitle": "Revise the code for AutoCompleter.",
            "messageBody": "",
            "insertions": 170,
            "deletions": 100
          }
        ]
      },
      {
        "insertions": 135,
        "deletions": 12,
        "date": "2019-11-08",
        "commitResults": [
          {
            "hash": "4d355f8c6d826532384460c7bc142ba10aa067e5",
            "messageTitle": "Added test code.",
            "messageBody": "",
            "insertions": 135,
            "deletions": 12
          }
        ]
      }
    ],
    "lucasfoo": [
      {
        "insertions": 60,
        "deletions": 26,
        "date": "2019-09-22",
        "commitResults": [
          {
            "hash": "b5e7e9b7a3e56dfb288adab57e029475b84437e4",
            "messageTitle": "Added tentative scheduling features to task",
            "messageBody": "",
            "insertions": 43,
            "deletions": 10
          },
          {
            "hash": "b1bbe8f114d88db1cdfab58be0735818db328371",
            "messageTitle": "Fixed tests that were broken in implementation of recurring tasks",
            "messageBody": "",
            "insertions": 17,
            "deletions": 16
          }
        ]
      },
      {
        "insertions": 6,
        "deletions": 6,
        "date": "2019-10-01",
        "commitResults": [
          {
            "hash": "f0bab86c161588a2ffc38977c2d8e64f9a014897",
            "messageTitle": "Updated Ui mockup image",
            "messageBody": "",
            "insertions": 6,
            "deletions": 6
          }
        ]
      },
      {
        "insertions": 158,
        "deletions": 1182,
        "date": "2019-10-03",
        "commitResults": [
          {
            "hash": "df1f608ddfc8521232f5fcad505b968bab5ab9e1",
            "messageTitle": "Morphed Duke to take in expenses instead of tasks",
            "messageBody": "",
            "insertions": 158,
            "deletions": 1182
          }
        ]
      },
      {
        "insertions": 447,
        "deletions": 419,
        "date": "2019-10-04",
        "commitResults": [
          {
            "hash": "bfb2a4f34004af24b1b4f8657e2d3e85240bd45b",
            "messageTitle": "prevented duke from crashing with invalid commands by throwing exceptions",
            "messageBody": "",
            "insertions": 12,
            "deletions": 3
          },
          {
            "hash": "14944c30dd3e9fd75a793d8d4aba30c18a79e33f",
            "messageTitle": "basic gui with support for user input, adding of expenses and displaying a list of expenses",
            "messageBody": "",
            "insertions": 171,
            "deletions": 4
          },
          {
            "hash": "829fe40aac8eeb1f30e3e60db4c27976566eaab6",
            "messageTitle": "Time time tracking to expenses, minor GUI changes",
            "messageBody": "",
            "insertions": 40,
            "deletions": 16
          },
          {
            "hash": "194092996180fcebeaf025168a96ff1d4339bb30",
            "messageTitle": "Code cleanup",
            "messageBody": "",
            "insertions": 8,
            "deletions": 135
          },
          {
            "hash": "f58066e481480aac30e9fa893b4d880d255c7343",
            "messageTitle": "Improved clarity for code, added Javadocs, ListView now shows index",
            "messageBody": "",
            "insertions": 3,
            "deletions": 6
          },
          {
            "hash": "d99103290dd2d2acbd97e9493f8d11b9e4f25596",
            "messageTitle": "Fixed checkkstyles",
            "messageBody": "",
            "insertions": 114,
            "deletions": 251
          },
          {
            "hash": "707e1efc456daa45b5e0ab96c4d3c42df961dbaa",
            "messageTitle": "Added test for expenses",
            "messageBody": "",
            "insertions": 22,
            "deletions": 0
          },
          {
            "hash": "2eb035489da0af87cbbef4d6aa73657bca6f70aa",
            "messageTitle": "Added test for ExpenseList",
            "messageBody": "",
            "insertions": 26,
            "deletions": 0
          },
          {
            "hash": "1aa248363f6bf093cdafde268ca69fa34e4e8f31",
            "messageTitle": "Added support for tracking total amount",
            "messageBody": "",
            "insertions": 51,
            "deletions": 4
          }
        ]
      },
      {
        "insertions": 348,
        "deletions": 91,
        "date": "2019-10-11",
        "commitResults": [
          {
            "hash": "560a400ab08390785ab9fc81f66c9ac02741aaea",
            "messageTitle": "Add support for monthly budget",
            "messageBody": "",
            "insertions": 348,
            "deletions": 91
          }
        ]
      },
      {
        "insertions": 87,
        "deletions": 31,
        "date": "2019-10-13",
        "commitResults": [
          {
            "hash": "15e39fb9d184e44e4d9668a6eed9f75233219c5d",
            "messageTitle": "Changed List to a tableView in Gui",
            "messageBody": "",
            "insertions": 72,
            "deletions": 21
          },
          {
            "hash": "79d0f2d93ea0c84f766f76ae1faad57761f4931c",
            "messageTitle": "Changed List to a tableView in Gui",
            "messageBody": "",
            "insertions": 15,
            "deletions": 10
          }
        ]
      },
      {
        "insertions": 97,
        "deletions": 44,
        "date": "2019-10-14",
        "commitResults": [
          {
            "hash": "87ad078ea50ffce350f2ed49e38e6643a08d4e12",
            "messageTitle": "Changed time in tableView to a formatted string of the time instead of passing LocalDateTime object directly",
            "messageBody": "",
            "insertions": 10,
            "deletions": 1
          },
          {
            "hash": "1c387ee90466c42b5a69188765b3fcdbfa0a8b62",
            "messageTitle": "Fixed checkstyles",
            "messageBody": "",
            "insertions": 28,
            "deletions": 34
          },
          {
            "hash": "88b246aec99eed2730cc1550c63cf884c4aa1ece",
            "messageTitle": "Budget for each category",
            "messageBody": "",
            "insertions": 59,
            "deletions": 9
          }
        ]
      },
      {
        "insertions": 2,
        "deletions": 1,
        "date": "2019-10-16",
        "commitResults": [
          {
            "hash": "96a246d35429268775edd761601e46c2c168a2f2",
            "messageTitle": "fixed dropped semicolon",
            "messageBody": "",
            "insertions": 2,
            "deletions": 1
          }
        ]
      },
      {
        "insertions": 98,
        "deletions": 50,
        "date": "2019-10-19",
        "commitResults": [
          {
            "hash": "faafdcff4801028303e88976393ad13730f3aa2b",
            "messageTitle": "GUI improvements Functionality for tentative expenses , /tentative to mark an expense as tentative, will show as blue on the expense list in the GUI instead of black, will not be added to total",
            "messageBody": "",
            "insertions": 73,
            "deletions": 18
          },
          {
            "hash": "5964c222d99760b026d34149808e442899406370",
            "messageTitle": "Checkstyle fixes",
            "messageBody": "",
            "insertions": 15,
            "deletions": 28
          },
          {
            "hash": "eb5ac2bc72236f67ffa1f6859c18459529161321",
            "messageTitle": "Ui fixes",
            "messageBody": "",
            "insertions": 10,
            "deletions": 4
          }
        ]
      },
      {
        "insertions": 194,
        "deletions": 21,
        "date": "2019-10-20",
        "commitResults": [
          {
            "hash": "d2050d66d75db45f74f8fb408325dcf08edd13a8",
            "messageTitle": "Fixed tags to not append the string \"Tags:\"",
            "messageBody": "",
            "insertions": 1,
            "deletions": 1
          },
          {
            "hash": "19cac8b28d5eceedd79f9639d207cb725e6a7440",
            "messageTitle": "Functionality to confirm tentative tasks",
            "messageBody": "",
            "insertions": 65,
            "deletions": 1
          },
          {
            "hash": "c97eadf21abc0368d142f47dfc8f600603854760",
            "messageTitle": "checkstyle fixes",
            "messageBody": "",
            "insertions": 1,
            "deletions": 1
          },
          {
            "hash": "97e716f67fc254f6f826588acfdf509985ed1968",
            "messageTitle": "Minor Gui improvements",
            "messageBody": "",
            "insertions": 7,
            "deletions": 3
          },
          {
            "hash": "73f21757806e6b4dfaf3a861365f328690074de6",
            "messageTitle": "GUI functionality for changing view scopes",
            "messageBody": "",
            "insertions": 107,
            "deletions": 12
          },
          {
            "hash": "8762cdd993ad31d75f3363b00a2cc741d92e924b",
            "messageTitle": "Some checkstyle fixes",
            "messageBody": "",
            "insertions": 13,
            "deletions": 3
          }
        ]
      },
      {
        "insertions": 153,
        "deletions": 33,
        "date": "2019-10-21",
        "commitResults": [
          {
            "hash": "7332c3888a2ad3246dc9b13d2dc44f062f6c4934",
            "messageTitle": "added back some regressions from last PR",
            "messageBody": "",
            "insertions": 151,
            "deletions": 32
          },
          {
            "hash": "c89c672872cbb44a17105232881280771790e4b6",
            "messageTitle": "Fix GUI bug of not updating",
            "messageBody": "",
            "insertions": 1,
            "deletions": 0
          },
          {
            "hash": "9fb2ced9f1096b2724a825cf255027a07f781039",
            "messageTitle": "Fix GUI bug of not updating",
            "messageBody": "",
            "insertions": 1,
            "deletions": 1
          }
        ]
      },
      {
        "insertions": 320,
        "deletions": 81,
        "date": "2019-10-22",
        "commitResults": [
          {
            "hash": "e3671be2e4ae1302385ebb0cd1757b94aa974219",
            "messageTitle": "Basic Implementation of plan - chatbot that does panning for the user: currently echoes the user",
            "messageBody": "",
            "insertions": 320,
            "deletions": 81
          }
        ]
      },
      {
        "insertions": 799,
        "deletions": 314,
        "date": "2019-10-23",
        "commitResults": [
          {
            "hash": "4382785488e93ec9cbe11b0504e05f24acbe008e",
            "messageTitle": "Basic prototype of plan with end to end implementation, asks a single question and saves attribute to list",
            "messageBody": "",
            "insertions": 234,
            "deletions": 11
          },
          {
            "hash": "388c4874640ea718500895a528669103cdd294d6",
            "messageTitle": "Base functionality of Plan",
            "messageBody": "",
            "insertions": 176,
            "deletions": 80
          },
          {
            "hash": "998ea3fe9aa5c22817bec29efb07724f4440217a",
            "messageTitle": "Checkstyle fixes",
            "messageBody": "",
            "insertions": 37,
            "deletions": 41
          },
          {
            "hash": "441608d261881ae9b250ec54bb10431f7e75065c",
            "messageTitle": "Fixed regressions",
            "messageBody": "",
            "insertions": 4,
            "deletions": 55
          },
          {
            "hash": "4f6777e2fc37a3cc1e4996da7890a19c62635002",
            "messageTitle": "Make recommendations based on user Attributes in PlanBot",
            "messageBody": "",
            "insertions": 181,
            "deletions": 47
          },
          {
            "hash": "f6e4400023ea089dbb93f64e1b0886c4c9da12c4",
            "messageTitle": "Lots of Checkstyle fixes",
            "messageBody": "",
            "insertions": 167,
            "deletions": 80
          }
        ]
      },
      {
        "insertions": 637,
        "deletions": 373,
        "date": "2019-10-25",
        "commitResults": [
          {
            "hash": "18e1c5cd894852f8f57314fc9f7f0b6be1f1ddf7",
            "messageTitle": "Added questions and recommendation for food budget in PlanBot",
            "messageBody": "",
            "insertions": 115,
            "deletions": 70
          },
          {
            "hash": "4b30b13421718d0a8625673fafb0ed9d5405c8c7",
            "messageTitle": "Added test for PlanQuestions",
            "messageBody": "",
            "insertions": 80,
            "deletions": 47
          },
          {
            "hash": "ed74ecb6359854c37551826239d6ab0a4f197f2f",
            "messageTitle": "Fixed bugs introduced by last PR",
            "messageBody": "",
            "insertions": 3,
            "deletions": 9
          },
          {
            "hash": "e7ad4d740c804f3d194d30ff83b2ddd4b0a97567",
            "messageTitle": "GUI fixes and improvements",
            "messageBody": "",
            "insertions": 12,
            "deletions": 11
          },
          {
            "hash": "575608317ae2c58e77fb1947a092f380572db0e1",
            "messageTitle": "More GUI improvements",
            "messageBody": "",
            "insertions": 92,
            "deletions": 57
          },
          {
            "hash": "b7d9482884e4d9135fcbf939defa0854c95abe28",
            "messageTitle": "More GUI improvements",
            "messageBody": "",
            "insertions": 4,
            "deletions": 0
          },
          {
            "hash": "3675273838bc84103213d307d83d60b8d4cf957f",
            "messageTitle": "Fixed previous regressions of budget feature due to teammate\u0027s commit",
            "messageBody": "",
            "insertions": 331,
            "deletions": 179
          }
        ]
      },
      {
        "insertions": 741,
        "deletions": 512,
        "date": "2019-10-27",
        "commitResults": [
          {
            "hash": "4a487c88929b0e767eda39773b9363b6686fd653",
            "messageTitle": "More questions and categories for planbot",
            "messageBody": "",
            "insertions": 154,
            "deletions": 101
          },
          {
            "hash": "ea73dff74ccd97dc7fa99ab74b9f32b1fd97f45b",
            "messageTitle": "Export for PlanBot",
            "messageBody": "",
            "insertions": 122,
            "deletions": 46
          },
          {
            "hash": "05c8e86ff0b5772478a1cc460479b0544f774226",
            "messageTitle": "added supoort for budget with multiple words",
            "messageBody": "",
            "insertions": 4,
            "deletions": 4
          },
          {
            "hash": "c91f766bd2ff1ad317d3c45fa29398bb59716bc6",
            "messageTitle": "export of recommendations, recurring expenses",
            "messageBody": "",
            "insertions": 95,
            "deletions": 16
          },
          {
            "hash": "05e5b1b9fb7ea46e2e66ec1f724b819533c79f3e",
            "messageTitle": "style fixes",
            "messageBody": "",
            "insertions": 117,
            "deletions": 115
          },
          {
            "hash": "66197efe93cef35ede25f22d2b6edefa31d50f46",
            "messageTitle": "Checkstyle fixes",
            "messageBody": "",
            "insertions": 132,
            "deletions": 76
          },
          {
            "hash": "088614a04565f7942e6b8db08fa2c62786dc0ce3",
            "messageTitle": "fixed bug in tagging",
            "messageBody": "",
            "insertions": 7,
            "deletions": 10
          },
          {
            "hash": "888527f963392d8379ddd113264ebd856f25bc45",
            "messageTitle": "Go to PlanPane for first time users",
            "messageBody": "",
            "insertions": 12,
            "deletions": 1
          },
          {
            "hash": "23be6ce001f2af1d53a5acfc4bd88f56dc1f9b1f",
            "messageTitle": "fix for missing question",
            "messageBody": "",
            "insertions": 11,
            "deletions": 6
          },
          {
            "hash": "838cc05a2c2081f2551b9ffad390e2ac32919a0e",
            "messageTitle": "fix for saving of recurring tasks",
            "messageBody": "",
            "insertions": 4,
            "deletions": 21
          },
          {
            "hash": "b176c68f4e13a1380bc8bbceeb6bb006193d571f",
            "messageTitle": "Refactor some code in planbot",
            "messageBody": "",
            "insertions": 27,
            "deletions": 41
          },
          {
            "hash": "9855867af2569afca3f078b7d34bceb7b8e4f658",
            "messageTitle": "tags to support only a single tag instead of multiple for simplicity",
            "messageBody": "",
            "insertions": 56,
            "deletions": 75
          }
        ]
      },
      {
        "insertions": 525,
        "deletions": 278,
        "date": "2019-10-28",
        "commitResults": [
          {
            "hash": "1eed0da1e35f10a3c3f30ca1aa004feacacfdc01",
            "messageTitle": "Tests for PlanQuestion",
            "messageBody": "",
            "insertions": 106,
            "deletions": 46
          },
          {
            "hash": "98b8e5833b03d9eff1db1e2525b9c42401c92b88",
            "messageTitle": "Tests for PlanQuestionBank",
            "messageBody": "",
            "insertions": 91,
            "deletions": 47
          },
          {
            "hash": "d7d678e5dc6f7756f168082be52c97de70794078",
            "messageTitle": "Tests for PlanQuestionBank",
            "messageBody": "",
            "insertions": 13,
            "deletions": 8
          },
          {
            "hash": "730322ebcb8c11c383ee3da7ef8c0d26624e3e28",
            "messageTitle": "Tests for PlanBot",
            "messageBody": "",
            "insertions": 54,
            "deletions": 3
          },
          {
            "hash": "13e8e62537c8c61fc9c577b9de1107c9cd688187",
            "messageTitle": "GUI additions",
            "messageBody": "",
            "insertions": 49,
            "deletions": 26
          },
          {
            "hash": "acf0af5418eb335e8d5f50679dcb3a8d26b23f91",
            "messageTitle": "Minor code cleanup",
            "messageBody": "",
            "insertions": 33,
            "deletions": 33
          },
          {
            "hash": "2b11deab3b709e1c9e2e3a5285ace1f57de61702",
            "messageTitle": "Checkstyle fixes",
            "messageBody": "",
            "insertions": 122,
            "deletions": 76
          },
          {
            "hash": "fa5ab86df0916fd4b6377abb80987b94fcedc6a5",
            "messageTitle": "Added recommendation for online shopping",
            "messageBody": "",
            "insertions": 13,
            "deletions": 5
          },
          {
            "hash": "1b0b63454b2c3ec3e1be8bba98b339bd7aeb721e",
            "messageTitle": "Added recommendation for online shopping",
            "messageBody": "",
            "insertions": 3,
            "deletions": 3
          },
          {
            "hash": "755c6ee0b8989458bc95b199447f05320b22b311",
            "messageTitle": "bugfix for last commit",
            "messageBody": "",
            "insertions": 10,
            "deletions": 5
          },
          {
            "hash": "31964fff1cd01bd0787936a7fab239fd47e42f8a",
            "messageTitle": "bugfix for last commit",
            "messageBody": "",
            "insertions": 3,
            "deletions": 3
          },
          {
            "hash": "f0dd05ecdd298c557d97cc5c7d6db5550e8d0e2f",
            "messageTitle": "bugfix for last commit",
            "messageBody": "",
            "insertions": 28,
            "deletions": 23
          }
        ]
      },
      {
        "insertions": 354,
        "deletions": 140,
        "date": "2019-10-29",
        "commitResults": [
          {
            "hash": "8ad7fd304e116626fb6cae887b7a33b5dd9cae1c",
            "messageTitle": "Improved code readablility",
            "messageBody": "",
            "insertions": 34,
            "deletions": 15
          },
          {
            "hash": "13bab64f47007bec5f18b56b3bd345a3ac38c9fe",
            "messageTitle": "Changed expenses to a listview",
            "messageBody": "",
            "insertions": 103,
            "deletions": 71
          },
          {
            "hash": "de2ae8729686baed7f0ba74ff56b0483dd0617c5",
            "messageTitle": "Changed expenses to a listview",
            "messageBody": "",
            "insertions": 1,
            "deletions": 1
          },
          {
            "hash": "0391b01760723e8e31d7dbea3587e7febc488428",
            "messageTitle": "added index to ListView",
            "messageBody": "",
            "insertions": 23,
            "deletions": 8
          },
          {
            "hash": "531c123c4a42763b28cefb2873601d42b8bc4a7d",
            "messageTitle": "GUI features for total, sort, viewscope and filter",
            "messageBody": "",
            "insertions": 145,
            "deletions": 12
          },
          {
            "hash": "c435174775230725b6ab7f34b7e1ce59118b419e",
            "messageTitle": "larger font size for planbot",
            "messageBody": "",
            "insertions": 14,
            "deletions": 6
          },
          {
            "hash": "f2486513387d5b0e2c8e4ae09d7a0c178086069e",
            "messageTitle": "COLORS!",
            "messageBody": "",
            "insertions": 20,
            "deletions": 18
          },
          {
            "hash": "f875fd996e9746204244bd96dac022759fd162a8",
            "messageTitle": "Bugfix for sort GUI",
            "messageBody": "",
            "insertions": 6,
            "deletions": 5
          },
          {
            "hash": "026bb3bf9eee4c2661c2cd95c5628fdf636988a6",
            "messageTitle": "Functionality of recurring expense, appear in other mon ths, but not day",
            "messageBody": "",
            "insertions": 8,
            "deletions": 4
          }
        ]
      },
      {
        "insertions": 3,
        "deletions": 1,
        "date": "2019-10-30",
        "commitResults": [
          {
            "hash": "1025fde50442077d2901957d62b30163ec1658cb",
            "messageTitle": "add more test, reverse sort by amount",
            "messageBody": "",
            "insertions": 3,
            "deletions": 1
          }
        ]
      }
    ]
  },
  "authorFinalContributionMap": {
    "termehlee": 1830,
    "otonashixav": 1395,
    "ChaojieLiu666": 3912,
    "lucasfoo": 2768
  },
  "authorFileTypeContributionMap": {
    "termehlee": {
      "tests": 5,
      "functional": 1825
    },
    "otonashixav": {
      "tests": 246,
      "functional": 1149
    },
    "ChaojieLiu666": {
      "tests": 138,
      "functional": 3768,
      "other": 6
    },
    "lucasfoo": {
      "tests": 244,
      "functional": 2514,
      "other": 10
    }
  },
  "authorContributionVariance": {
    "termehlee": 101225.52,
    "otonashixav": 51165.047,
    "ChaojieLiu666": 92158.945,
    "lucasfoo": 127352.125
  },
  "authorDisplayNameMap": {
    "termehlee": "CS2113T-T12-2 LIM  . . LLY",
    "otonashixav": "CS2113T-T12-2 LOH  . . ZEE",
    "ChaojieLiu666": "CS2113T-T12-2 LIU  . . JIE",
    "lucasfoo": "CS2113T-T12-2 LUC  . . UAN"
  }
}
