{
  "authorDailyContributionsMap": {
    "termehlee": [
      {
        "insertions": 32,
        "deletions": 6,
        "date": "2019-10-09",
        "commitResults": [
          {
            "hash": "66960d5fca607af028130588c5b62d9102a47da4",
            "messageTitle": "Changes to toString when amount is negative",
            "messageBody": "",
            "insertions": 1,
            "deletions": 1
          },
          {
            "hash": "082f19a890a7144e6bfbe2f3bd5d81d1cb8fbdae",
            "messageTitle": "Update updateTotalSpentLabel for negative total",
            "messageBody": "",
            "insertions": 3,
            "deletions": 1
          },
          {
            "hash": "d8402d649fd992755fa45bdaa1cf516976227c8f",
            "messageTitle": "DeleteCommand for internalList only for now",
            "messageBody": "",
            "insertions": 5,
            "deletions": 0
          },
          {
            "hash": "96295e494f6fb338ee7acdb8176ad31d425ef79a",
            "messageTitle": "DeleteCommand with new additions for input",
            "messageBody": "",
            "insertions": 23,
            "deletions": 4
          }
        ]
      },
      {
        "insertions": 29,
        "deletions": 24,
        "date": "2019-10-14",
        "commitResults": [
          {
            "hash": "1539aa0823725764c8d676689980b5f68da7af9d",
            "messageTitle": "Minor change to fix bug where GUI does not update",
            "messageBody": "",
            "insertions": 1,
            "deletions": 0
          },
          {
            "hash": "818568d44861a9239624731cf39b14453f986afe",
            "messageTitle": "Edits in checkstyle based on Travis build #13",
            "messageBody": "",
            "insertions": 11,
            "deletions": 9
          },
          {
            "hash": "816ee5f7cde940d0af3120bd16e0d92128693dde",
            "messageTitle": "Edit #2 for Travis CI",
            "messageBody": "",
            "insertions": 2,
            "deletions": 2
          },
          {
            "hash": "68d56330d89814a480ed7ce87ed6e70b3edd0b1f",
            "messageTitle": "Edits for checkstyle done",
            "messageBody": "",
            "insertions": 15,
            "deletions": 13
          }
        ]
      },
      {
        "insertions": 2,
        "deletions": 2,
        "date": "2019-10-16",
        "commitResults": [
          {
            "hash": "7a090b29dba3af707bc0549b8f23ac989283a8aa",
            "messageTitle": "Edits to ExpenseTest",
            "messageBody": "",
            "insertions": 2,
            "deletions": 2
          }
        ]
      }
    ],
    "otonashixav": [
      {
        "insertions": 198,
        "deletions": 117,
        "date": "2019-09-22",
        "commitResults": [
          {
            "hash": "4a4b6bddca6afd7c56837b75c24106c16878dfb4",
            "messageTitle": "slightly refactored command params and fixed checkStyle errors; test errors remain",
            "messageBody": "",
            "insertions": 198,
            "deletions": 117
          }
        ]
      },
      {
        "insertions": 159,
        "deletions": 151,
        "date": "2019-09-24",
        "commitResults": [
          {
            "hash": "d850d2008e513df81ded34fbee3ac472e3a828df",
            "messageTitle": "redid command structure, AddCommand as example",
            "messageBody": "",
            "insertions": 158,
            "deletions": 150
          },
          {
            "hash": "f528349a6df6f14d5645417ba771efcaacf90bdc",
            "messageTitle": "changed Command constructor from public to protected",
            "messageBody": "",
            "insertions": 1,
            "deletions": 1
          }
        ]
      },
      {
        "insertions": 0,
        "deletions": 2,
        "date": "2019-10-02",
        "commitResults": [
          {
            "hash": "f87a681c22bf0c80acd1b6eea8146d8106340cc0",
            "messageTitle": "removed extra imports in Duke and CommandParamsTest",
            "messageBody": "",
            "insertions": 0,
            "deletions": 2
          }
        ]
      },
      {
        "insertions": 635,
        "deletions": 402,
        "date": "2019-10-04",
        "commitResults": [
          {
            "hash": "c41339806d6fce64147629dbfb25fb501e0a635b",
            "messageTitle": "renamed package DukeObjects to list (see package naming standards)",
            "messageBody": "",
            "insertions": 12,
            "deletions": 16
          },
          {
            "hash": "f77868a1bb42f9f17d6a1b7349e3c990631d463a",
            "messageTitle": "put everything into a package duke to comply to coding standards (see https://nuscs2113-ay1920s1.github.io/website/coding-standards/java/intermediate.html#naming)",
            "messageBody": "",
            "insertions": 143,
            "deletions": 147
          },
          {
            "hash": "75c6f98a3b65adf0dd8d2fb44f401948c67095a6",
            "messageTitle": "added some code to DukeList",
            "messageBody": "",
            "insertions": 89,
            "deletions": 0
          },
          {
            "hash": "d4eaeb00e3e56dded02c63a9c3b225b7efdb0064",
            "messageTitle": "finished some parts of the undo/redo functions",
            "messageBody": "",
            "insertions": 329,
            "deletions": 224
          },
          {
            "hash": "ea55c86e11689ea8d096d95e2bc492bddbccb595",
            "messageTitle": "largely finished DukeList",
            "messageBody": "",
            "insertions": 62,
            "deletions": 15
          }
        ]
      },
      {
        "insertions": 360,
        "deletions": 232,
        "date": "2019-10-05",
        "commitResults": [
          {
            "hash": "c1cf567bb11d25f692d524426d81656d6c4d7468",
            "messageTitle": "fixed up the rest of DukeItem and DukeList",
            "messageBody": "",
            "insertions": 343,
            "deletions": 61
          },
          {
            "hash": "1bd3c323af79426ffdd73e795312bc42090dd19a",
            "messageTitle": "renamed list to dukeobjects temporarily",
            "messageBody": "",
            "insertions": 17,
            "deletions": 171
          }
        ]
      },
      {
        "insertions": 374,
        "deletions": 101,
        "date": "2019-10-06",
        "commitResults": [
          {
            "hash": "6b44cb20c6880d992c643804ea11b5401de3e96a",
            "messageTitle": "wrote tests for dukeobjects",
            "messageBody": "",
            "insertions": 294,
            "deletions": 23
          },
          {
            "hash": "f8e0d76a2ae390bdd2f53747137d4a00018189f6",
            "messageTitle": "moved all packages into a package duke to fulfill coding standard requirements",
            "messageBody": "",
            "insertions": 80,
            "deletions": 78
          }
        ]
      },
      {
        "insertions": 378,
        "deletions": 414,
        "date": "2019-10-09",
        "commitResults": [
          {
            "hash": "890f861aba2213794f724cff1eb99a7f4b821064",
            "messageTitle": "reverted an earlier revert",
            "messageBody": "",
            "insertions": 164,
            "deletions": 140
          },
          {
            "hash": "edf52282be28d0f2ed6a1a260a17304e26b3146e",
            "messageTitle": "done refactoring",
            "messageBody": "",
            "insertions": 207,
            "deletions": 272
          },
          {
            "hash": "1c2ebcae821f66fd65b9423f8ce152fdba16258e",
            "messageTitle": "minor change to exception thrown by parser",
            "messageBody": "",
            "insertions": 7,
            "deletions": 2
          }
        ]
      },
      {
        "insertions": 357,
        "deletions": 262,
        "date": "2019-10-17",
        "commitResults": [
          {
            "hash": "f0ab04ce785fc54aeb74c6f2b2a7c89290dc954d",
            "messageTitle": "allowed abbreviations for command input; fixed build",
            "messageBody": "",
            "insertions": 189,
            "deletions": 170
          },
          {
            "hash": "780d21403b29c91a22eda367ea99bf618df0b7dc",
            "messageTitle": "fixed remaining errors",
            "messageBody": "",
            "insertions": 168,
            "deletions": 92
          }
        ]
      }
    ],
    "ChaojieLiu666": [
      {
        "insertions": 2,
        "deletions": 0,
        "date": "2019-10-03",
        "commitResults": [
          {
            "hash": "debfc84ae0be1fd68449748d11c67ed239e93db7",
            "messageTitle": "Some change on Javadoc.",
            "messageBody": "",
            "insertions": 2,
            "deletions": 0
          }
        ]
      },
      {
        "insertions": 167,
        "deletions": 3,
        "date": "2019-10-09",
        "commitResults": [
          {
            "hash": "8515bb3cf8dd972f307cea7cab83f13731d294bc",
            "messageTitle": "Implemented Sort and View functions for ExpenseList.",
            "messageBody": "",
            "insertions": 167,
            "deletions": 3
          }
        ]
      },
      {
        "insertions": 125,
        "deletions": 87,
        "date": "2019-10-10",
        "commitResults": [
          {
            "hash": "87e6c954e50b3e61368acb2530b9be5a759181ed",
            "messageTitle": "Implemented sort and view Command.",
            "messageBody": "",
            "insertions": 125,
            "deletions": 87
          }
        ]
      },
      {
        "insertions": 200,
        "deletions": 117,
        "date": "2019-10-13",
        "commitResults": [
          {
            "hash": "d64f46c353ebdb1170ea4fc32c74b3398b744f1b",
            "messageTitle": "Update ViewScope that can view previous days/weeks... ago",
            "messageBody": "",
            "insertions": 182,
            "deletions": 96
          },
          {
            "hash": "743272ff7cbad32fc0009371d2c96bb97f916344",
            "messageTitle": "Fix some errors after merging master to this branch.",
            "messageBody": "",
            "insertions": 18,
            "deletions": 21
          }
        ]
      },
      {
        "insertions": 106,
        "deletions": 96,
        "date": "2019-10-15",
        "commitResults": [
          {
            "hash": "4cb4e3de1b7413df74bdda9451984a4afdb39132",
            "messageTitle": "Edit structure of sort and view command and fix setTime() in AddExpenseCommand.",
            "messageBody": "",
            "insertions": 106,
            "deletions": 96
          }
        ]
      }
    ],
    "lucasfoo": [
      {
        "insertions": 60,
        "deletions": 26,
        "date": "2019-09-22",
        "commitResults": [
          {
            "hash": "b5e7e9b7a3e56dfb288adab57e029475b84437e4",
            "messageTitle": "Added tentative scheduling features to task",
            "messageBody": "",
            "insertions": 43,
            "deletions": 10
          },
          {
            "hash": "b1bbe8f114d88db1cdfab58be0735818db328371",
            "messageTitle": "Fixed tests that were broken in implementation of recurring tasks",
            "messageBody": "",
            "insertions": 17,
            "deletions": 16
          }
        ]
      },
      {
        "insertions": 6,
        "deletions": 6,
        "date": "2019-10-01",
        "commitResults": [
          {
            "hash": "f0bab86c161588a2ffc38977c2d8e64f9a014897",
            "messageTitle": "Updated Ui mockup image",
            "messageBody": "",
            "insertions": 6,
            "deletions": 6
          }
        ]
      },
      {
        "insertions": 158,
        "deletions": 1182,
        "date": "2019-10-03",
        "commitResults": [
          {
            "hash": "df1f608ddfc8521232f5fcad505b968bab5ab9e1",
            "messageTitle": "Morphed Duke to take in expenses instead of tasks",
            "messageBody": "",
            "insertions": 158,
            "deletions": 1182
          }
        ]
      },
      {
        "insertions": 447,
        "deletions": 419,
        "date": "2019-10-04",
        "commitResults": [
          {
            "hash": "bfb2a4f34004af24b1b4f8657e2d3e85240bd45b",
            "messageTitle": "prevented duke from crashing with invalid commands by throwing exceptions",
            "messageBody": "",
            "insertions": 12,
            "deletions": 3
          },
          {
            "hash": "14944c30dd3e9fd75a793d8d4aba30c18a79e33f",
            "messageTitle": "basic gui with support for user input, adding of expenses and displaying a list of expenses",
            "messageBody": "",
            "insertions": 171,
            "deletions": 4
          },
          {
            "hash": "829fe40aac8eeb1f30e3e60db4c27976566eaab6",
            "messageTitle": "Time time tracking to expenses, minor GUI changes",
            "messageBody": "",
            "insertions": 40,
            "deletions": 16
          },
          {
            "hash": "194092996180fcebeaf025168a96ff1d4339bb30",
            "messageTitle": "Code cleanup",
            "messageBody": "",
            "insertions": 8,
            "deletions": 135
          },
          {
            "hash": "f58066e481480aac30e9fa893b4d880d255c7343",
            "messageTitle": "Improved clarity for code, added Javadocs, ListView now shows index",
            "messageBody": "",
            "insertions": 3,
            "deletions": 6
          },
          {
            "hash": "d99103290dd2d2acbd97e9493f8d11b9e4f25596",
            "messageTitle": "Fixed checkkstyles",
            "messageBody": "",
            "insertions": 114,
            "deletions": 251
          },
          {
            "hash": "707e1efc456daa45b5e0ab96c4d3c42df961dbaa",
            "messageTitle": "Added test for expenses",
            "messageBody": "",
            "insertions": 22,
            "deletions": 0
          },
          {
            "hash": "2eb035489da0af87cbbef4d6aa73657bca6f70aa",
            "messageTitle": "Added test for ExpenseList",
            "messageBody": "",
            "insertions": 26,
            "deletions": 0
          },
          {
            "hash": "1aa248363f6bf093cdafde268ca69fa34e4e8f31",
            "messageTitle": "Added support for tracking total amount",
            "messageBody": "",
            "insertions": 51,
            "deletions": 4
          }
        ]
      },
      {
        "insertions": 348,
        "deletions": 91,
        "date": "2019-10-11",
        "commitResults": [
          {
            "hash": "560a400ab08390785ab9fc81f66c9ac02741aaea",
            "messageTitle": "Add support for monthly budget",
            "messageBody": "",
            "insertions": 348,
            "deletions": 91
          }
        ]
      },
      {
        "insertions": 87,
        "deletions": 31,
        "date": "2019-10-13",
        "commitResults": [
          {
            "hash": "15e39fb9d184e44e4d9668a6eed9f75233219c5d",
            "messageTitle": "Changed List to a tableView in Gui",
            "messageBody": "",
            "insertions": 72,
            "deletions": 21
          },
          {
            "hash": "79d0f2d93ea0c84f766f76ae1faad57761f4931c",
            "messageTitle": "Changed List to a tableView in Gui",
            "messageBody": "",
            "insertions": 15,
            "deletions": 10
          }
        ]
      },
      {
        "insertions": 97,
        "deletions": 44,
        "date": "2019-10-14",
        "commitResults": [
          {
            "hash": "87ad078ea50ffce350f2ed49e38e6643a08d4e12",
            "messageTitle": "Changed time in tableView to a formatted string of the time instead of passing LocalDateTime object directly",
            "messageBody": "",
            "insertions": 10,
            "deletions": 1
          },
          {
            "hash": "1c387ee90466c42b5a69188765b3fcdbfa0a8b62",
            "messageTitle": "Fixed checkstyles",
            "messageBody": "",
            "insertions": 28,
            "deletions": 34
          },
          {
            "hash": "88b246aec99eed2730cc1550c63cf884c4aa1ece",
            "messageTitle": "Budget for each category",
            "messageBody": "",
            "insertions": 59,
            "deletions": 9
          }
        ]
      },
      {
        "insertions": 2,
        "deletions": 1,
        "date": "2019-10-16",
        "commitResults": [
          {
            "hash": "96a246d35429268775edd761601e46c2c168a2f2",
            "messageTitle": "fixed dropped semicolon",
            "messageBody": "",
            "insertions": 2,
            "deletions": 1
          }
        ]
      },
      {
        "insertions": 98,
        "deletions": 50,
        "date": "2019-10-19",
        "commitResults": [
          {
            "hash": "faafdcff4801028303e88976393ad13730f3aa2b",
            "messageTitle": "GUI improvements Functionality for tentative expenses , /tentative to mark an expense as tentative, will show as blue on the expense list in the GUI instead of black, will not be added to total",
            "messageBody": "",
            "insertions": 73,
            "deletions": 18
          },
          {
            "hash": "5964c222d99760b026d34149808e442899406370",
            "messageTitle": "Checkstyle fixes",
            "messageBody": "",
            "insertions": 15,
            "deletions": 28
          },
          {
            "hash": "eb5ac2bc72236f67ffa1f6859c18459529161321",
            "messageTitle": "Ui fixes",
            "messageBody": "",
            "insertions": 10,
            "deletions": 4
          }
        ]
      },
      {
        "insertions": 67,
        "deletions": 3,
        "date": "2019-10-20",
        "commitResults": [
          {
            "hash": "d2050d66d75db45f74f8fb408325dcf08edd13a8",
            "messageTitle": "Fixed tags to not append the string \"Tags:\"",
            "messageBody": "",
            "insertions": 1,
            "deletions": 1
          },
          {
            "hash": "19cac8b28d5eceedd79f9639d207cb725e6a7440",
            "messageTitle": "Functionality to confirm tentative tasks",
            "messageBody": "",
            "insertions": 65,
            "deletions": 1
          },
          {
            "hash": "c97eadf21abc0368d142f47dfc8f600603854760",
            "messageTitle": "checkstyle fixes",
            "messageBody": "",
            "insertions": 1,
            "deletions": 1
          }
        ]
      }
    ]
  },
  "authorFinalContributionMap": {
    "termehlee": 32,
    "otonashixav": 1574,
    "ChaojieLiu666": 276,
    "lucasfoo": 792
  },
  "authorFileTypeContributionMap": {
    "termehlee": {
      "tests": 5,
      "functional": 27
    },
    "otonashixav": {
      "tests": 300,
      "functional": 1273,
      "other": 1
    },
    "ChaojieLiu666": {
      "tests": 0,
      "functional": 275,
      "other": 1
    },
    "lucasfoo": {
      "tests": 34,
      "functional": 751,
      "other": 7
    }
  },
  "authorContributionVariance": {
    "termehlee": 132.27223,
    "otonashixav": 76178.01,
    "ChaojieLiu666": 6265.3574,
    "lucasfoo": 82005.945
  },
  "authorDisplayNameMap": {
    "termehlee": "CS2113T-T12-2 LIM  . . LLY",
    "otonashixav": "CS2113T-T12-2 LOH  . . ZEE",
    "ChaojieLiu666": "CS2113T-T12-2 LIU  . . JIE",
    "lucasfoo": "CS2113T-T12-2 LUC  . . UAN"
  }
}
