{
  "authorDailyContributionsMap": {
    "Kenlhc": [
      {
        "insertions": 267,
        "deletions": 60,
        "date": "2019-10-08",
        "commitResults": [
          {
            "hash": "57cbde83043ce3d162c8f59804be43e6839d9cb3",
            "messageTitle": "Implement find free time slots command",
            "messageBody": "",
            "insertions": 199,
            "deletions": 3
          },
          {
            "hash": "373a42bd5d1ffb3ad454cc1fd3294390f05b264d",
            "messageTitle": "Replaced magic numbers with constants.",
            "messageBody": "",
            "insertions": 7,
            "deletions": 6
          },
          {
            "hash": "85affce80cec342e9e176ec2596c345064b34b89",
            "messageTitle": "Implemented convert methods",
            "messageBody": "",
            "insertions": 22,
            "deletions": 0
          },
          {
            "hash": "0eb9d27160417daf7f9bb624337994abee044290",
            "messageTitle": "Replaced magic numbers with constants",
            "messageBody": "",
            "insertions": 35,
            "deletions": 42
          },
          {
            "hash": "fa50fb0e3f1a27572410d6a691206cf3939b2a2b",
            "messageTitle": "Replaced magic numbers with constants",
            "messageBody": "",
            "insertions": 3,
            "deletions": 3
          },
          {
            "hash": "1d3ae250c285b30ae19a14facaf8aa157941cbc5",
            "messageTitle": "Removed documentation for isExit",
            "messageBody": "",
            "insertions": 1,
            "deletions": 6
          }
        ]
      },
      {
        "insertions": 62,
        "deletions": 34,
        "date": "2019-10-15",
        "commitResults": [
          {
            "hash": "be556763522a5d9a006e2cebc41ef0ea7cb0f72e",
            "messageTitle": "Implemented sort method for free command Cleaned up code",
            "messageBody": "",
            "insertions": 40,
            "deletions": 30
          },
          {
            "hash": "b9851130b4b0f9e17fd9718991918c1535cb262f",
            "messageTitle": "Minor edits to reflect correct format of commands",
            "messageBody": "",
            "insertions": 22,
            "deletions": 4
          }
        ]
      },
      {
        "insertions": 208,
        "deletions": 59,
        "date": "2019-10-17",
        "commitResults": [
          {
            "hash": "76fdadc36474e290dba92327a5cb05b02813b2ae",
            "messageTitle": "Implemented method to choose threshold",
            "messageBody": "",
            "insertions": 147,
            "deletions": 30
          },
          {
            "hash": "efd439d13cde93a724c9fda595b1e29c675d2255",
            "messageTitle": "Improved FreeCommand and fixed checkstyle errors",
            "messageBody": "",
            "insertions": 61,
            "deletions": 29
          }
        ]
      },
      {
        "insertions": 29,
        "deletions": 15,
        "date": "2019-10-18",
        "commitResults": [
          {
            "hash": "390027442585cf896dd259c6f3952bde618936e7",
            "messageTitle": "Necessary changes made to Threshold based on comments.",
            "messageBody": "",
            "insertions": 29,
            "deletions": 15
          }
        ]
      },
      {
        "insertions": 170,
        "deletions": 103,
        "date": "2019-10-21",
        "commitResults": [
          {
            "hash": "d4de005fc21e4c5f2efda6a092a3760ca951667d",
            "messageTitle": "Changed FreeCommand to hourly time slot view.",
            "messageBody": "",
            "insertions": 170,
            "deletions": 103
          }
        ]
      },
      {
        "insertions": 1436,
        "deletions": 850,
        "date": "2019-10-28",
        "commitResults": [
          {
            "hash": "63bfe21e021676e8176b757afbdc67918962a467",
            "messageTitle": "Changed Semester and Module class to one-liner commands.",
            "messageBody": "",
            "insertions": 1436,
            "deletions": 850
          }
        ]
      },
      {
        "insertions": 1,
        "deletions": 1,
        "date": "2019-10-29",
        "commitResults": [
          {
            "hash": "971f6d94603845694208a5df4fc53bbe9516b5fa",
            "messageTitle": "Changed threshold exception to create new file if not found",
            "messageBody": "",
            "insertions": 1,
            "deletions": 1
          }
        ]
      },
      {
        "insertions": 45,
        "deletions": 60,
        "date": "2019-10-31",
        "commitResults": [
          {
            "hash": "659d20c6c66b187fa5a7da8ec8e4761758623e97",
            "messageTitle": "Fixed bugs in FreeCommand",
            "messageBody": "",
            "insertions": 45,
            "deletions": 60
          }
        ]
      }
    ],
    "KahLokKee": [
      {
        "insertions": 320,
        "deletions": 296,
        "date": "2019-09-27",
        "commitResults": [
          {
            "hash": "70b5b853d3ae6a11fe06ccf4af62fe8f86c15954",
            "messageTitle": "Fixed Javadocs \u0026 minor code quality errors",
            "messageBody": "",
            "insertions": 320,
            "deletions": 296
          }
        ]
      },
      {
        "insertions": 135,
        "deletions": 92,
        "date": "2019-09-28",
        "commitResults": [
          {
            "hash": "23dcc589528ab5b7eb31357a2dabb90c455058e6",
            "messageTitle": "Abstracted calls to System.out.print into Ui class",
            "messageBody": "",
            "insertions": 135,
            "deletions": 92
          }
        ]
      },
      {
        "insertions": 466,
        "deletions": 332,
        "date": "2019-10-01",
        "commitResults": [
          {
            "hash": "62470bc288e8381eb54ac6de3bf62bc83caef8f1",
            "messageTitle": "Abstracted control flow conditions into individual methods.",
            "messageBody": "",
            "insertions": 223,
            "deletions": 150
          },
          {
            "hash": "9688ff42ff7bd50b2b9a792c45b4590b72404f53",
            "messageTitle": "Fix multiple bugs and improve code quality",
            "messageBody": "",
            "insertions": 243,
            "deletions": 182
          }
        ]
      },
      {
        "insertions": 170,
        "deletions": 33,
        "date": "2019-10-07",
        "commitResults": [
          {
            "hash": "0ec156abbf451e0d54199714a51ac37385836cd2",
            "messageTitle": "Implement Calendar command",
            "messageBody": "",
            "insertions": 169,
            "deletions": 32
          },
          {
            "hash": "99a8b545ed7cfe092dd1150dc72ea6c48503c8e2",
            "messageTitle": "Change SimpleDateFormat pattern",
            "messageBody": "",
            "insertions": 1,
            "deletions": 1
          }
        ]
      },
      {
        "insertions": 375,
        "deletions": 141,
        "date": "2019-10-14",
        "commitResults": [
          {
            "hash": "c578027d60528910bf2e35c9194f0b31cafb5341",
            "messageTitle": "Implement viewing of tasks in Calendar",
            "messageBody": "",
            "insertions": 314,
            "deletions": 92
          },
          {
            "hash": "58156677653e4098149cc493d1715ca2964e027e",
            "messageTitle": "Remove debug lines",
            "messageBody": "",
            "insertions": 0,
            "deletions": 2
          },
          {
            "hash": "11ce0b0b958a4aca1178ea191f6d96e4a4447cc8",
            "messageTitle": "Fix RecurringCommand",
            "messageBody": "",
            "insertions": 41,
            "deletions": 37
          },
          {
            "hash": "d473077c06ff4cbba1cc3c03a0719cf470ab3a6d",
            "messageTitle": "Fix SnoozeCommand",
            "messageBody": "",
            "insertions": 20,
            "deletions": 10
          }
        ]
      },
      {
        "insertions": 1999,
        "deletions": 540,
        "date": "2019-10-22",
        "commitResults": [
          {
            "hash": "eb966bf05b7170a45cf9484ce1433aa2b15ac7c9",
            "messageTitle": "Implement basic functionality for Semester and Module class",
            "messageBody": "",
            "insertions": 1996,
            "deletions": 536
          },
          {
            "hash": "8c312634431be63c3fb7b636cfaf2772aa28a368",
            "messageTitle": "Update DG to include documentation for CalendarCommand",
            "messageBody": "",
            "insertions": 3,
            "deletions": 4
          }
        ]
      },
      {
        "insertions": 1267,
        "deletions": 1361,
        "date": "2019-10-29",
        "commitResults": [
          {
            "hash": "34210baac76047b05872d0dcf3a4f541a674858e",
            "messageTitle": "Implement additional Semester and Module functionality",
            "messageBody": "",
            "insertions": 1130,
            "deletions": 1265
          },
          {
            "hash": "49d995a6dcb25a0a2a50a0ada81c89bfc8d9e5da",
            "messageTitle": "Fix command argument splitting for AddSemesterCommand and AddLessonCommand",
            "messageBody": "",
            "insertions": 92,
            "deletions": 64
          },
          {
            "hash": "16dd63babd5ec6f343175021b4d17f75f04f536a",
            "messageTitle": "Update UG and implement fixes for bugs",
            "messageBody": "",
            "insertions": 45,
            "deletions": 32
          }
        ]
      },
      {
        "insertions": 1311,
        "deletions": 1771,
        "date": "2019-11-01",
        "commitResults": [
          {
            "hash": "e612151ad94e0e941f3c94674b876903b63a801b",
            "messageTitle": "Refactor Storage and CommandParser",
            "messageBody": "",
            "insertions": 1303,
            "deletions": 1754
          },
          {
            "hash": "b6735d33d519010074489c26eed96914b06c2586",
            "messageTitle": "Fix minor bugs",
            "messageBody": "",
            "insertions": 8,
            "deletions": 17
          }
        ]
      }
    ],
    "debbiextan": [
      {
        "insertions": 33,
        "deletions": 21,
        "date": "2019-10-01",
        "commitResults": [
          {
            "hash": "96683d155e2475d5aea02e4229d5b18014bc3494",
            "messageTitle": "Refactored Schedule-related functions.",
            "messageBody": "",
            "insertions": 19,
            "deletions": 9
          },
          {
            "hash": "c4b90e35e3063352ba7f4d1002e235e594c34741",
            "messageTitle": "Refactored Schedule-related functions.",
            "messageBody": "",
            "insertions": 5,
            "deletions": 5
          },
          {
            "hash": "db88abe9eae88cbd9adb8ac74576ae8568654694",
            "messageTitle": "Refactor Schedule-related functions. Abstract control flow conditions from schedule-related functions into individual methods.",
            "messageBody": "",
            "insertions": 9,
            "deletions": 7
          }
        ]
      },
      {
        "insertions": 98,
        "deletions": 3,
        "date": "2019-10-05",
        "commitResults": [
          {
            "hash": "89f5a21c9c3328a61fc3e68809f75898065642ab",
            "messageTitle": "Add JavaDocs for isExit method of ScheduleCommand. Update User Guide to show Schedule command related information and fix minor spelling. Implement HelpCommand.",
            "messageBody": "",
            "insertions": 96,
            "deletions": 1
          },
          {
            "hash": "b9d9d31d90ebb8704c39bbd15a1ed259f9314413",
            "messageTitle": "Add JavaDocs for isExit method of ScheduleCommand. Update User Guide to show Schedule command related information and fix minor spelling. Implement HelpCommand.",
            "messageBody": "",
            "insertions": 2,
            "deletions": 2
          }
        ]
      },
      {
        "insertions": 21,
        "deletions": 56,
        "date": "2019-10-07",
        "commitResults": [
          {
            "hash": "bcad9bca027e49e69b5af58cf97df68b3c1a1a9e",
            "messageTitle": "Add JavaDocs for isExit method of ScheduleCommand. Update User Guide to show Schedule command related information and fix minor spelling. Implement Help Command.",
            "messageBody": "",
            "insertions": 21,
            "deletions": 56
          }
        ]
      },
      {
        "insertions": 1,
        "deletions": 11,
        "date": "2019-10-08",
        "commitResults": [
          {
            "hash": "9e5719370fb525a87e2f49c8e1477fc3fe283d96",
            "messageTitle": "Remove isExit JavaDocs.",
            "messageBody": "",
            "insertions": 1,
            "deletions": 11
          }
        ]
      },
      {
        "insertions": 88,
        "deletions": 24,
        "date": "2019-10-12",
        "commitResults": [
          {
            "hash": "05b275fba97293b1672971741585acae7d27713d",
            "messageTitle": "Implement Help for individual commands. Update User Guide with use and example of new Help function.",
            "messageBody": "",
            "insertions": 87,
            "deletions": 23
          },
          {
            "hash": "6af7a723b5c11a6db5d0fdcb4b09cabeb06e05c9",
            "messageTitle": "Refactor Help manual related method in Ui and Storage.",
            "messageBody": "",
            "insertions": 1,
            "deletions": 1
          }
        ]
      },
      {
        "insertions": 16,
        "deletions": 6,
        "date": "2019-10-13",
        "commitResults": [
          {
            "hash": "4807ffd9e0ea719bbb85b78f50b371ba4c44ee0b",
            "messageTitle": "Implement OofException is an invalid keyword is provided with Help Command. Update Developer Guide with implementation of Help features.",
            "messageBody": "",
            "insertions": 9,
            "deletions": 5
          },
          {
            "hash": "fc4ec76d2a5e44659c4f1377a5d7779310569f82",
            "messageTitle": "Implement ScheduleCommand to display both Deadline and Event tasks associated to user specified date.",
            "messageBody": "",
            "insertions": 7,
            "deletions": 1
          }
        ]
      },
      {
        "insertions": 109,
        "deletions": 11,
        "date": "2019-10-14",
        "commitResults": [
          {
            "hash": "b32fee1883ff719e56fd74028ec4d4f572423540",
            "messageTitle": "Update printScheduledTasks in Ui class printing format. Implement ScheduleByDate in ScheduleCommand class to include Todo Tasks.",
            "messageBody": "",
            "insertions": 9,
            "deletions": 2
          },
          {
            "hash": "84a185b8ec968ec14b7b957b6acf5837fd584bcc",
            "messageTitle": "Implement Summary Command to display a summary of next day\u0027s tasks. Rename printScheduleTasks to printTasksByDate as it is used by both ScheduleCommand and SummaryCommand classes. Update UG with Summary command related information. Update UG Help command related information, separating manual-style help and individual command help functions.",
            "messageBody": "",
            "insertions": 99,
            "deletions": 8
          },
          {
            "hash": "a5d711666694ae093d05a37131a10f4f645befd9",
            "messageTitle": "Edit JavaDocs for getTomorrowDate of SummaryCommand class.",
            "messageBody": "",
            "insertions": 1,
            "deletions": 1
          }
        ]
      },
      {
        "insertions": 87,
        "deletions": 46,
        "date": "2019-10-18",
        "commitResults": [
          {
            "hash": "e34ebd11f345eb690619d4ecd77ef9e66bb3a807",
            "messageTitle": "SLAP ScheduleCommand and SummaryCommand.",
            "messageBody": "",
            "insertions": 59,
            "deletions": 31
          },
          {
            "hash": "ba0d54816e277e52004885d57219e8d6d7aa4172",
            "messageTitle": "SLAP HelpCommand.",
            "messageBody": "",
            "insertions": 28,
            "deletions": 8
          },
          {
            "hash": "0f0381e98e9ab5adea1291fd4e3ad95f113169d7",
            "messageTitle": "SLAP HelpCommand.",
            "messageBody": "",
            "insertions": 0,
            "deletions": 7
          }
        ]
      },
      {
        "insertions": 205,
        "deletions": 19,
        "date": "2019-10-19",
        "commitResults": [
          {
            "hash": "9e2bc41100bb30dfb04834c9a67de7b5c40fcf67",
            "messageTitle": "Implement Start and Stop Command for productivity Tracker.",
            "messageBody": "",
            "insertions": 205,
            "deletions": 19
          }
        ]
      },
      {
        "insertions": 182,
        "deletions": 57,
        "date": "2019-10-20",
        "commitResults": [
          {
            "hash": "7e7d4400ea09388023e0d84d3e4c8cef9c61a767",
            "messageTitle": "Travis errors fixed.",
            "messageBody": "",
            "insertions": 29,
            "deletions": 1
          },
          {
            "hash": "76a4a6668109dc51db34c169c153bd71a4dfae21",
            "messageTitle": "Merge remote-tracking branch \u0027upstream/master\u0027",
            "messageBody": "# Conflicts:\n#\toutput.txt\n#\tsrc/main/java/oof/CommandParser.java\n#\tsrc/main/java/oof/Ui.java\n",
            "insertions": 3,
            "deletions": 3
          },
          {
            "hash": "483ede9ad9bf87ef57bb0a0245a9238961d04241",
            "messageTitle": "Implement PauseTrackerCommand. SLAPped StartTrackerCommand and StopTrackerCommand.",
            "messageBody": "",
            "insertions": 129,
            "deletions": 31
          },
          {
            "hash": "e115c7596aab59d3dd10f97914855a0547d65c68",
            "messageTitle": "Fixed Warnings related to access modifiers in Ui class.",
            "messageBody": "",
            "insertions": 17,
            "deletions": 17
          },
          {
            "hash": "c4e8aa6b0e68e1cfe10e33ec4d88796e21e3a682",
            "messageTitle": "Allow Tracker-related Commands to detect Task descriptions with whitespaces.",
            "messageBody": "",
            "insertions": 4,
            "deletions": 5
          }
        ]
      },
      {
        "insertions": 2,
        "deletions": 0,
        "date": "2019-10-23",
        "commitResults": [
          {
            "hash": "840009668eb7ec25c185c2dbc07e3cd728073cc6",
            "messageTitle": "Implement PauseTrackerCommand.",
            "messageBody": "",
            "insertions": 2,
            "deletions": 0
          }
        ]
      },
      {
        "insertions": 21,
        "deletions": 26,
        "date": "2019-10-25",
        "commitResults": [
          {
            "hash": "5027e043445e8d30f0f6fbf776eb77d75779bf79",
            "messageTitle": "Update User Guide to display Task Tracker related Commands. Refactored Help, Summary and Tracker Commands to include sample run screenshots.",
            "messageBody": "",
            "insertions": 1,
            "deletions": 1
          },
          {
            "hash": "347d3fdc036a3cb52bc90a3476fe8bb4e0d87a9e",
            "messageTitle": "Remove unnecessary JavaDocs for execute and isExit methods in StartTrackerCommand and PauseTrackerCommand classes. Add template for viewTracker-related segments in User Guide and Developer Guide.",
            "messageBody": "",
            "insertions": 20,
            "deletions": 25
          }
        ]
      },
      {
        "insertions": 284,
        "deletions": 5,
        "date": "2019-10-27",
        "commitResults": [
          {
            "hash": "7f3ee664056009f71d3b2b4b6be8e52058143106",
            "messageTitle": "Implement ViewTracker. SLAP Summary Command. Edit OofException message for PauseTracker and StopTracker Command.",
            "messageBody": "",
            "insertions": 284,
            "deletions": 5
          }
        ]
      },
      {
        "insertions": 511,
        "deletions": 295,
        "date": "2019-10-28",
        "commitResults": [
          {
            "hash": "509810f32b9e26b285b7a4a86cac37865140bfdb",
            "messageTitle": "Refactor implementation of Tracker. Add Storage function for TrackerList. Add TrackerList parameter to execute method.",
            "messageBody": "",
            "insertions": 479,
            "deletions": 244
          },
          {
            "hash": "5c586165278778317c5efff9707973bdf9b60a8e",
            "messageTitle": "Fix Logic errors in Start, Stop and Pause Tracker Commands. Update UG with new syntax for Tracker related Commands.",
            "messageBody": "",
            "insertions": 32,
            "deletions": 51
          }
        ]
      },
      {
        "insertions": 1196,
        "deletions": 1101,
        "date": "2019-10-29",
        "commitResults": [
          {
            "hash": "35c44bfaeae1ef45058fc8f1b00f3b4ec677539d",
            "messageTitle": "Move demo images for Help, IndividualHelp and Summary Commands to images file. Refactor viewTracker Command format in CommandParser as suggested. Revert Ui methods access modifiers. Fix declaration conventions for Tracker objects. Remove TrackerList variable from Command.execute method. Refactor Storage.readTrackerList. Fix magic numbers in ScheduleCommand. Re-Implement Start, Stop, Pause and ViewTracker Commands. Add relevant UG images to Start, Stop, Pause and ViewTracker Commands.",
            "messageBody": "",
            "insertions": 491,
            "deletions": 432
          },
          {
            "hash": "e889db9d113042f80005526361b1a75008d54721",
            "messageTitle": "Fix Travis.",
            "messageBody": "",
            "insertions": 10,
            "deletions": 7
          },
          {
            "hash": "ad951ba92d11ddbd5eecf099aa2962e5b4ad66d2",
            "messageTitle": "Fix merge conflicts.",
            "messageBody": "",
            "insertions": 148,
            "deletions": 3
          },
          {
            "hash": "5de0bb3558aa022207b74e89dad22b024c5cfa73",
            "messageTitle": "Change tone of UG to be more friendly. Fixed merge conflicts.",
            "messageBody": "",
            "insertions": 110,
            "deletions": 457
          },
          {
            "hash": "ab0fd9a975b1485a0fd62aa3dab51c0cfb025a39",
            "messageTitle": "Refactor Start, Stop, Pause and View Tracker Command. Update UG and DG with new Start, Stop and Pause Tracker Command syntax. Update demo images for Start, Stop, Pause and View Tracker Command.",
            "messageBody": "",
            "insertions": 329,
            "deletions": 123
          },
          {
            "hash": "abf7b508fcc83a7f70ee613ebc8fc0bbb2794e35",
            "messageTitle": "Refactor Start, Stop, Pause and View Tracker Command. Refactor ViewTracker related methods in Ui. Update manual.txt Update UG. Merge remote-tracking branch \u0027upstream/master\u0027",
            "messageBody": "# Conflicts:\n#\tdocs/UserGuide.adoc\n#\toutput.txt\n",
            "insertions": 55,
            "deletions": 29
          },
          {
            "hash": "0748263442961c311a34c2806f42a8e87008f107",
            "messageTitle": "Update manual.txt with available commands. Revert CommandParser to original. Update UG with standardised label images.",
            "messageBody": "",
            "insertions": 53,
            "deletions": 50
          }
        ]
      },
      {
        "insertions": 436,
        "deletions": 804,
        "date": "2019-10-31",
        "commitResults": [
          {
            "hash": "bc9d578df1e1c5d73efaa248b8321f99ffd2ab4d",
            "messageTitle": "Update UG with new Tracker commands. Refactor Tracker Command. Remove Start, Stop, Pause and View Tracker Commands. Fix DG image link for Tracker View.",
            "messageBody": "",
            "insertions": 317,
            "deletions": 438
          },
          {
            "hash": "bd1ee43200ea228b19cf4d1fb3b0117b1b56bff1",
            "messageTitle": "Fix tracker view v1.4 extension syntax. Fix view tracker print.",
            "messageBody": "",
            "insertions": 7,
            "deletions": 6
          },
          {
            "hash": "2089bcde9c251fdca6cb040a1c7c42de93a682fa",
            "messageTitle": "Remove ViewTrackerCommand class.",
            "messageBody": "",
            "insertions": 0,
            "deletions": 142
          },
          {
            "hash": "82196ca2fcbb0bfa7cce3a0ab2fff88880cf2187",
            "messageTitle": "Remove ModuleTracker and ModuleTracker class.",
            "messageBody": "",
            "insertions": 62,
            "deletions": 164
          },
          {
            "hash": "4b759fc51a65dae7a1e60bdee7c53bcbf27dc4d4",
            "messageTitle": "Fix constant variable names. Implement isEmpty for TrackerList objects in TrackerCommand. Fix variable names for return statements. Fix JavaDocs format.",
            "messageBody": "",
            "insertions": 50,
            "deletions": 54
          }
        ]
      }
    ],
    "jasperosy": [
      {
        "insertions": 192,
        "deletions": 190,
        "date": "2019-09-28",
        "commitResults": [
          {
            "hash": "e7c6b2c967f61ca48d2edaa18a9fa001fcdd583a",
            "messageTitle": "Refactored code and changed ASCII Art",
            "messageBody": "",
            "insertions": 192,
            "deletions": 190
          }
        ]
      },
      {
        "insertions": 285,
        "deletions": 6,
        "date": "2019-10-04",
        "commitResults": [
          {
            "hash": "2b8dae6ebf01433034e663d0d07bc23845dab15f",
            "messageTitle": "Implement recurring tasks",
            "messageBody": "",
            "insertions": 285,
            "deletions": 6
          }
        ]
      },
      {
        "insertions": 48,
        "deletions": 46,
        "date": "2019-10-05",
        "commitResults": [
          {
            "hash": "3b3eb691839873fdb2dfe22cdbbb58185e3cf700",
            "messageTitle": "Made changes to recurring tasks",
            "messageBody": "",
            "insertions": 17,
            "deletions": 25
          },
          {
            "hash": "6c0c3c13b768e796e93f88f1eec55ca61d162010",
            "messageTitle": "Replaced string labels with enum frequency to aid Calendar implementation",
            "messageBody": "",
            "insertions": 31,
            "deletions": 21
          }
        ]
      },
      {
        "insertions": 254,
        "deletions": 18,
        "date": "2019-10-12",
        "commitResults": [
          {
            "hash": "67298618aa4c9f5af80a326e311b594c15521977",
            "messageTitle": "Added Junit tests for CommandParser parse method",
            "messageBody": "",
            "insertions": 251,
            "deletions": 15
          },
          {
            "hash": "c3959e915a2ede961391c46875799253b4216c25",
            "messageTitle": "Added Junit tests for CommandParse parse method",
            "messageBody": "",
            "insertions": 3,
            "deletions": 3
          }
        ]
      },
      {
        "insertions": 133,
        "deletions": 9,
        "date": "2019-10-14",
        "commitResults": [
          {
            "hash": "06b58f9d67982b145dea10e37ca33802b14e6474",
            "messageTitle": "Add new Junit testing for RecurringCommand",
            "messageBody": "",
            "insertions": 133,
            "deletions": 9
          }
        ]
      },
      {
        "insertions": 558,
        "deletions": 28,
        "date": "2019-10-18",
        "commitResults": [
          {
            "hash": "66f7a5e1a63f802082b6c28156c8f1f947e5d897",
            "messageTitle": "Added ViewWeek command and cleaned up code",
            "messageBody": "",
            "insertions": 532,
            "deletions": 18
          },
          {
            "hash": "8c720dbce1bc2aabee1b1d7d2633b6254783609c",
            "messageTitle": "Added newline for checkstyle",
            "messageBody": "",
            "insertions": 1,
            "deletions": 0
          },
          {
            "hash": "6e3203cffef2ca130291dd0cf1297a59b63be3d9",
            "messageTitle": "Further clean up of code",
            "messageBody": "",
            "insertions": 11,
            "deletions": 5
          },
          {
            "hash": "f0823b8228c3dec14b450bdfb49eb0f56507c2e0",
            "messageTitle": "Added support for cross platform build-gradle in case we use javFX",
            "messageBody": "",
            "insertions": 14,
            "deletions": 5
          }
        ]
      },
      {
        "insertions": 0,
        "deletions": 3,
        "date": "2019-10-20",
        "commitResults": [
          {
            "hash": "6daa80018e80e2b3a3259d2a615875fa847fd4de",
            "messageTitle": "Missed out commandparser head annotation",
            "messageBody": "",
            "insertions": 0,
            "deletions": 3
          }
        ]
      },
      {
        "insertions": 113,
        "deletions": 50,
        "date": "2019-10-22",
        "commitResults": [
          {
            "hash": "2ff609c822aa063e43de7f03b192f7f80c988c19",
            "messageTitle": "updated UG DG, refactored Recurring and ViewWeek Commands",
            "messageBody": "",
            "insertions": 111,
            "deletions": 48
          },
          {
            "hash": "35ad6778ef4d5772d637226295b3ea511f372961",
            "messageTitle": "update DG",
            "messageBody": "",
            "insertions": 2,
            "deletions": 2
          }
        ]
      },
      {
        "insertions": 186,
        "deletions": 85,
        "date": "2019-10-25",
        "commitResults": [
          {
            "hash": "8cce8926631451da9782db77919664e5d22f5887",
            "messageTitle": "Improved code quality for numerous features",
            "messageBody": "",
            "insertions": 186,
            "deletions": 85
          }
        ]
      },
      {
        "insertions": 386,
        "deletions": 295,
        "date": "2019-10-26",
        "commitResults": [
          {
            "hash": "2ac2a103c40979b3de8dc13f880341d0ceb2aa88",
            "messageTitle": "Refactored CommandParser and Reminder",
            "messageBody": "",
            "insertions": 99,
            "deletions": 60
          },
          {
            "hash": "b471cd446507ed485007c681d26dd8716914a32e",
            "messageTitle": "Add assignment support for storage and misc improvements",
            "messageBody": "",
            "insertions": 117,
            "deletions": 62
          },
          {
            "hash": "eb426765427627a35ea73ddb093481bb25db34d3",
            "messageTitle": "further improved code quality based on suggestions",
            "messageBody": "",
            "insertions": 55,
            "deletions": 80
          },
          {
            "hash": "40f70b9ae941dd069a17ef1aa4af04e9050ef853",
            "messageTitle": "renamed Task classes parameters",
            "messageBody": "",
            "insertions": 57,
            "deletions": 60
          },
          {
            "hash": "a344699d11f39c7284ac5163ec3eff9d968a20d5",
            "messageTitle": "Tried slapping FreeCommand",
            "messageBody": "",
            "insertions": 57,
            "deletions": 24
          },
          {
            "hash": "79d1115a3dd164bd759e4d5d890cf2483da11b5d",
            "messageTitle": "Improve storage code quality",
            "messageBody": "",
            "insertions": 1,
            "deletions": 9
          }
        ]
      },
      {
        "insertions": 161,
        "deletions": 83,
        "date": "2019-10-31",
        "commitResults": [
          {
            "hash": "dc2606412664556e7999cc3ee124cc8aa7baaf28",
            "messageTitle": "update commandparser",
            "messageBody": "",
            "insertions": 158,
            "deletions": 64
          },
          {
            "hash": "564cf3c6ee7a236ed318ccafc8504cc79a79fc8a",
            "messageTitle": "Update commands and refactor certain classes",
            "messageBody": "",
            "insertions": 1,
            "deletions": 4
          },
          {
            "hash": "2131fadb4e900de8afbde51ae5bf1910d1451715",
            "messageTitle": "remove redundant lines",
            "messageBody": "",
            "insertions": 0,
            "deletions": 13
          },
          {
            "hash": "19e19aa197e4526568d6b60c0bd3b6dbadeedee1",
            "messageTitle": "Update constant case",
            "messageBody": "",
            "insertions": 2,
            "deletions": 2
          }
        ]
      }
    ]
  },
  "authorFinalContributionMap": {
    "Kenlhc": 893,
    "KahLokKee": 3284,
    "debbiextan": 819,
    "jasperosy": 1539
  },
  "authorFileTypeContributionMap": {
    "Kenlhc": {
      "tests": 0,
      "functional": 893
    },
    "KahLokKee": {
      "tests": 0,
      "functional": 3283,
      "other": 1
    },
    "debbiextan": {
      "tests": 0,
      "functional": 819
    },
    "jasperosy": {
      "tests": 0,
      "functional": 1521,
      "other": 18
    }
  },
  "authorContributionVariance": {
    "Kenlhc": 124416.34,
    "KahLokKee": 513026.25,
    "debbiextan": 164921.9,
    "jasperosy": 25409.297
  },
  "authorDisplayNameMap": {
    "Kenlhc": "CS2113T-W17-4 LEE  . . ETH",
    "KahLokKee": "CS2113T-W17-4 KEE  . . LOK",
    "debbiextan": "CS2113T-W17-4 DEB  . . MIN",
    "jasperosy": "CS2113T-W17-4 JAS  . . ONG"
  }
}
