{
  "authorDailyContributionsMap": {
    "hin1": [
      {
        "insertions": 129,
        "deletions": 5,
        "date": "2019-10-09",
        "commitResults": [
          {
            "hash": "b74ff5f8d7ee14dcea4b33ffe1f38d10c14725e9",
            "messageTitle": "Added AddCommand with integration in Parser, changed Command.java\u0027s execute method to abstract implementation.",
            "messageBody": "",
            "insertions": 129,
            "deletions": 5
          }
        ]
      },
      {
        "insertions": 118,
        "deletions": 26,
        "date": "2019-10-10",
        "commitResults": [
          {
            "hash": "38d5488ca1efe5fcd89bbe3befa6ec44f8c222a1",
            "messageTitle": "Changed implementation of AddCommand, added DeleteCommand.",
            "messageBody": "",
            "insertions": 118,
            "deletions": 26
          }
        ]
      },
      {
        "insertions": 8,
        "deletions": 6,
        "date": "2019-10-14",
        "commitResults": [
          {
            "hash": "35cdbf8a8424cc253e86c77e7da5f40f7f96d89d",
            "messageTitle": "Imported missing libraries in ResourceList.java, added in descriptions for RimExceptions thrown for add/delete commands.",
            "messageBody": "",
            "insertions": 8,
            "deletions": 6
          }
        ]
      },
      {
        "insertions": 86,
        "deletions": 18,
        "date": "2019-10-29",
        "commitResults": [
          {
            "hash": "7ca1c82f7c8dbcd348da09c58afe191a0d19d527",
            "messageTitle": "Created UndoCommand class, included saving previous state in commands that change Model.",
            "messageBody": "",
            "insertions": 65,
            "deletions": 6
          },
          {
            "hash": "074eb3e95e73db54abe86941aad58031e825da5b",
            "messageTitle": "Basic Undo functionality implemented without recording previous command.",
            "messageBody": "",
            "insertions": 21,
            "deletions": 12
          }
        ]
      },
      {
        "insertions": 78,
        "deletions": 9,
        "date": "2019-10-31",
        "commitResults": [
          {
            "hash": "8682f2d0bf94e632d30fdefc5ca93f0bceb0f841",
            "messageTitle": "Save previous command in Rims.java",
            "messageBody": "",
            "insertions": 1,
            "deletions": 0
          },
          {
            "hash": "3e6af9c6d82652ace600acf54ab22e14c05d1c0f",
            "messageTitle": "Changed command syntax to fit undo.",
            "messageBody": "",
            "insertions": 77,
            "deletions": 9
          }
        ]
      },
      {
        "insertions": 7,
        "deletions": 4,
        "date": "2019-11-01",
        "commitResults": [
          {
            "hash": "b86d7b213204c898313ed249e9a9746b662bfea0",
            "messageTitle": "Remove bugs (undo written halfway for RIMS) for RIMS to work",
            "messageBody": "",
            "insertions": 7,
            "deletions": 4
          }
        ]
      },
      {
        "insertions": 89,
        "deletions": 54,
        "date": "2019-11-02",
        "commitResults": [
          {
            "hash": "d5d02b751af1d85dbd4ee0b2588c8cee07315ab5",
            "messageTitle": "Added undo functionality and ui shows the last command executed that modified data. Added commented out code that loads different inventories based on user input",
            "messageBody": "",
            "insertions": 84,
            "deletions": 35
          },
          {
            "hash": "4de4ca50209a26e0a86e5dd8c1cc4d14760e4697",
            "messageTitle": "Made new commands compatible with undo (Help, ViewDeadlines, Stats).",
            "messageBody": "",
            "insertions": 5,
            "deletions": 19
          }
        ]
      }
    ],
    "aarushisingh1": [
      {
        "insertions": 97,
        "deletions": 5,
        "date": "2019-10-14",
        "commitResults": [
          {
            "hash": "4abc52f7420eef978128c139e730a61afc7592bc",
            "messageTitle": "Added listByDate",
            "messageBody": "",
            "insertions": 55,
            "deletions": 0
          },
          {
            "hash": "677130bee37d1113e814cbbc1988f2b06e19c997",
            "messageTitle": "Added listByDate",
            "messageBody": "",
            "insertions": 28,
            "deletions": 1
          },
          {
            "hash": "c07bbf04bb987cb717c694195c0c33891aff90ca",
            "messageTitle": "Fixed errors",
            "messageBody": "",
            "insertions": 14,
            "deletions": 4
          }
        ]
      },
      {
        "insertions": 113,
        "deletions": 1,
        "date": "2019-10-15",
        "commitResults": [
          {
            "hash": "991c7e8b7d91bbb3b7d73ee07b4b001cbbb90141",
            "messageTitle": "Added list by item and room commands",
            "messageBody": "",
            "insertions": 113,
            "deletions": 1
          }
        ]
      },
      {
        "insertions": 213,
        "deletions": 43,
        "date": "2019-10-29",
        "commitResults": [
          {
            "hash": "8279159cb06f872334b428f1442dd04c5d6a613c",
            "messageTitle": "added list by date and viewDeadlines command",
            "messageBody": "",
            "insertions": 206,
            "deletions": 29
          },
          {
            "hash": "e2c98245ada834d6e05682564f23c4e713c501bd",
            "messageTitle": "fixed minor bugs",
            "messageBody": "",
            "insertions": 7,
            "deletions": 14
          }
        ]
      },
      {
        "insertions": 137,
        "deletions": 42,
        "date": "2019-10-31",
        "commitResults": [
          {
            "hash": "c64e81e7fcb7bb9c9510d432ab455851af163da7",
            "messageTitle": "Revert \"added list ug adocs\"",
            "messageBody": "",
            "insertions": 137,
            "deletions": 42
          }
        ]
      },
      {
        "insertions": 79,
        "deletions": 23,
        "date": "2019-11-01",
        "commitResults": [
          {
            "hash": "c924bd41560b6ef79e9fe2fe38333441d5081901",
            "messageTitle": "friendlier syntax added",
            "messageBody": "",
            "insertions": 72,
            "deletions": 11
          },
          {
            "hash": "eabf783da538cb694d8c6bf76e2709ed38154862",
            "messageTitle": "updated friendlier syntax",
            "messageBody": "",
            "insertions": 6,
            "deletions": 11
          },
          {
            "hash": "69dbaf726060897e94ffa7002e5495c23b27e79b",
            "messageTitle": "fixed minor bug",
            "messageBody": "",
            "insertions": 1,
            "deletions": 1
          }
        ]
      }
    ],
    "isbobby": [
      {
        "insertions": 114,
        "deletions": 0,
        "date": "2019-10-08",
        "commitResults": [
          {
            "hash": "e29d8d588ed784c8c76279d23a5d74c0494bc9be",
            "messageTitle": "added local changes",
            "messageBody": "",
            "insertions": 114,
            "deletions": 0
          }
        ]
      },
      {
        "insertions": 345,
        "deletions": 41,
        "date": "2019-10-13",
        "commitResults": [
          {
            "hash": "bd514ebd41c162c88632baff766f4ec189ce07dd",
            "messageTitle": "added exceptions to reader process",
            "messageBody": "",
            "insertions": 195,
            "deletions": 36
          },
          {
            "hash": "69cc0e5dc4d033ed61dd4eb73fa1453d462d3bf0",
            "messageTitle": "added barebone reserve command",
            "messageBody": "",
            "insertions": 150,
            "deletions": 5
          }
        ]
      },
      {
        "insertions": 5,
        "deletions": 7,
        "date": "2019-10-18",
        "commitResults": [
          {
            "hash": "53b4f0766b379ce7833dc915e3a849cc75131097",
            "messageTitle": "local commit",
            "messageBody": "",
            "insertions": 5,
            "deletions": 7
          }
        ]
      },
      {
        "insertions": 1289,
        "deletions": 887,
        "date": "2019-10-21",
        "commitResults": [
          {
            "hash": "f7b1a9450e3c8e080b26d93c45178c73719991a7",
            "messageTitle": "bare min CRUD features, fixed gets but untidy code base",
            "messageBody": "",
            "insertions": 1289,
            "deletions": 887
          }
        ]
      },
      {
        "insertions": 611,
        "deletions": 615,
        "date": "2019-10-22",
        "commitResults": [
          {
            "hash": "b134de15ace303b26fb7bb664ff0ee94a14fe0b2",
            "messageTitle": "modifed code base, resource contains reservation list class",
            "messageBody": "",
            "insertions": 611,
            "deletions": 615
          }
        ]
      },
      {
        "insertions": 386,
        "deletions": 722,
        "date": "2019-10-23",
        "commitResults": [
          {
            "hash": "d70b69999b120bcdc611aedefb5c89bc91a75020",
            "messageTitle": "fixed reservation storage",
            "messageBody": "",
            "insertions": 59,
            "deletions": 80
          },
          {
            "hash": "aea0db518dfc3974062e5126716e1cf86ce37b45",
            "messageTitle": "fixed return issue",
            "messageBody": "",
            "insertions": 6,
            "deletions": 7
          },
          {
            "hash": "438ac5499bd694850dfe8e8f39f3904898060624",
            "messageTitle": "edited to tidy up and added documentation",
            "messageBody": "",
            "insertions": 108,
            "deletions": 414
          },
          {
            "hash": "34f56eda984e84e345ad5325435744ce46796e49",
            "messageTitle": "removed reader, tidie up UI under parser",
            "messageBody": "",
            "insertions": 213,
            "deletions": 221
          }
        ]
      },
      {
        "insertions": 174,
        "deletions": 11,
        "date": "2019-11-01",
        "commitResults": [
          {
            "hash": "5fcf41af94b38f17fa1e171277f3534ce6b60ef0",
            "messageTitle": "prelim stats implementation",
            "messageBody": "",
            "insertions": 174,
            "deletions": 11
          }
        ]
      },
      {
        "insertions": 18,
        "deletions": 12,
        "date": "2019-11-02",
        "commitResults": [
          {
            "hash": "456ed734e3bec1960a184bf112514f99155b472e",
            "messageTitle": "latest change",
            "messageBody": "",
            "insertions": 4,
            "deletions": 1
          },
          {
            "hash": "e4d5d091e8af8d4bbf3910271eb2de733620d907",
            "messageTitle": "bug fixes",
            "messageBody": "",
            "insertions": 14,
            "deletions": 11
          }
        ]
      }
    ],
    "danielcyc": [
      {
        "insertions": 35,
        "deletions": 22,
        "date": "2019-10-22",
        "commitResults": [
          {
            "hash": "b3957b176d1cd7ccf3529b03c8f274974e697b18",
            "messageTitle": "change startup logo",
            "messageBody": "",
            "insertions": 35,
            "deletions": 22
          }
        ]
      },
      {
        "insertions": 55,
        "deletions": 12,
        "date": "2019-10-23",
        "commitResults": [
          {
            "hash": "279aaa32609aaa3cb76c7e613ba1fb94a6dec3ce",
            "messageTitle": "add cal",
            "messageBody": "",
            "insertions": 52,
            "deletions": 2
          },
          {
            "hash": "e49a6e4060d4c11963ccdeb8210a23753064dede",
            "messageTitle": "resolved merge conflicts, added calendar",
            "messageBody": "",
            "insertions": 3,
            "deletions": 10
          }
        ]
      },
      {
        "insertions": 350,
        "deletions": 203,
        "date": "2019-10-24",
        "commitResults": [
          {
            "hash": "8a42f1df4b26dd9268ad21a01fc84582ea791306",
            "messageTitle": "update to calander",
            "messageBody": "",
            "insertions": 145,
            "deletions": 26
          },
          {
            "hash": "2d853526cdda1b9d35b4631f8ad031cdf1fbd330",
            "messageTitle": "add printing within cell",
            "messageBody": "",
            "insertions": 121,
            "deletions": 38
          },
          {
            "hash": "8c7f06fcb737503971b54b2c847a0938afda44f4",
            "messageTitle": "update calendar to be able to display different entries",
            "messageBody": "",
            "insertions": 84,
            "deletions": 139
          }
        ]
      },
      {
        "insertions": 74,
        "deletions": 27,
        "date": "2019-10-25",
        "commitResults": [
          {
            "hash": "11a1ab212d8f76f9f4eaa4c9b9ddb7ebeea1ccb3",
            "messageTitle": "improve calendar",
            "messageBody": "",
            "insertions": 35,
            "deletions": 5
          },
          {
            "hash": "c9457c0ef8fe123c6bfdaafd430acb6649c2fe16",
            "messageTitle": "improvements to calander",
            "messageBody": "",
            "insertions": 26,
            "deletions": 3
          },
          {
            "hash": "0a8849433fc75e23fc881f445568bab35af4e53b",
            "messageTitle": "cal fixes after merge",
            "messageBody": "",
            "insertions": 5,
            "deletions": 10
          },
          {
            "hash": "0c24223a82cfea1d3d532b385f05b295ae85122e",
            "messageTitle": "minor changes to calendar",
            "messageBody": "",
            "insertions": 8,
            "deletions": 9
          }
        ]
      },
      {
        "insertions": 1,
        "deletions": 0,
        "date": "2019-10-29",
        "commitResults": [
          {
            "hash": "37d205fd95ff9aae76864feb61b069bb5874ddca",
            "messageTitle": "updates to calendar command",
            "messageBody": "",
            "insertions": 1,
            "deletions": 0
          }
        ]
      },
      {
        "insertions": 13,
        "deletions": 1,
        "date": "2019-10-30",
        "commitResults": [
          {
            "hash": "2589bc0199688d1acbc72dd2696b33e49fc9d63b",
            "messageTitle": "updates to the calandar symbols",
            "messageBody": "",
            "insertions": 13,
            "deletions": 1
          }
        ]
      },
      {
        "insertions": 153,
        "deletions": 78,
        "date": "2019-10-31",
        "commitResults": [
          {
            "hash": "14d19a1be4f7ff59a46c5e40db324aa18c03346a",
            "messageTitle": "update to list and cal command",
            "messageBody": "",
            "insertions": 69,
            "deletions": 17
          },
          {
            "hash": "7812769f5d90f302de2463864aaf5f37eb0e94e3",
            "messageTitle": "updates to calendar and list",
            "messageBody": "",
            "insertions": 82,
            "deletions": 61
          },
          {
            "hash": "adb3483ffd785a01579a1177f4700d54b2991080",
            "messageTitle": "update UG for calendar",
            "messageBody": "",
            "insertions": 2,
            "deletions": 0
          }
        ]
      },
      {
        "insertions": 4,
        "deletions": 6,
        "date": "2019-11-05",
        "commitResults": [
          {
            "hash": "473a9b5a6cfc3ef38d618cdf0b3a5a22273f3e6f",
            "messageTitle": "updates to calendar",
            "messageBody": "",
            "insertions": 4,
            "deletions": 6
          }
        ]
      },
      {
        "insertions": 142,
        "deletions": 85,
        "date": "2019-11-06",
        "commitResults": [
          {
            "hash": "d757af2017ee9fc981b9b468820dca7ff1459670",
            "messageTitle": "updates to calendar",
            "messageBody": "",
            "insertions": 97,
            "deletions": 75
          },
          {
            "hash": "2293d4236975b85691ce25db756560edc8cd6102",
            "messageTitle": "fix data error in calendar",
            "messageBody": "",
            "insertions": 2,
            "deletions": 2
          },
          {
            "hash": "04fdf671f92dfb2653cefd50c252cf38e520fdb5",
            "messageTitle": "add resize calendar function",
            "messageBody": "",
            "insertions": 28,
            "deletions": 8
          },
          {
            "hash": "ef138bb41fb2e1449fa48cac688b281e9e092338",
            "messageTitle": "updates to calendar",
            "messageBody": "",
            "insertions": 15,
            "deletions": 0
          }
        ]
      }
    ],
    "rabhijit": [
      {
        "insertions": 50,
        "deletions": 87,
        "date": "2019-09-27",
        "commitResults": [
          {
            "hash": "156d3188f82c8e1697dca689d64254814093e01b",
            "messageTitle": "bug fixes and making code neat",
            "messageBody": "",
            "insertions": 46,
            "deletions": 84
          },
          {
            "hash": "a6f2a292551eedeb477f35184d214a8ec0cfc8b8",
            "messageTitle": "minor bug fixes",
            "messageBody": "",
            "insertions": 4,
            "deletions": 3
          }
        ]
      },
      {
        "insertions": 39,
        "deletions": 26,
        "date": "2019-09-30",
        "commitResults": [
          {
            "hash": "009eaf0d559e0c9be85758487a4c0c769fbfdbaa",
            "messageTitle": "fixed bugs in B-ViewSchedules",
            "messageBody": "",
            "insertions": 34,
            "deletions": 22
          },
          {
            "hash": "a736c17a03b34173bd9fb3772c7ba28a766d0607",
            "messageTitle": "improved Reminders by extending to all dated tasks, bug fixes",
            "messageBody": "",
            "insertions": 5,
            "deletions": 4
          }
        ]
      },
      {
        "insertions": 773,
        "deletions": 1581,
        "date": "2019-10-07",
        "commitResults": [
          {
            "hash": "d35547123052be1ed8004c2d2d8cd2b329110745",
            "messageTitle": "morphing to RIMS has begun",
            "messageBody": "",
            "insertions": 680,
            "deletions": 1580
          },
          {
            "hash": "6dc2679ce5e92d50e1f60c9e142d2eca75eed7d4",
            "messageTitle": "A-Packages reimplemented for morphed code",
            "messageBody": "",
            "insertions": 93,
            "deletions": 1
          }
        ]
      },
      {
        "insertions": 198,
        "deletions": 223,
        "date": "2019-10-16",
        "commitResults": [
          {
            "hash": "e4c67f2912d9f3a88314c1746621b297308ff9be",
            "messageTitle": "merged listByDate, listByItem, listByRoom into single ListCommand",
            "messageBody": "",
            "insertions": 83,
            "deletions": 113
          },
          {
            "hash": "cef8ec06339a8e268bc1a5df7de722bbe18c0fa5",
            "messageTitle": "changes to Resource.java",
            "messageBody": "",
            "insertions": 78,
            "deletions": 67
          },
          {
            "hash": "e52dd29af43b9bca5a746d9c3fc9a459eca2e2ed",
            "messageTitle": "changes to ResourceList.java",
            "messageBody": "",
            "insertions": 34,
            "deletions": 40
          },
          {
            "hash": "10b8458652c344b97cd0b207062183500729dbfa",
            "messageTitle": "minor bug fixes for list by room",
            "messageBody": "",
            "insertions": 3,
            "deletions": 3
          }
        ]
      },
      {
        "insertions": 70,
        "deletions": 110,
        "date": "2019-10-23",
        "commitResults": [
          {
            "hash": "e895113d6daf970b7a3f8a3bf234e77c6236c4cc",
            "messageTitle": "refactoring of Storage.java",
            "messageBody": "",
            "insertions": 70,
            "deletions": 110
          }
        ]
      },
      {
        "insertions": 886,
        "deletions": 1016,
        "date": "2019-10-25",
        "commitResults": [
          {
            "hash": "bb76a5e6058277d5b99caca5870efe8a7de46eb2",
            "messageTitle": "major refactoring of code",
            "messageBody": "",
            "insertions": 886,
            "deletions": 1016
          }
        ]
      },
      {
        "insertions": 853,
        "deletions": 112,
        "date": "2019-10-26",
        "commitResults": [
          {
            "hash": "744105632e398bce694ef23af85e59d00354cc47",
            "messageTitle": "fixed bug with generation of reservation ID",
            "messageBody": "",
            "insertions": 14,
            "deletions": 3
          },
          {
            "hash": "9f462c0ec194ac643913734516f5303de13ea9bb",
            "messageTitle": "JavaDocs implemented",
            "messageBody": "",
            "insertions": 672,
            "deletions": 66
          },
          {
            "hash": "1944b9a2d83e29c8732227b0c8f4aec4061e3dc9",
            "messageTitle": "implementation of ReturnCommand for multiple Resources at once",
            "messageBody": "",
            "insertions": 49,
            "deletions": 21
          },
          {
            "hash": "6e9adb7752eb52df67fb950ae96e9147793533f1",
            "messageTitle": "re-implementation of B-Reminders, bug fixes",
            "messageBody": "",
            "insertions": 112,
            "deletions": 16
          },
          {
            "hash": "94101d19a141197a267f496a0a1d199afa8bfe93",
            "messageTitle": "minor changes to build.gradle",
            "messageBody": "",
            "insertions": 6,
            "deletions": 6
          }
        ]
      },
      {
        "insertions": 236,
        "deletions": 154,
        "date": "2019-10-29",
        "commitResults": [
          {
            "hash": "099c5c34a90bbc655a7d4421b86b8d6b65f76e75",
            "messageTitle": "added @@author tags for RepoSense",
            "messageBody": "",
            "insertions": 43,
            "deletions": 3
          },
          {
            "hash": "49c31f0b563c76db0d799dd3de9ca74336cecbe5",
            "messageTitle": "fixing CheckStyle issues throughout code",
            "messageBody": "",
            "insertions": 193,
            "deletions": 151
          }
        ]
      },
      {
        "insertions": 2,
        "deletions": 2,
        "date": "2019-10-30",
        "commitResults": [
          {
            "hash": "e0378e4982e10f12e284fb90733ad9096683c0be",
            "messageTitle": "bug fixes to Ui.java",
            "messageBody": "",
            "insertions": 2,
            "deletions": 2
          }
        ]
      },
      {
        "insertions": 87,
        "deletions": 26,
        "date": "2019-10-31",
        "commitResults": [
          {
            "hash": "11e1609003106cb89d466f657cab00e9560bf6b2",
            "messageTitle": "C-NaturalDates implemented; minor bug-fixes",
            "messageBody": "",
            "insertions": 87,
            "deletions": 26
          }
        ]
      },
      {
        "insertions": 90,
        "deletions": 33,
        "date": "2019-11-01",
        "commitResults": [
          {
            "hash": "a7c1d73ddd40f5a327ec7d65b97aced11a97be9e",
            "messageTitle": "C-Help implemented; fix to Storage regarding JAR creation; bug fixes",
            "messageBody": "",
            "insertions": 86,
            "deletions": 29
          },
          {
            "hash": "a39804b109e14c2d2f9f9b37c004cb5b8551803f",
            "messageTitle": "minor bug fix to ResourceList",
            "messageBody": "",
            "insertions": 1,
            "deletions": 1
          },
          {
            "hash": "240243419cdafb246e043a3e9b28e3a84f3cd921",
            "messageTitle": "modification to build.gradle",
            "messageBody": "",
            "insertions": 1,
            "deletions": 1
          },
          {
            "hash": "305808d266e2e70c562331f33999ab7f9a165648",
            "messageTitle": "fixed some bugs with Undo feature",
            "messageBody": "",
            "insertions": 2,
            "deletions": 2
          }
        ]
      },
      {
        "insertions": 19,
        "deletions": 13,
        "date": "2019-11-02",
        "commitResults": [
          {
            "hash": "a004bf124225cbab1bff03f3e858e54b5763f66d",
            "messageTitle": "added visibility of user input, bug fixes",
            "messageBody": "",
            "insertions": 19,
            "deletions": 13
          }
        ]
      },
      {
        "insertions": 138,
        "deletions": 128,
        "date": "2019-11-03",
        "commitResults": [
          {
            "hash": "9a3e2d1dc791521cf4cddb31f71bb1531fd46dca",
            "messageTitle": "changing Parser.java to one-shot input",
            "messageBody": "",
            "insertions": 138,
            "deletions": 128
          }
        ]
      }
    ]
  },
  "authorFinalContributionMap": {
    "hin1": 317,
    "aarushisingh1": 497,
    "isbobby": 752,
    "danielcyc": 437,
    "rabhijit": 1525
  },
  "authorFileTypeContributionMap": {
    "hin1": {
      "tests": 0,
      "functional": 317
    },
    "aarushisingh1": {
      "tests": 0,
      "functional": 497
    },
    "isbobby": {
      "tests": 40,
      "functional": 712
    },
    "danielcyc": {
      "tests": 0,
      "functional": 437
    },
    "rabhijit": {
      "tests": 0,
      "functional": 1509,
      "other": 16
    }
  },
  "authorContributionVariance": {
    "hin1": 1472.5444,
    "aarushisingh1": 2538.6592,
    "isbobby": 150626.36,
    "danielcyc": 8406.44,
    "rabhijit": 203112.19
  },
  "authorDisplayNameMap": {
    "hin1": "CS2113T-W12-1 CHA  . . EAN",
    "aarushisingh1": "CS2113T-W12-1 AAR  . . NGH",
    "isbobby": "CS2113T-W12-1 CAI  . . ONG",
    "danielcyc": "CS2113T-W12-1 CHA  . . IEL",
    "rabhijit": "CS2113T-W12-1 ABH  . . RAN"
  }
}
