{
  "authorDailyContributionsMap": {
    "woblek": [
      {
        "insertions": 33,
        "deletions": 12,
        "date": "2019-10-03",
        "commitResults": [
          {
            "hash": "821a35a27a9ab4d2c4d0b5c974da5a93ebe686c5",
            "messageTitle": "implement reminders",
            "messageBody": "",
            "insertions": 33,
            "deletions": 12
          }
        ]
      },
      {
        "insertions": 22,
        "deletions": 0,
        "date": "2019-10-10",
        "commitResults": [
          {
            "hash": "ac9e97b765eaa4ed2a7d5f26c91771ad26640cf5",
            "messageTitle": "create DegreeTask.java",
            "messageBody": "",
            "insertions": 22,
            "deletions": 0
          }
        ]
      },
      {
        "insertions": 35,
        "deletions": 13,
        "date": "2019-10-17",
        "commitResults": [
          {
            "hash": "a0464351cf316734d36dc58facad465d01e0dade",
            "messageTitle": "create degreeTasks.txt implement load and add function for degreeTasks.java",
            "messageBody": "",
            "insertions": 35,
            "deletions": 13
          }
        ]
      },
      {
        "insertions": 50,
        "deletions": 19,
        "date": "2019-10-24",
        "commitResults": [
          {
            "hash": "a780fdeb01d3859bb4f4c5e2a2828acb8b3d2916",
            "messageTitle": "fix loading of degreeTasks.txt",
            "messageBody": "",
            "insertions": 8,
            "deletions": 2
          },
          {
            "hash": "06fb376876bb438437f2f7fb6f5e1cceee696b2e",
            "messageTitle": "update data to degreeTasks.txt",
            "messageBody": "",
            "insertions": 22,
            "deletions": 11
          },
          {
            "hash": "95c46db6adb905504418c72b1f4745511fe73d66",
            "messageTitle": "update degreeTask.java",
            "messageBody": "",
            "insertions": 20,
            "deletions": 6
          }
        ]
      },
      {
        "insertions": 57,
        "deletions": 24,
        "date": "2019-10-25",
        "commitResults": [
          {
            "hash": "a502ded82f12c12bb97e338755abd834d41e0458",
            "messageTitle": "remove testing strings",
            "messageBody": "",
            "insertions": 4,
            "deletions": 7
          },
          {
            "hash": "1f1eca0af01d636422bb9547c61d532271e74829",
            "messageTitle": "fix degreeTask.java addDegreeTasks method",
            "messageBody": "",
            "insertions": 9,
            "deletions": 7
          },
          {
            "hash": "ea0a972873ada289c32f94101e057ed6fc39b1cf",
            "messageTitle": "implement method removeDegree tasks for degreeTasks method",
            "messageBody": "",
            "insertions": 27,
            "deletions": 1
          },
          {
            "hash": "69b4d27696215dc9d039c349c1bd8e03bbf4bb9f",
            "messageTitle": "add author tag",
            "messageBody": "",
            "insertions": 2,
            "deletions": 0
          },
          {
            "hash": "390ab3c7f2c0dce9806506b3abc55251b43cd5cf",
            "messageTitle": "testing authorship",
            "messageBody": "",
            "insertions": 3,
            "deletions": 3
          },
          {
            "hash": "3667e66fb0f88bb70457b7f0de798d22fdfff4b9",
            "messageTitle": "add javadocs",
            "messageBody": "",
            "insertions": 12,
            "deletions": 6
          }
        ]
      },
      {
        "insertions": 22,
        "deletions": 4,
        "date": "2019-10-26",
        "commitResults": [
          {
            "hash": "ea0e46cae4a89470a75b043815cd46095a1c6395",
            "messageTitle": "implement duplicate chcker for degreetask",
            "messageBody": "",
            "insertions": 22,
            "deletions": 4
          }
        ]
      },
      {
        "insertions": 72,
        "deletions": 2,
        "date": "2019-10-27",
        "commitResults": [
          {
            "hash": "6cb3a8aa96b9638dcb1d6972c6be6dee692a1399",
            "messageTitle": "implement sorting function rudimentary",
            "messageBody": "",
            "insertions": 72,
            "deletions": 2
          }
        ]
      },
      {
        "insertions": 96,
        "deletions": 40,
        "date": "2019-10-31",
        "commitResults": [
          {
            "hash": "0fe0e5b9f969466c0dbadd680502270c24b62694",
            "messageTitle": "improve sorting function",
            "messageBody": "",
            "insertions": 12,
            "deletions": 5
          },
          {
            "hash": "9509bb9e44482de5beb7dad46af33b8e2078a665",
            "messageTitle": "fix sort priority",
            "messageBody": "",
            "insertions": 4,
            "deletions": 4
          },
          {
            "hash": "0f4142caca1418d2bebd5d2e7a42344a67001c8c",
            "messageTitle": "implement sort priority for all tasks",
            "messageBody": "",
            "insertions": 45,
            "deletions": 10
          },
          {
            "hash": "7c61da6816606fa3d4bd026e757f48feffcc19b5",
            "messageTitle": "change degreeTask to UniversityTaskHandler",
            "messageBody": "",
            "insertions": 35,
            "deletions": 21
          }
        ]
      },
      {
        "insertions": 13,
        "deletions": 14,
        "date": "2019-11-01",
        "commitResults": [
          {
            "hash": "145ba9c495b50133660faa78064f2d76dde42dfc",
            "messageTitle": "fix typos",
            "messageBody": "",
            "insertions": 13,
            "deletions": 14
          }
        ]
      }
    ],
    "manaswini05": [
      {
        "insertions": 4,
        "deletions": 0,
        "date": "2019-09-25",
        "commitResults": [
          {
            "hash": "884655df713c866661f1a2dc820d7bb81fe2610e",
            "messageTitle": "Store file working",
            "messageBody": "",
            "insertions": 4,
            "deletions": 0
          }
        ]
      },
      {
        "insertions": 132,
        "deletions": 23,
        "date": "2019-10-10",
        "commitResults": [
          {
            "hash": "c7122a8eca64d11181c241b366a3e4084c849679",
            "messageTitle": "List without storage",
            "messageBody": "",
            "insertions": 132,
            "deletions": 23
          }
        ]
      },
      {
        "insertions": 78,
        "deletions": 6,
        "date": "2019-10-17",
        "commitResults": [
          {
            "hash": "c065b91a4d60ae20d69623badb8eaaa3488b4c7d",
            "messageTitle": "DegreeList with Storage",
            "messageBody": "",
            "insertions": 78,
            "deletions": 6
          }
        ]
      },
      {
        "insertions": 15,
        "deletions": 9,
        "date": "2019-10-18",
        "commitResults": [
          {
            "hash": "75a2d8cd1a148d8b30735a9d94f6221abc9b6881",
            "messageTitle": "Working read and write to savedegrees.txt",
            "messageBody": "",
            "insertions": 15,
            "deletions": 9
          }
        ]
      },
      {
        "insertions": 182,
        "deletions": 11,
        "date": "2019-10-20",
        "commitResults": [
          {
            "hash": "3023a629c0741f795a940dfc45cee1c5f67b30f6",
            "messageTitle": "Delete feature with savedegrees.txt",
            "messageBody": "",
            "insertions": 39,
            "deletions": 3
          },
          {
            "hash": "5356f8f3425f7017f6f88555e2e0955c93cf6b05",
            "messageTitle": "Swap feature without storage",
            "messageBody": "",
            "insertions": 72,
            "deletions": 1
          },
          {
            "hash": "9690891a28d0013d1870fd87a8d892e4a014c3df",
            "messageTitle": "Ranking of degrees with storage",
            "messageBody": "",
            "insertions": 65,
            "deletions": 4
          },
          {
            "hash": "5cb417216a36c5a7cf1e5ecfe15379d2a426bc5c",
            "messageTitle": "Fixed bug while updating ranks",
            "messageBody": "",
            "insertions": 6,
            "deletions": 3
          }
        ]
      },
      {
        "insertions": 2,
        "deletions": 2,
        "date": "2019-10-23",
        "commitResults": [
          {
            "hash": "7dc8b0cf027345586c0b0c8d72263894efdc8abe",
            "messageTitle": "Small error fixed",
            "messageBody": "",
            "insertions": 2,
            "deletions": 2
          }
        ]
      },
      {
        "insertions": 143,
        "deletions": 12,
        "date": "2019-10-24",
        "commitResults": [
          {
            "hash": "eb45d58c0d867df7c74e5dd05b189801661e28da",
            "messageTitle": "swap with storage working",
            "messageBody": "",
            "insertions": 90,
            "deletions": 10
          },
          {
            "hash": "7a66f90c1150e2dae07a39fff086bfaf59ab47b4",
            "messageTitle": "Briefly added JavaDocs",
            "messageBody": "",
            "insertions": 50,
            "deletions": 2
          },
          {
            "hash": "55dedbe99d3639e6f42c38b836a2568d2495a08e",
            "messageTitle": "read file in duke",
            "messageBody": "",
            "insertions": 3,
            "deletions": 0
          }
        ]
      },
      {
        "insertions": 34,
        "deletions": 33,
        "date": "2019-10-30",
        "commitResults": [
          {
            "hash": "43c09a14366929ca94e457999a38ada72bdc7631",
            "messageTitle": "Read File using Storage class",
            "messageBody": "",
            "insertions": 26,
            "deletions": 30
          },
          {
            "hash": "a9e894ca888039cf48173c4487ad1dbbf30d07ff",
            "messageTitle": "formatting convention to add degree",
            "messageBody": "",
            "insertions": 8,
            "deletions": 3
          }
        ]
      },
      {
        "insertions": 60,
        "deletions": 23,
        "date": "2019-10-31",
        "commitResults": [
          {
            "hash": "bd515446230a7cadf9f18df4c53ba934082f281a",
            "messageTitle": "convention fixed and add in storage",
            "messageBody": "",
            "insertions": 60,
            "deletions": 23
          }
        ]
      },
      {
        "insertions": 57,
        "deletions": 90,
        "date": "2019-11-01",
        "commitResults": [
          {
            "hash": "ddf97791ca84dcfa3ea163d34c0e8da38c32271c",
            "messageTitle": "Storage changed!",
            "messageBody": "",
            "insertions": 57,
            "deletions": 90
          }
        ]
      }
    ],
    "KaneQuah": [
      {
        "insertions": 760,
        "deletions": 690,
        "date": "2019-09-25",
        "commitResults": [
          {
            "hash": "8d13eaf861b7903ec3b6e411a14b46a71caa062c",
            "messageTitle": "CHECKSTYLE",
            "messageBody": "Signed-off-by: KaneQuah \u003ckane_quah@u.nus.edu\u003e\n",
            "insertions": 760,
            "deletions": 690
          }
        ]
      },
      {
        "insertions": 82,
        "deletions": 30,
        "date": "2019-10-14",
        "commitResults": [
          {
            "hash": "9f923f96c95193493cf6057c1ee5e1cb0a298a4f",
            "messageTitle": "new storage",
            "messageBody": "",
            "insertions": 82,
            "deletions": 30
          }
        ]
      },
      {
        "insertions": 520,
        "deletions": 6,
        "date": "2019-10-18",
        "commitResults": [
          {
            "hash": "e2a29d8e6e4595b20a30adf3295bd4d6a5e31a64",
            "messageTitle": "degree",
            "messageBody": "",
            "insertions": 520,
            "deletions": 6
          }
        ]
      },
      {
        "insertions": 390,
        "deletions": 190,
        "date": "2019-10-23",
        "commitResults": [
          {
            "hash": "b6cd086540dda1c773afbd4d8c5ea136f229a8c1",
            "messageTitle": "Update Degree.java",
            "messageBody": "",
            "insertions": 92,
            "deletions": 9
          },
          {
            "hash": "f740ce705b54d48422623cc429d2ff9f339450d9",
            "messageTitle": "Update Storage.java",
            "messageBody": "",
            "insertions": 114,
            "deletions": 34
          },
          {
            "hash": "5b7b7d236a54a84528e6279ceb0f00381ca5880e",
            "messageTitle": "Update Duke.java",
            "messageBody": "",
            "insertions": 109,
            "deletions": 123
          },
          {
            "hash": "2a0bfb9be057ee56fa85b3b525463d0d4a6c5c22",
            "messageTitle": "Update ConjuctiveModule.java",
            "messageBody": "",
            "insertions": 15,
            "deletions": 5
          },
          {
            "hash": "5ee6936a3aea3cf2bdc37afb79562038adae121e",
            "messageTitle": "Update Module.java",
            "messageBody": "",
            "insertions": 36,
            "deletions": 9
          },
          {
            "hash": "cea069e865065c8fa55da863e005a0e7e2db30fe",
            "messageTitle": "Update ModuleList.java",
            "messageBody": "",
            "insertions": 24,
            "deletions": 1
          },
          {
            "hash": "6a7d0c4f899a661e26dd8d2a125ac8051802b275",
            "messageTitle": "Update NonDescriptive.java",
            "messageBody": "",
            "insertions": 0,
            "deletions": 9
          }
        ]
      },
      {
        "insertions": 5,
        "deletions": 2,
        "date": "2019-10-24",
        "commitResults": [
          {
            "hash": "dfdcc6b3e10a15b9026d98bfda968fbd7fcafac8",
            "messageTitle": "Rename ConjuctiveModule.java to ConjunctiveModule.java",
            "messageBody": "",
            "insertions": 0,
            "deletions": 0
          },
          {
            "hash": "f6efc965f67d657fddf15cbfbba0993ef488e08c",
            "messageTitle": "updated parser",
            "messageBody": "",
            "insertions": 4,
            "deletions": 1
          },
          {
            "hash": "6f2171b1bbe74ff23582acc79ac4578780cd3796",
            "messageTitle": "updated parser",
            "messageBody": "",
            "insertions": 1,
            "deletions": 1
          }
        ]
      },
      {
        "insertions": 155,
        "deletions": 147,
        "date": "2019-11-01",
        "commitResults": [
          {
            "hash": "126d2cb662551d5c778b54ab07d16d77a07fcfdc",
            "messageTitle": "updated parser",
            "messageBody": "",
            "insertions": 2,
            "deletions": 0
          },
          {
            "hash": "f72efd50f991f9abc4afdaac1b6ef287fbf2efae",
            "messageTitle": "DegreeManager print support",
            "messageBody": "",
            "insertions": 143,
            "deletions": 137
          },
          {
            "hash": "85c6f0324cd11a47373218d272b55c5533fac0b8",
            "messageTitle": "test class updated",
            "messageBody": "",
            "insertions": 7,
            "deletions": 7
          },
          {
            "hash": "b5315762c90fb6b3e29d86f332eae0198d769080",
            "messageTitle": "test class updated",
            "messageBody": "",
            "insertions": 1,
            "deletions": 1
          },
          {
            "hash": "ad0e62d281f7cd5d46fb543478dcdb4a38c71499",
            "messageTitle": "test class updated",
            "messageBody": "",
            "insertions": 2,
            "deletions": 2
          }
        ]
      }
    ],
    "zyleet": [
      {
        "insertions": 943,
        "deletions": 290,
        "date": "2019-09-26",
        "commitResults": [
          {
            "hash": "d6a70b84c87158a678eb1acb10e51404dc5d5cc8",
            "messageTitle": "JUnit-Added simple testing",
            "messageBody": "",
            "insertions": 78,
            "deletions": 256
          },
          {
            "hash": "ec801f69d1e23dff84e3fad5b755eb6863e083c2",
            "messageTitle": "JUnit-Add after and deadline testing",
            "messageBody": "",
            "insertions": 87,
            "deletions": 3
          },
          {
            "hash": "062aae03bd3867673e8ab89e92e038ef62c1a9b6",
            "messageTitle": "JUnit-Add more detailed testing",
            "messageBody": "",
            "insertions": 356,
            "deletions": 9
          },
          {
            "hash": "f4a77c7c2237c6140f9fb3f3c56ac865cdfd68fa",
            "messageTitle": "JUnit-Finish testing individual tasks",
            "messageBody": "",
            "insertions": 163,
            "deletions": 12
          },
          {
            "hash": "24d17cc7b1efdb87f758e7487b6f4407e1427bb8",
            "messageTitle": "JUnit-test TaskList",
            "messageBody": "",
            "insertions": 140,
            "deletions": 0
          },
          {
            "hash": "c3137ffdbfab8c29114da2208328d2524d13c728",
            "messageTitle": "JUnit-test even more of TaskList",
            "messageBody": "",
            "insertions": 119,
            "deletions": 10
          }
        ]
      },
      {
        "insertions": 963,
        "deletions": 28,
        "date": "2019-09-27",
        "commitResults": [
          {
            "hash": "e5d06273dbfe34a165acefd9c12ca4ba95c56ac7",
            "messageTitle": "JUnit-finish Tasklist and command testing",
            "messageBody": "",
            "insertions": 497,
            "deletions": 4
          },
          {
            "hash": "184d06535eb9a74d3144b442bbd7d6eb3e1e5aab",
            "messageTitle": "JUnit-finish Tests for important classes",
            "messageBody": "",
            "insertions": 165,
            "deletions": 12
          },
          {
            "hash": "99eea051c6ff44f388be552512978dd8b671b682",
            "messageTitle": "JUnit-finish checkstyleTest, save for one error with UITest",
            "messageBody": "",
            "insertions": 38,
            "deletions": 12
          },
          {
            "hash": "bc85e517bf1bd0c0608b15ec2ec66e8bc1be1a59",
            "messageTitle": "Merge branch \u0027master\u0027 of https://github.com/zyleet/main.git",
            "messageBody": "# Conflicts:\n#\tclasses/java/main/Command/BadCommand.class\n#\tclasses/java/main/Command/ModCommand.class\n#\tclasses/java/main/JavaFX/MainWindow.class\n#\tclasses/java/main/Parser/Parser.class\n",
            "insertions": 263,
            "deletions": 0
          }
        ]
      },
      {
        "insertions": 45,
        "deletions": 11,
        "date": "2019-10-03",
        "commitResults": [
          {
            "hash": "933e6646638d9542a57018585084b797df1be62d",
            "messageTitle": "update build.gradle",
            "messageBody": "",
            "insertions": 14,
            "deletions": 5
          },
          {
            "hash": "71204a4138ef0a885ecd4445b92a40b22abd6104",
            "messageTitle": "fix reminder",
            "messageBody": "",
            "insertions": 31,
            "deletions": 6
          }
        ]
      },
      {
        "insertions": 109,
        "deletions": 10,
        "date": "2019-10-10",
        "commitResults": [
          {
            "hash": "3413d6e2dbe4c87e1e8071ad790c2b00e27de0c8",
            "messageTitle": "add help command and support for displaying help for individual commands",
            "messageBody": "",
            "insertions": 108,
            "deletions": 9
          },
          {
            "hash": "05ffa90721627d93986e199f6c07eaf543add3f1",
            "messageTitle": "add working jar file",
            "messageBody": "",
            "insertions": 1,
            "deletions": 1
          }
        ]
      },
      {
        "insertions": 339,
        "deletions": 63,
        "date": "2019-10-15",
        "commitResults": [
          {
            "hash": "a90f2abcea74616d03c3279472f951066813fc08",
            "messageTitle": "add command lists",
            "messageBody": "",
            "insertions": 108,
            "deletions": 8
          },
          {
            "hash": "3f9878d30d43b039c5d7887f162f7bad9da2d4a1",
            "messageTitle": "fixing memento states (memento gets updated with commands, it should remain in the state before commands)",
            "messageBody": "",
            "insertions": 88,
            "deletions": 33
          },
          {
            "hash": "f596955136a1d077f821e62b82d8ff8631345705",
            "messageTitle": "add undo for adding and removing tasks.",
            "messageBody": "",
            "insertions": 55,
            "deletions": 12
          },
          {
            "hash": "4c331aaa905684a356fa177e2c0de57a243dfd88",
            "messageTitle": "fixing undo for done (memento tasklist should not update with current tasklist)",
            "messageBody": "",
            "insertions": 88,
            "deletions": 10
          }
        ]
      },
      {
        "insertions": 220,
        "deletions": 38,
        "date": "2019-10-16",
        "commitResults": [
          {
            "hash": "f8fe93689912ce6def728326fdfe58d9f752a86c",
            "messageTitle": "add undo and redo functionality",
            "messageBody": "",
            "insertions": 55,
            "deletions": 36
          },
          {
            "hash": "b3fa1b1764aff70eedbe8b8ee7fd3bee3223dae0",
            "messageTitle": "add undo and redo functionality (and javadoc comments)",
            "messageBody": "",
            "insertions": 165,
            "deletions": 2
          }
        ]
      },
      {
        "insertions": 54,
        "deletions": 49,
        "date": "2019-10-17",
        "commitResults": [
          {
            "hash": "b32a1e316096603c61dd622e7a7ffb0cc4852b4a",
            "messageTitle": "fixing shutdown",
            "messageBody": "",
            "insertions": 23,
            "deletions": 7
          },
          {
            "hash": "db5ea7fe127e049cb8118b60c03cbacac04125d1",
            "messageTitle": "fix bye command and remove duke images",
            "messageBody": "",
            "insertions": 31,
            "deletions": 42
          }
        ]
      },
      {
        "insertions": 6,
        "deletions": 6,
        "date": "2019-10-18",
        "commitResults": [
          {
            "hash": "7b27bec7aa54eb5d3eabab33f8f42746d9a96656",
            "messageTitle": "fix text overrun",
            "messageBody": "",
            "insertions": 6,
            "deletions": 6
          }
        ]
      },
      {
        "insertions": 125,
        "deletions": 78,
        "date": "2019-10-24",
        "commitResults": [
          {
            "hash": "a1ce5b1e38e47fc540706a2e3af5b3c56b567eb8",
            "messageTitle": "fixing auto suggestions",
            "messageBody": "",
            "insertions": 82,
            "deletions": 7
          },
          {
            "hash": "6c32faacf3f4c96296c4fda48a92208cd7148151",
            "messageTitle": "add auto suggestion with simple learning",
            "messageBody": "",
            "insertions": 34,
            "deletions": 64
          },
          {
            "hash": "2e0e3ae726d4a0a3b62d0b06461e5863fa9eee5e",
            "messageTitle": "fix bugs",
            "messageBody": "",
            "insertions": 9,
            "deletions": 7
          }
        ]
      },
      {
        "insertions": 1,
        "deletions": 1,
        "date": "2019-10-31",
        "commitResults": [
          {
            "hash": "cb4ff32d89c2648117df16a08351e52bf6619ce5",
            "messageTitle": "simple commit",
            "messageBody": "",
            "insertions": 1,
            "deletions": 1
          }
        ]
      },
      {
        "insertions": 210,
        "deletions": 69,
        "date": "2019-11-01",
        "commitResults": [
          {
            "hash": "6ca0efbeb8b692da702a6429811206201f5fe4e4",
            "messageTitle": "readd undo and redo and update GUI",
            "messageBody": "",
            "insertions": 104,
            "deletions": 20
          },
          {
            "hash": "e52c61cd1bdb62b22f3da0a48a394a4c9525edc3",
            "messageTitle": "test jar file",
            "messageBody": "",
            "insertions": 13,
            "deletions": 3
          },
          {
            "hash": "771ef0ab4d141ff8e39a961ad0c9a83450e0cbc6",
            "messageTitle": "fix degree management",
            "messageBody": "",
            "insertions": 46,
            "deletions": 13
          },
          {
            "hash": "70bb3444afa92b197031a0254a4cc4837a5b12a8",
            "messageTitle": "fix bugs",
            "messageBody": "",
            "insertions": 47,
            "deletions": 33
          }
        ]
      }
    ]
  },
  "authorFinalContributionMap": {
    "woblek": 332,
    "manaswini05": 516,
    "KaneQuah": 2016,
    "zyleet": 2843
  },
  "authorFileTypeContributionMap": {
    "woblek": {
      "tests": 7,
      "functional": 325
    },
    "manaswini05": {
      "tests": 0,
      "functional": 516
    },
    "KaneQuah": {
      "tests": 62,
      "functional": 1950,
      "other": 4
    },
    "zyleet": {
      "tests": 1535,
      "functional": 1014,
      "other": 294
    }
  },
  "authorContributionVariance": {
    "woblek": 830.3402,
    "manaswini05": 2523.1543,
    "KaneQuah": 62103.797,
    "zyleet": 60929.668
  },
  "authorDisplayNameMap": {
    "woblek": "CS2113T-F10-2 LEE  . . FLI",
    "manaswini05": "CS2113T-F10-2 TAL  . . INI",
    "KaneQuah": "CS2113T-F10-2 QUA  . . ANE",
    "zyleet": "CS2113T-F10-2 LEE  . .  YU"
  }
}
