{
  "authorDailyContributionsMap": {
    "woblek": [
      {
        "insertions": 33,
        "deletions": 12,
        "date": "2019-10-03",
        "commitResults": [
          {
            "hash": "821a35a27a9ab4d2c4d0b5c974da5a93ebe686c5",
            "messageTitle": "implement reminders",
            "messageBody": "",
            "insertions": 33,
            "deletions": 12
          }
        ]
      }
    ],
    "manaswini05": [
      {
        "insertions": 4,
        "deletions": 0,
        "date": "2019-09-25",
        "commitResults": [
          {
            "hash": "884655df713c866661f1a2dc820d7bb81fe2610e",
            "messageTitle": "Store file working",
            "messageBody": "",
            "insertions": 4,
            "deletions": 0
          }
        ]
      }
    ],
    "KaneQuah": [
      {
        "insertions": 760,
        "deletions": 690,
        "date": "2019-09-25",
        "commitResults": [
          {
            "hash": "8d13eaf861b7903ec3b6e411a14b46a71caa062c",
            "messageTitle": "CHECKSTYLE",
            "messageBody": "Signed-off-by: KaneQuah \u003ckane_quah@u.nus.edu\u003e\n",
            "insertions": 760,
            "deletions": 690
          }
        ]
      }
    ],
    "zyleet": [
      {
        "insertions": 943,
        "deletions": 290,
        "date": "2019-09-26",
        "commitResults": [
          {
            "hash": "d6a70b84c87158a678eb1acb10e51404dc5d5cc8",
            "messageTitle": "JUnit-Added simple testing",
            "messageBody": "",
            "insertions": 78,
            "deletions": 256
          },
          {
            "hash": "ec801f69d1e23dff84e3fad5b755eb6863e083c2",
            "messageTitle": "JUnit-Add after and deadline testing",
            "messageBody": "",
            "insertions": 87,
            "deletions": 3
          },
          {
            "hash": "062aae03bd3867673e8ab89e92e038ef62c1a9b6",
            "messageTitle": "JUnit-Add more detailed testing",
            "messageBody": "",
            "insertions": 356,
            "deletions": 9
          },
          {
            "hash": "f4a77c7c2237c6140f9fb3f3c56ac865cdfd68fa",
            "messageTitle": "JUnit-Finish testing individual tasks",
            "messageBody": "",
            "insertions": 163,
            "deletions": 12
          },
          {
            "hash": "24d17cc7b1efdb87f758e7487b6f4407e1427bb8",
            "messageTitle": "JUnit-test TaskList",
            "messageBody": "",
            "insertions": 140,
            "deletions": 0
          },
          {
            "hash": "c3137ffdbfab8c29114da2208328d2524d13c728",
            "messageTitle": "JUnit-test even more of TaskList",
            "messageBody": "",
            "insertions": 119,
            "deletions": 10
          }
        ]
      },
      {
        "insertions": 963,
        "deletions": 28,
        "date": "2019-09-27",
        "commitResults": [
          {
            "hash": "e5d06273dbfe34a165acefd9c12ca4ba95c56ac7",
            "messageTitle": "JUnit-finish Tasklist and command testing",
            "messageBody": "",
            "insertions": 497,
            "deletions": 4
          },
          {
            "hash": "184d06535eb9a74d3144b442bbd7d6eb3e1e5aab",
            "messageTitle": "JUnit-finish Tests for important classes",
            "messageBody": "",
            "insertions": 165,
            "deletions": 12
          },
          {
            "hash": "99eea051c6ff44f388be552512978dd8b671b682",
            "messageTitle": "JUnit-finish checkstyleTest, save for one error with UITest",
            "messageBody": "",
            "insertions": 38,
            "deletions": 12
          },
          {
            "hash": "bc85e517bf1bd0c0608b15ec2ec66e8bc1be1a59",
            "messageTitle": "Merge branch \u0027master\u0027 of https://github.com/zyleet/main.git",
            "messageBody": "# Conflicts:\n#\tclasses/java/main/Command/BadCommand.class\n#\tclasses/java/main/Command/ModCommand.class\n#\tclasses/java/main/JavaFX/MainWindow.class\n#\tclasses/java/main/Parser/Parser.class\n",
            "insertions": 263,
            "deletions": 0
          }
        ]
      },
      {
        "insertions": 45,
        "deletions": 11,
        "date": "2019-10-03",
        "commitResults": [
          {
            "hash": "933e6646638d9542a57018585084b797df1be62d",
            "messageTitle": "update build.gradle",
            "messageBody": "",
            "insertions": 14,
            "deletions": 5
          },
          {
            "hash": "71204a4138ef0a885ecd4445b92a40b22abd6104",
            "messageTitle": "fix reminder",
            "messageBody": "",
            "insertions": 31,
            "deletions": 6
          }
        ]
      }
    ]
  },
  "authorFinalContributionMap": {
    "woblek": 36,
    "manaswini05": 2,
    "KaneQuah": 711,
    "zyleet": 1920
  },
  "authorFileTypeContributionMap": {
    "woblek": {
      "java": 36,
      "gradle": 0,
      "css": 0,
      "fxml": 0
    },
    "manaswini05": {
      "java": 2,
      "gradle": 0,
      "css": 0,
      "fxml": 0
    },
    "KaneQuah": {
      "java": 705,
      "gradle": 4,
      "css": 0,
      "fxml": 2
    },
    "zyleet": {
      "java": 1643,
      "gradle": 14,
      "css": 263,
      "fxml": 0
    }
  },
  "authorContributionVariance": {
    "woblek": 143.78697,
    "manaswini05": 1.1360943,
    "KaneQuah": 149289.97,
    "zyleet": 161971.44
  },
  "authorDisplayNameMap": {
    "woblek": "woblek",
    "manaswini05": "manaswini05",
    "KaneQuah": "KaneQuah",
    "zyleet": "zyleet"
  }
}
