{
  "authorDailyContributionsMap": {
    "HUANG XUAN KUN": [
      {
        "insertions": 14,
        "deletions": 17,
        "date": "2019-10-02",
        "commitResults": [
          {
            "hash": "71eaafa99b7dcf978d57cd7051ce87d32a6de836",
            "messageTitle": "Update Junit Tests for recurring status format to be written in local files",
            "messageBody": "",
            "insertions": 9,
            "deletions": 9
          },
          {
            "hash": "7e61da92cd0124ae3a8dd2e1f74f886ca41216ae",
            "messageTitle": "Update Junit test for parsing command to period task and rescheduling a task.",
            "messageBody": "",
            "insertions": 5,
            "deletions": 8
          }
        ]
      }
    ],
    "lmtaek": [],
    "kkeejjuunn": [
      {
        "insertions": 34,
        "deletions": 8,
        "date": "2019-10-02",
        "commitResults": [
          {
            "hash": "9f33d15b6ca17c75b4808e380de8352ac63c78c5",
            "messageTitle": "Update help command",
            "messageBody": "",
            "insertions": 14,
            "deletions": 8
          },
          {
            "hash": "073a69470e647651924102e0a07c4db1e912cd4f",
            "messageTitle": "add JUnit test for FixedDurationTask",
            "messageBody": "",
            "insertions": 20,
            "deletions": 0
          }
        ]
      }
    ],
    "qjie7": [],
    "Qian Jie": [
      {
        "insertions": 83,
        "deletions": 72,
        "date": "2019-10-02",
        "commitResults": [
          {
            "hash": "13f0799e7cb156e3e6234099048e6329eef36025",
            "messageTitle": "fixed some checkstyle issues and removed not-used variable/functions",
            "messageBody": "",
            "insertions": 42,
            "deletions": 71
          },
          {
            "hash": "9a1afd26f7bec40c93e74fc036112fe8e126558a",
            "messageTitle": "Added HelpCommand class to assist user when faced difficulties in remember the commands provided by Dukepital",
            "messageBody": "",
            "insertions": 41,
            "deletions": 1
          }
        ]
      }
    ]
  },
  "authorFinalContributionMap": {
    "HUANG XUAN KUN": 13,
    "lmtaek": 11,
    "kkeejjuunn": 34,
    "qjie7": 0,
    "Qian Jie": 53
  },
  "authorFileTypeContributionMap": {
    "HUANG XUAN KUN": {
      "java": 13,
      "gradle": 0,
      "css": 0,
      "fxml": 0
    },
    "lmtaek": {
      "java": 11,
      "gradle": 0,
      "css": 0,
      "fxml": 0
    },
    "kkeejjuunn": {
      "java": 34,
      "gradle": 0,
      "css": 0,
      "fxml": 0
    },
    "qjie7": {
      "java": 0,
      "gradle": 0,
      "css": 0,
      "fxml": 0
    },
    "Qian Jie": {
      "java": 53,
      "gradle": 0,
      "css": 0,
      "fxml": 0
    }
  },
  "authorContributionVariance": {
    "HUANG XUAN KUN": 153.75998,
    "lmtaek": 0.0,
    "kkeejjuunn": 282.23996,
    "qjie7": 0.0,
    "Qian Jie": 3844.0
  },
  "authorDisplayNameMap": {
    "HUANG XUAN KUN": "HUANG XUAN KUN",
    "lmtaek": "lmtaek",
    "kkeejjuunn": "kkeejjuunn",
    "qjie7": "qjie7",
    "Qian Jie": "Qian Jie"
  }
}
