{
  "authorDailyContributionsMap": {
    "lmtaek": [
      {
        "insertions": 344,
        "deletions": 1523,
        "date": "2019-10-08",
        "commitResults": [
          {
            "hash": "45e9c252f2fb34f4544c563c40c3fec9e2f08ce6",
            "messageTitle": "beginnings of new Task classes for skeleton Dukepital",
            "messageBody": "",
            "insertions": 157,
            "deletions": 0
          },
          {
            "hash": "6ef5fcc9c8eaef67db66fde520513e958adeb80e",
            "messageTitle": "created skeleton version of Dukepital. removed redundant methods/classes",
            "messageBody": "",
            "insertions": 187,
            "deletions": 1523
          }
        ]
      },
      {
        "insertions": 70,
        "deletions": 25,
        "date": "2019-10-09",
        "commitResults": [
          {
            "hash": "032e65d60c4f2b4e777672d648b479f62cc02c17",
            "messageTitle": "Created ListTasksCommand and implemented beginnings of list tasks behavior in Command Manager; created response in Ui for successful task list reading; changed default \u0027dateTime\u0027 value of Task to an empty string in order to prevent null pointer exceptions in future",
            "messageBody": "",
            "insertions": 54,
            "deletions": 13
          },
          {
            "hash": "bf7da979732514c9841b5bca7281cfa9de98b6b6",
            "messageTitle": "Mainly altering formatting/phrasing, while finalizing listTasks command functionality by altering Ui output",
            "messageBody": "",
            "insertions": 15,
            "deletions": 11
          },
          {
            "hash": "0961e9892e53273ff0bace8d3eb0fadc868c4aee",
            "messageTitle": "Updated instantiation of empty ArrayList\u003cTask\u003e when Duke cannot read prior saved stored task file.",
            "messageBody": "",
            "insertions": 1,
            "deletions": 1
          }
        ]
      },
      {
        "insertions": 72,
        "deletions": 39,
        "date": "2019-10-14",
        "commitResults": [
          {
            "hash": "799b2409c33db5c34c1f87fc8afbec900ad036ea",
            "messageTitle": "Created Parser class and method for \u0027add\u0027 tasks specifically.",
            "messageBody": "",
            "insertions": 26,
            "deletions": 0
          },
          {
            "hash": "47c87eb44b711fbd7333feeb180ca285c3801f07",
            "messageTitle": "Finalizing parsing method for add commands. Still need to distinguish \u0027add task\u0027 from \u0027add patient\u0027 in CommandManager, but same method can be called and utilized for either instance.",
            "messageBody": "",
            "insertions": 15,
            "deletions": 26
          },
          {
            "hash": "2e9a04c29397f97cd7bfb43d84b9747d5d7b666a",
            "messageTitle": "Finalizing parsing methods and reformatting creation/execution of AddPatientCommand and AddStandardTaskCommand so that both classes\u0027 behavior is more standardized.",
            "messageBody": "",
            "insertions": 13,
            "deletions": 13
          },
          {
            "hash": "eced593e5c886491fe322dd01cdaaae9058aa2d9",
            "messageTitle": "Beginning of parser method for \u0027assign\u0027. Checks specifically if the user indicates assignment by ID.",
            "messageBody": "",
            "insertions": 18,
            "deletions": 0
          }
        ]
      },
      {
        "insertions": 139,
        "deletions": 98,
        "date": "2019-10-15",
        "commitResults": [
          {
            "hash": "3e9ae2d14acafe0a8e2ab3185e13d04c4c51f33e",
            "messageTitle": "Successful implementation of \u0027assign by id: \u0027 for standard tasks. Still encountering parsing difficulties with event task assignments.",
            "messageBody": "",
            "insertions": 43,
            "deletions": 33
          },
          {
            "hash": "8a1d023679a2001209e725b0304fa9763335c178",
            "messageTitle": "Updated parser method to successfully parse \u0027E\u0027 assignments.",
            "messageBody": "",
            "insertions": 16,
            "deletions": 8
          },
          {
            "hash": "b80b406d492549c8f19699c82897ccbd497759dd",
            "messageTitle": "Implemented parser functionality for \u0027delete patient #\u003cID_NUMBER\u003e\u0027. Reformatted DeletePatientCommand slightly to make constructor actions more relevant, and cleaned up its .execute() method so that it has less parsing responsibility.",
            "messageBody": "",
            "insertions": 39,
            "deletions": 23
          },
          {
            "hash": "a9c1a36dff6433de5f546dc2dcb9fd2f4e2da675",
            "messageTitle": "Refactored .parseDelete() to .parseDeletePatient() in order to prevent future difficulties in specificity of returned parsed values.",
            "messageBody": "",
            "insertions": 3,
            "deletions": 7
          },
          {
            "hash": "849e33dfe5923109216b2e37b04a6b74b6e660ef",
            "messageTitle": "Implemented functionality of \u0027.parseDeleteTask()\u0027 so that all cases of deletion are handled. Attempted to clean up excess of try/catch statements, but will need further revisions.",
            "messageBody": "",
            "insertions": 38,
            "deletions": 27
          }
        ]
      },
      {
        "insertions": 99,
        "deletions": 314,
        "date": "2019-10-16",
        "commitResults": [
          {
            "hash": "c5e78f7a9b9e6827d7b945230036a755cf0ba60b",
            "messageTitle": "Revised based on team feedback. Now using \u0027#\u0027 as an indicator of a deletion by ID within the DeletePatient/TaskCommand classes. Minimizes actual parsing within the Parser, but for the moment, it\u0027s a reasonable solution. Will implement a better solution later.",
            "messageBody": "",
            "insertions": 12,
            "deletions": 31
          },
          {
            "hash": "e7628dc4bdb0f7039af7b73b951a619a343f822f",
            "messageTitle": "Added ParserTest class + tests for the \u0027add\u0027 method.",
            "messageBody": "",
            "insertions": 31,
            "deletions": 0
          },
          {
            "hash": "d0ca0d240b4cb6f30028daaf73f62cc11e6de7aa",
            "messageTitle": "Added \u0027assign\u0027 method tests in ParserTest class.",
            "messageBody": "",
            "insertions": 32,
            "deletions": 0
          },
          {
            "hash": "425f8fd22950fa2a87a0b41813243939c73536c3",
            "messageTitle": "Added test methods for \u0027delete patient\u0027 and \u0027delete task\u0027 instances within the Parser class.",
            "messageBody": "",
            "insertions": 24,
            "deletions": 3
          },
          {
            "hash": "9acfafde4178e9dafe184cc85e361296ff5b7669",
            "messageTitle": "Removed all unnecessary tests.",
            "messageBody": "",
            "insertions": 0,
            "deletions": 280
          }
        ]
      },
      {
        "insertions": 1,
        "deletions": 11,
        "date": "2019-10-17",
        "commitResults": [
          {
            "hash": "4b2c1def4d8cc2a0c14370af8a5c7654ede761c9",
            "messageTitle": "JUnit test fixing.",
            "messageBody": "",
            "insertions": 1,
            "deletions": 11
          }
        ]
      },
      {
        "insertions": 16,
        "deletions": 13,
        "date": "2019-10-18",
        "commitResults": [
          {
            "hash": "99767e4ae35d69cbfcf5b9db3bf66939b23a8d28",
            "messageTitle": "Updated tests to adhere to checkstyle rules, and updated CommandManagerTest specifically to no longer contain outdated tests.",
            "messageBody": "",
            "insertions": 16,
            "deletions": 13
          }
        ]
      },
      {
        "insertions": 162,
        "deletions": 121,
        "date": "2019-10-20",
        "commitResults": [
          {
            "hash": "cdde611cd62b9300a10a440633ab907fcf36cb61",
            "messageTitle": "Small changes to minimize redundancy in the CommandManager, and shift parsing duties over to the Parser class. Successfully implemented for \u0027list\u0027 commands.",
            "messageBody": "",
            "insertions": 18,
            "deletions": 12
          },
          {
            "hash": "ebb22eab8903db85e604cade8eb2674d98be920c",
            "messageTitle": "Successful implementation of \u0027find patient\u0027 into Parser with cleaned-up logic. Still trying to successfully implement this parsing into \u0027find patient task\u0027.",
            "messageBody": "",
            "insertions": 144,
            "deletions": 109
          }
        ]
      },
      {
        "insertions": 123,
        "deletions": 110,
        "date": "2019-10-21",
        "commitResults": [
          {
            "hash": "b602665fd63b532b7b7d333904f09e1e3540cbe5",
            "messageTitle": "removed \u0027help\u0027 command import from CommandManagerTest",
            "messageBody": "",
            "insertions": 0,
            "deletions": 1
          },
          {
            "hash": "3c8ad8400482eb90f3cf4111bbc24ed2b2d6e5b5",
            "messageTitle": "Altered code based on feedback from checkstyle.",
            "messageBody": "",
            "insertions": 30,
            "deletions": 25
          },
          {
            "hash": "2433781c8bb2f87e3a510fe61a9a8883bba5e587",
            "messageTitle": "Added necessary imports to improve compatibility during merge.",
            "messageBody": "",
            "insertions": 4,
            "deletions": 0
          },
          {
            "hash": "526e44460639807c27f71fbfb3b16500ca2a49df",
            "messageTitle": "Modifying to satisfy conditions of checkstyle.",
            "messageBody": "",
            "insertions": 28,
            "deletions": 23
          },
          {
            "hash": "80294664f6087ae2b8a2d7bc633202c20366f345",
            "messageTitle": "Changed formatting of CommandManager to pass Checkstyle tests.",
            "messageBody": "",
            "insertions": 61,
            "deletions": 61
          }
        ]
      },
      {
        "insertions": 276,
        "deletions": 233,
        "date": "2019-10-22",
        "commitResults": [
          {
            "hash": "675ee3c4112f54012818f4b46f9ac64349bec962",
            "messageTitle": "Altered CommandManager based on Kejun\u0027s feedback. Reduced redundant checks, and reorganized orders of certain conditions to prevent bugs.",
            "messageBody": "",
            "insertions": 11,
            "deletions": 14
          },
          {
            "hash": "026ca9d51c386aaa5981ae8156a9bc3ff2e6bb16",
            "messageTitle": "Parser class alterations done to work with \u0027:\u0027 parsing.",
            "messageBody": "",
            "insertions": 134,
            "deletions": 76
          },
          {
            "hash": "b0091f4fdd828bb768e9b5300994a26fd255453b",
            "messageTitle": "CommandManager alterations to accommodate \u0027:\u0027 parsing.",
            "messageBody": "",
            "insertions": 34,
            "deletions": 69
          },
          {
            "hash": "cee02b4084d13fe582179dfdba4ab3ac289d5a38",
            "messageTitle": "Alterations done to ParserTest class to accommodate new approach with \u0027:\u0027 parsing.",
            "messageBody": "",
            "insertions": 64,
            "deletions": 42
          },
          {
            "hash": "997f20b5def3e53314155c7903471fac049931fd",
            "messageTitle": "Fixing unintended implementations--to be handled by respective owners.",
            "messageBody": "",
            "insertions": 6,
            "deletions": 6
          },
          {
            "hash": "8f75b4d359c92e956c0a3b3e77591f0ec5e76453",
            "messageTitle": "Removing \u0027side effect\u0027 alterations from branch.",
            "messageBody": "",
            "insertions": 4,
            "deletions": 3
          },
          {
            "hash": "d4a7c9a6fdb14bb23effb41d8e2471e2991c13f4",
            "messageTitle": "Changed naming of certain commands based on feedback; attempted to make more sensible/less similar to other commands.",
            "messageBody": "",
            "insertions": 23,
            "deletions": 23
          }
        ]
      },
      {
        "insertions": 130,
        "deletions": 63,
        "date": "2019-10-23",
        "commitResults": [
          {
            "hash": "49e6266cd38336754fe7458ab93fee514b205571",
            "messageTitle": "Alterations to allow Travis to pass checks; slight tweaks to Update classes that should be revisited by actual author to make sure logic works; tweaked ParserTests to be compliant to new format for user input.",
            "messageBody": "",
            "insertions": 23,
            "deletions": 31
          },
          {
            "hash": "00e993af7335ff22d3285306aafae467117e78af",
            "messageTitle": "Revisions made to aid Delete Assigned Task Command; should prevent null exception in instances where user uses unique ID",
            "messageBody": "",
            "insertions": 22,
            "deletions": 9
          },
          {
            "hash": "c5ac1522dfa2ea5ea54436d5760f1901facd03c6",
            "messageTitle": "Updated \u0027find patient tasks\u0027 command to \u0027find assigned tasks\u0027 in order to keep commands clear and consistent.",
            "messageBody": "",
            "insertions": 4,
            "deletions": 4
          },
          {
            "hash": "c0c63cec2194700a09a03ab2012f2c29e4cd63ee",
            "messageTitle": "Last commit--had slight typo in phrasing of command.",
            "messageBody": "",
            "insertions": 3,
            "deletions": 3
          },
          {
            "hash": "e59c8807ec0f59be5225a8133cd49f7318b64afd",
            "messageTitle": "Last typo correction. Tells user how to correctly input command.",
            "messageBody": "",
            "insertions": 1,
            "deletions": 1
          },
          {
            "hash": "a2dec32995de656c17e75eca2d81ae18bb08ca90",
            "messageTitle": "More alterations based on group feedback, changed \u0027patient task\u0027 commands to \u0027assigned task\u0027 commands for sake of clarity. Fixed typos in exception methods.",
            "messageBody": "",
            "insertions": 13,
            "deletions": 13
          },
          {
            "hash": "97c2d4d2eeb05095091ddd327dcb0782a64f9ea6",
            "messageTitle": "Forgot one tiny letter in command that was necessary for functionality--sorry for all the commits.",
            "messageBody": "",
            "insertions": 1,
            "deletions": 1
          },
          {
            "hash": "fb04d35376dc5a01f245e6a06f6c155b159e0904",
            "messageTitle": "Altered parseDeleteAssignedTask() based on feedback from group members + their needs in implementing their command classes.",
            "messageBody": "",
            "insertions": 1,
            "deletions": 1
          },
          {
            "hash": "1245a66cc4dfb8d1d9d48c97d1154e24b12a6043",
            "messageTitle": "Created ParserTest tests for remaining methods in Parser that were previously uncovered.",
            "messageBody": "",
            "insertions": 62,
            "deletions": 0
          }
        ]
      },
      {
        "insertions": 1,
        "deletions": 1,
        "date": "2019-10-24",
        "commitResults": [
          {
            "hash": "a2e0a6abf80afde29b78952ab304d20f4dbca555",
            "messageTitle": "Fixing exception messages for accuracy.",
            "messageBody": "",
            "insertions": 1,
            "deletions": 1
          }
        ]
      },
      {
        "insertions": 236,
        "deletions": 266,
        "date": "2019-10-28",
        "commitResults": [
          {
            "hash": "f24a96283cb26e2779f75ce89e38b3b25840b126",
            "messageTitle": "Command descriptions for each of the available commands.",
            "messageBody": "",
            "insertions": 49,
            "deletions": 0
          },
          {
            "hash": "8a2f47f8d02f44c70c60aeef58ed37593a48e542",
            "messageTitle": "Finalizing CLI-compatible HelpCommand--shows list of commands + their formats.",
            "messageBody": "",
            "insertions": 18,
            "deletions": 1
          },
          {
            "hash": "476bcfc9666d83182bdd97f2ac0fa0ac738ebaf3",
            "messageTitle": "Beginning implementations for Help feature in the GUI.",
            "messageBody": "",
            "insertions": 51,
            "deletions": 1
          },
          {
            "hash": "c4662bbc4e5250537c7401268485e8920fac685d",
            "messageTitle": "Parser changes--simplified class to handle every input instance with one method.",
            "messageBody": "",
            "insertions": 8,
            "deletions": 209
          },
          {
            "hash": "ca6aeffe573c326839e8cc4c3f5f696aecc48957",
            "messageTitle": "All changes done for ParserTest.",
            "messageBody": "",
            "insertions": 43,
            "deletions": 43
          },
          {
            "hash": "9731fdf838319f0133dcea62ea2cf2cd8fcb0ac0",
            "messageTitle": "All changes made to CommandManager--now more responsible for throwing specific error messages.",
            "messageBody": "",
            "insertions": 67,
            "deletions": 12
          }
        ]
      },
      {
        "insertions": 472,
        "deletions": 303,
        "date": "2019-10-29",
        "commitResults": [
          {
            "hash": "8bc5e192da0fb069f0276e19f0839095e1229fff",
            "messageTitle": "Changes to implement a HelpBox which displays commands available for use by the user in the GUI.",
            "messageBody": "",
            "insertions": 436,
            "deletions": 284
          },
          {
            "hash": "452cbf5241ee2860ebe12598ccb3f3d7326f2623",
            "messageTitle": "Updates to keep additions complaint with checkstyle requirements.",
            "messageBody": "",
            "insertions": 19,
            "deletions": 1
          },
          {
            "hash": "bba23acf613efce03ac55c8d02866389cbcb740c",
            "messageTitle": "Removed unnecessary method call to showHelpGuide().",
            "messageBody": "",
            "insertions": 0,
            "deletions": 1
          },
          {
            "hash": "5dc62fcdf07b75dbd3d7584f305a76a633d6fc3d",
            "messageTitle": "Update Ui.java",
            "messageBody": "Fixing indentation issues from checkstyle",
            "insertions": 6,
            "deletions": 6
          },
          {
            "hash": "36e9dc99b5d1316459a23ba54223f7a1ddc9e3b9",
            "messageTitle": "Update Ui.java",
            "messageBody": "",
            "insertions": 1,
            "deletions": 1
          },
          {
            "hash": "24d59ac307ed2b0527a147fcac8cda39d4c88001",
            "messageTitle": "Update Ui.java",
            "messageBody": "",
            "insertions": 7,
            "deletions": 7
          },
          {
            "hash": "b7d1f05716e2df5941dfa9c00a933ba125e3530c",
            "messageTitle": "Update Ui.java",
            "messageBody": "",
            "insertions": 1,
            "deletions": 1
          },
          {
            "hash": "2d2cc5bb13fceb38041feb26255fa58832f2cc8d",
            "messageTitle": "Update Ui.java",
            "messageBody": "",
            "insertions": 1,
            "deletions": 1
          },
          {
            "hash": "2b4150f04eecc72110246006db6fcc0b4a75d770",
            "messageTitle": "Update Ui.java",
            "messageBody": "Travis checkstyle is for some reason unresolvable. Have taken 5+ commits to try and fix an indentation problem, but it doesn\u0027t seem like it can be helped. Reverting file back to what it was originally.",
            "insertions": 1,
            "deletions": 1
          }
        ]
      },
      {
        "insertions": 16,
        "deletions": 11,
        "date": "2019-10-30",
        "commitResults": [
          {
            "hash": "c72d5792b3da59228aafe9c287fadf774c2c93ea",
            "messageTitle": "Merge branch \u0027master\u0027 of https://github.com/AY1920S1-CS2113-T13-2/main into help-guide",
            "messageBody": "# Conflicts:\n#\tsrc/main/java/duke/util/Ui.java\nAlterations to make the help guide accurate and up-to-date.\n",
            "insertions": 14,
            "deletions": 9
          },
          {
            "hash": "a607c4761664fc0d18aaccd8fc6aea2bb8f40c3f",
            "messageTitle": "Reverting back slight unintentional change.",
            "messageBody": "",
            "insertions": 1,
            "deletions": 1
          },
          {
            "hash": "100931c6a47c3a3a13c0747c54906451b2dec7f6",
            "messageTitle": "Update Ui.java",
            "messageBody": "Removing small unintentional change.",
            "insertions": 1,
            "deletions": 1
          }
        ]
      },
      {
        "insertions": 108,
        "deletions": 76,
        "date": "2019-10-31",
        "commitResults": [
          {
            "hash": "f212dcc99c54e04970400c7fa9b79a0cf2325fda",
            "messageTitle": "Improvements for Help Guide readability.",
            "messageBody": "",
            "insertions": 107,
            "deletions": 75
          },
          {
            "hash": "e2f441fe359b66ae1d94eabb92a12b7b85bc25e1",
            "messageTitle": "Checkstyle compliancy.",
            "messageBody": "",
            "insertions": 1,
            "deletions": 1
          }
        ]
      },
      {
        "insertions": 200,
        "deletions": 20,
        "date": "2019-11-03",
        "commitResults": [
          {
            "hash": "be8cd9b3933b8d34fa3492a2b8ee38ab81bf4040",
            "messageTitle": "Beginning implementations for UpcomingTasks feature; not implemented in GUI yet--just CLI.",
            "messageBody": "",
            "insertions": 112,
            "deletions": 0
          },
          {
            "hash": "99fbdcd780d352aeb3ffcfedaedde478a0c8e077",
            "messageTitle": "Altered Ui method so that output actually displays in GUI Command window.",
            "messageBody": "",
            "insertions": 4,
            "deletions": 2
          },
          {
            "hash": "ddf06e7f90fd3379f701832a078388e9e9687776",
            "messageTitle": "Formatting alterations for improved user understanding.",
            "messageBody": "",
            "insertions": 17,
            "deletions": 6
          },
          {
            "hash": "b0eff81c01fb99bf36d93e07f0b32bd2b7493b96",
            "messageTitle": "Improvements in output for CLI. Now displays Unique task ID, task description, and patient involved.",
            "messageBody": "",
            "insertions": 23,
            "deletions": 9
          },
          {
            "hash": "8baf68e890a7f28e4b73d33a1c9066b903780efc",
            "messageTitle": "Quick adjustments to adhere to Checkstyle.",
            "messageBody": "",
            "insertions": 42,
            "deletions": 3
          },
          {
            "hash": "03ac8223e574b151698fe1d6a24b316cd22e2aa6",
            "messageTitle": "Quick update to indicate ownership.",
            "messageBody": "",
            "insertions": 2,
            "deletions": 0
          }
        ]
      },
      {
        "insertions": 177,
        "deletions": 4,
        "date": "2019-11-04",
        "commitResults": [
          {
            "hash": "b2a61a606168fde6e870633fc4c45b774225f861",
            "messageTitle": "First implementations for UpcomingTasks GUI.",
            "messageBody": "",
            "insertions": 177,
            "deletions": 4
          }
        ]
      },
      {
        "insertions": 129,
        "deletions": 60,
        "date": "2019-11-05",
        "commitResults": [
          {
            "hash": "2890a658d45c13027ca2cf630e2511f680753833",
            "messageTitle": "Work in progress of GUI implementation. Need to troubleshoot for difficulties displaying tasks through CLI too, now.",
            "messageBody": "",
            "insertions": 66,
            "deletions": 15
          },
          {
            "hash": "50317714537274645357b1a76dee9426115bf5d4",
            "messageTitle": "Altered logic for date/time checks in order to prevent excessive filtering. Altered GUI method in MainWindow to create UpcomingTasks directly in the window due to unsuccessful referencing of UpcomingTasksCommand.",
            "messageBody": "",
            "insertions": 41,
            "deletions": 32
          },
          {
            "hash": "f5f6e4d28394ac5d439eeb3288975f0ca324dd4e",
            "messageTitle": "Checkstyle compliancy.",
            "messageBody": "",
            "insertions": 22,
            "deletions": 13
          }
        ]
      },
      {
        "insertions": 54,
        "deletions": 1,
        "date": "2019-11-06",
        "commitResults": [
          {
            "hash": "93d2d9338eee90bb431e4d699045a391b877b1cf",
            "messageTitle": "Updated Upcoming Tasks GUI to accommodate long lists of tasks assigned to a date--the user can now scroll through the list.",
            "messageBody": "",
            "insertions": 54,
            "deletions": 1
          }
        ]
      }
    ],
    "kkeejjuunn": [
      {
        "insertions": 34,
        "deletions": 8,
        "date": "2019-10-02",
        "commitResults": [
          {
            "hash": "9f33d15b6ca17c75b4808e380de8352ac63c78c5",
            "messageTitle": "Update help command",
            "messageBody": "",
            "insertions": 14,
            "deletions": 8
          },
          {
            "hash": "073a69470e647651924102e0a07c4db1e912cd4f",
            "messageTitle": "add JUnit test for FixedDurationTask",
            "messageBody": "",
            "insertions": 20,
            "deletions": 0
          }
        ]
      },
      {
        "insertions": 1,
        "deletions": 1,
        "date": "2019-10-14",
        "commitResults": [
          {
            "hash": "b15c60792c451511b35c77a42579a28377692d95",
            "messageTitle": "Update TaskManager.java",
            "messageBody": "",
            "insertions": 1,
            "deletions": 1
          }
        ]
      },
      {
        "insertions": 3,
        "deletions": 1,
        "date": "2019-10-16",
        "commitResults": [
          {
            "hash": "3dc29d9d74387e78044664d524acf276c4eb2b63",
            "messageTitle": "Update UpdatePatientCommand.java",
            "messageBody": "",
            "insertions": 3,
            "deletions": 1
          }
        ]
      },
      {
        "insertions": 69,
        "deletions": 65,
        "date": "2019-10-28",
        "commitResults": [
          {
            "hash": "707638bc8ce04465ff83c65a5ee2760472978afb",
            "messageTitle": "Allow user to update remark of a patient.",
            "messageBody": "",
            "insertions": 14,
            "deletions": 4
          },
          {
            "hash": "591b45985329f8bdcd8f269e5a59b68d76bfce39",
            "messageTitle": "Fix delete patient command after GUI implementation.",
            "messageBody": "",
            "insertions": 31,
            "deletions": 30
          },
          {
            "hash": "3a961629d33d4ac0477f73bbcedd6b4b555861e1",
            "messageTitle": "Update find patient command so that if any patients\u0027 name contain the input name will be listed out.",
            "messageBody": "",
            "insertions": 12,
            "deletions": 4
          },
          {
            "hash": "9fe14f048a35718c6be16ed0dbdb91a02c13d450",
            "messageTitle": "Fix delete task command after implementing GUI.",
            "messageBody": "",
            "insertions": 12,
            "deletions": 27
          }
        ]
      },
      {
        "insertions": 44,
        "deletions": 15,
        "date": "2019-10-29",
        "commitResults": [
          {
            "hash": "4fa93bd6a0b0decd6eba10326465ca67c65df9ab",
            "messageTitle": "Implement logger for all patient and task related command.",
            "messageBody": "",
            "insertions": 44,
            "deletions": 15
          }
        ]
      },
      {
        "insertions": 3,
        "deletions": 4,
        "date": "2019-10-30",
        "commitResults": [
          {
            "hash": "e974a75fd633da44f6356bfeec7533a20f2d91b2",
            "messageTitle": "Fix the wrong name parsed.",
            "messageBody": "",
            "insertions": 3,
            "deletions": 4
          }
        ]
      },
      {
        "insertions": 130,
        "deletions": 0,
        "date": "2019-11-02",
        "commitResults": [
          {
            "hash": "39fa566c1b0cad31b2457e68724a18e6d6fb1d80",
            "messageTitle": "Add JUnit Test for TaskManager model.",
            "messageBody": "",
            "insertions": 130,
            "deletions": 0
          }
        ]
      },
      {
        "insertions": 103,
        "deletions": 12,
        "date": "2019-11-03",
        "commitResults": [
          {
            "hash": "dad883fd8bfc294eee5c1b646b741e4cd4116888",
            "messageTitle": "Implement the check of name, NRIC, room number while adding a new patient.",
            "messageBody": "",
            "insertions": 103,
            "deletions": 12
          }
        ]
      },
      {
        "insertions": 45,
        "deletions": 27,
        "date": "2019-11-04",
        "commitResults": [
          {
            "hash": "0f8499a563a7e33b14991da47af2db97a907ff51",
            "messageTitle": "Add constraints while adding a new task.",
            "messageBody": "",
            "insertions": 42,
            "deletions": 20
          },
          {
            "hash": "969f2f1d7891d54af352b9e6e386f7dee24b7162",
            "messageTitle": "Update the check based on Lauren\u0027s comment.",
            "messageBody": "",
            "insertions": 3,
            "deletions": 7
          }
        ]
      },
      {
        "insertions": 392,
        "deletions": 168,
        "date": "2019-11-05",
        "commitResults": [
          {
            "hash": "7c1d63655b5a1f655bba8758084751fcd15fff11",
            "messageTitle": "Add JUnit test for patient model.",
            "messageBody": "",
            "insertions": 212,
            "deletions": 3
          },
          {
            "hash": "9556264f1a29aa2d48a3b2f8d067fa0cee325311",
            "messageTitle": "Complete patient related command JavaDoc.",
            "messageBody": "",
            "insertions": 44,
            "deletions": 44
          },
          {
            "hash": "c764909a80cfd3179190031cbf6029fd08f9aec4",
            "messageTitle": "Complete task related command JavaDoc and refactor related code.",
            "messageBody": "",
            "insertions": 56,
            "deletions": 34
          },
          {
            "hash": "fd64e622a52ef2069841e1b55a3877d1bbede6f4",
            "messageTitle": "Fix checkstyle.",
            "messageBody": "",
            "insertions": 1,
            "deletions": 1
          },
          {
            "hash": "985dcda79f648fc196091c21b0c109a6f81dcbe6",
            "messageTitle": "Complete patient related model JavaDoc.",
            "messageBody": "",
            "insertions": 49,
            "deletions": 47
          },
          {
            "hash": "1e0376128f6dddc395d772403e3ddda9f0c5670b",
            "messageTitle": "Update javadoc of task related model and correct the javadoc in PatientManager.",
            "messageBody": "",
            "insertions": 30,
            "deletions": 39
          }
        ]
      }
    ],
    "WEIFENG-NUSCEG": [
      {
        "insertions": 551,
        "deletions": 203,
        "date": "2019-10-11",
        "commitResults": [
          {
            "hash": "318ea79c484231e07dde820a5927096b28619d2c",
            "messageTitle": "Update the framework of the program, removed StandardTask, implemented a new task class call PatientTask to relate both Patient and Task",
            "messageBody": "",
            "insertions": 496,
            "deletions": 199
          },
          {
            "hash": "f7c7f863edc70efcd20e3856741162bba5a9e650",
            "messageTitle": "Moved the abstract PatientTask and its inheritance into a new package call relation",
            "messageBody": "",
            "insertions": 53,
            "deletions": 0
          },
          {
            "hash": "2aceec53b8a06d209606c4a36166e2d574ed6a72",
            "messageTitle": "Fixed the problem that the CSV file to store data is corrupted",
            "messageBody": "",
            "insertions": 2,
            "deletions": 4
          }
        ]
      },
      {
        "insertions": 84,
        "deletions": 72,
        "date": "2019-10-14",
        "commitResults": [
          {
            "hash": "a36e2b010195598cc1e0a07b8a0c4392f0a3d5b0",
            "messageTitle": "Fixed a minor bug on the ui display of our assign task function. Standardised the format of the Parser , we move all the extra parsing part from the Command manager to the individual command instead of pile up everything in Command Manager. Do take a look of the AssignTaskToPatient Class",
            "messageBody": "",
            "insertions": 31,
            "deletions": 20
          },
          {
            "hash": "9a8b5369254843a86eee59a806429c046e004c10",
            "messageTitle": "Revert \"Fixed a minor bug on the ui display of our assign task function.\"",
            "messageBody": "This reverts commit a36e2b010195598cc1e0a07b8a0c4392f0a3d5b0.\n",
            "insertions": 20,
            "deletions": 31
          },
          {
            "hash": "1545abf891bd9347993969d415b9d57e4bb9fa76",
            "messageTitle": "Standardised the format of the Parser , we move all the extra parsing part from the Command manager to the individual command instead of pile up everything in Command Manager. Do take a look of the AssignTaskToPatient Class",
            "messageBody": "",
            "insertions": 33,
            "deletions": 21
          }
        ]
      },
      {
        "insertions": 98,
        "deletions": 3,
        "date": "2019-10-15",
        "commitResults": [
          {
            "hash": "2608639c7e95b7d0139bab3ebff95fd86433e392",
            "messageTitle": "Update the function to find the tasks associate to a patient by his/her ID or Name",
            "messageBody": "",
            "insertions": 98,
            "deletions": 3
          }
        ]
      },
      {
        "insertions": 186,
        "deletions": 4,
        "date": "2019-10-16",
        "commitResults": [
          {
            "hash": "bd145855cfcc6d1e940a87e5ed548a5f34433400",
            "messageTitle": "Implemented the function to delete the Patient\u0027s task assigned by his name or id and the task id + time",
            "messageBody": "",
            "insertions": 186,
            "deletions": 4
          }
        ]
      },
      {
        "insertions": 14,
        "deletions": 8,
        "date": "2019-10-18",
        "commitResults": [
          {
            "hash": "e986f0d1423528dab3001b7f68253f9b4491c753",
            "messageTitle": "Fine tune the patienttask delete function, bug of throwing null error message when trying to remove a patienttask has been solved",
            "messageBody": "",
            "insertions": 14,
            "deletions": 8
          }
        ]
      },
      {
        "insertions": 136,
        "deletions": 280,
        "date": "2019-10-19",
        "commitResults": [
          {
            "hash": "8f9ee8ecaa388af135b9873ea6a81929f735d188",
            "messageTitle": "Standardise the input format for assign function, now we can assign task to a patient throw their name and description. Fully implemented the delete patient\u0027s task function, we can delete a patient\u0027s task throw their task\u0027s unique ID. We have to key the unique id of task when we are trying to assign a task to a patient.",
            "messageBody": "",
            "insertions": 52,
            "deletions": 121
          },
          {
            "hash": "d66d4cc07d760e99e6980836dda63ac03633be6f",
            "messageTitle": "Modified the code spacing to match the check style requirement",
            "messageBody": "",
            "insertions": 82,
            "deletions": 57
          },
          {
            "hash": "1643a1c16321559fa4156b2929832c530af08e2e",
            "messageTitle": "updated the storage saving to delete function",
            "messageBody": "",
            "insertions": 2,
            "deletions": 0
          },
          {
            "hash": "516a8fbed92f7d0f4a8d508fbae4b62e0976763a",
            "messageTitle": "delete the parsertest as it need to be reworked",
            "messageBody": "",
            "insertions": 0,
            "deletions": 102
          }
        ]
      },
      {
        "insertions": 163,
        "deletions": 47,
        "date": "2019-10-20",
        "commitResults": [
          {
            "hash": "a4fa8ad6f5e1b8c4de0009d2482118c887cd651a",
            "messageTitle": "The unique id of assigned tasks to a patient are previously decided by the user manually, now the PatienttaskList is able to auto generate it",
            "messageBody": "",
            "insertions": 163,
            "deletions": 47
          }
        ]
      },
      {
        "insertions": 74,
        "deletions": 40,
        "date": "2019-10-21",
        "commitResults": [
          {
            "hash": "edd8c633586c532d673757b15ef366697198132f",
            "messageTitle": "This update gives the user a new function to remove all the tasks assigned to a patient in one command",
            "messageBody": "",
            "insertions": 56,
            "deletions": 36
          },
          {
            "hash": "28ea849971311de9ca44167bad2d2973c7eb0c27",
            "messageTitle": "fixed some minor bugs",
            "messageBody": "",
            "insertions": 1,
            "deletions": 2
          },
          {
            "hash": "8dd739d00f57c16f6def9c96781c095f6aeca0f2",
            "messageTitle": "adjustment for checkstyle",
            "messageBody": "",
            "insertions": 2,
            "deletions": 2
          },
          {
            "hash": "c79a527fb82c7914c8e8907e59ab1b19d222a986",
            "messageTitle": "update a function to delete all the patienttask with the same task id",
            "messageBody": "",
            "insertions": 15,
            "deletions": 0
          }
        ]
      },
      {
        "insertions": 1,
        "deletions": 1,
        "date": "2019-10-22",
        "commitResults": [
          {
            "hash": "13ee860768fb34d5aaa35dad1487e986a3abe380",
            "messageTitle": "renamed the function from deleteAllPatientTaskByTaskName to deleteAllPatientTaskByTaskId",
            "messageBody": "",
            "insertions": 1,
            "deletions": 1
          }
        ]
      },
      {
        "insertions": 15,
        "deletions": 16,
        "date": "2019-10-23",
        "commitResults": [
          {
            "hash": "faf1621c854dd5c9a2ee928a17adb6430d87637c",
            "messageTitle": "revert some csv file to avoid conflict",
            "messageBody": "",
            "insertions": 5,
            "deletions": 4
          },
          {
            "hash": "a0f0de87e0c250a03d32167b925342124a791bee",
            "messageTitle": "exclude the implementation in CommandManager",
            "messageBody": "",
            "insertions": 0,
            "deletions": 2
          },
          {
            "hash": "db40d0a1a90053fcf11803b3fd33dba007d3ae20",
            "messageTitle": "resolved the conflict with the parser class",
            "messageBody": "",
            "insertions": 8,
            "deletions": 8
          },
          {
            "hash": "d6eddbb9f03f58ece19cbf9729a3640ccfffd597",
            "messageTitle": "travis stuck",
            "messageBody": "",
            "insertions": 2,
            "deletions": 2
          }
        ]
      },
      {
        "insertions": 198,
        "deletions": 31,
        "date": "2019-10-25",
        "commitResults": [
          {
            "hash": "73eb05a5dabedb7072a51e5baa6e31da421c711e",
            "messageTitle": "A testing code for the undo command using Memento Pattern input command : \"undo\" to reverse any change u have made from last step, undo command has a limit when u\u0027ve basically undo everything to the original state (In another word : it\u0027s the state when you just open the program)",
            "messageBody": "",
            "insertions": 173,
            "deletions": 23
          },
          {
            "hash": "0e983b769b335a784e2338c523bbbb48e74568a7",
            "messageTitle": "resolve some conflicts",
            "messageBody": "",
            "insertions": 4,
            "deletions": 1
          },
          {
            "hash": "8f40b0b24c00048632e3ab02f95c7d3ba92215ee",
            "messageTitle": "correct the format of import",
            "messageBody": "",
            "insertions": 0,
            "deletions": 1
          },
          {
            "hash": "76f51044ab5b2510289a6e8c251f3a0043137f7b",
            "messageTitle": "resolve style problem",
            "messageBody": "",
            "insertions": 20,
            "deletions": 5
          },
          {
            "hash": "b7d86bcde1f433fd82fafcf89b977aa3932c8203",
            "messageTitle": "Update UndoCommand.java",
            "messageBody": "",
            "insertions": 1,
            "deletions": 1
          }
        ]
      },
      {
        "insertions": 74,
        "deletions": 108,
        "date": "2019-10-28",
        "commitResults": [
          {
            "hash": "a9db2069d5d3d48f51bafb7ac43fc4a7b5f7aa8a",
            "messageTitle": ".Simplify the logic of the delete assigned task command and find assigned task command, .Fixed certain bugs on them (since they are so straight forward now shouldn\u0027t have bugs anymore) .Handled exceptions properly .Modify the parseDeleteAssignedTask : Now it only return a string instead of array. (since we have come to an agreement that we only do the CRUD through the ID only)",
            "messageBody": "",
            "insertions": 46,
            "deletions": 101
          },
          {
            "hash": "0c6411741581076d00bd694033cb26e197f79c4a",
            "messageTitle": "some parser needs to rework",
            "messageBody": "",
            "insertions": 3,
            "deletions": 2
          },
          {
            "hash": "5da514732d2a2736518959d770450e60fa0cfd26",
            "messageTitle": "fix the bug that delete assigned task by task id will terminate itself once a task is found",
            "messageBody": "",
            "insertions": 1,
            "deletions": 2
          },
          {
            "hash": "b11d83af97d9c09048005bff7454e0cec336ef6b",
            "messageTitle": "no message",
            "messageBody": "",
            "insertions": 1,
            "deletions": 1
          },
          {
            "hash": "a15a4e793138c53ca32638d65595dc7dc684a373",
            "messageTitle": "fixed the bug in the delete process of a multimap",
            "messageBody": "",
            "insertions": 22,
            "deletions": 1
          },
          {
            "hash": "1ceece45957fb105b0ec8c58b89dec9cd6647732",
            "messageTitle": "Update AssignedTaskManager.java",
            "messageBody": "",
            "insertions": 1,
            "deletions": 1
          }
        ]
      },
      {
        "insertions": 160,
        "deletions": 41,
        "date": "2019-10-29",
        "commitResults": [
          {
            "hash": "50f1966e3b9f084ea2696017cb65bfca5e8d68b4",
            "messageTitle": "BUG FIX ON the unique task id loaded from storage, BUG FIX ON the patient Id saving to storage, BUG FIXED on find assigned task to patients with patient ID Rewrite the data structure of the AssignedTaskManager to increase the efficiency",
            "messageBody": "",
            "insertions": 148,
            "deletions": 40
          },
          {
            "hash": "5ebfb3d0f0bf65e957c0586bb64b1c6ba3260b21",
            "messageTitle": "reformat to match the check style requirement",
            "messageBody": "",
            "insertions": 12,
            "deletions": 1
          }
        ]
      },
      {
        "insertions": 132,
        "deletions": 83,
        "date": "2019-10-30",
        "commitResults": [
          {
            "hash": "2510e89722edfd4458ab1b3db2250678ab88d1ee",
            "messageTitle": "Fixed the bug that the auto unique id generation is not functioning properly, Fixed the bug that the memento parser is missing a command, Fixed the bug that the memento manager is poping the tail instead of the head",
            "messageBody": "",
            "insertions": 31,
            "deletions": 21
          },
          {
            "hash": "02c53f5cfb33a49727effc82aad66a80cd1c9439",
            "messageTitle": "indicate authorship through the @@author tag fill up the JavaDoc for certain area",
            "messageBody": "",
            "insertions": 101,
            "deletions": 62
          }
        ]
      },
      {
        "insertions": 1,
        "deletions": 1,
        "date": "2019-11-01",
        "commitResults": [
          {
            "hash": "e4cf873a92d8f61fdfb41b0878b561741c3c9baf",
            "messageTitle": "no message",
            "messageBody": "",
            "insertions": 1,
            "deletions": 1
          }
        ]
      },
      {
        "insertions": 355,
        "deletions": 267,
        "date": "2019-11-03",
        "commitResults": [
          {
            "hash": "4f7c410f7cb06c38f33f9db1828a53da576504c8",
            "messageTitle": "Fix the bug which the user can assigned a period task with a ending time earlier than the staring time Rewrite the structure of the undo function. Fix a bug that the undo command will save the internal status even the previous command never successfully executed. Complete the Java Docs.",
            "messageBody": "",
            "insertions": 345,
            "deletions": 257
          },
          {
            "hash": "d7bd270bb1e12ee9876ac9b8d520ed8f4b0c1429",
            "messageTitle": "resolved a conflict",
            "messageBody": "",
            "insertions": 2,
            "deletions": 2
          },
          {
            "hash": "b2ed336209abf39b803af2b1676e0ec4ec9a8fdb",
            "messageTitle": "resolved conflicts",
            "messageBody": "",
            "insertions": 1,
            "deletions": 1
          },
          {
            "hash": "75cdc05882b9b15fad7e78c9540315befecb6f17",
            "messageTitle": "Update AssignPeriodTaskCommand.java",
            "messageBody": "",
            "insertions": 2,
            "deletions": 2
          },
          {
            "hash": "6e5452344d63b80b74da2558e31c36991361611b",
            "messageTitle": "resolved conflicts",
            "messageBody": "",
            "insertions": 2,
            "deletions": 2
          },
          {
            "hash": "0840e98c88283380bc0b8bc1951540859aaa5d7b",
            "messageTitle": "resolved conflicts",
            "messageBody": "",
            "insertions": 2,
            "deletions": 2
          },
          {
            "hash": "165e963416e9a8a2e2cd1e650576b465ac348ed2",
            "messageTitle": "resolved conflicts",
            "messageBody": "",
            "insertions": 1,
            "deletions": 1
          }
        ]
      },
      {
        "insertions": 13,
        "deletions": 19,
        "date": "2019-11-04",
        "commitResults": [
          {
            "hash": "4ac50566c5cb80353d8648ed510be98b3a1efa34",
            "messageTitle": "fix the bug that a user will get error for assigning period task, The csv is purposely uploaded to wipe all the content",
            "messageBody": "",
            "insertions": 13,
            "deletions": 15
          },
          {
            "hash": "b12535871843ce2765a03bb640e7c47404501447",
            "messageTitle": "fixed a redundant check",
            "messageBody": "",
            "insertions": 0,
            "deletions": 4
          }
        ]
      }
    ],
    "qjie7": [
      {
        "insertions": 83,
        "deletions": 72,
        "date": "2019-10-02",
        "commitResults": [
          {
            "hash": "13f0799e7cb156e3e6234099048e6329eef36025",
            "messageTitle": "fixed some checkstyle issues and removed not-used variable/functions",
            "messageBody": "",
            "insertions": 42,
            "deletions": 71
          },
          {
            "hash": "9a1afd26f7bec40c93e74fc036112fe8e126558a",
            "messageTitle": "Added HelpCommand class to assist user when faced difficulties in remember the commands provided by Dukepital",
            "messageBody": "",
            "insertions": 41,
            "deletions": 1
          }
        ]
      },
      {
        "insertions": 108,
        "deletions": 91,
        "date": "2019-10-08",
        "commitResults": [
          {
            "hash": "b095c04bfb2ec0c21de42e6658f08802c26a98af",
            "messageTitle": "added singleton using lazy initialisation method on Ui class",
            "messageBody": "",
            "insertions": 13,
            "deletions": 12
          },
          {
            "hash": "03c204b87faacf455958f8b87ddc904c2ff7b830",
            "messageTitle": "reduced checkstylemain error to 9 with minor error such as JavaDoc comment and indentation error for commenting left only",
            "messageBody": "",
            "insertions": 84,
            "deletions": 72
          },
          {
            "hash": "e7c41289e200b82c7021888fb2e4119ee31eab17",
            "messageTitle": "removed Runnable from Duke class and added a new logo",
            "messageBody": "",
            "insertions": 11,
            "deletions": 7
          }
        ]
      },
      {
        "insertions": 25,
        "deletions": 26,
        "date": "2019-10-09",
        "commitResults": [
          {
            "hash": "5d2dfac059b2472f6ed90f37963502a219374185",
            "messageTitle": "Fixed minor bug on case \"list\" where tempCommand was not declared",
            "messageBody": "",
            "insertions": 1,
            "deletions": 0
          },
          {
            "hash": "939e4ab61ef01504d86d33b7635eddfda5843753",
            "messageTitle": "Fixed minor bug on wrong output --\u003e input : eat medicine.     output: eat",
            "messageBody": "",
            "insertions": 1,
            "deletions": 1
          },
          {
            "hash": "1077ce3cacb30da3afeed9dc39f8ebd610e5e073",
            "messageTitle": "Added output to console when a task is added",
            "messageBody": "",
            "insertions": 23,
            "deletions": 25
          }
        ]
      },
      {
        "insertions": 80,
        "deletions": 7,
        "date": "2019-10-10",
        "commitResults": [
          {
            "hash": "db27805898c7eda99ad07303e733fd495a0611a5",
            "messageTitle": "added UpdateCommand to update existing patient information .",
            "messageBody": "",
            "insertions": 77,
            "deletions": 4
          },
          {
            "hash": "30030c02b4d66f400b3e2264d4239936884b85fd",
            "messageTitle": "change UpdateCommand to UpdatePatientCommand",
            "messageBody": "",
            "insertions": 3,
            "deletions": 3
          }
        ]
      },
      {
        "insertions": 100,
        "deletions": 454,
        "date": "2019-10-11",
        "commitResults": [
          {
            "hash": "10edc2fe205d59e29b581d0991aaa96140f2a939",
            "messageTitle": "Cleaned up unused code",
            "messageBody": "",
            "insertions": 99,
            "deletions": 453
          },
          {
            "hash": "5568f7550e9c7202426892df9081a48cba7f2e84",
            "messageTitle": "fixed a index bug where the task lists is shown from index 0 instead of 1",
            "messageBody": "",
            "insertions": 1,
            "deletions": 1
          }
        ]
      },
      {
        "insertions": 2236,
        "deletions": 2039,
        "date": "2019-10-19",
        "commitResults": [
          {
            "hash": "ccbe978dff4d08a7f41735a0fe223d856f29cfbe",
            "messageTitle": "command frequency logic implemented",
            "messageBody": "",
            "insertions": 973,
            "deletions": 790
          },
          {
            "hash": "51c19a74feeca8dbaea7c6be0604061430a50c49",
            "messageTitle": "Manage to save command frequency into a new csv.file that stores it , as well as load it when program start",
            "messageBody": "",
            "insertions": 53,
            "deletions": 81
          },
          {
            "hash": "0c13f98821e10de79bd942f511fce7a43488345c",
            "messageTitle": "Implemented Command Frequency Counter with checkstyle checked.",
            "messageBody": "",
            "insertions": 924,
            "deletions": 790
          },
          {
            "hash": "d1932539d1efc7c979ca04506ecfb3c31016b315",
            "messageTitle": "created runCommandFrequencyLogic function in the command class to improve code cleanliness and easier integration in case there are more commands added in.",
            "messageBody": "",
            "insertions": 30,
            "deletions": 108
          },
          {
            "hash": "e81214c4543ab6511ae85e8f8dbc5e6e4b13b2b6",
            "messageTitle": "Introduce a new statistic package that should contain things related getting specify countable data etc , refactor command counter logic to class CommandCounter under statistic package.",
            "messageBody": "",
            "insertions": 154,
            "deletions": 105
          },
          {
            "hash": "12aa087028162885f58af13cdd55d9497b1092a8",
            "messageTitle": "removed redundant check for hasbeenaddedbefore",
            "messageBody": "",
            "insertions": 16,
            "deletions": 28
          },
          {
            "hash": "cf5dda561d1d96f80fdcec5cb9cf0a01a4865e3c",
            "messageTitle": "refactored for code quality",
            "messageBody": "",
            "insertions": 86,
            "deletions": 137
          }
        ]
      },
      {
        "insertions": 317,
        "deletions": 25,
        "date": "2019-10-20",
        "commitResults": [
          {
            "hash": "dd135bc5d681540ccc2e9fa89b8ed2117f218c5e",
            "messageTitle": "Implemented DukeCommand (Not fully completeds)",
            "messageBody": "",
            "insertions": 317,
            "deletions": 25
          }
        ]
      },
      {
        "insertions": 307,
        "deletions": 223,
        "date": "2019-10-21",
        "commitResults": [
          {
            "hash": "7a0563536d6a292dda1df589361169120983b25e",
            "messageTitle": "DukeCommand + Shortcut method completed , except AssignPatientTask and FindPatientTask command.",
            "messageBody": "",
            "insertions": 307,
            "deletions": 223
          }
        ]
      },
      {
        "insertions": 68,
        "deletions": 29,
        "date": "2019-10-22",
        "commitResults": [
          {
            "hash": "f121356d181ddbcff199cc23f733fc90ddd1b205",
            "messageTitle": "Fixed checkstyle issues and added javadoc.",
            "messageBody": "",
            "insertions": 68,
            "deletions": 29
          }
        ]
      },
      {
        "insertions": 43,
        "deletions": 170,
        "date": "2019-10-23",
        "commitResults": [
          {
            "hash": "9c64719d4eabd71e57dc6cf8ab200c6dd37b57a5",
            "messageTitle": "resolved travis fail due to checkstyle",
            "messageBody": "",
            "insertions": 15,
            "deletions": 1
          },
          {
            "hash": "2d5e8a6f5f079c1dfd777b80c44cf37674f12e0a",
            "messageTitle": "removed CounterStorage",
            "messageBody": "",
            "insertions": 0,
            "deletions": 94
          },
          {
            "hash": "2a5a04df45d3a82f492286b08a72b6e3629bae53",
            "messageTitle": "improve code quality by performing suggestion provided by TA",
            "messageBody": "",
            "insertions": 28,
            "deletions": 75
          }
        ]
      },
      {
        "insertions": 325,
        "deletions": 113,
        "date": "2019-10-28",
        "commitResults": [
          {
            "hash": "b4ddfd18bc28c944fe31a55a7a4e0625102ade3b",
            "messageTitle": "Complete shortcut for patient , task and assigning task in the GUI.",
            "messageBody": "",
            "insertions": 220,
            "deletions": 28
          },
          {
            "hash": "11791a6d955c6f88f1a480742d7c627f0c81ba55",
            "messageTitle": "Added Statistic Tab with Command frequency viewed in Pie Chart , as well as in Bar Chart.",
            "messageBody": "",
            "insertions": 105,
            "deletions": 85
          }
        ]
      },
      {
        "insertions": 171,
        "deletions": 280,
        "date": "2019-10-29",
        "commitResults": [
          {
            "hash": "4e52ef93920a67a9183fc653dfcf3634245b3fb7",
            "messageTitle": "Improved on code for BarChart and PieChart, now it will work with any value recorded in counter.csv. Also Improve on some minor GUI structures.",
            "messageBody": "",
            "insertions": 108,
            "deletions": 233
          },
          {
            "hash": "965d938ba63316f91d7b6a3d65788f7971a7d7d5",
            "messageTitle": "fixed checkstyle",
            "messageBody": "",
            "insertions": 3,
            "deletions": 3
          },
          {
            "hash": "7864084cf16a01b74ba5a1b3e1832b206664f3d7",
            "messageTitle": "added ControlFX dependencies to build.gradle and implemented AutoCompletion in GUI",
            "messageBody": "",
            "insertions": 60,
            "deletions": 44
          }
        ]
      },
      {
        "insertions": 99,
        "deletions": 32,
        "date": "2019-10-30",
        "commitResults": [
          {
            "hash": "bf635f2895050d1bb1ffe55293440c2ab839f054",
            "messageTitle": "shifted undo button to main panel instead of tab panel.",
            "messageBody": "",
            "insertions": 4,
            "deletions": 5
          },
          {
            "hash": "03620d54b0fb2cf55a01fabe266ef36952d8a090",
            "messageTitle": "Fixed the problem of jar file is not able to open in both terminal and when double clicking on it.",
            "messageBody": "",
            "insertions": 4,
            "deletions": 2
          },
          {
            "hash": "97f2a2dec681d6e119a3ddfac1c6cb78288235ef",
            "messageTitle": "Added Assign task tab , as well as assign deadline task and period task and delete assign task short cut",
            "messageBody": "",
            "insertions": 91,
            "deletions": 25
          }
        ]
      },
      {
        "insertions": 239,
        "deletions": 69,
        "date": "2019-11-01",
        "commitResults": [
          {
            "hash": "127642b213008050b003edcc22cde566115dddfb",
            "messageTitle": "added junit test for ShortCutter and counter class. Added a line in Main.java to fix screen size of GUI",
            "messageBody": "",
            "insertions": 155,
            "deletions": 14
          },
          {
            "hash": "90fd085086fbf2268f75f18a00c15e0a89cf85a1",
            "messageTitle": "added logging to counter and ShortCutter class and fixed checkstyle error",
            "messageBody": "",
            "insertions": 40,
            "deletions": 19
          },
          {
            "hash": "2c63c5db067369e565093c80de1303420fbc38d0",
            "messageTitle": "Fixed Jar not able to work in cross platform.",
            "messageBody": "",
            "insertions": 14,
            "deletions": 5
          },
          {
            "hash": "0b26d1330503e34ae93b92b7370b82e87c49d693",
            "messageTitle": "fixed checkstyle error for test",
            "messageBody": "",
            "insertions": 30,
            "deletions": 30
          },
          {
            "hash": "1c95e14c12e9a29dc6bbdbf0551001fac56fdbaa",
            "messageTitle": "remove setFixsize(false) since already been fixed",
            "messageBody": "",
            "insertions": 0,
            "deletions": 1
          }
        ]
      },
      {
        "insertions": 5,
        "deletions": 1,
        "date": "2019-11-03",
        "commitResults": [
          {
            "hash": "77567f72ab99ec6a96496c6baaa302cf103416c2",
            "messageTitle": "Fixed Exit command not exiting GUI after entering \u0027bye\u0027",
            "messageBody": "",
            "insertions": 5,
            "deletions": 0
          },
          {
            "hash": "fbf5dc6dbcf107d1402624f78a3561e038a6644d",
            "messageTitle": "removed extra import in ExitCommand",
            "messageBody": "",
            "insertions": 0,
            "deletions": 1
          }
        ]
      }
    ],
    "HUANGXUANKUN": [
      {
        "insertions": 14,
        "deletions": 17,
        "date": "2019-10-02",
        "commitResults": [
          {
            "hash": "71eaafa99b7dcf978d57cd7051ce87d32a6de836",
            "messageTitle": "Update Junit Tests for recurring status format to be written in local files",
            "messageBody": "",
            "insertions": 9,
            "deletions": 9
          },
          {
            "hash": "7e61da92cd0124ae3a8dd2e1f74f886ca41216ae",
            "messageTitle": "Update Junit test for parsing command to period task and rescheduling a task.",
            "messageBody": "",
            "insertions": 5,
            "deletions": 8
          }
        ]
      },
      {
        "insertions": 23,
        "deletions": 0,
        "date": "2019-10-07",
        "commitResults": [
          {
            "hash": "708cfc6fb88dc788a1d67ec79cbb12e15c4affee",
            "messageTitle": "Implemented external libraries commons-csv-1.7 with sample csv file to for testing",
            "messageBody": "",
            "insertions": 1,
            "deletions": 0
          },
          {
            "hash": "6aa463a8c41d80b0e440ce3a1eed3e766fcc70e7",
            "messageTitle": "Update csv reading test code in Duke",
            "messageBody": "",
            "insertions": 22,
            "deletions": 0
          }
        ]
      },
      {
        "insertions": 354,
        "deletions": 122,
        "date": "2019-10-08",
        "commitResults": [
          {
            "hash": "f50bc588734c8448178c7f6c7c55ba164afa8468",
            "messageTitle": "Implemented Patient and PatientList to store loaded patient data",
            "messageBody": "",
            "insertions": 96,
            "deletions": 4
          },
          {
            "hash": "f3eb318b51cfd263e0af56220f3cbcbdf112373a",
            "messageTitle": "Update Patient profile",
            "messageBody": "",
            "insertions": 67,
            "deletions": 21
          },
          {
            "hash": "a95947911395a7351e0264911097265e306c7e1d",
            "messageTitle": "Update load and write methods for patients. Added in sample patients.csv to test loading.",
            "messageBody": "",
            "insertions": 43,
            "deletions": 7
          },
          {
            "hash": "d01a2c01e6a1ef89b859a22ac21a0ed0eb4090e9",
            "messageTitle": "Rebuilt the Storage structure to allow various save/load methods for patient and task data",
            "messageBody": "",
            "insertions": 77,
            "deletions": 72
          },
          {
            "hash": "4dd4e0c2d31edc18b7272432462b1852fc07bee2",
            "messageTitle": "Update AddPatientCommand",
            "messageBody": "",
            "insertions": 70,
            "deletions": 17
          },
          {
            "hash": "d7b2d36668bb86f3a1d9ca150ed51b820d0bba1a",
            "messageTitle": "Fix save mothod bug of wrong header for patients.csv",
            "messageBody": "",
            "insertions": 1,
            "deletions": 1
          }
        ]
      },
      {
        "insertions": 348,
        "deletions": 118,
        "date": "2019-10-09",
        "commitResults": [
          {
            "hash": "749de90dac575ae953e351ae5fc5153d1b2a50b6",
            "messageTitle": "Update add patient command format to allow adding patient without entering an unique ID. The updated format is \u003cadd patient /name /nric /room /remark\u003e.",
            "messageBody": "",
            "insertions": 57,
            "deletions": 42
          },
          {
            "hash": "69b4c06e34afb137a9ee288ff19423f8c69f0bb5",
            "messageTitle": "Implemented ListPatientCommand to display information of all current patients.",
            "messageBody": "",
            "insertions": 63,
            "deletions": 13
          },
          {
            "hash": "3e8ccfe75f099acdee90ec3d54b26095b6a3e070",
            "messageTitle": "Implemented DeletePatientCommand to delete patient by entering its unique patient id",
            "messageBody": "",
            "insertions": 85,
            "deletions": 1
          },
          {
            "hash": "7b2a4e1b66c752e1cfc546657c49cad9c94137a5",
            "messageTitle": "Fixed bug caused by mutiple spaces in command",
            "messageBody": "",
            "insertions": 25,
            "deletions": 27
          },
          {
            "hash": "f57e601415e9682371b58d90ea0f8e1a624fc756",
            "messageTitle": "Updated DeletePatientCommand with appropriate exception warning message to remind user.",
            "messageBody": "",
            "insertions": 15,
            "deletions": 18
          },
          {
            "hash": "e8a98bff085ba3c858ba2bc113d31ec5fdbe8666",
            "messageTitle": "Fixed bug with missing catch in CommandManger",
            "messageBody": "",
            "insertions": 2,
            "deletions": 0
          },
          {
            "hash": "11da5a5f98d5f1dd99e230972eca5f7b4b98a699",
            "messageTitle": "Update exception messages when invalid format is being entered.",
            "messageBody": "",
            "insertions": 14,
            "deletions": 10
          },
          {
            "hash": "0cb8c98125e57442da0de00d2bd2ac156c852c01",
            "messageTitle": "Implemented FindPatientCommand feature for user to find patient\u0027s info by id or name.",
            "messageBody": "",
            "insertions": 86,
            "deletions": 5
          },
          {
            "hash": "b3faf734c1849005326518598580f37d826f0002",
            "messageTitle": "Fixed bug of wrong positioning of headers \"Room\" and \"Remark\"",
            "messageBody": "",
            "insertions": 1,
            "deletions": 2
          }
        ]
      },
      {
        "insertions": 89,
        "deletions": 18,
        "date": "2019-10-10",
        "commitResults": [
          {
            "hash": "f4bb57155b03bf0fffe7b43e17f853e8af25dbc6",
            "messageTitle": "Added Delete Patient Command by both name and id.  Added Confirmation before deleting a patient.",
            "messageBody": "",
            "insertions": 89,
            "deletions": 18
          }
        ]
      },
      {
        "insertions": 28,
        "deletions": 24,
        "date": "2019-10-14",
        "commitResults": [
          {
            "hash": "6de4d88bec67cf1cef51b6f54831014ec86ce547",
            "messageTitle": "Update parsing of keyword for AddPatientCommand in CommandManager",
            "messageBody": "",
            "insertions": 20,
            "deletions": 14
          },
          {
            "hash": "1db983141a88d73a0c75b64729657b1d49d30505",
            "messageTitle": "Fixed parsing bug in AddPatientCommand",
            "messageBody": "",
            "insertions": 2,
            "deletions": 4
          },
          {
            "hash": "df27d43ec685a4bdc038d3e66772e3fe0a6ee26a",
            "messageTitle": "Fixed bug when parsing find/delete patient command",
            "messageBody": "",
            "insertions": 6,
            "deletions": 6
          }
        ]
      },
      {
        "insertions": 100,
        "deletions": 82,
        "date": "2019-10-16",
        "commitResults": [
          {
            "hash": "bdee1fd7b4b534dfffbf0b190440beb4be8499fe",
            "messageTitle": "Update PatientStorage to auto-create csv file if not existed before",
            "messageBody": "",
            "insertions": 18,
            "deletions": 11
          },
          {
            "hash": "8533df1b113ddaec48179cb80ec5ee2987305223",
            "messageTitle": "Remove outdated CommadnManagerTest",
            "messageBody": "",
            "insertions": 0,
            "deletions": 39
          },
          {
            "hash": "5bff85b774737926b497fcb91fa219d0951102b3",
            "messageTitle": "Added auto-creation of csv files during data loading if local data file does not exist",
            "messageBody": "",
            "insertions": 40,
            "deletions": 30
          },
          {
            "hash": "4b0a62a979c68fb4370533b6167c6ab51e4760aa",
            "messageTitle": "Updated JavaDocs for PatientStorage/PatientTaskStorage/TaskStorage in release 1.2",
            "messageBody": "",
            "insertions": 27,
            "deletions": 2
          },
          {
            "hash": "106e9b911861c1b0b2842501c69aeb8298254dd0",
            "messageTitle": "Add on to JavaDocs for PatientStorage/PatientTaskStorage/TaskStorage",
            "messageBody": "",
            "insertions": 15,
            "deletions": 0
          }
        ]
      },
      {
        "insertions": 230,
        "deletions": 56,
        "date": "2019-10-17",
        "commitResults": [
          {
            "hash": "2ff76189369509100630496b4ef8f54fd25a64c6",
            "messageTitle": "Imported library apache.commons.text.1.8",
            "messageBody": "",
            "insertions": 1,
            "deletions": 0
          },
          {
            "hash": "09c2ad0a6d6ab925cf0d734e9416973aa64d93bd",
            "messageTitle": "Added command  typo corrector feature with TypoCorrector class",
            "messageBody": "",
            "insertions": 116,
            "deletions": 1
          },
          {
            "hash": "61361548a5eb7836b4a773b20fa414f1fea9c1ae",
            "messageTitle": "Added Junit test for TypoCorrector",
            "messageBody": "",
            "insertions": 39,
            "deletions": 0
          },
          {
            "hash": "9c7793c978f328ed7f37855ebae98ad12b364275",
            "messageTitle": "Increase coverage for command with only 1 keyword",
            "messageBody": "",
            "insertions": 1,
            "deletions": 2
          },
          {
            "hash": "44d9a49904b57053c4bc35b6d22fcef44708b567",
            "messageTitle": "Fixed mis-matching commands with length of \u003c\u003d 16. Added more Junit test cases.",
            "messageBody": "",
            "insertions": 14,
            "deletions": 13
          },
          {
            "hash": "37b21935b2c5bf4053e80f30dd2bd4b1fa92d392",
            "messageTitle": "Update command keyword dictionary with \"update task\"",
            "messageBody": "",
            "insertions": 1,
            "deletions": 1
          },
          {
            "hash": "94d3bfaca13bca65d50c7a0fed1bf85c29955178",
            "messageTitle": "Update code style in PatientStorage/PatientTaskStorage/TaskStorage",
            "messageBody": "",
            "insertions": 53,
            "deletions": 35
          },
          {
            "hash": "c2611b243eaae05c77dcf928418868676f817b0b",
            "messageTitle": "Update codeStyle in UI",
            "messageBody": "",
            "insertions": 5,
            "deletions": 4
          }
        ]
      },
      {
        "insertions": 1232,
        "deletions": 460,
        "date": "2019-10-18",
        "commitResults": [
          {
            "hash": "a5854643ac3154a02ac704c8ae9ccee6b9b92e98",
            "messageTitle": "Update codeStyle in UI",
            "messageBody": "",
            "insertions": 150,
            "deletions": 22
          },
          {
            "hash": "1988e911f863c8f75caea2225510c4e8be931d22",
            "messageTitle": "Update codeStyle for CommandManager/TypoCorrector",
            "messageBody": "",
            "insertions": 117,
            "deletions": 111
          },
          {
            "hash": "f98134060c89ff1c76515b53f1d3fcd663d5d7e8",
            "messageTitle": "Update all codeStyle to fulfill the requirement",
            "messageBody": "",
            "insertions": 912,
            "deletions": 292
          },
          {
            "hash": "853ee3de4e3d1b37331415d227ab36524d8887bb",
            "messageTitle": "Update codeStyle in test",
            "messageBody": "",
            "insertions": 43,
            "deletions": 25
          },
          {
            "hash": "bd8babafc404f7889e098041f2c94a2bd732f6cd",
            "messageTitle": "Fix codeStyle in TypoCorrector Junit test",
            "messageBody": "",
            "insertions": 10,
            "deletions": 10
          }
        ]
      },
      {
        "insertions": 30,
        "deletions": 5,
        "date": "2019-10-19",
        "commitResults": [
          {
            "hash": "e780f1e00006414029cb4a9196d4132bed7b4c5b",
            "messageTitle": "Update application of typo corrector",
            "messageBody": "",
            "insertions": 30,
            "deletions": 5
          }
        ]
      },
      {
        "insertions": 504,
        "deletions": 653,
        "date": "2019-10-22",
        "commitResults": [
          {
            "hash": "5a91c86c2d419df544fd51d4ab211c1eb0b12bc8",
            "messageTitle": "Created CSVStorage, Storage and StorageManager classes",
            "messageBody": "",
            "insertions": 329,
            "deletions": 0
          },
          {
            "hash": "9541b5ae994838e2b03d6fe63a328873597758e0",
            "messageTitle": "Updated CsvStorage, Storage and StorageManager class",
            "messageBody": "",
            "insertions": 0,
            "deletions": 0
          },
          {
            "hash": "749e746ea5c1d0321eb6a646c173f21ee9f1ce00",
            "messageTitle": "Re-factored storage structure",
            "messageBody": "",
            "insertions": 132,
            "deletions": 519
          },
          {
            "hash": "499ff16f736e92917e6c418471bd352edd7be862",
            "messageTitle": "Removed CounterStorage",
            "messageBody": "",
            "insertions": 0,
            "deletions": 94
          },
          {
            "hash": "1f8ee967e5b0af5f419b607e2cf0735c68811cca",
            "messageTitle": "Update javaDocs of StorageManager",
            "messageBody": "",
            "insertions": 18,
            "deletions": 18
          },
          {
            "hash": "e02743c4df29b63312060e9f4de34863aedcdf99",
            "messageTitle": "Resolve checkstyle issue",
            "messageBody": "",
            "insertions": 4,
            "deletions": 5
          },
          {
            "hash": "31848cd77df2275897a20918af174943f8ff11cd",
            "messageTitle": "Add in assignedTask command keywords with test cases",
            "messageBody": "",
            "insertions": 21,
            "deletions": 17
          }
        ]
      },
      {
        "insertions": 56,
        "deletions": 62,
        "date": "2019-10-23",
        "commitResults": [
          {
            "hash": "00826808f35227960e62ad33758172cebbffe682",
            "messageTitle": "Update TypoCorrect and its Junit test for the new parsing format",
            "messageBody": "",
            "insertions": 26,
            "deletions": 41
          },
          {
            "hash": "03e6c213ad75d52c4117b1bafd062c7cb8c6131e",
            "messageTitle": "Update test",
            "messageBody": "",
            "insertions": 14,
            "deletions": 10
          },
          {
            "hash": "4584fcee20732c88fee16983515099b8e504d57b",
            "messageTitle": "Fixed checkstyle",
            "messageBody": "",
            "insertions": 3,
            "deletions": 2
          },
          {
            "hash": "8e14c9418bc2b5690755d6d7cadba96dc7399fa0",
            "messageTitle": "Update typo corrector",
            "messageBody": "",
            "insertions": 12,
            "deletions": 8
          },
          {
            "hash": "c1c980258dbc40535f248126898003a8afe9a440",
            "messageTitle": "Update checkstyle",
            "messageBody": "",
            "insertions": 1,
            "deletions": 1
          }
        ]
      },
      {
        "insertions": 271,
        "deletions": 78,
        "date": "2019-10-25",
        "commitResults": [
          {
            "hash": "257abf24c7e0dc955d90ac70edbdb5c435d2a90f",
            "messageTitle": "Setup javafx",
            "messageBody": "",
            "insertions": 34,
            "deletions": 6
          },
          {
            "hash": "71c3c8179ebe3b771bff5131fd651608422ab66d",
            "messageTitle": "Continue working on JavaFx tutorial",
            "messageBody": "",
            "insertions": 237,
            "deletions": 72
          }
        ]
      },
      {
        "insertions": 1096,
        "deletions": 902,
        "date": "2019-10-26",
        "commitResults": [
          {
            "hash": "3739e1d4acb58ff80ec037ca5209568cbc5d54f1",
            "messageTitle": "update",
            "messageBody": "",
            "insertions": 245,
            "deletions": 210
          },
          {
            "hash": "82fb2ee6dbafc6fb67fd0809d3f745e1d747a9ea",
            "messageTitle": "update",
            "messageBody": "",
            "insertions": 1,
            "deletions": 1
          },
          {
            "hash": "2399b6b6fa413da67ab82b1d86083d8c6e0dbd87",
            "messageTitle": "Added Patient table view",
            "messageBody": "",
            "insertions": 354,
            "deletions": 206
          },
          {
            "hash": "e1f939a33e888f3bf20eb192b9cd666b73107916",
            "messageTitle": "Refactor project file structures to meet software engineering standardisation",
            "messageBody": "",
            "insertions": 358,
            "deletions": 377
          },
          {
            "hash": "1e8ca81bf732e44556940658bc17d664800432be",
            "messageTitle": "Refactored file structures",
            "messageBody": "",
            "insertions": 138,
            "deletions": 108
          }
        ]
      },
      {
        "insertions": 1609,
        "deletions": 1142,
        "date": "2019-10-27",
        "commitResults": [
          {
            "hash": "753e9ab154fba03f07d6d84733e0b160daa438b5",
            "messageTitle": "Initial implementation of GUI v1.0",
            "messageBody": "",
            "insertions": 631,
            "deletions": 414
          },
          {
            "hash": "755f30415b641351d5ce338402bbf0d6f4ce4717",
            "messageTitle": "Fixed checkstyle",
            "messageBody": "",
            "insertions": 21,
            "deletions": 19
          },
          {
            "hash": "32f0c6a892fd7ce73501a0d19ee3bc449886872d",
            "messageTitle": "Added SearchBar in GUI",
            "messageBody": "",
            "insertions": 313,
            "deletions": 99
          },
          {
            "hash": "41efe1031f234fdc2abca4b039168111492a611a",
            "messageTitle": "Update checkstyle",
            "messageBody": "",
            "insertions": 43,
            "deletions": 53
          },
          {
            "hash": "b093ee60bcd908be363ada5eef6f37f8703be624",
            "messageTitle": "update GUI v1.1",
            "messageBody": "",
            "insertions": 191,
            "deletions": 202
          },
          {
            "hash": "c5c349832e315ba6f581480cd605efd08a32ee86",
            "messageTitle": "Update text color",
            "messageBody": "",
            "insertions": 79,
            "deletions": 112
          },
          {
            "hash": "ffdf4ae9780bef8752ebf44db4642b712d7dd1a5",
            "messageTitle": "Update shortcut for patients",
            "messageBody": "",
            "insertions": 168,
            "deletions": 161
          },
          {
            "hash": "ac4397b6c0b6e2e6a451e3cc4f6758d6856f2601",
            "messageTitle": "Final Update to fix checkstyle for Duke_Gui v1.0",
            "messageBody": "",
            "insertions": 163,
            "deletions": 82
          }
        ]
      },
      {
        "insertions": 49,
        "deletions": 47,
        "date": "2019-10-29",
        "commitResults": [
          {
            "hash": "4585fcaceb5df0794773a3a538abdcbcf42828d7",
            "messageTitle": "Fix checkstyle issues from perivous PR",
            "messageBody": "",
            "insertions": 49,
            "deletions": 47
          }
        ]
      },
      {
        "insertions": 23,
        "deletions": 7,
        "date": "2019-11-01",
        "commitResults": [
          {
            "hash": "622e24f1a169defb1394926024c51c9417907ea9",
            "messageTitle": "Update windows.resizeable",
            "messageBody": "",
            "insertions": 3,
            "deletions": 2
          },
          {
            "hash": "0591498c790a38549d3e25569af08dc8e389df46",
            "messageTitle": "Update build.gradle to support javaFx version 11.0.1 for both MacOS and Windows",
            "messageBody": "",
            "insertions": 20,
            "deletions": 5
          }
        ]
      },
      {
        "insertions": 744,
        "deletions": 569,
        "date": "2019-11-02",
        "commitResults": [
          {
            "hash": "8717e452e98ef33ec435671a5c80111487e3e878",
            "messageTitle": "Update MainWindow.fxml to stage",
            "messageBody": "",
            "insertions": 275,
            "deletions": 264
          },
          {
            "hash": "1afd4b0c7ba3d8094c22cc9115645989379e7568",
            "messageTitle": "Update GUI framework",
            "messageBody": "",
            "insertions": 191,
            "deletions": 0
          },
          {
            "hash": "c92373cb3adbf6b011b31280e4a1bda22c06a3f9",
            "messageTitle": "Refactor GUI",
            "messageBody": "",
            "insertions": 250,
            "deletions": 279
          },
          {
            "hash": "0776605827962c80e9882fc93542a79ffc2ec9e0",
            "messageTitle": "Resolve checkstyle problems",
            "messageBody": "",
            "insertions": 13,
            "deletions": 19
          },
          {
            "hash": "b5fe1937cb465cc16a5f236fd7de404278b614d0",
            "messageTitle": "Create data directory if it is not existed",
            "messageBody": "",
            "insertions": 15,
            "deletions": 7
          }
        ]
      }
    ]
  },
  "authorFinalContributionMap": {
    "lmtaek": 971,
    "kkeejjuunn": 1928,
    "WEIFENG-NUSCEG": 1409,
    "qjie7": 1121,
    "HUANGXUANKUN": 1749
  },
  "authorFileTypeContributionMap": {
    "lmtaek": {
      "tests": 185,
      "functional": 786
    },
    "kkeejjuunn": {
      "tests": 339,
      "functional": 1587,
      "other": 2
    },
    "WEIFENG-NUSCEG": {
      "tests": 0,
      "functional": 1408,
      "other": 1
    },
    "qjie7": {
      "tests": 156,
      "functional": 952,
      "other": 13
    },
    "HUANGXUANKUN": {
      "tests": 82,
      "functional": 1658,
      "other": 9
    }
  },
  "authorContributionVariance": {
    "lmtaek": 93116.38,
    "kkeejjuunn": 7345.762,
    "WEIFENG-NUSCEG": 24964.61,
    "qjie7": 389564.03,
    "HUANGXUANKUN": 330978.5
  },
  "authorDisplayNameMap": {
    "lmtaek": "CS2113-T13-2 TAE  . . RIE",
    "kkeejjuunn": "CS2113-T13-2 LIU  . . JUN",
    "WEIFENG-NUSCEG": "CS2113-T13-2 WEI  . . ENG",
    "qjie7": "CS2113-T13-2 QIA  . . JIE",
    "HUANGXUANKUN": "CS2113-T13-2 HUA  . . KUN"
  }
}
