{
  "authorDailyContributionsMap": {
    "Fractalisk": [
      {
        "insertions": 808,
        "deletions": 1817,
        "date": "2019-09-27",
        "commitResults": [
          {
            "hash": "f5a5c94ec64dcd8e9414d86ee30ac9b33d038b4f",
            "messageTitle": "Revert to baseline for ease of morphing",
            "messageBody": "",
            "insertions": 172,
            "deletions": 1157
          },
          {
            "hash": "a1387d1c6ca1398ad4f20952e0bbdbc4e4f16bcf",
            "messageTitle": "Remove traces of toDoPeriod",
            "messageBody": "",
            "insertions": 0,
            "deletions": 27
          },
          {
            "hash": "47bce37c184204d6d24af9204e608e1fae6f576c",
            "messageTitle": "Preliminary refactor, breakfast, lunch and dinner functions implemented in their most basic form, with no date tracking and grouping yet",
            "messageBody": "",
            "insertions": 324,
            "deletions": 314
          },
          {
            "hash": "767116b7022e34d5299fc0a7e9c274367688dfbf",
            "messageTitle": "Minor bug fix",
            "messageBody": "",
            "insertions": 8,
            "deletions": 16
          },
          {
            "hash": "9ef65b723aa1688db8bd0d052b6ae0325e67d6ca",
            "messageTitle": "clean up parser",
            "messageBody": "",
            "insertions": 26,
            "deletions": 27
          },
          {
            "hash": "75b127cbd6f87f8c06396d65b74ce6a90fe28dd1",
            "messageTitle": "fix some checkstyle errors, 45 left",
            "messageBody": "",
            "insertions": 58,
            "deletions": 58
          },
          {
            "hash": "9c123555bb19a1e4ae7ee90e69030b7bc11d403e",
            "messageTitle": "minor bug fix",
            "messageBody": "",
            "insertions": 63,
            "deletions": 67
          },
          {
            "hash": "dd10ebe3068c829be047b77db0effd95ec62df04",
            "messageTitle": "Meal function massively refactored, breakfast, lunch and dinner all can accept, save and write date inputs",
            "messageBody": "",
            "insertions": 69,
            "deletions": 53
          },
          {
            "hash": "16db41facf3e1278a258a9b1c0d71527cf21557a",
            "messageTitle": "Hashmap datemapping for each meal has been added. Can only view and delete meals from the current date at the moment. Meals can be added to whichever day is required",
            "messageBody": "",
            "insertions": 33,
            "deletions": 62
          },
          {
            "hash": "5cc88642488e843c6e4fd8e7d9ad9f62c5a7c856",
            "messageTitle": "Increased integration of hashmap arraylist method of storage. savefile writing not completed",
            "messageBody": "",
            "insertions": 30,
            "deletions": 13
          },
          {
            "hash": "741a9ff2541745ee6f12fa71c9904304d12ba0a0",
            "messageTitle": "Experimental saving implementation",
            "messageBody": "",
            "insertions": 25,
            "deletions": 23
          }
        ]
      },
      {
        "insertions": 11,
        "deletions": 10,
        "date": "2019-09-28",
        "commitResults": [
          {
            "hash": "8c7e2f44724a1eaf6a4f971d1c25b0cffcb5c011",
            "messageTitle": "Fix major savefile bug in storage",
            "messageBody": "",
            "insertions": 11,
            "deletions": 9
          },
          {
            "hash": "8b7286014622b30e3af86aa9d8889de245a3ec45",
            "messageTitle": "Remove debug lines",
            "messageBody": "",
            "insertions": 0,
            "deletions": 1
          }
        ]
      },
      {
        "insertions": 52,
        "deletions": 49,
        "date": "2019-09-30",
        "commitResults": [
          {
            "hash": "7f9cae594ce34e147e3f1036625faf4d9de7c68c",
            "messageTitle": "Class refactor and checkstyle resolving",
            "messageBody": "",
            "insertions": 52,
            "deletions": 49
          }
        ]
      },
      {
        "insertions": 17,
        "deletions": 42,
        "date": "2019-10-01",
        "commitResults": [
          {
            "hash": "e0130a56f7b976fc2612550a28729797c8f4dcf5",
            "messageTitle": "Fix checkstyle before merge",
            "messageBody": "",
            "insertions": 8,
            "deletions": 8
          },
          {
            "hash": "a39f16bca882fcc7e97ab0bb539e05192599b406",
            "messageTitle": "Remove obsolete Junit tests",
            "messageBody": "",
            "insertions": 9,
            "deletions": 34
          }
        ]
      },
      {
        "insertions": 451,
        "deletions": 177,
        "date": "2019-10-08",
        "commitResults": [
          {
            "hash": "1deb5e133dd334393482dcd9c4a98b0c48a7123d",
            "messageTitle": "Refactor images",
            "messageBody": "",
            "insertions": 133,
            "deletions": 14
          },
          {
            "hash": "d1b3cf559e37d5897ab2caa119de1ff5f3a0c17e",
            "messageTitle": "Initial implementation of defaultmeals",
            "messageBody": "",
            "insertions": 53,
            "deletions": 23
          },
          {
            "hash": "ae1942259a3c5ef6aedaafaf8b4cb5d7ab90cba8",
            "messageTitle": "Initial working copy of defaultmeals",
            "messageBody": "",
            "insertions": 56,
            "deletions": 26
          },
          {
            "hash": "a0ca0e117b0927d57639cb4519f301b2415d4706",
            "messageTitle": "First properly working implementation of default meals",
            "messageBody": "",
            "insertions": 10,
            "deletions": 2
          },
          {
            "hash": "6982fd1fa0b924408624e13cf5024ea2c499cf14",
            "messageTitle": "Fix checkstylemain",
            "messageBody": "",
            "insertions": 11,
            "deletions": 10
          },
          {
            "hash": "c47092e5b24bb284c0e03f1b12ea5ce8af17bcaa",
            "messageTitle": "fix checkstyletest",
            "messageBody": "",
            "insertions": 18,
            "deletions": 13
          },
          {
            "hash": "690fcc582e069cf5f5093c2937d01c81bfb54de2",
            "messageTitle": "Add JUnit testing for addcommand",
            "messageBody": "",
            "insertions": 74,
            "deletions": 0
          },
          {
            "hash": "3b815940837d6f94622835e09d71d8968452a10f",
            "messageTitle": "Massively refactored javadocs to match morphed application",
            "messageBody": "",
            "insertions": 54,
            "deletions": 45
          },
          {
            "hash": "d7907d316a3634e6fe2ca7188868266f7d437ba0",
            "messageTitle": "Refactored code to fix incompatible type",
            "messageBody": "",
            "insertions": 7,
            "deletions": 13
          },
          {
            "hash": "34e4844365143b625c95fff11ba8f8d50c2a7236",
            "messageTitle": "Finished up with javadocs and Junit implementation, strange JUnit bug",
            "messageBody": "",
            "insertions": 27,
            "deletions": 28
          },
          {
            "hash": "433b8f1dca2c6dd6ac202d736b7a8d27a9da526b",
            "messageTitle": "fix minor bug with autocorrect",
            "messageBody": "",
            "insertions": 3,
            "deletions": 1
          },
          {
            "hash": "ec95e82825d2485840aa9c1023cf0d90f14f9a77",
            "messageTitle": "Fix test function, added new test case for addcommand",
            "messageBody": "",
            "insertions": 5,
            "deletions": 2
          }
        ]
      },
      {
        "insertions": 346,
        "deletions": 72,
        "date": "2019-10-13",
        "commitResults": [
          {
            "hash": "97087b8eb9b38b7a918e6b723bcdbf7ed3e86ebe",
            "messageTitle": "Preliminary immplementation of setgoals, storage algorithm refactored",
            "messageBody": "",
            "insertions": 252,
            "deletions": 29
          },
          {
            "hash": "e0398d548c343f17c15815b829e1ed57538364e9",
            "messageTitle": "First implementation of setgoals",
            "messageBody": "",
            "insertions": 59,
            "deletions": 18
          },
          {
            "hash": "6c3ce42b6c13a45a4094ba8eb356357cda48eb0c",
            "messageTitle": "Working implementation of setgoals",
            "messageBody": "",
            "insertions": 18,
            "deletions": 8
          },
          {
            "hash": "74e0724c04d427ca6090cb83dbdb012d8fa2ff90",
            "messageTitle": "Fix checkstyle and junit tests",
            "messageBody": "",
            "insertions": 17,
            "deletions": 17
          }
        ]
      },
      {
        "insertions": 32,
        "deletions": 27,
        "date": "2019-10-14",
        "commitResults": [
          {
            "hash": "182a41388cb13cf858bf06f40c5d1e5fdaa31bf0",
            "messageTitle": "fix storage functionality for setgoals",
            "messageBody": "",
            "insertions": 24,
            "deletions": 21
          },
          {
            "hash": "b401992c6bafcdec033b61887d9c44af25fe71e0",
            "messageTitle": "fix ui",
            "messageBody": "",
            "insertions": 0,
            "deletions": 2
          },
          {
            "hash": "8485884a14e0946100477d73fefd033ecb722aab",
            "messageTitle": "added exception catching",
            "messageBody": "",
            "insertions": 6,
            "deletions": 1
          },
          {
            "hash": "709359f9711dde4fafe8b0dccfa2100777983ba0",
            "messageTitle": "fix addgoalcommand",
            "messageBody": "",
            "insertions": 2,
            "deletions": 3
          }
        ]
      },
      {
        "insertions": 80,
        "deletions": 43,
        "date": "2019-10-15",
        "commitResults": [
          {
            "hash": "b033306f9b9402e26293f9b1d490bc75901179da",
            "messageTitle": "Added variable calories left depending on setgoals",
            "messageBody": "",
            "insertions": 73,
            "deletions": 37
          },
          {
            "hash": "80c7495efa080c07f0fdb26fc90eb038e1c22ccf",
            "messageTitle": "fix checkstyle",
            "messageBody": "",
            "insertions": 7,
            "deletions": 6
          }
        ]
      },
      {
        "insertions": 325,
        "deletions": 127,
        "date": "2019-10-17",
        "commitResults": [
          {
            "hash": "642da80be0db767f1224c5e03f8262f2f5568d96",
            "messageTitle": "Parser and autocorrect algorithm massively refactored to satisfy SoC",
            "messageBody": "",
            "insertions": 325,
            "deletions": 127
          }
        ]
      },
      {
        "insertions": 490,
        "deletions": 421,
        "date": "2019-10-18",
        "commitResults": [
          {
            "hash": "1513c7032cacc9bcbee5d8c0748bf02e3557eac3",
            "messageTitle": "reorganize storage function",
            "messageBody": "",
            "insertions": 389,
            "deletions": 321
          },
          {
            "hash": "b8b8fdea57921e0d98d4fe1d5031486798306055",
            "messageTitle": "Fix checkstyle errors",
            "messageBody": "",
            "insertions": 59,
            "deletions": 60
          },
          {
            "hash": "5c7d3b6d9ce777aee6c1d9cbe578f11b36ac46c3",
            "messageTitle": "fix leftover checkstyle errors",
            "messageBody": "Signed-off-by: Fractalisk \u003ce0309823@u.nus.edu\u003e\n",
            "insertions": 19,
            "deletions": 19
          },
          {
            "hash": "46832685d3dbe4fbeecf857b924160ea720fc051",
            "messageTitle": "Updated Junit tests",
            "messageBody": "Signed-off-by: Fractalisk \u003ce0309823@u.nus.edu\u003e\n",
            "insertions": 2,
            "deletions": 0
          },
          {
            "hash": "76d681da5caabd543d8e2d710d8df3da64162e4c",
            "messageTitle": "Fix test checkstyle errors",
            "messageBody": "Signed-off-by: Fractalisk \u003ce0309823@u.nus.edu\u003e\n",
            "insertions": 21,
            "deletions": 21
          }
        ]
      },
      {
        "insertions": 263,
        "deletions": 249,
        "date": "2019-10-19",
        "commitResults": [
          {
            "hash": "c9be14e31bf14bd6cca9d619f6e2d2300f8f9b3e",
            "messageTitle": "Large refactoring of code for better cohesion",
            "messageBody": "Signed-off-by: Fractalisk \u003ce0309823@u.nus.edu\u003e\n",
            "insertions": 170,
            "deletions": 195
          },
          {
            "hash": "052ebd79fa3067242690d6ea8fe2f5c3c69da68e",
            "messageTitle": "Fix missing import statement",
            "messageBody": "Signed-off-by: Fractalisk \u003ce0309823@u.nus.edu\u003e\n",
            "insertions": 2,
            "deletions": 0
          },
          {
            "hash": "279c1ae9dc7bbf1fbac057c99c7065c8b19a04f4",
            "messageTitle": "Continuing file cleanup",
            "messageBody": "Signed-off-by: Fractalisk \u003ce0309823@u.nus.edu\u003e\n",
            "insertions": 80,
            "deletions": 49
          },
          {
            "hash": "a4e4d8afb8eac24b260ce65c4acf6dcfa6d020f1",
            "messageTitle": "Developer guide v1.0",
            "messageBody": "Signed-off-by: Fractalisk \u003ce0309823@u.nus.edu\u003e\n",
            "insertions": 11,
            "deletions": 5
          }
        ]
      },
      {
        "insertions": 65,
        "deletions": 11,
        "date": "2019-10-20",
        "commitResults": [
          {
            "hash": "569fb31315cb2bc02a0c502def154db4be0ef3f4",
            "messageTitle": "Devguide design section mostly completed",
            "messageBody": "Signed-off-by: Fractalisk \u003ce0309823@u.nus.edu\u003e\n",
            "insertions": 60,
            "deletions": 6
          },
          {
            "hash": "be9d9fe3845aef56367041f1bc4421262502f276",
            "messageTitle": "fix checkstyle errors",
            "messageBody": "Signed-off-by: Fractalisk \u003ce0309823@u.nus.edu\u003e\n",
            "insertions": 5,
            "deletions": 5
          }
        ]
      },
      {
        "insertions": 0,
        "deletions": 1,
        "date": "2019-10-21",
        "commitResults": [
          {
            "hash": "3b3af19e1b3d7ea5633f73ada3911adb4ec5a248",
            "messageTitle": "Add Addcommand implementation",
            "messageBody": "Signed-off-by: Fractalisk \u003ce0309823@u.nus.edu\u003e\n",
            "insertions": 0,
            "deletions": 1
          }
        ]
      },
      {
        "insertions": 13,
        "deletions": 57,
        "date": "2019-10-23",
        "commitResults": [
          {
            "hash": "f3cbdbab0b1a9905fd8ffb5f4ce8e5e1b996d11e",
            "messageTitle": "Remove FileUtil, remove all author tags, resolved some comments from pull request",
            "messageBody": "",
            "insertions": 13,
            "deletions": 57
          }
        ]
      }
    ],
    "HashirZahir": [
      {
        "insertions": 69,
        "deletions": 3,
        "date": "2019-09-25",
        "commitResults": [
          {
            "hash": "734fadb26b0810d953eaeaec5220ccdef63a724a",
            "messageTitle": "Add recurring events for deadline task",
            "messageBody": "",
            "insertions": 69,
            "deletions": 3
          }
        ]
      },
      {
        "insertions": 78,
        "deletions": 30,
        "date": "2019-09-27",
        "commitResults": [
          {
            "hash": "4183c31efa43684e9cd243348791144c27623389",
            "messageTitle": "Fix deadline task storage parsing error",
            "messageBody": "",
            "insertions": 1,
            "deletions": 1
          },
          {
            "hash": "349a6dd401fe43828557ac8b5635f56467623689",
            "messageTitle": "Add recurring task feature for deadline task",
            "messageBody": "",
            "insertions": 57,
            "deletions": 15
          },
          {
            "hash": "7125c177810cf6fb86bb58a1504a06a714704dcd",
            "messageTitle": "Update javadoc",
            "messageBody": "",
            "insertions": 2,
            "deletions": 1
          },
          {
            "hash": "125d5bf2a01932bae71593bdd291ca468e2283b7",
            "messageTitle": "Refactor misleading duration name for period object",
            "messageBody": "",
            "insertions": 10,
            "deletions": 10
          },
          {
            "hash": "abf89ce5372d68cd76c619fe8225030077f304ab",
            "messageTitle": "Fix null object date parsing error",
            "messageBody": "",
            "insertions": 8,
            "deletions": 3
          }
        ]
      },
      {
        "insertions": 129,
        "deletions": 32,
        "date": "2019-10-07",
        "commitResults": [
          {
            "hash": "cfb6349d657085c4dc02e4187a03413cee7afdef",
            "messageTitle": "Fix typo of package name",
            "messageBody": "",
            "insertions": 1,
            "deletions": 1
          },
          {
            "hash": "eeb6d8819cca1a221576badb560b2679aa5fbc93",
            "messageTitle": "Fix empty list bug",
            "messageBody": "",
            "insertions": 2,
            "deletions": 1
          },
          {
            "hash": "27fe502c3a4c108b9c8aba027a13d3b259787a1b",
            "messageTitle": "Add delete meal feature",
            "messageBody": "",
            "insertions": 56,
            "deletions": 19
          },
          {
            "hash": "48dc810ff8abcadd9fb08187fb276276124f66c9",
            "messageTitle": "Fix checkstyle",
            "messageBody": "",
            "insertions": 5,
            "deletions": 3
          },
          {
            "hash": "75f9dee90d4a0d65a8883caa5b5c64e63996274b",
            "messageTitle": "Update delete function to match user guide specification",
            "messageBody": "",
            "insertions": 7,
            "deletions": 7
          },
          {
            "hash": "ccd9f0c2f1fb5b5710c20d4b155298e1f897727f",
            "messageTitle": "Add clear function to clear meals with a range of dates",
            "messageBody": "",
            "insertions": 58,
            "deletions": 1
          }
        ]
      },
      {
        "insertions": 105,
        "deletions": 21,
        "date": "2019-10-08",
        "commitResults": [
          {
            "hash": "26ff470a1f3cd97676fbfd6d41d1f162f54320b1",
            "messageTitle": "Refactor adding of meals",
            "messageBody": "",
            "insertions": 15,
            "deletions": 15
          },
          {
            "hash": "f3f6086bfe004b6b325d06437fe7ee0b10d8e215",
            "messageTitle": "Add edit meal functionality to update or replace exisiting nutritional information",
            "messageBody": "",
            "insertions": 90,
            "deletions": 6
          }
        ]
      },
      {
        "insertions": 57,
        "deletions": 6,
        "date": "2019-10-14",
        "commitResults": [
          {
            "hash": "5c0bab4167faf3f94734665559738949f137d0f5",
            "messageTitle": "Add history command feature",
            "messageBody": "",
            "insertions": 52,
            "deletions": 0
          },
          {
            "hash": "70430a6ed4969279ae27554219d0eccfacac6246",
            "messageTitle": "Fix minor checkstyle issues",
            "messageBody": "",
            "insertions": 2,
            "deletions": 3
          },
          {
            "hash": "d5ec37e361ac271e8a1a6e799947a979bfb33c9c",
            "messageTitle": "Update text formatting of command history for easier viewing by user",
            "messageBody": "",
            "insertions": 3,
            "deletions": 3
          }
        ]
      },
      {
        "insertions": 62,
        "deletions": 0,
        "date": "2019-10-22",
        "commitResults": [
          {
            "hash": "2e263f4422c8792265a7b2cd3f386b4e7c9f6a01",
            "messageTitle": "Add base classes for meal suggestion feature",
            "messageBody": "",
            "insertions": 62,
            "deletions": 0
          }
        ]
      },
      {
        "insertions": 7,
        "deletions": 0,
        "date": "2019-10-23",
        "commitResults": [
          {
            "hash": "4c205f5ccea0a76a446ee4ae2bd30f1e894869f7",
            "messageTitle": "Updated build file for including text files in jar",
            "messageBody": "",
            "insertions": 7,
            "deletions": 0
          }
        ]
      }
    ],
    "GaryStu": [
      {
        "insertions": 51,
        "deletions": 27,
        "date": "2019-10-07",
        "commitResults": [
          {
            "hash": "8052d1acd0ae597eaffa3c5817bd2c7ee7a0b3d7",
            "messageTitle": "Add the find functionality to also include dates",
            "messageBody": "",
            "insertions": 19,
            "deletions": 4
          },
          {
            "hash": "7836a8d1d0739ebe23919d79bc7b313a80f7801f",
            "messageTitle": "Implement find functionality with date specification and meal type specifiers",
            "messageBody": "",
            "insertions": 28,
            "deletions": 22
          },
          {
            "hash": "89da227427ae51898be0b4755adc0ff12dae4cf8",
            "messageTitle": "Only allow remaining calorie to be calculated based on eaten meal on that day",
            "messageBody": "",
            "insertions": 4,
            "deletions": 1
          }
        ]
      },
      {
        "insertions": 50,
        "deletions": 1,
        "date": "2019-10-08",
        "commitResults": [
          {
            "hash": "7e78579ffd11b4eb66b181508ebc392d27d04678",
            "messageTitle": "Add a help functionality",
            "messageBody": "",
            "insertions": 50,
            "deletions": 1
          }
        ]
      },
      {
        "insertions": 20,
        "deletions": 4,
        "date": "2019-10-15",
        "commitResults": [
          {
            "hash": "23301758d93be867ce861b4fe57094a685f3aa5a",
            "messageTitle": "Implement specified help description",
            "messageBody": "",
            "insertions": 17,
            "deletions": 4
          },
          {
            "hash": "4cf61842efd7a1568cf508803e288a01aa7e4cab",
            "messageTitle": "Checkstyle fix and write test for helpcommand",
            "messageBody": "",
            "insertions": 3,
            "deletions": 0
          }
        ]
      },
      {
        "insertions": 17,
        "deletions": 4,
        "date": "2019-10-21",
        "commitResults": [
          {
            "hash": "d991fc6324c6b362a8aab31fda923e7b7b29aeb2",
            "messageTitle": "Resolve a bug where the application does not load the done status",
            "messageBody": "",
            "insertions": 17,
            "deletions": 4
          }
        ]
      },
      {
        "insertions": 73,
        "deletions": 40,
        "date": "2019-10-22",
        "commitResults": [
          {
            "hash": "2e38cc826e05f52442b3d8ba3306dbcdc9025617",
            "messageTitle": "Reworked markasdone command to be based on index (originally based on type of meal)",
            "messageBody": "",
            "insertions": 67,
            "deletions": 36
          },
          {
            "hash": "4de507b3a34ad47f9284cb11d6163b95971f49c9",
            "messageTitle": "Minor checkstyle fix",
            "messageBody": "",
            "insertions": 5,
            "deletions": 3
          },
          {
            "hash": "88cf7b33751d82c383aa9cf061361b83827494cb",
            "messageTitle": "Add model diagram for transaction in DG",
            "messageBody": "",
            "insertions": 1,
            "deletions": 1
          }
        ]
      },
      {
        "insertions": 3,
        "deletions": 2,
        "date": "2019-10-23",
        "commitResults": [
          {
            "hash": "c2e628f70cb5ca2032682f2305cd08aedf6238a4",
            "messageTitle": "Update the release version to v1.2.1 and move the jar file to root dir",
            "messageBody": "",
            "insertions": 3,
            "deletions": 2
          }
        ]
      }
    ],
    "koushireo": [
      {
        "insertions": 338,
        "deletions": 94,
        "date": "2019-09-24",
        "commitResults": [
          {
            "hash": "af3aca140dd1ae313b7669bb46061b96a4fa8deb",
            "messageTitle": "B-DoAfterTasks",
            "messageBody": "",
            "insertions": 297,
            "deletions": 68
          },
          {
            "hash": "2330949bfd007d5eee750d802e6eab2d1da6898c",
            "messageTitle": "fixing checkstyle",
            "messageBody": "",
            "insertions": 41,
            "deletions": 26
          }
        ]
      },
      {
        "insertions": 77,
        "deletions": 76,
        "date": "2019-09-25",
        "commitResults": [
          {
            "hash": "dde031d44012f6f0f3d9f6b3c7b256549387a632",
            "messageTitle": "B-DoAfterTasks",
            "messageBody": "",
            "insertions": 75,
            "deletions": 75
          },
          {
            "hash": "ccf5304a1a5ae958b173dc50d8571c9ab7a492dd",
            "messageTitle": "fix checkstyle",
            "messageBody": "",
            "insertions": 2,
            "deletions": 1
          }
        ]
      },
      {
        "insertions": 294,
        "deletions": 58,
        "date": "2019-09-28",
        "commitResults": [
          {
            "hash": "33afbcb2ff3657b4016f57b65097031f4489e264",
            "messageTitle": "fixed bug, added user set up",
            "messageBody": "",
            "insertions": 235,
            "deletions": 23
          },
          {
            "hash": "61b1e8ff8448bd5b7ee9398ef9d68606653b398d",
            "messageTitle": "checkstyle fix",
            "messageBody": "",
            "insertions": 59,
            "deletions": 35
          }
        ]
      },
      {
        "insertions": 132,
        "deletions": 28,
        "date": "2019-09-29",
        "commitResults": [
          {
            "hash": "76ba352259dcb08361bd7cecdce60d521cf15fc9",
            "messageTitle": "added calculations and fixes",
            "messageBody": "",
            "insertions": 132,
            "deletions": 28
          }
        ]
      },
      {
        "insertions": 71,
        "deletions": 21,
        "date": "2019-09-30",
        "commitResults": [
          {
            "hash": "9f8ae7ddfd81458f061869a962404eb3c3c738f6",
            "messageTitle": "refactored data structure",
            "messageBody": "",
            "insertions": 71,
            "deletions": 21
          }
        ]
      },
      {
        "insertions": 147,
        "deletions": 16,
        "date": "2019-10-02",
        "commitResults": [
          {
            "hash": "b2536b1e469b5d2f1178752834f0ccfb4456c83e",
            "messageTitle": "Autocorrect and updateweight command done",
            "messageBody": "",
            "insertions": 147,
            "deletions": 16
          }
        ]
      },
      {
        "insertions": 232,
        "deletions": 108,
        "date": "2019-10-08",
        "commitResults": [
          {
            "hash": "eda1dbda8f93939e540ad08ad4a8e3523f8aa96c",
            "messageTitle": "added JUnit testing and javadocs",
            "messageBody": "",
            "insertions": 175,
            "deletions": 76
          },
          {
            "hash": "29031324691c8f0d6bd2c4b12f17c49c812ac481",
            "messageTitle": "Update Tuple.java",
            "messageBody": "",
            "insertions": 11,
            "deletions": 0
          },
          {
            "hash": "98d5a676bf3df229900708e196f2cfb2d618e5db",
            "messageTitle": "Update User.java",
            "messageBody": "",
            "insertions": 46,
            "deletions": 1
          },
          {
            "hash": "6320dc28bb5487a6f64db5fa0ef059e4e83bdc09",
            "messageTitle": "Delete ParserTest.java",
            "messageBody": "",
            "insertions": 0,
            "deletions": 31
          }
        ]
      }
    ]
  },
  "authorFinalContributionMap": {
    "Fractalisk": 1714,
    "HashirZahir": 264,
    "GaryStu": 330,
    "koushireo": 479
  },
  "authorFileTypeContributionMap": {
    "Fractalisk": {
      "tests": 111,
      "functional": 1602,
      "other": 1
    },
    "HashirZahir": {
      "tests": 0,
      "functional": 257,
      "other": 7
    },
    "GaryStu": {
      "tests": 13,
      "functional": 315,
      "other": 2
    },
    "koushireo": {
      "tests": 46,
      "functional": 433
    }
  },
  "authorContributionVariance": {
    "Fractalisk": 232974.14,
    "HashirZahir": 1685.8856,
    "GaryStu": 603.40137,
    "koushireo": 12830.8125
  },
  "authorDisplayNameMap": {
    "Fractalisk": "CS2113T-W13-4 CHU  . . WEI",
    "HashirZahir": "CS2113T-W13-4 HAS  . . HIR",
    "GaryStu": "CS2113T-W13-4 IVA  . . LIE",
    "koushireo": "CS2113T-W13-4 FOO  . . HEN"
  }
}
