{
  "authorDailyContributionsMap": {
    "parvathi14": [
      {
        "insertions": 82,
        "deletions": 13,
        "date": "2019-10-02",
        "commitResults": [
          {
            "hash": "a1481ec47f55d2ea2cc9a42386d40f92166ba51a",
            "messageTitle": "Milestone v1.1 first edit",
            "messageBody": "",
            "insertions": 82,
            "deletions": 13
          }
        ]
      },
      {
        "insertions": 101,
        "deletions": 45,
        "date": "2019-10-03",
        "commitResults": [
          {
            "hash": "b6370545e5199edfb765c182ae13dc71cc3e6744",
            "messageTitle": "Milestone v1.1 second edit",
            "messageBody": "",
            "insertions": 59,
            "deletions": 22
          },
          {
            "hash": "75e596e32cd14f48bb929350a67703e11aa78309",
            "messageTitle": "Milestone v1.1 third edit - Food Class: changed constructor to have one argument",
            "messageBody": "",
            "insertions": 42,
            "deletions": 23
          }
        ]
      }
    ],
    "Parvathi Menon": [],
    "kuromono": [
      {
        "insertions": 181,
        "deletions": 21,
        "date": "2019-10-02",
        "commitResults": [
          {
            "hash": "2a449bff231b5422bff3eb69d0f9963ec470b400",
            "messageTitle": "Added some base code for storage utilities.",
            "messageBody": "",
            "insertions": 181,
            "deletions": 21
          }
        ]
      },
      {
        "insertions": 40,
        "deletions": 26,
        "date": "2019-10-03",
        "commitResults": [
          {
            "hash": "1a3b0dfdea14a8ea3c1e78f01a1064fdd9cb357e",
            "messageTitle": "Change storage exception to CubeExceptions",
            "messageBody": "",
            "insertions": 40,
            "deletions": 26
          }
        ]
      }
    ],
    "Zheng Kaining": [],
    "zkathrynx": [
      {
        "insertions": 117,
        "deletions": 12,
        "date": "2019-10-03",
        "commitResults": [
          {
            "hash": "beaa35994db4d2cb4edf79fa172fb3e8615b5b66",
            "messageTitle": "finished cube parser",
            "messageBody": "",
            "insertions": 117,
            "deletions": 12
          }
        ]
      }
    ]
  },
  "authorFinalContributionMap": {
    "parvathi14": 129,
    "Parvathi Menon": 0,
    "kuromono": 191,
    "Zheng Kaining": 0,
    "zkathrynx": 124
  },
  "authorFileTypeContributionMap": {
    "parvathi14": {
      "java": 129,
      "gradle": 0,
      "css": 0,
      "fxml": 0
    },
    "Parvathi Menon": {
      "java": 0,
      "gradle": 0,
      "css": 0,
      "fxml": 0
    },
    "kuromono": {
      "java": 191,
      "gradle": 0,
      "css": 0,
      "fxml": 0
    },
    "Zheng Kaining": {
      "java": 0,
      "gradle": 0,
      "css": 0,
      "fxml": 0
    },
    "zkathrynx": {
      "java": 117,
      "gradle": 7,
      "css": 0,
      "fxml": 0
    }
  },
  "authorContributionVariance": {
    "parvathi14": 3443.472,
    "Parvathi Menon": 0.0,
    "kuromono": 5531.555,
    "Zheng Kaining": 0.0,
    "zkathrynx": 2311.25
  },
  "authorDisplayNameMap": {
    "parvathi14": "parvathi14",
    "Parvathi Menon": "Parvathi Menon",
    "kuromono": "kuromono",
    "Zheng Kaining": "Zheng Kaining",
    "zkathrynx": "zkathrynx"
  }
}
