{
  "authorDailyContributionsMap": {
    "parvathi14": [
      {
        "insertions": 82,
        "deletions": 13,
        "date": "2019-10-02",
        "commitResults": [
          {
            "hash": "a1481ec47f55d2ea2cc9a42386d40f92166ba51a",
            "messageTitle": "Milestone v1.1 first edit",
            "messageBody": "",
            "insertions": 82,
            "deletions": 13
          }
        ]
      },
      {
        "insertions": 101,
        "deletions": 45,
        "date": "2019-10-03",
        "commitResults": [
          {
            "hash": "b6370545e5199edfb765c182ae13dc71cc3e6744",
            "messageTitle": "Milestone v1.1 second edit",
            "messageBody": "",
            "insertions": 59,
            "deletions": 22
          },
          {
            "hash": "75e596e32cd14f48bb929350a67703e11aa78309",
            "messageTitle": "Milestone v1.1 third edit - Food Class: changed constructor to have one argument",
            "messageBody": "",
            "insertions": 42,
            "deletions": 23
          }
        ]
      },
      {
        "insertions": 9,
        "deletions": 0,
        "date": "2019-10-10",
        "commitResults": [
          {
            "hash": "01cb2b1ee7eb6cd222755954d96d768bbdae7c2d",
            "messageTitle": "Added default constructor",
            "messageBody": "",
            "insertions": 9,
            "deletions": 0
          }
        ]
      },
      {
        "insertions": 127,
        "deletions": 24,
        "date": "2019-10-16",
        "commitResults": [
          {
            "hash": "485ed9736bbf05d62e77c349466e721f2a620780",
            "messageTitle": "v1.2: implemented reminder function",
            "messageBody": "",
            "insertions": 98,
            "deletions": 17
          },
          {
            "hash": "b7c6a9d8f132a958159c585dac3bb98ed1d6cc0f",
            "messageTitle": "v1.2: Help command implemented",
            "messageBody": "",
            "insertions": 23,
            "deletions": 3
          },
          {
            "hash": "6ec44a9bdded97d0c19fe071bfb9bb6dab2aed4d",
            "messageTitle": "v1.2: Reminder command put in Parser plus minor changes",
            "messageBody": "",
            "insertions": 6,
            "deletions": 4
          }
        ]
      },
      {
        "insertions": 0,
        "deletions": 5,
        "date": "2019-10-17",
        "commitResults": [
          {
            "hash": "e42ff2098397280b6dce67533ab825197d322082",
            "messageTitle": "v1.2: Removed some unnecessary lines of code",
            "messageBody": "",
            "insertions": 0,
            "deletions": 5
          }
        ]
      },
      {
        "insertions": 57,
        "deletions": 38,
        "date": "2019-10-24",
        "commitResults": [
          {
            "hash": "70c8d176f98425fde0a09ff11feeb26c6b1a6ac4",
            "messageTitle": "v1.3: Implemented customization feature for reminders",
            "messageBody": "",
            "insertions": 4,
            "deletions": 0
          },
          {
            "hash": "a9b77d701fffb3b85c1642a2d25f862f9af7f30b",
            "messageTitle": "v1.3: Implemented customization feature for reminders function",
            "messageBody": "",
            "insertions": 44,
            "deletions": 12
          },
          {
            "hash": "c88b7b06bf43bc0b1bac857ef88beb99cb8850b9",
            "messageTitle": "v1.3: Implemented customization feature for reminders",
            "messageBody": "",
            "insertions": 9,
            "deletions": 26
          }
        ]
      }
    ],
    "kuromono": [
      {
        "insertions": 7,
        "deletions": 5,
        "date": "2019-09-26",
        "commitResults": [
          {
            "hash": "7df6824459e916d6382880d171190b089dc7461e",
            "messageTitle": "Edited readme \u0026 modified intro ASCII art",
            "messageBody": "",
            "insertions": 7,
            "deletions": 5
          }
        ]
      },
      {
        "insertions": 181,
        "deletions": 21,
        "date": "2019-10-02",
        "commitResults": [
          {
            "hash": "2a449bff231b5422bff3eb69d0f9963ec470b400",
            "messageTitle": "Added some base code for storage utilities.",
            "messageBody": "",
            "insertions": 181,
            "deletions": 21
          }
        ]
      },
      {
        "insertions": 66,
        "deletions": 42,
        "date": "2019-10-03",
        "commitResults": [
          {
            "hash": "1a3b0dfdea14a8ea3c1e78f01a1064fdd9cb357e",
            "messageTitle": "Change storage exception to CubeExceptions",
            "messageBody": "",
            "insertions": 40,
            "deletions": 26
          },
          {
            "hash": "f27ac303f39cddf19de171e54ddb241bfbe74f19",
            "messageTitle": "Implement serializable to objects for writing",
            "messageBody": "",
            "insertions": 26,
            "deletions": 16
          }
        ]
      },
      {
        "insertions": 122,
        "deletions": 15,
        "date": "2019-10-10",
        "commitResults": [
          {
            "hash": "b0b3d0fbbfe4f53eda8857f7228b3eea223474ff",
            "messageTitle": "Some code to test Json file read (not working currently)",
            "messageBody": "",
            "insertions": 122,
            "deletions": 15
          }
        ]
      },
      {
        "insertions": 29,
        "deletions": 20,
        "date": "2019-10-12",
        "commitResults": [
          {
            "hash": "7f3498374b45c7e71dd1498fc95231a110888da5",
            "messageTitle": "Implemented JSON FileUtil v1, added some public getters for it to work",
            "messageBody": "",
            "insertions": 29,
            "deletions": 20
          }
        ]
      },
      {
        "insertions": 51,
        "deletions": 27,
        "date": "2019-10-16",
        "commitResults": [
          {
            "hash": "4c22a5ac6a54ac4df4ff262c9ba62c00d2b8eb83",
            "messageTitle": "Fixed bug where JSON file not loading correctly.",
            "messageBody": "",
            "insertions": 51,
            "deletions": 27
          }
        ]
      },
      {
        "insertions": 406,
        "deletions": 26,
        "date": "2019-10-17",
        "commitResults": [
          {
            "hash": "66494be9bebf7b82035c804347c78e040f3cc17e",
            "messageTitle": "Test GUI Structure",
            "messageBody": "",
            "insertions": 206,
            "deletions": 3
          },
          {
            "hash": "3a230c04194dc426df31199e01e3a130801603af",
            "messageTitle": "Test loading multiple components for GUI",
            "messageBody": "",
            "insertions": 73,
            "deletions": 10
          },
          {
            "hash": "9be2a53a73691ac0cb91c71482cf17a355042252",
            "messageTitle": "Add some test logic to GUI structure",
            "messageBody": "",
            "insertions": 124,
            "deletions": 8
          },
          {
            "hash": "c4a4b6ca396bb2d57360d96c7b475efbeecdf826",
            "messageTitle": "Add back shadowJar to Gradle",
            "messageBody": "",
            "insertions": 2,
            "deletions": 2
          },
          {
            "hash": "79f583de0986c16a7f0b4b662e7c43bf96b36faa",
            "messageTitle": "Commented out ui show delete to allow building",
            "messageBody": "",
            "insertions": 1,
            "deletions": 1
          },
          {
            "hash": "b8807f096305007eba36375c848c4f7e7a2bfaa6",
            "messageTitle": "Modified build.gradle back to mavencentral",
            "messageBody": "",
            "insertions": 0,
            "deletions": 2
          }
        ]
      },
      {
        "insertions": 10,
        "deletions": 3,
        "date": "2019-10-18",
        "commitResults": [
          {
            "hash": "8c9bac4e70ad14605848e732e8c357af5c0c1ce5",
            "messageTitle": "Added JUnit dependency to gradle \u0026 move test files to correct folder",
            "messageBody": "",
            "insertions": 10,
            "deletions": 3
          }
        ]
      },
      {
        "insertions": 153,
        "deletions": 150,
        "date": "2019-10-21",
        "commitResults": [
          {
            "hash": "c8d89cf36af8ae291505ca8dc68e4d3dca082cba",
            "messageTitle": "Removed old FileUtil \u0026 added a test to easy generate Cube.json for testing",
            "messageBody": "",
            "insertions": 38,
            "deletions": 113
          },
          {
            "hash": "53be2648d18e2637e9ec2bdcfd47e98a5709778f",
            "messageTitle": "Fix AddCommandParserTest not compiling",
            "messageBody": "",
            "insertions": 3,
            "deletions": 3
          },
          {
            "hash": "b952027aa4030f2318e73d7cfa54ec11d6776046",
            "messageTitle": "Fix Revenue not loading properly",
            "messageBody": "",
            "insertions": 3,
            "deletions": 1
          },
          {
            "hash": "c56f163278f70a8be04ce9e4fdeffe62b8aef1a2",
            "messageTitle": "Fixed wrong package for FileUtilJsonTest",
            "messageBody": "",
            "insertions": 1,
            "deletions": 2
          },
          {
            "hash": "e93f21a570727412293cbe772dda33c60d7152a0",
            "messageTitle": "Modified GUI to show results \u0026 added config storage",
            "messageBody": "",
            "insertions": 108,
            "deletions": 29
          },
          {
            "hash": "fa8310d46f45232c3c6ce1ada0a3c14b417ebcaa",
            "messageTitle": "Removed Tutorials Folder",
            "messageBody": "",
            "insertions": 0,
            "deletions": 2
          }
        ]
      },
      {
        "insertions": 15,
        "deletions": 23,
        "date": "2019-10-22",
        "commitResults": [
          {
            "hash": "e321f8d8a9a262141b998c20f1b02fd961cdc3d2",
            "messageTitle": "Clean up build.gradle",
            "messageBody": "",
            "insertions": 15,
            "deletions": 23
          }
        ]
      },
      {
        "insertions": 87,
        "deletions": 56,
        "date": "2019-10-24",
        "commitResults": [
          {
            "hash": "08ed4dae524006a40258a68f425316e977c93de6",
            "messageTitle": "Move ConfigStorage to StorageManager",
            "messageBody": "",
            "insertions": 17,
            "deletions": 45
          },
          {
            "hash": "5a306b638992a5b121c80a9a0ea4f40300fdae1f",
            "messageTitle": "Fixed Config loading issues",
            "messageBody": "",
            "insertions": 10,
            "deletions": 4
          },
          {
            "hash": "a42d3b57276984d8b91443e866f17ef0c36e68e7",
            "messageTitle": "Added some base code for list panel view GUI",
            "messageBody": "",
            "insertions": 33,
            "deletions": 1
          },
          {
            "hash": "d5f40849ce31d7c026b967fecd816c544c257a63",
            "messageTitle": "Rename Duke.java to Cube.java",
            "messageBody": "",
            "insertions": 6,
            "deletions": 6
          },
          {
            "hash": "7b3bc593a0c16787b6d0e9513565c87c5239750f",
            "messageTitle": "Add some javadocs for configstorage",
            "messageBody": "",
            "insertions": 21,
            "deletions": 0
          }
        ]
      }
    ],
    "tygq13": [
      {
        "insertions": 426,
        "deletions": 15,
        "date": "2019-09-26",
        "commitResults": [
          {
            "hash": "4c1b73f481b20d0e30043dd6ae5d585a892d15e7",
            "messageTitle": "skleton Cube and implement Command",
            "messageBody": "",
            "insertions": 426,
            "deletions": 15
          }
        ]
      },
      {
        "insertions": 51,
        "deletions": 26,
        "date": "2019-10-16",
        "commitResults": [
          {
            "hash": "ead3801cd01af03ce504823a6b6b171fcd040b70",
            "messageTitle": "some changes in ui to show command result",
            "messageBody": "",
            "insertions": 51,
            "deletions": 26
          }
        ]
      },
      {
        "insertions": 131,
        "deletions": 44,
        "date": "2019-10-17",
        "commitResults": [
          {
            "hash": "e9c42ff50197a1cc7cf91fdc2f6fffe998ccf67a",
            "messageTitle": "support sorting in foodList",
            "messageBody": "",
            "insertions": 121,
            "deletions": 34
          },
          {
            "hash": "e933f120b1743014432da0da3398110a01db40a7",
            "messageTitle": "fix minor bug in list",
            "messageBody": "",
            "insertions": 3,
            "deletions": 1
          },
          {
            "hash": "e9cd9fb34a7cebcc5a9319fb7e191c71049a155b",
            "messageTitle": "change build.gradle to fix gradle bug",
            "messageBody": "",
            "insertions": 4,
            "deletions": 4
          },
          {
            "hash": "d0e830d95073f8a615919ec208c2b26e0c077e8d",
            "messageTitle": "build.gradle",
            "messageBody": "",
            "insertions": 3,
            "deletions": 5
          }
        ]
      },
      {
        "insertions": 205,
        "deletions": 61,
        "date": "2019-10-18",
        "commitResults": [
          {
            "hash": "9383e871b1c95d34f5f924c4de8013d0fe12f0ea",
            "messageTitle": "refactor to encapsulate command result to CommandResult object",
            "messageBody": "",
            "insertions": 205,
            "deletions": 61
          }
        ]
      },
      {
        "insertions": 15,
        "deletions": 1277,
        "date": "2019-10-20",
        "commitResults": [
          {
            "hash": "3a027be701f76ff84ce64e3ab68dbff5734dc150",
            "messageTitle": "bug fix in SoldCommand and soring",
            "messageBody": "",
            "insertions": 10,
            "deletions": 2
          },
          {
            "hash": "4e14b77bb1f8a43de742263043dc38d77c78fb81",
            "messageTitle": "remove some old Duke files",
            "messageBody": "",
            "insertions": 2,
            "deletions": 1237
          },
          {
            "hash": "7a1c7d52bb72861354f00ccc0dfd8bcb1a8641aa",
            "messageTitle": "update help message",
            "messageBody": "",
            "insertions": 3,
            "deletions": 16
          },
          {
            "hash": "3201cb3d91fcb1273b080f4f3113d3f1e6aa9716",
            "messageTitle": "remove unused dependency",
            "messageBody": "",
            "insertions": 0,
            "deletions": 22
          }
        ]
      }
    ],
    "ZKathrynx": [
      {
        "insertions": 117,
        "deletions": 12,
        "date": "2019-10-03",
        "commitResults": [
          {
            "hash": "beaa35994db4d2cb4edf79fa172fb3e8615b5b66",
            "messageTitle": "finished cube parser",
            "messageBody": "",
            "insertions": 117,
            "deletions": 12
          }
        ]
      },
      {
        "insertions": 100,
        "deletions": 88,
        "date": "2019-10-10",
        "commitResults": [
          {
            "hash": "fbb97dbdc9fb02a962fe56b8300ada0dc02abea3",
            "messageTitle": "parser modularize prototype",
            "messageBody": "",
            "insertions": 100,
            "deletions": 88
          }
        ]
      },
      {
        "insertions": 142,
        "deletions": 51,
        "date": "2019-10-17",
        "commitResults": [
          {
            "hash": "925b7e5b640a6b1c89a0b91c073d6ce51a82dc0f",
            "messageTitle": "fixed UI",
            "messageBody": "",
            "insertions": 71,
            "deletions": 39
          },
          {
            "hash": "295df6d4c0bc703d71464f47b9cf3dd924559743",
            "messageTitle": "Add test folder",
            "messageBody": "",
            "insertions": 10,
            "deletions": 0
          },
          {
            "hash": "76a910a907ae511354f6f81476ff61c01fd04ec3",
            "messageTitle": "fixed AddCommandParser bug",
            "messageBody": "",
            "insertions": 61,
            "deletions": 12
          }
        ]
      },
      {
        "insertions": 4,
        "deletions": 6,
        "date": "2019-10-18",
        "commitResults": [
          {
            "hash": "92f9daa7b17fbff1ab0748521b4e1cf7822acbcd",
            "messageTitle": "fixed test",
            "messageBody": "",
            "insertions": 4,
            "deletions": 6
          }
        ]
      },
      {
        "insertions": 521,
        "deletions": 141,
        "date": "2019-10-20",
        "commitResults": [
          {
            "hash": "3c2984cf4244be4bf44d497724ce82a75153f200",
            "messageTitle": "fixed add parser and delete parser",
            "messageBody": "",
            "insertions": 194,
            "deletions": 66
          },
          {
            "hash": "e51b799c60d31fa55d959372d0523bcc6bbe0264",
            "messageTitle": "added parser exception",
            "messageBody": "",
            "insertions": 80,
            "deletions": 44
          },
          {
            "hash": "45420738967fc2513ebf666fda3ca95bbed81a27",
            "messageTitle": "added find command",
            "messageBody": "",
            "insertions": 247,
            "deletions": 31
          }
        ]
      },
      {
        "insertions": 67,
        "deletions": 1217,
        "date": "2019-10-21",
        "commitResults": [
          {
            "hash": "90e0682561b980428eccde0a8aff041ad3c7a778",
            "messageTitle": "fixed storage bug",
            "messageBody": "",
            "insertions": 26,
            "deletions": 27
          },
          {
            "hash": "8337f13dc9972de3c68047f8083ce9edeef48182",
            "messageTitle": "fixed null type bug",
            "messageBody": "",
            "insertions": 3,
            "deletions": 3
          },
          {
            "hash": "deb0ee7b795aa691660dec85c1ddb5089c441e83",
            "messageTitle": "added sort to find",
            "messageBody": "",
            "insertions": 22,
            "deletions": 6
          },
          {
            "hash": "6419887f8560285e0ffe2b2f8172e219d51bda19",
            "messageTitle": "implemented sort to find",
            "messageBody": "",
            "insertions": 16,
            "deletions": 4
          },
          {
            "hash": "c7ac165c9cc7baa03c4cf2e81041584018133cc5",
            "messageTitle": "delete Duke",
            "messageBody": "",
            "insertions": 0,
            "deletions": 1177
          }
        ]
      }
    ],
    "LL-Pengfei": [
      {
        "insertions": 3,
        "deletions": 2,
        "date": "2019-10-03",
        "commitResults": [
          {
            "hash": "bb600082d0afd35a169e6e36db348f15f5f34b82",
            "messageTitle": "no message",
            "messageBody": "",
            "insertions": 2,
            "deletions": 1
          },
          {
            "hash": "094227ca0076d9f95551d810acf2cd3d333e8af3",
            "messageTitle": "no message",
            "messageBody": "",
            "insertions": 1,
            "deletions": 1
          }
        ]
      },
      {
        "insertions": 6,
        "deletions": 6,
        "date": "2019-10-10",
        "commitResults": [
          {
            "hash": "2bfe1381c628f581be38eb545fe60218bc19a5af",
            "messageTitle": "no message",
            "messageBody": "",
            "insertions": 3,
            "deletions": 3
          },
          {
            "hash": "d2db87e82e204e01b0f113ab5fb33102a5515f80",
            "messageTitle": "no message",
            "messageBody": "",
            "insertions": 3,
            "deletions": 3
          }
        ]
      },
      {
        "insertions": 1,
        "deletions": 1,
        "date": "2019-10-17",
        "commitResults": [
          {
            "hash": "d84534bafae68c5dfc8d03b323c3ea4e7d596317",
            "messageTitle": "no message",
            "messageBody": "",
            "insertions": 1,
            "deletions": 1
          }
        ]
      },
      {
        "insertions": 47,
        "deletions": 44,
        "date": "2019-10-20",
        "commitResults": [
          {
            "hash": "8ebeb24db920db430e78af9564d0e619d0210ca8",
            "messageTitle": "no message",
            "messageBody": "",
            "insertions": 5,
            "deletions": 32
          },
          {
            "hash": "c333df2971bb76343f3e484d6759385aa959085e",
            "messageTitle": "no message",
            "messageBody": "",
            "insertions": 23,
            "deletions": 6
          },
          {
            "hash": "6d62607a5e1c0bbdb3d158634e8f9c970c5ad6e7",
            "messageTitle": "no message",
            "messageBody": "",
            "insertions": 19,
            "deletions": 6
          }
        ]
      },
      {
        "insertions": 275,
        "deletions": 53,
        "date": "2019-10-21",
        "commitResults": [
          {
            "hash": "c599b85bf19dcfaa087dd4db66be5f0018047dd9",
            "messageTitle": "no message",
            "messageBody": "",
            "insertions": 9,
            "deletions": 10
          },
          {
            "hash": "10e21fcb8b32c5bf4ca805a355cdd3baaa165196",
            "messageTitle": "no message",
            "messageBody": "",
            "insertions": 18,
            "deletions": 4
          },
          {
            "hash": "04fbf90cc16bff6963825579650fac2be2ac2469",
            "messageTitle": "no message",
            "messageBody": "",
            "insertions": 15,
            "deletions": 9
          },
          {
            "hash": "5d9c4bcfd9673095a903bb4995d2cb79be40f6cb",
            "messageTitle": "no message",
            "messageBody": "",
            "insertions": 23,
            "deletions": 12
          },
          {
            "hash": "a1ee982a7deae07a6beb37fedb4c2a6d85e37912",
            "messageTitle": "no message",
            "messageBody": "",
            "insertions": 6,
            "deletions": 7
          },
          {
            "hash": "0efde4385adda7e600a41b7dcb1b4aacbcd0b36e",
            "messageTitle": "no message",
            "messageBody": "",
            "insertions": 12,
            "deletions": 1
          },
          {
            "hash": "decfe82fa80ccb7750cc14c74060642c0b72d820",
            "messageTitle": "no message",
            "messageBody": "",
            "insertions": 14,
            "deletions": 1
          },
          {
            "hash": "ada8485eb2374be6c8f87024a1950de64fb8acb2",
            "messageTitle": "no message",
            "messageBody": "",
            "insertions": 9,
            "deletions": 2
          },
          {
            "hash": "a0530f52706c44abbf4c1e3ee09296a5865a4d26",
            "messageTitle": "no message",
            "messageBody": "",
            "insertions": 167,
            "deletions": 6
          },
          {
            "hash": "b5884e98327357fe057353743aae0eeeefda58a4",
            "messageTitle": "no message",
            "messageBody": "",
            "insertions": 2,
            "deletions": 1
          }
        ]
      },
      {
        "insertions": 35,
        "deletions": 15,
        "date": "2019-10-22",
        "commitResults": [
          {
            "hash": "1ab91efeb3fbe949acdb7f43348b25517dd6b441",
            "messageTitle": "no message",
            "messageBody": "",
            "insertions": 35,
            "deletions": 15
          }
        ]
      },
      {
        "insertions": 6,
        "deletions": 0,
        "date": "2019-10-23",
        "commitResults": [
          {
            "hash": "341c5a199bbf6a63ff21dd22c215fd6b2e6ac32e",
            "messageTitle": "generate revenue not fully functional yet, add comment message for notice",
            "messageBody": "",
            "insertions": 6,
            "deletions": 0
          }
        ]
      },
      {
        "insertions": 50,
        "deletions": 28,
        "date": "2019-10-25",
        "commitResults": [
          {
            "hash": "1c942cfd537ec84b71851705684b09732e0ee699",
            "messageTitle": "can now generate total revenue",
            "messageBody": "",
            "insertions": 21,
            "deletions": 4
          },
          {
            "hash": "6b43e12475cbb337cb49357ed231adef750ee7eb",
            "messageTitle": "generaterevenue fully functional",
            "messageBody": "",
            "insertions": 27,
            "deletions": 24
          },
          {
            "hash": "cd64c52286ca993465662227ad4af1800e76f0f2",
            "messageTitle": "tutorial comment added for genrevenue",
            "messageBody": "",
            "insertions": 2,
            "deletions": 0
          }
        ]
      }
    ]
  },
  "authorFinalContributionMap": {
    "parvathi14": 233,
    "kuromono": 782,
    "tygq13": 572,
    "ZKathrynx": 549,
    "LL-Pengfei": 491
  },
  "authorFileTypeContributionMap": {
    "parvathi14": {
      "tests": 0,
      "functional": 233
    },
    "kuromono": {
      "tests": 40,
      "functional": 682,
      "other": 60
    },
    "tygq13": {
      "tests": 0,
      "functional": 566,
      "other": 6
    },
    "ZKathrynx": {
      "tests": 24,
      "functional": 521,
      "other": 4
    },
    "LL-Pengfei": {
      "tests": 13,
      "functional": 478
    }
  },
  "authorContributionVariance": {
    "parvathi14": 1574.3297,
    "kuromono": 8993.805,
    "tygq13": 52179.535,
    "ZKathrynx": 57213.91,
    "LL-Pengfei": 3294.5679
  },
  "authorDisplayNameMap": {
    "parvathi14": "CS2113T-F09-2 PAR  . . NON",
    "kuromono": "CS2113T-F09-2 IAN  . . HUA",
    "tygq13": "CS2113T-F09-2 YE   . . UAN",
    "ZKathrynx": "CS2113T-F09-2 ZHE  . . ING",
    "LL-Pengfei": "CS2113T-F09-2 ZHA  . . FEI"
  }
}
