{
  "authorDailyContributionsMap": {
    "NotTheRealEdmund": [
      {
        "insertions": 69,
        "deletions": 29,
        "date": "2019-09-21",
        "commitResults": [
          {
            "hash": "f7f5203ba66c786568aca738629bbd5899b0f4fb",
            "messageTitle": "Fix bug: Tests",
            "messageBody": "",
            "insertions": 16,
            "deletions": 24
          },
          {
            "hash": "dfa041cef0380c6850666e4c84ec3b08bcb37824",
            "messageTitle": "Added Dialog Boxes to GUI",
            "messageBody": "",
            "insertions": 53,
            "deletions": 5
          }
        ]
      },
      {
        "insertions": 295,
        "deletions": 124,
        "date": "2019-09-22",
        "commitResults": [
          {
            "hash": "73433a09fb0056fde91a4d6f2ddfe6cd48a2718e",
            "messageTitle": "Flipped the dialog box such that the ImageView is on the left and text on the right to differentiate between user input and Duke’s output.",
            "messageBody": "",
            "insertions": 27,
            "deletions": 3
          },
          {
            "hash": "54a3bfec91ab274ae6e644d4ef581fb9beb6206a",
            "messageTitle": "Did a little refactoring",
            "messageBody": "",
            "insertions": 244,
            "deletions": 96
          },
          {
            "hash": "7554489b6e74ceeed699d23a11e6cdacc72c9ad7",
            "messageTitle": "Fixed small bugs",
            "messageBody": "",
            "insertions": 24,
            "deletions": 25
          }
        ]
      },
      {
        "insertions": 82,
        "deletions": 61,
        "date": "2019-09-23",
        "commitResults": [
          {
            "hash": "c53d33f467fdc460de292223ac8c21e77893509a",
            "messageTitle": "Fix bug: Both launcher and duke can run",
            "messageBody": "",
            "insertions": 45,
            "deletions": 43
          },
          {
            "hash": "f2060ceaff0502c9e1e73180770cb66f8b2ce052",
            "messageTitle": "Make the Imageview alternate sides",
            "messageBody": "",
            "insertions": 2,
            "deletions": 2
          },
          {
            "hash": "6e771aeec690096fa9e4f6f5b8d2ee3c97363120",
            "messageTitle": "Clip the ImageView into a circle",
            "messageBody": "",
            "insertions": 2,
            "deletions": 0
          },
          {
            "hash": "620b35dd58686445ca68d83aaeb4aac9ab00dc6c",
            "messageTitle": "Add padding around the inside edges of the DialogBox",
            "messageBody": "",
            "insertions": 4,
            "deletions": 0
          },
          {
            "hash": "d2d7693cc5929f293e06a72329f13e32e284a49d",
            "messageTitle": "Add padding between the ImageView and the text",
            "messageBody": "",
            "insertions": 1,
            "deletions": 0
          },
          {
            "hash": "930485958bc0894e7a134ae42034e8834de005ab",
            "messageTitle": "Make the GUI automatically close by itself",
            "messageBody": "",
            "insertions": 22,
            "deletions": 12
          },
          {
            "hash": "b8602570b1cc943a73f2978a99b42820a99107e3",
            "messageTitle": "test",
            "messageBody": "",
            "insertions": 6,
            "deletions": 4
          }
        ]
      },
      {
        "insertions": 96,
        "deletions": 203,
        "date": "2019-09-24",
        "commitResults": [
          {
            "hash": "1297f45aee3a548f7b966c5b6e7cc768646bb85b",
            "messageTitle": "Completely change the look of the GUI",
            "messageBody": "",
            "insertions": 29,
            "deletions": 157
          },
          {
            "hash": "6b822e6e7dac8cc0e99a6d8061f8770c9a77dea8",
            "messageTitle": "test",
            "messageBody": "",
            "insertions": 12,
            "deletions": 20
          },
          {
            "hash": "801ac5065e0e4ef91d7e160451ce539910646234",
            "messageTitle": "Added a timetable to GUI",
            "messageBody": "",
            "insertions": 38,
            "deletions": 0
          },
          {
            "hash": "299167d5fa5a9fdd8ae445c9631be438e1756ff1",
            "messageTitle": "Clean up timetable code a little",
            "messageBody": "",
            "insertions": 8,
            "deletions": 17
          },
          {
            "hash": "735390ea944f96243c2ca1f21b72b2debd856f1b",
            "messageTitle": "Make the GUI stage larger",
            "messageBody": "",
            "insertions": 9,
            "deletions": 9
          }
        ]
      },
      {
        "insertions": 78,
        "deletions": 86,
        "date": "2019-09-25",
        "commitResults": [
          {
            "hash": "c77f23eb06b9ea004df8ef23879a73d69888fefc",
            "messageTitle": "Merge https://github.com/AY1920S1-CS2113T-W13-1/main",
            "messageBody": "",
            "insertions": 6,
            "deletions": 19
          },
          {
            "hash": "b122323872423db734bfaeb9851aad8e9257c50d",
            "messageTitle": "Menu button works now",
            "messageBody": "",
            "insertions": 72,
            "deletions": 67
          }
        ]
      },
      {
        "insertions": 206,
        "deletions": 5,
        "date": "2019-09-26",
        "commitResults": [
          {
            "hash": "cc7968c8cccafa251c52196f9db9c443b7e10181",
            "messageTitle": "Add a Sports package for our project",
            "messageBody": "",
            "insertions": 69,
            "deletions": 0
          },
          {
            "hash": "dea81a95fcbca1baa784a20459d5e454b24dce08",
            "messageTitle": "Very small changes",
            "messageBody": "",
            "insertions": 77,
            "deletions": 5
          },
          {
            "hash": "dba9ae6b78cc6bd81d4d20bf177e29501fe0f685",
            "messageTitle": "Able to edit the training program for a class.",
            "messageBody": "",
            "insertions": 60,
            "deletions": 0
          }
        ]
      },
      {
        "insertions": 46,
        "deletions": 3,
        "date": "2019-09-27",
        "commitResults": [
          {
            "hash": "9cccae82cc275eeb99b9770110fb12ceee22ac29",
            "messageTitle": "Able to add a sports class via command line to a day of the week",
            "messageBody": "",
            "insertions": 46,
            "deletions": 3
          }
        ]
      },
      {
        "insertions": 5,
        "deletions": 13,
        "date": "2019-09-28",
        "commitResults": [
          {
            "hash": "70d46c280b0fea4d3a072e5c4724e073c112a3fb",
            "messageTitle": "Fix bug: remove unnecessary spacing shown to user and in text file",
            "messageBody": "",
            "insertions": 5,
            "deletions": 13
          }
        ]
      },
      {
        "insertions": 43,
        "deletions": 2,
        "date": "2019-09-29",
        "commitResults": [
          {
            "hash": "fc55ea6281ac14688eeae11cf26d3fcd54e80da5",
            "messageTitle": "Created a Monday class (for now)",
            "messageBody": "",
            "insertions": 41,
            "deletions": 0
          },
          {
            "hash": "5573d5b18bd16cbc1d2ab82111956c8f4d70b2f0",
            "messageTitle": "Make program exit when the user types bye",
            "messageBody": "",
            "insertions": 2,
            "deletions": 2
          }
        ]
      },
      {
        "insertions": 88,
        "deletions": 26,
        "date": "2019-09-30",
        "commitResults": [
          {
            "hash": "ae9630d089e2655e3fec475b7fb04873468cecda",
            "messageTitle": "Update build.gradle file to support cross-platform JAR",
            "messageBody": "",
            "insertions": 13,
            "deletions": 6
          },
          {
            "hash": "6fe88ce892b1c8cd4685bc9d7bf0e891d93104b0",
            "messageTitle": "Added a few functions to Monday class",
            "messageBody": "",
            "insertions": 75,
            "deletions": 20
          }
        ]
      },
      {
        "insertions": 832,
        "deletions": 927,
        "date": "2019-10-01",
        "commitResults": [
          {
            "hash": "2678496aee5ea5027a88a7a65c1b11cf1b386f00",
            "messageTitle": "Add Day class as abstract class and other days as subclass",
            "messageBody": "",
            "insertions": 832,
            "deletions": 96
          },
          {
            "hash": "b0d2918bb972eea368a0f315123f8f903e5dcd15",
            "messageTitle": "test",
            "messageBody": "",
            "insertions": 0,
            "deletions": 17
          },
          {
            "hash": "580c9ebbace765d9252cce5a95760b0741304a90",
            "messageTitle": "Completely remove Day class and package",
            "messageBody": "",
            "insertions": 0,
            "deletions": 814
          }
        ]
      },
      {
        "insertions": 301,
        "deletions": 201,
        "date": "2019-10-02",
        "commitResults": [
          {
            "hash": "9c8784fb222ffcf496bb4bde2fe0b380bf03b873",
            "messageTitle": "Add getters and setters for TimeSlot class",
            "messageBody": "",
            "insertions": 33,
            "deletions": 5
          },
          {
            "hash": "0496eced1517099343d3edd41ad3c66f13cb21bc",
            "messageTitle": "Very small change to javadoc comment for schedule command in parser class",
            "messageBody": "",
            "insertions": 3,
            "deletions": 2
          },
          {
            "hash": "cce947ff2e683d9dffd633bd901775683424ad70",
            "messageTitle": "In sub-schedule, able to view classes in a day, save and load from text file, add and delete classes as well",
            "messageBody": "",
            "insertions": 265,
            "deletions": 194
          }
        ]
      },
      {
        "insertions": 240,
        "deletions": 81,
        "date": "2019-10-03",
        "commitResults": [
          {
            "hash": "8e10f61ec6511e2f7edee573abc4be87fb971c87",
            "messageTitle": "Add goal of the day (cannot save/load yet)",
            "messageBody": "",
            "insertions": 24,
            "deletions": 1
          },
          {
            "hash": "83ba15871bca510e4a7daf1604ae2d5174cb6ea2",
            "messageTitle": "Delete goal of the day (cannot save/load yet)",
            "messageBody": "",
            "insertions": 15,
            "deletions": 1
          },
          {
            "hash": "3483225da77f5a539cf8d74ff07a3907b5935c12",
            "messageTitle": "View goal of the day (cannot save/load yet)",
            "messageBody": "",
            "insertions": 23,
            "deletions": 1
          },
          {
            "hash": "d7f57adeab475b494d682bc5265dc6518ff84f62",
            "messageTitle": "Create a Goal class for goal of the day, can save/load goals from goals.txt, can view/add/delete goals",
            "messageBody": "",
            "insertions": 142,
            "deletions": 56
          },
          {
            "hash": "a7a353faf4bd8c24d78f29eca4770a6524834965",
            "messageTitle": "Add a method to clear all goals in a day but have bugs",
            "messageBody": "",
            "insertions": 27,
            "deletions": 7
          },
          {
            "hash": "3fe6709fca600ea5409d0f5edaf3da3cebf26383",
            "messageTitle": "Face bugs, only able to access last goal in goals.txt",
            "messageBody": "",
            "insertions": 9,
            "deletions": 15
          }
        ]
      },
      {
        "insertions": 194,
        "deletions": 85,
        "date": "2019-10-04",
        "commitResults": [
          {
            "hash": "726d8b64019d94f054ac9c7be6af2338ed0ef150",
            "messageTitle": "Fix bug: Made the Goal methods work even for multiple goals of the day",
            "messageBody": "",
            "insertions": 119,
            "deletions": 51
          },
          {
            "hash": "13359ade6b6ef458b78e86c81f492e50b19867e8",
            "messageTitle": "Done checkstyle checks for MyClass and MyStudent",
            "messageBody": "",
            "insertions": 48,
            "deletions": 28
          },
          {
            "hash": "5b409b43f6f9587901600216c412c18bf75084c3",
            "messageTitle": "Able to clear all classes in a day",
            "messageBody": "",
            "insertions": 27,
            "deletions": 6
          }
        ]
      },
      {
        "insertions": 41,
        "deletions": 15,
        "date": "2019-10-05",
        "commitResults": [
          {
            "hash": "b7ec0a278e6e090bcc609fba613d427d8bac8a6d",
            "messageTitle": "Start to integrate plan to sub-schedule (not complete)",
            "messageBody": "",
            "insertions": 41,
            "deletions": 15
          }
        ]
      },
      {
        "insertions": 111,
        "deletions": 81,
        "date": "2019-10-06",
        "commitResults": [
          {
            "hash": "9b6be122da0e08749ad1c7e595ff2fadf0653a76",
            "messageTitle": "Add some exception handling for goal command",
            "messageBody": "",
            "insertions": 64,
            "deletions": 46
          },
          {
            "hash": "d5fc8b4e14111e4ec483ca1f509286ff708819b5",
            "messageTitle": "Small bug fix",
            "messageBody": "",
            "insertions": 14,
            "deletions": 11
          },
          {
            "hash": "4a4f3242cec4f67679da9d31666475251d1ac0f2",
            "messageTitle": "Fix small bug to Parser",
            "messageBody": "",
            "insertions": 33,
            "deletions": 24
          }
        ]
      },
      {
        "insertions": 158,
        "deletions": 247,
        "date": "2019-10-07",
        "commitResults": [
          {
            "hash": "c92d9a6b6df56852f3cb0353ce4febe5e6dddccf",
            "messageTitle": "Update Storage class and Goal class to new load/save format",
            "messageBody": "",
            "insertions": 80,
            "deletions": 151
          },
          {
            "hash": "579584d6b54f3c06507eac91393237f22347860d",
            "messageTitle": "Update Storage class and Schedule class to new load/save format",
            "messageBody": "",
            "insertions": 78,
            "deletions": 96
          }
        ]
      },
      {
        "insertions": 267,
        "deletions": 120,
        "date": "2019-10-08",
        "commitResults": [
          {
            "hash": "871238a950899fd03876188af3f7bcd60eb3e90a",
            "messageTitle": "Create a basic GUI for goal using scenebuilder (not complete)",
            "messageBody": "",
            "insertions": 152,
            "deletions": 14
          },
          {
            "hash": "393fa31adfb78678e159b01931cd5a2520144749",
            "messageTitle": "Add GUI to view all goals of the day (not complete)",
            "messageBody": "",
            "insertions": 91,
            "deletions": 1
          },
          {
            "hash": "3298382f95b1e339061e27fbe20efefe118afd72",
            "messageTitle": "Small edits to goal.fxml to fit 1280x720",
            "messageBody": "",
            "insertions": 8,
            "deletions": 9
          },
          {
            "hash": "58f80a27eb921b1a37ade048126668e565226226",
            "messageTitle": "Deleted goal.fxml to integrate the buttons with the showing",
            "messageBody": "",
            "insertions": 6,
            "deletions": 91
          },
          {
            "hash": "43835b32f64abbf98a09f72a64cddea214906af6",
            "messageTitle": "Rename goalView.fxml to goal.fxml and add a button to go back to Schedule",
            "messageBody": "",
            "insertions": 5,
            "deletions": 4
          },
          {
            "hash": "a43a10117c26e7b9df6de932c30c6caabc172f2b",
            "messageTitle": "Add a TextArea to the AnchorPane to show goals of the day, will get the values from a handler function, for now it\u0027s hard-coded",
            "messageBody": "",
            "insertions": 5,
            "deletions": 1
          }
        ]
      },
      {
        "insertions": 377,
        "deletions": 241,
        "date": "2019-10-09",
        "commitResults": [
          {
            "hash": "805299112c0591f1640d44806d53559a5390cd97",
            "messageTitle": "Fix bug: Capitalize Sports and Module package",
            "messageBody": "",
            "insertions": 179,
            "deletions": 215
          },
          {
            "hash": "17be79a4f2b19c0f327acae461a61c70c758ca9c",
            "messageTitle": "Small changes to schedule.fxml (not complete)",
            "messageBody": "",
            "insertions": 92,
            "deletions": 21
          },
          {
            "hash": "4906afa23cb829aa8406d19d0e42a3a74da983a7",
            "messageTitle": "Add daily.fxml",
            "messageBody": "",
            "insertions": 97,
            "deletions": 3
          },
          {
            "hash": "91d0cd9b2a79ce3f4879b64ca25d5e3d8ddc2024",
            "messageTitle": "Make the \"Back to Menu\" button in schedule.fxml reactive, prints OK in cmd, need it to show menu.fxml again",
            "messageBody": "",
            "insertions": 9,
            "deletions": 2
          }
        ]
      },
      {
        "insertions": 250,
        "deletions": 21,
        "date": "2019-10-13",
        "commitResults": [
          {
            "hash": "c977c42bc8c9c3c6a8dee41ed6cf325ddc88f23e",
            "messageTitle": "Add lesson learnt for the day",
            "messageBody": "",
            "insertions": 240,
            "deletions": 7
          },
          {
            "hash": "82e3bd5dbfe9fc0714305044b3af237b7256041e",
            "messageTitle": "Replace a print statement into a return statement in Schedule",
            "messageBody": "",
            "insertions": 10,
            "deletions": 14
          }
        ]
      },
      {
        "insertions": 4,
        "deletions": 4,
        "date": "2019-10-16",
        "commitResults": [
          {
            "hash": "c4d72487ee25f4f406fa683f0046751c8b933a01",
            "messageTitle": "reset own repo",
            "messageBody": "",
            "insertions": 1,
            "deletions": 1
          },
          {
            "hash": "74a66c1a6b3879ec362d1214befa83a9982bb827",
            "messageTitle": "Bug fix",
            "messageBody": "",
            "insertions": 3,
            "deletions": 3
          }
        ]
      },
      {
        "insertions": 172,
        "deletions": 48,
        "date": "2019-10-17",
        "commitResults": [
          {
            "hash": "b6440eb7b007005e598a754d024d88477439ce79",
            "messageTitle": "Fix Schedule Timeslot clash bug",
            "messageBody": "",
            "insertions": 30,
            "deletions": 8
          },
          {
            "hash": "d3a9aa1c34e8aed6730a7ab18c318d43c624dbfe",
            "messageTitle": "Checkstyle for TimeSlot",
            "messageBody": "",
            "insertions": 37,
            "deletions": 5
          },
          {
            "hash": "156d895c800508f20abdcebe4ed5cf0b68a89947",
            "messageTitle": "Checkstyle for Goal",
            "messageBody": "",
            "insertions": 14,
            "deletions": 6
          },
          {
            "hash": "80e4735976fea64190c14575cd43b1a57853194f",
            "messageTitle": "Checkstyle for Lesson",
            "messageBody": "",
            "insertions": 24,
            "deletions": 9
          },
          {
            "hash": "a4b7cc52d2b362e89e72be322311e4ebe1efc447",
            "messageTitle": "Checkstyle for Schedule",
            "messageBody": "",
            "insertions": 67,
            "deletions": 20
          }
        ]
      },
      {
        "insertions": 348,
        "deletions": 272,
        "date": "2019-10-18",
        "commitResults": [
          {
            "hash": "f85f7ad1974b095e195ea74bcb570b205c91bc3d",
            "messageTitle": "Made goal and lesson run step-by-step",
            "messageBody": "",
            "insertions": 242,
            "deletions": 228
          },
          {
            "hash": "66e9ca7dd386869c483bfda85b7a6ed60d1ea239",
            "messageTitle": "Little bit of checkstyle for parser",
            "messageBody": "",
            "insertions": 106,
            "deletions": 44
          }
        ]
      },
      {
        "insertions": 97,
        "deletions": 33,
        "date": "2019-10-20",
        "commitResults": [
          {
            "hash": "a0ba7c60ca532e0f61272e62c081a08bfd5b6fcd",
            "messageTitle": "Checkstyle for CategoryList",
            "messageBody": "",
            "insertions": 21,
            "deletions": 7
          },
          {
            "hash": "0a1e04b9c5cc0814ca5c8b9b129267ec7200c2f9",
            "messageTitle": "Checkstyle for MyMenu",
            "messageBody": "",
            "insertions": 25,
            "deletions": 7
          },
          {
            "hash": "6b6a29b3e0b360843c8b0aa1ecd0667cbf7da205",
            "messageTitle": "Checkstyle for Reminder",
            "messageBody": "",
            "insertions": 51,
            "deletions": 19
          }
        ]
      },
      {
        "insertions": 26,
        "deletions": 6,
        "date": "2019-10-21",
        "commitResults": [
          {
            "hash": "2b577d8b9fcbb670f6be476748645e5c0be5bbfe",
            "messageTitle": "Checkstyle for Command",
            "messageBody": "",
            "insertions": 14,
            "deletions": 2
          },
          {
            "hash": "6c0b60306d5b1e2a66cf9710b02791a5c3fd2179",
            "messageTitle": "Checkstyle for FindCommand",
            "messageBody": "",
            "insertions": 12,
            "deletions": 4
          }
        ]
      },
      {
        "insertions": 8,
        "deletions": 16,
        "date": "2019-10-22",
        "commitResults": [
          {
            "hash": "f906146a96717ca98bb23ad71e44ad18281dfd71",
            "messageTitle": "Refactor Goal and Lesson according to what aihui wants",
            "messageBody": "",
            "insertions": 8,
            "deletions": 16
          }
        ]
      },
      {
        "insertions": 1,
        "deletions": 6,
        "date": "2019-10-23",
        "commitResults": [
          {
            "hash": "9c02a15becbfc6b15be4409adc79ce6e4320ce7b",
            "messageTitle": "Remove exceptions that are never caught which prevents the program from running",
            "messageBody": "",
            "insertions": 1,
            "deletions": 6
          }
        ]
      },
      {
        "insertions": 726,
        "deletions": 274,
        "date": "2019-10-24",
        "commitResults": [
          {
            "hash": "3afb0950ba6671ac3bb6f17cf0d7dd11b1e573e3",
            "messageTitle": "Make Ui handle all the printing for Goal and Lesson according to what aihui wants",
            "messageBody": "",
            "insertions": 147,
            "deletions": 52
          },
          {
            "hash": "b6816c0725d6f517b4cb033a28b7b0aa753f93f4",
            "messageTitle": "Small changes",
            "messageBody": "",
            "insertions": 24,
            "deletions": 0
          },
          {
            "hash": "693768ce0574afcb07bd0d54085a0c62c0f7d770",
            "messageTitle": "Created ParserGoal",
            "messageBody": "",
            "insertions": 120,
            "deletions": 0
          },
          {
            "hash": "9a2067cd3327d2d0d5aab9aeaddce8f273edab60",
            "messageTitle": "Checkstyle for ParserGoal and ParserLesson",
            "messageBody": "",
            "insertions": 28,
            "deletions": 22
          },
          {
            "hash": "2aca1f467d9dc1f8baa035075ea88491edfff72f",
            "messageTitle": "Remove unnecessary code in Parser",
            "messageBody": "",
            "insertions": 0,
            "deletions": 62
          },
          {
            "hash": "cf5c083a434d12b8607d95ea1a38f1246232595c",
            "messageTitle": "Remove code",
            "messageBody": "",
            "insertions": 0,
            "deletions": 14
          },
          {
            "hash": "ae85e4476b1c5da3b31201ced7750e16a2bae181",
            "messageTitle": "Make Ui handle all the printing for MyPlan according to what aihui wants",
            "messageBody": "",
            "insertions": 114,
            "deletions": 23
          },
          {
            "hash": "fd50b3d7003399c6a1ac337b00eebd6c25d7e2ec",
            "messageTitle": "Checkstyle maintenance for Ui",
            "messageBody": "",
            "insertions": 19,
            "deletions": 27
          },
          {
            "hash": "2e1dc0f81d73eee1291514cfa0fda17c5a89cd80",
            "messageTitle": "Add in Schedule inside ParserCommand",
            "messageBody": "",
            "insertions": 40,
            "deletions": 2
          },
          {
            "hash": "4e95ecede9da0aa89f55923e5fec695b2c351592",
            "messageTitle": "Create ParserSchedule",
            "messageBody": "",
            "insertions": 202,
            "deletions": 54
          },
          {
            "hash": "b9e7191155e82d98324cee5ecd43c77bf1bd9a70",
            "messageTitle": "Checkstyle for ParserSchedule",
            "messageBody": "",
            "insertions": 13,
            "deletions": 7
          },
          {
            "hash": "3ad8d1730ed2e6ce7c80f78677e1c89e32eec208",
            "messageTitle": "Add weekly and monthly schedule",
            "messageBody": "",
            "insertions": 19,
            "deletions": 11
          }
        ]
      },
      {
        "insertions": 193,
        "deletions": 25,
        "date": "2019-10-26",
        "commitResults": [
          {
            "hash": "f0ad274a2b0ea8a4e9efea9e79553706b63c8add",
            "messageTitle": "Bug fix: Add break for switch statements",
            "messageBody": "",
            "insertions": 3,
            "deletions": 0
          },
          {
            "hash": "206a19ee0c44564080ca4e43c88d620a92309cec",
            "messageTitle": "Add a few command classes",
            "messageBody": "",
            "insertions": 179,
            "deletions": 9
          },
          {
            "hash": "13ca887eab706108003ccb8dee55bde80f39009e",
            "messageTitle": "Remove unnecessary code",
            "messageBody": "",
            "insertions": 11,
            "deletions": 16
          }
        ]
      },
      {
        "insertions": 14,
        "deletions": 8,
        "date": "2019-10-29",
        "commitResults": [
          {
            "hash": "97eed61ed9509805682f5d4234a940b3ba8c42a1",
            "messageTitle": "Checkstyle for ParserCommand",
            "messageBody": "",
            "insertions": 9,
            "deletions": 5
          },
          {
            "hash": "3b2f8f23c2a0e68cb617bce4de19c1eb37142166",
            "messageTitle": "Update ParserCommand.java",
            "messageBody": "",
            "insertions": 5,
            "deletions": 3
          }
        ]
      }
    ],
    "Sfloydzy": [
      {
        "insertions": 352,
        "deletions": 192,
        "date": "2019-09-21",
        "commitResults": [
          {
            "hash": "45e9a9146abe1cc4ee0829ce9a5e46b5f2b62e81",
            "messageTitle": "Revert \"[Chore] Synch branch\"",
            "messageBody": "This reverts commit 54c5908c40d2cd079c4064f4c8309d6d3d3378dd.\n",
            "insertions": 2,
            "deletions": 4
          },
          {
            "hash": "dea7d6a817e9fb5d16c2fb694319dd1bfd77970c",
            "messageTitle": "Synch with master",
            "messageBody": "",
            "insertions": 350,
            "deletions": 188
          }
        ]
      },
      {
        "insertions": 270,
        "deletions": 191,
        "date": "2019-09-22",
        "commitResults": [
          {
            "hash": "f44a6450ab254556278f9b8b99ae8a34323fb5e8",
            "messageTitle": "Added checkStyle configs to some files",
            "messageBody": "",
            "insertions": 270,
            "deletions": 191
          }
        ]
      },
      {
        "insertions": 124,
        "deletions": 87,
        "date": "2019-09-24",
        "commitResults": [
          {
            "hash": "23d472d3f10ccc33bac9edb8d669533d2aa4cb42",
            "messageTitle": "Add Storage.Java changes",
            "messageBody": "",
            "insertions": 58,
            "deletions": 53
          },
          {
            "hash": "d7d1d479ab72fa8daca6b8ee0a21d5bdb59f7399",
            "messageTitle": "Created seperate class for UI layouts",
            "messageBody": "",
            "insertions": 66,
            "deletions": 34
          }
        ]
      },
      {
        "insertions": 230,
        "deletions": 48,
        "date": "2019-09-25",
        "commitResults": [
          {
            "hash": "ce58c3547745259131ab6d1cf31b1479772f292f",
            "messageTitle": "Made GUI more OOP + Included some scenes and tidy up",
            "messageBody": "",
            "insertions": 190,
            "deletions": 48
          },
          {
            "hash": "ba1d2378a657502a56e0c43cbce59116d49fd4a4",
            "messageTitle": "Created scheduling class with basic week representation.",
            "messageBody": "",
            "insertions": 40,
            "deletions": 0
          }
        ]
      },
      {
        "insertions": 288,
        "deletions": 234,
        "date": "2019-09-29",
        "commitResults": [
          {
            "hash": "bba2a3cabe7ae8c0bdf5be6f8482684f18633f29",
            "messageTitle": "[Chore] Small Changes",
            "messageBody": "",
            "insertions": 138,
            "deletions": 114
          },
          {
            "hash": "8417140617a01130de8b5ca54276784146d0fc1e",
            "messageTitle": "Created more functionality for schedule class",
            "messageBody": "",
            "insertions": 150,
            "deletions": 120
          }
        ]
      },
      {
        "insertions": 393,
        "deletions": 196,
        "date": "2019-10-01",
        "commitResults": [
          {
            "hash": "9d929457a3b24711b9d4d63ce2f6b9211797f561",
            "messageTitle": "Added files and changed parser",
            "messageBody": "",
            "insertions": 84,
            "deletions": 9
          },
          {
            "hash": "a67f8ada38657b75be869b26de11c48b491c1aed",
            "messageTitle": "Fix todo load bug",
            "messageBody": "",
            "insertions": 37,
            "deletions": 4
          },
          {
            "hash": "b71b9d10e1d1cb2e7b7e371d53270c6032203674",
            "messageTitle": "Added view calender",
            "messageBody": "",
            "insertions": 198,
            "deletions": 165
          },
          {
            "hash": "6155532869ad4c12f7f71c3d0bd11a54b214acb6",
            "messageTitle": "Added scheduling add and delete",
            "messageBody": "",
            "insertions": 74,
            "deletions": 18
          }
        ]
      },
      {
        "insertions": 29,
        "deletions": 17,
        "date": "2019-10-06",
        "commitResults": [
          {
            "hash": "e6461c0776feeef2f8e220b7beebfe5abfefaf03",
            "messageTitle": "Deleted doc folder",
            "messageBody": "",
            "insertions": 29,
            "deletions": 17
          }
        ]
      },
      {
        "insertions": 344,
        "deletions": 107,
        "date": "2019-10-07",
        "commitResults": [
          {
            "hash": "9ca55d969e85d4f9c46b15fc8cfc66b48cbc4c3f",
            "messageTitle": "Some refactoring and GUI changes",
            "messageBody": "",
            "insertions": 142,
            "deletions": 43
          },
          {
            "hash": "d736ffb41b3b8b5c9016f558fed86b3e58f8e524",
            "messageTitle": "Updating GUI",
            "messageBody": "",
            "insertions": 103,
            "deletions": 31
          },
          {
            "hash": "a613fc470946cb23c1b1e679db821d5e29cbcbf0",
            "messageTitle": "Skeleton UI up",
            "messageBody": "",
            "insertions": 92,
            "deletions": 30
          },
          {
            "hash": "2792be9cb33cfb7ff62327c80199ba02a5cdc3e9",
            "messageTitle": "Small bug fix",
            "messageBody": "",
            "insertions": 7,
            "deletions": 3
          }
        ]
      },
      {
        "insertions": 6,
        "deletions": 3,
        "date": "2019-10-08",
        "commitResults": [
          {
            "hash": "53f8f9d40dfeb90b3a7f5b755b71a8b73976803f",
            "messageTitle": "Button submit in controller works",
            "messageBody": "",
            "insertions": 6,
            "deletions": 3
          }
        ]
      },
      {
        "insertions": 1899,
        "deletions": 2878,
        "date": "2019-10-15",
        "commitResults": [
          {
            "hash": "e6a0fd9069e0d087f75b8a90a27666df9c5d7c38",
            "messageTitle": "[Chore]",
            "messageBody": "",
            "insertions": 0,
            "deletions": 0
          },
          {
            "hash": "51c498843e9a74ae3feee1b5d57dddb8b491368d",
            "messageTitle": "Soft revert",
            "messageBody": "",
            "insertions": 210,
            "deletions": 612
          },
          {
            "hash": "f41294e2624e73ee7bd7f1bf0a787e5329f5f9b0",
            "messageTitle": "Changed task to Task again",
            "messageBody": "",
            "insertions": 3,
            "deletions": 3
          },
          {
            "hash": "5111a6ee3f9a4413b7d3a9510cc776440a9da776",
            "messageTitle": "Updated GUI navigation",
            "messageBody": "",
            "insertions": 484,
            "deletions": 478
          },
          {
            "hash": "9c1cc51f58c62293d6c0dbb6b7db669d6a0add3e",
            "messageTitle": "Renamed files for checkstyle config",
            "messageBody": "",
            "insertions": 79,
            "deletions": 1142
          },
          {
            "hash": "f34b0b1b2a95c4847228ee549d2ea8fd8844bbc7",
            "messageTitle": "Changed all package names to small case",
            "messageBody": "",
            "insertions": 436,
            "deletions": 163
          },
          {
            "hash": "88ee2de86a2e5263f1db1c05a9fa434c42897aa1",
            "messageTitle": "Edit student.fxml to show button press",
            "messageBody": "",
            "insertions": 1,
            "deletions": 0
          },
          {
            "hash": "748886daa54c44fb0186c79bdf45ce11ff69ffbe",
            "messageTitle": "Finished skeleton layout of all function UIs",
            "messageBody": "",
            "insertions": 461,
            "deletions": 276
          },
          {
            "hash": "8ebf07b49cf029b36702f52ca47b5da4d64f7ef6",
            "messageTitle": "Formatted for checkstyle configuration",
            "messageBody": "",
            "insertions": 154,
            "deletions": 113
          },
          {
            "hash": "17c571daad2280d7e24d465c12dbf2a6e8f70e93",
            "messageTitle": "Formatted Developer doc to adoc style.",
            "messageBody": "Urgently needs revision to add in diagrams and update features.\nNeeds better clarity and depth in code.\n",
            "insertions": 58,
            "deletions": 67
          },
          {
            "hash": "022d61d93599a302f21b994e0f244f30f054f284",
            "messageTitle": "Formatted Developer Guide more and add implementations features for schedule.",
            "messageBody": "Included png photos of the sequence diagram and class diagram.\n",
            "insertions": 13,
            "deletions": 24
          }
        ]
      },
      {
        "insertions": 66,
        "deletions": 56,
        "date": "2019-10-18",
        "commitResults": [
          {
            "hash": "3644a6a2c14c418968a715214dde028bb39749c1",
            "messageTitle": "Merge updating",
            "messageBody": "",
            "insertions": 66,
            "deletions": 56
          }
        ]
      },
      {
        "insertions": 397,
        "deletions": 342,
        "date": "2019-10-19",
        "commitResults": [
          {
            "hash": "31f021a5b5a5c50249a797789012f7d186214513",
            "messageTitle": "Fix checkstyle for duke and UI files + fixed schedule.fxml",
            "messageBody": "",
            "insertions": 397,
            "deletions": 342
          }
        ]
      },
      {
        "insertions": 243,
        "deletions": 699,
        "date": "2019-10-20",
        "commitResults": [
          {
            "hash": "6b61f64d12919b4a107e5d42ff167ce49f49c3c3",
            "messageTitle": "Removed Classes in under \u0027task\u0027 as they were not in use",
            "messageBody": "",
            "insertions": 85,
            "deletions": 614
          },
          {
            "hash": "54e1d0e84450233d48379cd416c23c34d812cf22",
            "messageTitle": "Fix checkstyle for TaskList and Storage",
            "messageBody": "",
            "insertions": 158,
            "deletions": 85
          }
        ]
      },
      {
        "insertions": 164,
        "deletions": 143,
        "date": "2019-10-22",
        "commitResults": [
          {
            "hash": "23395a96150442bd32943da61a8513c84159b04c",
            "messageTitle": "Refactor Lesson Class and Parser",
            "messageBody": "",
            "insertions": 164,
            "deletions": 143
          }
        ]
      }
    ],
    "danisheddie": [
      {
        "insertions": 226,
        "deletions": 63,
        "date": "2019-09-29",
        "commitResults": [
          {
            "hash": "ae31c9e785f8312abf688c3da07763a38f8c5a65",
            "messageTitle": "Added new class for Menu",
            "messageBody": "",
            "insertions": 4,
            "deletions": 0
          },
          {
            "hash": "68644460e3422ed3dac0e8b9ba48c361d121b94c",
            "messageTitle": "Added class for sub-Menu",
            "messageBody": "",
            "insertions": 15,
            "deletions": 0
          },
          {
            "hash": "44244149f79c43399d5b9fbb4f21f9c5790f8783",
            "messageTitle": "Swap name to Category",
            "messageBody": "",
            "insertions": 19,
            "deletions": 15
          },
          {
            "hash": "ee16ae7c57d69653c634a59847ae6e589105d026",
            "messageTitle": "Added a command for adding category",
            "messageBody": "",
            "insertions": 2,
            "deletions": 0
          },
          {
            "hash": "403034fea1f843c72e1a954760ec3656a4edfdfa",
            "messageTitle": "Added main Menu skeleal code",
            "messageBody": "",
            "insertions": 23,
            "deletions": 0
          },
          {
            "hash": "357da537ec397f2f0086e6d151d3243f3106e4af",
            "messageTitle": "Resolve conflicts",
            "messageBody": "",
            "insertions": 53,
            "deletions": 15
          },
          {
            "hash": "487ce6f2a5f8afcdd169716944f5ea89fb644d07",
            "messageTitle": "Skeletal code to list all categories",
            "messageBody": "",
            "insertions": 33,
            "deletions": 19
          },
          {
            "hash": "049d41c96f29bc782b9dbf96b3f0d80e386f72e5",
            "messageTitle": "Renaming some variable",
            "messageBody": "",
            "insertions": 7,
            "deletions": 6
          },
          {
            "hash": "1562ab84207919383be5dbb5568047f85fef880c",
            "messageTitle": "Added class for managing Students",
            "messageBody": "",
            "insertions": 13,
            "deletions": 0
          },
          {
            "hash": "6c0e01aa3b48bff48c2b9e8509ea659b35eb7a56",
            "messageTitle": "Added a new method to display the menu of Sports Manager",
            "messageBody": "",
            "insertions": 7,
            "deletions": 0
          },
          {
            "hash": "83fdb2de916270cc2fb3e28f9c75b8122b1ee8a4",
            "messageTitle": "Added new commands for sports Manager",
            "messageBody": "",
            "insertions": 36,
            "deletions": 5
          },
          {
            "hash": "ffc7c76377a6a8d3f068ca9c36e7cc9fa675bf89",
            "messageTitle": "Added Category List for Manage Students",
            "messageBody": "",
            "insertions": 14,
            "deletions": 3
          }
        ]
      },
      {
        "insertions": 50,
        "deletions": 7,
        "date": "2019-10-01",
        "commitResults": [
          {
            "hash": "71ab23516a4776eaeaa77ea77371da3d5ba05985",
            "messageTitle": "Minor edits for menu headings and navigating to the respective sections",
            "messageBody": "",
            "insertions": 50,
            "deletions": 7
          }
        ]
      },
      {
        "insertions": 2,
        "deletions": 2,
        "date": "2019-10-03",
        "commitResults": [
          {
            "hash": "87f3180c30641c6f6e2d32bf9177cfbfcffa6cd6",
            "messageTitle": "Transfer ManageStudent class to Sports package",
            "messageBody": "",
            "insertions": 2,
            "deletions": 2
          }
        ]
      },
      {
        "insertions": 171,
        "deletions": 46,
        "date": "2019-10-04",
        "commitResults": [
          {
            "hash": "34dfd469936c1135724dab1ef2d9844f728553c4",
            "messageTitle": "Documentation edit",
            "messageBody": "",
            "insertions": 1,
            "deletions": 3
          },
          {
            "hash": "4471855a44febfb1b634c82229493491197f483b",
            "messageTitle": "Added add cmd (Still requires bug fixing)",
            "messageBody": "",
            "insertions": 18,
            "deletions": 1
          },
          {
            "hash": "57d13c534c86c5fb2bf556ba602ae220b98cab07",
            "messageTitle": "Added more attributes for ManageStudents class",
            "messageBody": "",
            "insertions": 64,
            "deletions": 12
          },
          {
            "hash": "1d9a5629456efc8fe2ffc4f20c3570e31abe3748",
            "messageTitle": "Added attributes and documentation for MyStudent class",
            "messageBody": "",
            "insertions": 46,
            "deletions": 5
          },
          {
            "hash": "be44199f5b38f115496d381b666beb0cf89b33d5",
            "messageTitle": "added ManageStudents in parameter",
            "messageBody": "",
            "insertions": 8,
            "deletions": 3
          },
          {
            "hash": "f19fe7425655f75761d5cb4e0981e046f58b40ea",
            "messageTitle": "Bug fix for add student and list students",
            "messageBody": "",
            "insertions": 34,
            "deletions": 22
          }
        ]
      },
      {
        "insertions": 7,
        "deletions": 5,
        "date": "2019-10-05",
        "commitResults": [
          {
            "hash": "484ba26af5539e19ac5e285199d7bd42be35adcb",
            "messageTitle": "Added address to input",
            "messageBody": "",
            "insertions": 7,
            "deletions": 5
          }
        ]
      },
      {
        "insertions": 85,
        "deletions": 0,
        "date": "2019-10-06",
        "commitResults": [
          {
            "hash": "7b0562e7b0620f14f83953f62f75204b2ddd422b",
            "messageTitle": "Refactor package",
            "messageBody": "",
            "insertions": 85,
            "deletions": 0
          }
        ]
      },
      {
        "insertions": 20,
        "deletions": 12,
        "date": "2019-10-07",
        "commitResults": [
          {
            "hash": "fc01fa69c9cfd89b864361c6a008775a469f15e4",
            "messageTitle": "added exceptions and edited documentation",
            "messageBody": "",
            "insertions": 20,
            "deletions": 12
          }
        ]
      },
      {
        "insertions": 44,
        "deletions": 1081,
        "date": "2019-10-08",
        "commitResults": [
          {
            "hash": "5ef9827f8fac398e9752f7f84fa28b532ebc02a0",
            "messageTitle": "minor edit and added test class for adding student",
            "messageBody": "",
            "insertions": 29,
            "deletions": 17
          },
          {
            "hash": "2fbf1ce6ac0e3d254f3e133dc558b2c7f9b39436",
            "messageTitle": "Format code to fit checkstyle",
            "messageBody": "",
            "insertions": 15,
            "deletions": 1064
          }
        ]
      },
      {
        "insertions": 1066,
        "deletions": 4,
        "date": "2019-10-09",
        "commitResults": [
          {
            "hash": "4c71ba1a12672ab20f20193d364e0f367eadd52b",
            "messageTitle": "Added delete command for students",
            "messageBody": "",
            "insertions": 139,
            "deletions": 4
          },
          {
            "hash": "a257854270247c704be47b8a47974df5c39cb613",
            "messageTitle": "Update",
            "messageBody": "",
            "insertions": 927,
            "deletions": 0
          }
        ]
      },
      {
        "insertions": 422,
        "deletions": 274,
        "date": "2019-10-10",
        "commitResults": [
          {
            "hash": "e6b246845b2838f8d79501a097d9e29caec1df9c",
            "messageTitle": "bug fix",
            "messageBody": "",
            "insertions": 198,
            "deletions": 153
          },
          {
            "hash": "230640b04624dbf072bfd86c55085c4f3b7e9a85",
            "messageTitle": "bug fix and checkstyle",
            "messageBody": "",
            "insertions": 205,
            "deletions": 102
          },
          {
            "hash": "a05d27facefa5da52a20230d40a7b53d1e61e451",
            "messageTitle": "Checkstyle",
            "messageBody": "",
            "insertions": 19,
            "deletions": 19
          }
        ]
      },
      {
        "insertions": 26,
        "deletions": 20,
        "date": "2019-10-15",
        "commitResults": [
          {
            "hash": "7924c31a7a692e9da870530990b05af7f7d43f89",
            "messageTitle": "Added a find feature for students",
            "messageBody": "",
            "insertions": 26,
            "deletions": 20
          }
        ]
      },
      {
        "insertions": 221,
        "deletions": 27,
        "date": "2019-10-16",
        "commitResults": [
          {
            "hash": "0f05653b1d5fb6d1e3e9f4f7630d364cb693d4ce",
            "messageTitle": "Added storage for student list",
            "messageBody": "",
            "insertions": 58,
            "deletions": 12
          },
          {
            "hash": "93b73421d214a426fc37555d8d2d0cdabe513300",
            "messageTitle": "Added student Details skeletal code",
            "messageBody": "",
            "insertions": 139,
            "deletions": 8
          },
          {
            "hash": "d81f46d0c9bd014da83ef57ba80aacc6e537cae6",
            "messageTitle": "updated add command",
            "messageBody": "",
            "insertions": 15,
            "deletions": 5
          },
          {
            "hash": "682da3055066e3be866466675f205b88ed205252",
            "messageTitle": "minor edits",
            "messageBody": "",
            "insertions": 9,
            "deletions": 2
          }
        ]
      },
      {
        "insertions": 21,
        "deletions": 4,
        "date": "2019-10-17",
        "commitResults": [
          {
            "hash": "0d2807b89c9ae1bb09268f23b3ea0cd228c7a634",
            "messageTitle": "Added a command class",
            "messageBody": "",
            "insertions": 4,
            "deletions": 0
          },
          {
            "hash": "e658f6a5446997b31d3dfdd3fd4814ef4caf3808",
            "messageTitle": "Added menu options when starting sports manager. Editted navigability for students",
            "messageBody": "",
            "insertions": 9,
            "deletions": 3
          },
          {
            "hash": "ba060fc0624cd95d09300d43b8eee47aa1c99f3d",
            "messageTitle": "[Refactoring] Created an ebstract class to handle ManageStudents commands",
            "messageBody": "",
            "insertions": 8,
            "deletions": 1
          }
        ]
      },
      {
        "insertions": 84,
        "deletions": 72,
        "date": "2019-10-18",
        "commitResults": [
          {
            "hash": "52ee867d650dc21059e368c633b7904141916120",
            "messageTitle": "Edits to run program",
            "messageBody": "",
            "insertions": 2,
            "deletions": 2
          },
          {
            "hash": "d1edceff1e84d355a0f2c0e6d885cdacd1e77fcf",
            "messageTitle": "Added findCommand class",
            "messageBody": "",
            "insertions": 33,
            "deletions": 5
          },
          {
            "hash": "5861b985d13f6f106dcdc1b3a64a8ddfd9e571b9",
            "messageTitle": "Added select student feature",
            "messageBody": "",
            "insertions": 20,
            "deletions": 22
          },
          {
            "hash": "3b97e2925e28c236601843d035aad6aa9ca5fbbb",
            "messageTitle": "Edited student details class",
            "messageBody": "",
            "insertions": 21,
            "deletions": 30
          },
          {
            "hash": "19fcdad2020c009bacc00928eb86751814d3f499",
            "messageTitle": "removed bug",
            "messageBody": "",
            "insertions": 0,
            "deletions": 2
          },
          {
            "hash": "6481961f80cafde826282df147b8c73316ee80e3",
            "messageTitle": "edit command added",
            "messageBody": "",
            "insertions": 8,
            "deletions": 11
          }
        ]
      },
      {
        "insertions": 62,
        "deletions": 132,
        "date": "2019-10-19",
        "commitResults": [
          {
            "hash": "fd4d5058fa095eebf10532cccc6ffee57784cdea",
            "messageTitle": "Checkstyle for MyStudent class and ManageStudents class",
            "messageBody": "",
            "insertions": 62,
            "deletions": 132
          }
        ]
      },
      {
        "insertions": 54,
        "deletions": 246,
        "date": "2019-10-20",
        "commitResults": [
          {
            "hash": "0fad22f0863e560449ccb447d3ca243be4e0a910",
            "messageTitle": "Deleted unused classes",
            "messageBody": "",
            "insertions": 0,
            "deletions": 54
          },
          {
            "hash": "50ac74d51d24570a6245cc2eb0487304600de047",
            "messageTitle": "Checkstyle",
            "messageBody": "",
            "insertions": 8,
            "deletions": 2
          },
          {
            "hash": "00e05b89d46d716cbc8cebcc09733a24db412c55",
            "messageTitle": "Checkstyle",
            "messageBody": "",
            "insertions": 19,
            "deletions": 8
          },
          {
            "hash": "073690bb04e03955bdb0d67132d2c9efc295c74d",
            "messageTitle": "Unused classes deleted",
            "messageBody": "",
            "insertions": 0,
            "deletions": 77
          },
          {
            "hash": "c0cf160cd6a5818f03d804d9e902f0d77432c48d",
            "messageTitle": "Fix Checkstyle",
            "messageBody": "",
            "insertions": 27,
            "deletions": 80
          },
          {
            "hash": "52996e624c9263c972d4549b9263c93be5d68668",
            "messageTitle": "Unused class",
            "messageBody": "",
            "insertions": 0,
            "deletions": 25
          }
        ]
      },
      {
        "insertions": 55,
        "deletions": 38,
        "date": "2019-10-21",
        "commitResults": [
          {
            "hash": "23de93f458325f6ef9da7c81ec142f34a4db8048",
            "messageTitle": "Unused class",
            "messageBody": "",
            "insertions": 0,
            "deletions": 17
          },
          {
            "hash": "67b3817727b69138a639adb2e35a8393d87b87ec",
            "messageTitle": "Fix Checkstyle",
            "messageBody": "",
            "insertions": 45,
            "deletions": 19
          },
          {
            "hash": "71b23933fcae93eb55fdc0b24f7be427555cc030",
            "messageTitle": "Added missing parameter",
            "messageBody": "",
            "insertions": 2,
            "deletions": 1
          },
          {
            "hash": "20bb6feab45a8fbdbad93de6e35aa9a18e71d73e",
            "messageTitle": "Added a new command",
            "messageBody": "",
            "insertions": 8,
            "deletions": 1
          }
        ]
      },
      {
        "insertions": 300,
        "deletions": 191,
        "date": "2019-10-22",
        "commitResults": [
          {
            "hash": "d7a99b44e28e05c6d33baa3cc55d5a405b0c5f79",
            "messageTitle": "Created parser interface",
            "messageBody": "",
            "insertions": 9,
            "deletions": 0
          },
          {
            "hash": "1cfc64769f46348bd062084c9eb9b63ad95a5c94",
            "messageTitle": "Created a Parsecommand Class to parse the first command and ManageStudentParser to parse Manage Students commands",
            "messageBody": "",
            "insertions": 92,
            "deletions": 0
          },
          {
            "hash": "468f288b1854ae23076b46505c0293e2c7743cc1",
            "messageTitle": "Refactoring",
            "messageBody": "",
            "insertions": 70,
            "deletions": 11
          },
          {
            "hash": "20f0a31efe5e49a0f11c6aabd3943df83b38eab8",
            "messageTitle": "Refactoring",
            "messageBody": "",
            "insertions": 0,
            "deletions": 73
          },
          {
            "hash": "b81e9b9cef170cfe3ffd969bbd8b6485f38385dc",
            "messageTitle": "Refactoring",
            "messageBody": "",
            "insertions": 8,
            "deletions": 27
          },
          {
            "hash": "189e693cc1b234ee0ebf24a41b1b28ed3221f95a",
            "messageTitle": "Created TrainingPlan Parser",
            "messageBody": "",
            "insertions": 4,
            "deletions": 0
          },
          {
            "hash": "63ca25d39d98b1ef0506c6f17f8d13d15443e676",
            "messageTitle": "Refactoring Parser",
            "messageBody": "",
            "insertions": 10,
            "deletions": 6
          },
          {
            "hash": "8100125db5917bfdd07d5727b80fc020cb389d8b",
            "messageTitle": "Created package info for parser",
            "messageBody": "",
            "insertions": 1,
            "deletions": 0
          },
          {
            "hash": "39559fef1f8b448b8ccf0469805b4fa94c45ac7f",
            "messageTitle": "Refactoring parser files",
            "messageBody": "",
            "insertions": 12,
            "deletions": 11
          },
          {
            "hash": "4d8da7418f93afb006fa068085741ad6478c8753",
            "messageTitle": "Added Exception",
            "messageBody": "",
            "insertions": 5,
            "deletions": 2
          },
          {
            "hash": "f1a6371ea5a80cb9b914a53f3e11179d44779d4d",
            "messageTitle": "Refactored Training Plan commands",
            "messageBody": "",
            "insertions": 68,
            "deletions": 47
          },
          {
            "hash": "626539a49d555d42a40e55ce567cc73be8543565",
            "messageTitle": "Remove redundant code for ManageStudents Parser",
            "messageBody": "",
            "insertions": 21,
            "deletions": 14
          }
        ]
      },
      {
        "insertions": 72,
        "deletions": 76,
        "date": "2019-10-23",
        "commitResults": [
          {
            "hash": "56e61a3c5193393da5bd82e4b9c19782476861d3",
            "messageTitle": "Change title",
            "messageBody": "",
            "insertions": 2,
            "deletions": 2
          },
          {
            "hash": "3006b3943748a97cce511dd29a22eb72cfe0f826",
            "messageTitle": "Added exception",
            "messageBody": "",
            "insertions": 29,
            "deletions": 22
          },
          {
            "hash": "102ffa6c88b9653cc1e77faa8baaa1ea47c56862",
            "messageTitle": "Updated main class name to run JarFile",
            "messageBody": "",
            "insertions": 1,
            "deletions": 1
          },
          {
            "hash": "5ff79e3f9afb7cde17737a91097bb2a1ca0b5181",
            "messageTitle": "Commented out JavaFX to run Jar file",
            "messageBody": "",
            "insertions": 40,
            "deletions": 44
          },
          {
            "hash": "e7343c0747bcbdb01b6462f089e78272085c44a8",
            "messageTitle": "Removed redundant code",
            "messageBody": "",
            "insertions": 0,
            "deletions": 7
          }
        ]
      },
      {
        "insertions": 0,
        "deletions": 49,
        "date": "2019-10-24",
        "commitResults": [
          {
            "hash": "435487cddde96f7858350887b0fe1fddc03525ae",
            "messageTitle": "[Refactoring] Removed redundant code.",
            "messageBody": "",
            "insertions": 0,
            "deletions": 49
          }
        ]
      }
    ],
    "eujingsen": [
      {
        "insertions": 119,
        "deletions": 4,
        "date": "2019-09-27",
        "commitResults": [
          {
            "hash": "407ecf7fe6234ebafd650dba273fd976b9eb911e",
            "messageTitle": "Added skeleton code for training plans",
            "messageBody": "",
            "insertions": 118,
            "deletions": 3
          },
          {
            "hash": "f0e1c709ba345c92e5d0e22bd05e7b21ee5f7176",
            "messageTitle": "Updated minor changes",
            "messageBody": "",
            "insertions": 1,
            "deletions": 1
          }
        ]
      },
      {
        "insertions": 93,
        "deletions": 70,
        "date": "2019-10-01",
        "commitResults": [
          {
            "hash": "13142a59796eec74dd86f1bfca1842c21174efb8",
            "messageTitle": "Updated Myplan",
            "messageBody": "",
            "insertions": 79,
            "deletions": 57
          },
          {
            "hash": "3ddca15f3bb4eb22df380081065ee42f56670fbf",
            "messageTitle": "Minor changes",
            "messageBody": "",
            "insertions": 14,
            "deletions": 13
          }
        ]
      },
      {
        "insertions": 1337,
        "deletions": 1232,
        "date": "2019-10-08",
        "commitResults": [
          {
            "hash": "fa5d461bf8ebbec4845152978895ad373f73881e",
            "messageTitle": "Update code",
            "messageBody": "",
            "insertions": 85,
            "deletions": 36
          },
          {
            "hash": "788eb2c5b59b92138040fae689e80f99f84ba5ce",
            "messageTitle": "Update",
            "messageBody": "",
            "insertions": 14,
            "deletions": 15
          },
          {
            "hash": "9dc9edb04085b51953169cd414b0ec64e360d24c",
            "messageTitle": "Update MyPlan Codes",
            "messageBody": "",
            "insertions": 125,
            "deletions": 69
          },
          {
            "hash": "4ddd9ee758fd064ac36a374a08189bb05b599f41",
            "messageTitle": "Minor changes",
            "messageBody": "",
            "insertions": 3,
            "deletions": 2
          },
          {
            "hash": "5f01566a0291e0ca3763a5d3e727e0125d89df01",
            "messageTitle": "Update",
            "messageBody": "",
            "insertions": 0,
            "deletions": 1104
          },
          {
            "hash": "02f52c766430cf4063cca9f17990e69269026c95",
            "messageTitle": "Update Ui.java",
            "messageBody": "",
            "insertions": 2,
            "deletions": 2
          },
          {
            "hash": "c1a77ac9745b2fda28be174aa40b0c864c57f936",
            "messageTitle": "Update Duke.java",
            "messageBody": "",
            "insertions": 2,
            "deletions": 2
          },
          {
            "hash": "b3187d4151226e8f1a35928dbb1db739236cb108",
            "messageTitle": "Update Storage.java",
            "messageBody": "",
            "insertions": 2,
            "deletions": 2
          },
          {
            "hash": "e4071fdb2c7e3f1d8bbdfc4f8c26bd52e3c0f7f6",
            "messageTitle": "Update",
            "messageBody": "",
            "insertions": 1104,
            "deletions": 0
          }
        ]
      },
      {
        "insertions": 120,
        "deletions": 122,
        "date": "2019-10-13",
        "commitResults": [
          {
            "hash": "153831dffece5bd8ab2568d33dd4039ecc07a9a4",
            "messageTitle": "Update MyPlan: create plan code",
            "messageBody": "",
            "insertions": 120,
            "deletions": 122
          }
        ]
      },
      {
        "insertions": 20,
        "deletions": 13,
        "date": "2019-10-14",
        "commitResults": [
          {
            "hash": "c130d920f6ea23e8b9e2869a57b4bb9a0862648e",
            "messageTitle": "Minor Changes to MyPlan",
            "messageBody": "",
            "insertions": 20,
            "deletions": 13
          }
        ]
      },
      {
        "insertions": 1,
        "deletions": 24,
        "date": "2019-10-16",
        "commitResults": [
          {
            "hash": "1c607cbaf79a45e1ea7b2b7042701e9405b69bb3",
            "messageTitle": "Minor changes",
            "messageBody": "",
            "insertions": 1,
            "deletions": 5
          },
          {
            "hash": "21937a73e2a480a166ac31b44fe09dd1e8a137a8",
            "messageTitle": "Minor",
            "messageBody": "",
            "insertions": 0,
            "deletions": 19
          }
        ]
      },
      {
        "insertions": 610,
        "deletions": 200,
        "date": "2019-10-18",
        "commitResults": [
          {
            "hash": "eb9b7dae7d89e475c73d4b206fe20295b44aeb30",
            "messageTitle": "Update minor changes",
            "messageBody": "",
            "insertions": 208,
            "deletions": 0
          },
          {
            "hash": "a8bf53e0cdb99cbe221c7fc4d12502f5d46eb4e1",
            "messageTitle": "Correct some chechstyle violations.",
            "messageBody": "",
            "insertions": 402,
            "deletions": 200
          }
        ]
      },
      {
        "insertions": 150,
        "deletions": 69,
        "date": "2019-10-20",
        "commitResults": [
          {
            "hash": "6496f4321ae4729d0cfd593050c7122ebcc77697",
            "messageTitle": "Checkstyle and MyPlan functionalities",
            "messageBody": "",
            "insertions": 150,
            "deletions": 69
          }
        ]
      },
      {
        "insertions": 0,
        "deletions": 2,
        "date": "2019-10-24",
        "commitResults": [
          {
            "hash": "9abdd509cfde2155be3c5d2ce2e6fcacbbd50688",
            "messageTitle": "MyPlan removed commented lines",
            "messageBody": "",
            "insertions": 0,
            "deletions": 2
          }
        ]
      },
      {
        "insertions": 170,
        "deletions": 21,
        "date": "2019-10-27",
        "commitResults": [
          {
            "hash": "8b0f27ec2636124fe33577be9daa0b72b6228826",
            "messageTitle": "Added MyPlan Functionalities",
            "messageBody": "",
            "insertions": 166,
            "deletions": 16
          },
          {
            "hash": "f45fa353abc0784c9c54f6fe4e7acbfc211b5805",
            "messageTitle": "MyPlan: Minor changes",
            "messageBody": "",
            "insertions": 4,
            "deletions": 5
          }
        ]
      },
      {
        "insertions": 12,
        "deletions": 13,
        "date": "2019-10-29",
        "commitResults": [
          {
            "hash": "3e31492673d47eefc3f4024b5ef720c411c95a3a",
            "messageTitle": "Fix error",
            "messageBody": "",
            "insertions": 12,
            "deletions": 13
          }
        ]
      }
    ]
  },
  "authorFinalContributionMap": {
    "NotTheRealEdmund": 1453,
    "Sfloydzy": 1717,
    "danisheddie": 1209,
    "eujingsen": 669
  },
  "authorFileTypeContributionMap": {
    "NotTheRealEdmund": {
      "tests": 2,
      "functional": 1438,
      "other": 13
    },
    "Sfloydzy": {
      "tests": 7,
      "functional": 1710
    },
    "danisheddie": {
      "tests": 2,
      "functional": 1204,
      "other": 3
    },
    "eujingsen": {
      "tests": 0,
      "functional": 669
    }
  },
  "authorContributionVariance": {
    "NotTheRealEdmund": 110503.016,
    "Sfloydzy": 596270.1,
    "danisheddie": 71720.82,
    "eujingsen": 178103.72
  },
  "authorDisplayNameMap": {
    "NotTheRealEdmund": "CS2113T-W13-1 EDM  . . XIN",
    "Sfloydzy": "CS2113T-W13-1 SCO  . . HON",
    "danisheddie": "CS2113T-W13-1 DAN  . . DIE",
    "eujingsen": "CS2113T-W13-1 EU   . . SEN"
  }
}
