{
  "authorDailyContributionsMap": {
    "njw95": [
      {
        "insertions": 70,
        "deletions": 20,
        "date": "2019-09-25",
        "commitResults": [
          {
            "hash": "0b82ba6786190bd5753a8714a9659e5bb43559f1",
            "messageTitle": "Fixed ViewSchedules and text file location",
            "messageBody": "",
            "insertions": 56,
            "deletions": 7
          },
          {
            "hash": "a5fb218243152199b5587bb40d4dd5c10bb91cd5",
            "messageTitle": "Fixed date suffix",
            "messageBody": "",
            "insertions": 14,
            "deletions": 13
          }
        ]
      },
      {
        "insertions": 120,
        "deletions": 76,
        "date": "2019-10-06",
        "commitResults": [
          {
            "hash": "8678ad89886fde93acab634d05b8f179c94f8add",
            "messageTitle": "updated",
            "messageBody": "",
            "insertions": 2,
            "deletions": 2
          },
          {
            "hash": "a3c8a257dff1036bc06287659948416e3e2622fa",
            "messageTitle": "Removed DefinitionLookup",
            "messageBody": "",
            "insertions": 17,
            "deletions": 0
          },
          {
            "hash": "33f92d55c6402a1d779e5d7e15dcb44bc136d4c6",
            "messageTitle": "removed DefLookUp",
            "messageBody": "",
            "insertions": 1,
            "deletions": 19
          },
          {
            "hash": "1a10e412f34031b47c41ac0fcee0936661ae69e6",
            "messageTitle": "Added functions for definition lookup and saving",
            "messageBody": "",
            "insertions": 93,
            "deletions": 41
          },
          {
            "hash": "c0f9805b0e7042b2328e15063a592433a763c3c3",
            "messageTitle": "Fixed redundant adding of words and conversion of word to lowercase",
            "messageBody": "",
            "insertions": 7,
            "deletions": 14
          }
        ]
      },
      {
        "insertions": 65,
        "deletions": 105,
        "date": "2019-10-16",
        "commitResults": [
          {
            "hash": "605d8b0d68d56b0fcac8ab2a65d430b5f2b09a50",
            "messageTitle": "Revert \"Add QuizCommand.java\"",
            "messageBody": "",
            "insertions": 2,
            "deletions": 100
          },
          {
            "hash": "650f2a3974d569c1b8a65246ace23cb1ab57b776",
            "messageTitle": "Synonyms testing",
            "messageBody": "",
            "insertions": 63,
            "deletions": 5
          }
        ]
      },
      {
        "insertions": 82,
        "deletions": 25,
        "date": "2019-10-21",
        "commitResults": [
          {
            "hash": "5af65cba17aa2d98561f91f8afbd0b6c24084938",
            "messageTitle": "Added Synonyms Support",
            "messageBody": "",
            "insertions": 82,
            "deletions": 25
          }
        ]
      },
      {
        "insertions": 84,
        "deletions": 20,
        "date": "2019-10-22",
        "commitResults": [
          {
            "hash": "b2521e08f0b70bdb6602f2f8ec3b22cbce603b3c",
            "messageTitle": "Before appending",
            "messageBody": "",
            "insertions": 1,
            "deletions": 2
          },
          {
            "hash": "44db017298cbae13666a08e49b8f255afa05dd93",
            "messageTitle": "Added appending of synonyms",
            "messageBody": "",
            "insertions": 83,
            "deletions": 18
          }
        ]
      },
      {
        "insertions": 48,
        "deletions": 14,
        "date": "2019-10-23",
        "commitResults": [
          {
            "hash": "2fa1c31d8195cad7b1dde4c4e27c9310acd03694",
            "messageTitle": "Added support for writing synonym to txt",
            "messageBody": "",
            "insertions": 43,
            "deletions": 11
          },
          {
            "hash": "8d4151f4e04b6bec1367dd7dfe4fd203c5b8ca69",
            "messageTitle": "Added support for writing and reading synonym via textfile",
            "messageBody": "",
            "insertions": 2,
            "deletions": 1
          },
          {
            "hash": "fa39b9881330609432ea4d9716bfd292f03bf09f",
            "messageTitle": "Added handling of multiple synonym locks",
            "messageBody": "",
            "insertions": 3,
            "deletions": 2
          }
        ]
      },
      {
        "insertions": 441,
        "deletions": 198,
        "date": "2019-10-27",
        "commitResults": [
          {
            "hash": "19d6e756d7314064c620c12395c8a8681029359d",
            "messageTitle": "before pulling",
            "messageBody": "",
            "insertions": 25,
            "deletions": 12
          },
          {
            "hash": "7879c87a76beda2ba41c7f3d902f285e89f67cee",
            "messageTitle": "Manually added excel from repo PR",
            "messageBody": "",
            "insertions": 375,
            "deletions": 98
          },
          {
            "hash": "9c224b11ccff8a40957309d974b3bc885db235b6",
            "messageTitle": "Manual testing of PR",
            "messageBody": "",
            "insertions": 41,
            "deletions": 88
          }
        ]
      },
      {
        "insertions": 74,
        "deletions": 46,
        "date": "2019-10-28",
        "commitResults": [
          {
            "hash": "9d7a2dac828286570cfa7ac9123246035c38288b",
            "messageTitle": "Fixed bug on search not auto-saving",
            "messageBody": "",
            "insertions": 3,
            "deletions": 0
          },
          {
            "hash": "0cbf5e60689f38fb21055271046abe52a1fddcda",
            "messageTitle": "Fixed search not auto-adding",
            "messageBody": "",
            "insertions": 5,
            "deletions": 2
          },
          {
            "hash": "0aceca9de17043ca1d63e504f7985090d1f17004",
            "messageTitle": "Temp fix for search auto-add",
            "messageBody": "",
            "insertions": 0,
            "deletions": 1
          },
          {
            "hash": "8632d3bbb8270ced7d4e5bc021986bd463b17fb9",
            "messageTitle": "Fix checkstyle",
            "messageBody": "",
            "insertions": 41,
            "deletions": 34
          },
          {
            "hash": "47c3acd25e1ea271e7453e4ae98f0c794fcc4c53",
            "messageTitle": "Fix checkstyle",
            "messageBody": "",
            "insertions": 22,
            "deletions": 6
          },
          {
            "hash": "3343d24330ac0a470d118810b8bd02ebebcc31d8",
            "messageTitle": "Fix checkstyle",
            "messageBody": "",
            "insertions": 2,
            "deletions": 2
          },
          {
            "hash": "acc40d72f071b703a1b1ddce762693d0e0b1793f",
            "messageTitle": "Fix style",
            "messageBody": "",
            "insertions": 1,
            "deletions": 1
          }
        ]
      },
      {
        "insertions": 322,
        "deletions": 815,
        "date": "2019-10-30",
        "commitResults": [
          {
            "hash": "f6b1a94ebd9174c7be4583dc4f494b7862c6a5eb",
            "messageTitle": "Pre-Excel merge",
            "messageBody": "",
            "insertions": 240,
            "deletions": 23
          },
          {
            "hash": "0192b740179f39cf8123bcd9afe2edb73fa24698",
            "messageTitle": "Revert \"Loads from excel file in data folder, create when there hasn\u0027t exist …\"",
            "messageBody": "",
            "insertions": 34,
            "deletions": 392
          },
          {
            "hash": "769a2eea374f73c4707d57190c08cd66a0325fdc",
            "messageTitle": "Pre-excel merge",
            "messageBody": "",
            "insertions": 38,
            "deletions": 388
          },
          {
            "hash": "7959ebe52da67243dfd8013fe0883f4e04fefded",
            "messageTitle": "Fix style",
            "messageBody": "",
            "insertions": 5,
            "deletions": 5
          },
          {
            "hash": "47ef0333bcea35795825ccfe6a4f44c6c40d59e1",
            "messageTitle": "Fix style",
            "messageBody": "",
            "insertions": 5,
            "deletions": 7
          }
        ]
      },
      {
        "insertions": 14,
        "deletions": 9,
        "date": "2019-10-31",
        "commitResults": [
          {
            "hash": "4bccf89db9736c4a6f1ad54e0b835ed5274003bb",
            "messageTitle": "Added Synonyms to help",
            "messageBody": "",
            "insertions": 12,
            "deletions": 5
          },
          {
            "hash": "15b7a979328e98bdd9f78e50f81fa4b44051eaf2",
            "messageTitle": "Fix checkstyle",
            "messageBody": "",
            "insertions": 2,
            "deletions": 3
          },
          {
            "hash": "779d47e369062ace277777ef6f285aa0e72784eb",
            "messageTitle": "Fixed tag not deleting",
            "messageBody": "",
            "insertions": 0,
            "deletions": 1
          }
        ]
      },
      {
        "insertions": 79,
        "deletions": 34,
        "date": "2019-11-04",
        "commitResults": [
          {
            "hash": "cac2d83c8d82588a4e72a25f2297a9ced2a963e7",
            "messageTitle": "Added isAlphabetString checking of word and meaning",
            "messageBody": "",
            "insertions": 48,
            "deletions": 11
          },
          {
            "hash": "9e74f4c8d3c221dfcf389daf5ed02ce8d5c068fc",
            "messageTitle": "Fix Style",
            "messageBody": "",
            "insertions": 7,
            "deletions": 7
          },
          {
            "hash": "a7f426780105beba38995279ca89c4713b67afba",
            "messageTitle": "Fix style",
            "messageBody": "",
            "insertions": 10,
            "deletions": 4
          },
          {
            "hash": "6078cac2bbec8596ac0ad2ab15b9d49f281d239c",
            "messageTitle": "Fix Style",
            "messageBody": "",
            "insertions": 10,
            "deletions": 3
          },
          {
            "hash": "6b999aab715ec55ebd018d87565c41cc952193a7",
            "messageTitle": "throw exception style issue",
            "messageBody": "",
            "insertions": 1,
            "deletions": 7
          },
          {
            "hash": "ff0970c60affffbee09024e68ba048727e204059",
            "messageTitle": "Allow commas , fullstop and ;",
            "messageBody": "",
            "insertions": 2,
            "deletions": 1
          },
          {
            "hash": "00f46166cd37c4bf45856c2883a84d361bf35bcb",
            "messageTitle": "Check style",
            "messageBody": "",
            "insertions": 1,
            "deletions": 1
          }
        ]
      }
    ],
    "chelsea148629": [
      {
        "insertions": 101,
        "deletions": 4,
        "date": "2019-10-09",
        "commitResults": [
          {
            "hash": "32058c9e97df39b11af68eecb266f8c9c358d312",
            "messageTitle": "quiz",
            "messageBody": "",
            "insertions": 90,
            "deletions": 2
          },
          {
            "hash": "b9b4a9ba0533861f1b1a851990be5aa55c8dac14",
            "messageTitle": "QuizCommand",
            "messageBody": "",
            "insertions": 8,
            "deletions": 2
          },
          {
            "hash": "45f7d09cf609208b0a6cdda8a29e7fb6407efbd3",
            "messageTitle": "add quiz command javadoc",
            "messageBody": "",
            "insertions": 3,
            "deletions": 0
          }
        ]
      },
      {
        "insertions": 14,
        "deletions": 14,
        "date": "2019-10-16",
        "commitResults": [
          {
            "hash": "5d12f8a57c2eecbb1a83a5ff341cf514cebf7e6a",
            "messageTitle": "delete :( face",
            "messageBody": "",
            "insertions": 13,
            "deletions": 13
          },
          {
            "hash": "f42e8acbf73819fa13e3304bd124cf14a0b56a60",
            "messageTitle": "delete :(",
            "messageBody": "",
            "insertions": 1,
            "deletions": 1
          }
        ]
      },
      {
        "insertions": 8,
        "deletions": 0,
        "date": "2019-10-22",
        "commitResults": [
          {
            "hash": "7e38995054bb478a6133b43d495d91f417e697f0",
            "messageTitle": "add javadoc on quizDisplay",
            "messageBody": "",
            "insertions": 8,
            "deletions": 0
          }
        ]
      },
      {
        "insertions": 99,
        "deletions": 37,
        "date": "2019-10-23",
        "commitResults": [
          {
            "hash": "38f57181bc6a5202297cf21ef2e3dac916b1d300",
            "messageTitle": "handle quiz command exception on wrong user input when start",
            "messageBody": "",
            "insertions": 40,
            "deletions": 22
          },
          {
            "hash": "f1f2ba725be91225c4463fd1644cec5283d05b8a",
            "messageTitle": "display incorrect answers in a quiz",
            "messageBody": "",
            "insertions": 34,
            "deletions": 8
          },
          {
            "hash": "5d18b6a9d9253652bdc266097a3339b2993db5d1",
            "messageTitle": "add quizIncorrect, display incorrect words in a quiz",
            "messageBody": "",
            "insertions": 25,
            "deletions": 7
          }
        ]
      },
      {
        "insertions": 276,
        "deletions": 110,
        "date": "2019-10-29",
        "commitResults": [
          {
            "hash": "4c730fd322fe02b82b077f202ecbe1f9de8e857c",
            "messageTitle": "add quiz command test",
            "messageBody": "",
            "insertions": 69,
            "deletions": 7
          },
          {
            "hash": "e07f161e983575155b3252f2249d45f10f0d1c0c",
            "messageTitle": "add AddCommandTest",
            "messageBody": "",
            "insertions": 63,
            "deletions": 10
          },
          {
            "hash": "96cf16862ff9f56426e89dc554c659dbf14fdc47",
            "messageTitle": "fix checkstyle",
            "messageBody": "",
            "insertions": 1,
            "deletions": 1
          },
          {
            "hash": "dc03c47a2c55cca4ec4fe509824b7d861afbf640",
            "messageTitle": "fix checkstyle of AddTest and QuizTest",
            "messageBody": "",
            "insertions": 31,
            "deletions": 10
          },
          {
            "hash": "2bcf38f4b4c25e8057a2f2e190417ed5fc8daf81",
            "messageTitle": "add testDeleteCommand in CommandTest.java",
            "messageBody": "",
            "insertions": 45,
            "deletions": 72
          },
          {
            "hash": "e62dc8cc63af280f1b0001ca45a85eb29175f9eb",
            "messageTitle": "add test cases in CommandTest",
            "messageBody": "",
            "insertions": 61,
            "deletions": 0
          },
          {
            "hash": "03fe1f6d5527c7979d6d9e17fbe3fdaa6c871a5e",
            "messageTitle": "clean code",
            "messageBody": "",
            "insertions": 6,
            "deletions": 10
          }
        ]
      },
      {
        "insertions": 34,
        "deletions": 17,
        "date": "2019-11-04",
        "commitResults": [
          {
            "hash": "0967f148e711bcc122e561f540bc4398b3f80feb",
            "messageTitle": "solve issue #121",
            "messageBody": "",
            "insertions": 30,
            "deletions": 14
          },
          {
            "hash": "621228fc71729b4f158898adecfa4e420cf56d74",
            "messageTitle": "fix checkstyle",
            "messageBody": "",
            "insertions": 4,
            "deletions": 3
          }
        ]
      }
    ],
    "tessa-z": [
      {
        "insertions": 20,
        "deletions": 47,
        "date": "2019-09-25",
        "commitResults": [
          {
            "hash": "562adea24e1431d324f2fb3fe4840cd2e3bd1685",
            "messageTitle": "B-Reminders update",
            "messageBody": "",
            "insertions": 6,
            "deletions": 0
          },
          {
            "hash": "8ef31e6e0e6fe39e88c7faa8fb92ecb7d75da9fd",
            "messageTitle": "B-Reminders codefix",
            "messageBody": "",
            "insertions": 14,
            "deletions": 47
          }
        ]
      },
      {
        "insertions": 326,
        "deletions": 169,
        "date": "2019-10-02",
        "commitResults": [
          {
            "hash": "5d7b2ca4f91550fbc24ce54af20af751c270905e",
            "messageTitle": "Fix styles for Date class",
            "messageBody": "",
            "insertions": 58,
            "deletions": 46
          },
          {
            "hash": "291c472d43aac7d22e814ae2c56cdac70659d3a7",
            "messageTitle": "Fix styles for Parser class.",
            "messageBody": "",
            "insertions": 68,
            "deletions": 20
          },
          {
            "hash": "cf242e735a80438259541663a1a6a16268f0c9ed",
            "messageTitle": "Fix style for DukeException class.",
            "messageBody": "",
            "insertions": 47,
            "deletions": 15
          },
          {
            "hash": "236d4ec28034020ac6e86703b3d6d9ca6f8328a9",
            "messageTitle": "Fix style for Task and TaskList class.",
            "messageBody": "",
            "insertions": 53,
            "deletions": 34
          },
          {
            "hash": "645fc04206dbae01c0414eb9f552ca6a60065c38",
            "messageTitle": "Fix styles for other classes.",
            "messageBody": "",
            "insertions": 100,
            "deletions": 54
          }
        ]
      },
      {
        "insertions": 33,
        "deletions": 63,
        "date": "2019-10-07",
        "commitResults": [
          {
            "hash": "a5d26e0b828fdf2f7269a83c59b799c41db9a10b",
            "messageTitle": "Update class naming, UI display text  and add javadocs.",
            "messageBody": "",
            "insertions": 33,
            "deletions": 33
          },
          {
            "hash": "254fd138c0333d1e9c6121d7c44106f056e41802",
            "messageTitle": "Remove Viewschedule class.",
            "messageBody": "",
            "insertions": 0,
            "deletions": 30
          }
        ]
      },
      {
        "insertions": 26,
        "deletions": 75,
        "date": "2019-10-08",
        "commitResults": [
          {
            "hash": "11b9e97cdb0b2bb3b0af50c97f4c0ee603210533",
            "messageTitle": "Enable load from file in response to list command.",
            "messageBody": "",
            "insertions": 24,
            "deletions": 73
          },
          {
            "hash": "eac67b58f2f72e70b53a422c81e86dad5b9c0857",
            "messageTitle": "Enable delete from file in response to delete command.",
            "messageBody": "",
            "insertions": 2,
            "deletions": 2
          }
        ]
      },
      {
        "insertions": 120,
        "deletions": 6,
        "date": "2019-10-09",
        "commitResults": [
          {
            "hash": "e8b3ae54f14c8adda59de8290427120dc027b4e4",
            "messageTitle": "Fix system dependent bug in delete function.",
            "messageBody": "",
            "insertions": 8,
            "deletions": 5
          },
          {
            "hash": "746377d86df5d4befe556d0a73e5bacfee7fdcdb",
            "messageTitle": "File write bug; no newline added.",
            "messageBody": "",
            "insertions": 1,
            "deletions": 1
          },
          {
            "hash": "21bd1754202daa026f40d43946cfe306db589597",
            "messageTitle": "Add HistoryCommand class. Enable user to check history of added words in order of latest added words.",
            "messageBody": "",
            "insertions": 111,
            "deletions": 0
          }
        ]
      },
      {
        "insertions": 8,
        "deletions": 1,
        "date": "2019-10-16",
        "commitResults": [
          {
            "hash": "75ea080932fc5ef432d0af296f8800d8d41bd514",
            "messageTitle": "Update build.gradle.",
            "messageBody": "",
            "insertions": 8,
            "deletions": 1
          }
        ]
      },
      {
        "insertions": 91,
        "deletions": 98,
        "date": "2019-10-20",
        "commitResults": [
          {
            "hash": "dc88cf1b7a63ace65ea813ef329aa99b908e1a22",
            "messageTitle": "Implement new datastructure to hold values for Search Frequency. Improve search frequency display.",
            "messageBody": "",
            "insertions": 81,
            "deletions": 67
          },
          {
            "hash": "1d3c26dfc9e58330d798f28384d61f863ea452de",
            "messageTitle": "Fix merge conflict",
            "messageBody": "",
            "insertions": 2,
            "deletions": 30
          },
          {
            "hash": "78e5f943a9294c68e53a6991e0d71f2aef47271b",
            "messageTitle": "Resolve merge conflict.",
            "messageBody": "",
            "insertions": 8,
            "deletions": 1
          }
        ]
      },
      {
        "insertions": 376,
        "deletions": 199,
        "date": "2019-10-21",
        "commitResults": [
          {
            "hash": "721ca15466bddb8f245d6a9be83fcc7918bf987b",
            "messageTitle": "Modularise parse method in Parser.",
            "messageBody": "",
            "insertions": 150,
            "deletions": 110
          },
          {
            "hash": "711f5d424e6f91f85add20bd76fe49ed9321300b",
            "messageTitle": "Refactor userCommand for better code readability.",
            "messageBody": "",
            "insertions": 11,
            "deletions": 11
          },
          {
            "hash": "3f474680d2ce6bdbbcf900489707f54910efce89",
            "messageTitle": "Add exception handling for SearchFrequency.",
            "messageBody": "",
            "insertions": 12,
            "deletions": 15
          },
          {
            "hash": "8c3001f68ec82063bc11625e9bfcfde5c753f1f1",
            "messageTitle": "Refactoring and javadocs.",
            "messageBody": "",
            "insertions": 8,
            "deletions": 33
          },
          {
            "hash": "0629c22f89b46aced2f409065e251d745deb76ca",
            "messageTitle": "Fix styles.",
            "messageBody": "",
            "insertions": 34,
            "deletions": 25
          },
          {
            "hash": "3d6767133026b16466af638ef0aaa805a865da7d",
            "messageTitle": "Add Parser Javadocs.",
            "messageBody": "",
            "insertions": 60,
            "deletions": 3
          },
          {
            "hash": "c3927406d79a45212008816e5768fd490506ed8b",
            "messageTitle": "Fix style.",
            "messageBody": "",
            "insertions": 1,
            "deletions": 2
          },
          {
            "hash": "85d5968a671e1108d0325dd3610f7745abe2646f",
            "messageTitle": "Edit.",
            "messageBody": "",
            "insertions": 100,
            "deletions": 0
          }
        ]
      },
      {
        "insertions": 102,
        "deletions": 103,
        "date": "2019-10-22",
        "commitResults": [
          {
            "hash": "75429bb1acf1302f0ba18178abe1000cb493d488",
            "messageTitle": "Modularise WordCount as a separate class on its own following SoC.",
            "messageBody": "",
            "insertions": 95,
            "deletions": 98
          },
          {
            "hash": "4548b022819eed5c06789392eda91ec593d473f2",
            "messageTitle": "Fix style.",
            "messageBody": "",
            "insertions": 5,
            "deletions": 3
          },
          {
            "hash": "8fe81bb5f07739dfc20d0f27fbae89c34d157660",
            "messageTitle": "Fix style.",
            "messageBody": "",
            "insertions": 2,
            "deletions": 2
          }
        ]
      },
      {
        "insertions": 176,
        "deletions": 119,
        "date": "2019-10-23",
        "commitResults": [
          {
            "hash": "4355de4a89ecc7d39549ecd47398146d7abeba84",
            "messageTitle": "Add Javadocs for WordCount class.",
            "messageBody": "",
            "insertions": 10,
            "deletions": 3
          },
          {
            "hash": "aefa76e793f5dbbd6028996eaa9e54c9f29f554f",
            "messageTitle": "Fix wordCount deletion bug and refactor WordCount.",
            "messageBody": "",
            "insertions": 29,
            "deletions": 13
          },
          {
            "hash": "f4dfdaefd298181f87e4232bb1ec22b112bb05e9",
            "messageTitle": "Fix style for WordCount.",
            "messageBody": "",
            "insertions": 4,
            "deletions": 0
          },
          {
            "hash": "f2d5c381e1c7d10270cba2262547b7ff56ae2cb9",
            "messageTitle": "Create Bank class for abstraction.",
            "messageBody": "",
            "insertions": 90,
            "deletions": 101
          },
          {
            "hash": "38a0cb06f824ec0bd8b70fe62910bd42c3912d4d",
            "messageTitle": "Add fxml.",
            "messageBody": "",
            "insertions": 35,
            "deletions": 0
          },
          {
            "hash": "35a511934f6d5fc8de2b05f11cca4ee0593d054e",
            "messageTitle": "Configure JAR.",
            "messageBody": "",
            "insertions": 8,
            "deletions": 2
          }
        ]
      },
      {
        "insertions": 15,
        "deletions": 38,
        "date": "2019-10-24",
        "commitResults": [
          {
            "hash": "af0fb95af72c0422d0059708e059a474a0afcff4",
            "messageTitle": "Fix style.",
            "messageBody": "",
            "insertions": 15,
            "deletions": 37
          },
          {
            "hash": "72d0160c4b25a6102dddf656edec2373162e3622",
            "messageTitle": "Fix style.",
            "messageBody": "",
            "insertions": 0,
            "deletions": 1
          }
        ]
      },
      {
        "insertions": 11,
        "deletions": 14,
        "date": "2019-10-25",
        "commitResults": [
          {
            "hash": "1a0069f3cbbec2b3df6bb4db624f232368c7e63a",
            "messageTitle": "Edit search frequency.",
            "messageBody": "",
            "insertions": 11,
            "deletions": 14
          }
        ]
      },
      {
        "insertions": 109,
        "deletions": 13,
        "date": "2019-10-27",
        "commitResults": [
          {
            "hash": "a27dd5f3830cb14ad8e04259333e2ccfce414ccb",
            "messageTitle": "Fix style.",
            "messageBody": "",
            "insertions": 24,
            "deletions": 3
          },
          {
            "hash": "54bebe18637f2259a5528b92f9fb53226b12125b",
            "messageTitle": "Fix style.",
            "messageBody": "",
            "insertions": 1,
            "deletions": 1
          },
          {
            "hash": "cd1d72578a0e7f37b036dc441d7d1c0cda4801dc",
            "messageTitle": "Fix parser test.",
            "messageBody": "",
            "insertions": 1,
            "deletions": 1
          },
          {
            "hash": "1817edb0437e6170368fe8d9a8548b5598a084a0",
            "messageTitle": "Add parser tests.",
            "messageBody": "",
            "insertions": 74,
            "deletions": 7
          },
          {
            "hash": "21575e2b2afc1ce7d3621feb91b7757fe9201770",
            "messageTitle": "Fix style.",
            "messageBody": "",
            "insertions": 9,
            "deletions": 1
          }
        ]
      },
      {
        "insertions": 398,
        "deletions": 129,
        "date": "2019-10-28",
        "commitResults": [
          {
            "hash": "b7ba3c7e28f7800f33c0db33212dc27454c59a57",
            "messageTitle": "Add Reminder, SetReminderCommand. Integrate reminderSetup to NewScene. Add reminder ui methods to Ui.",
            "messageBody": "",
            "insertions": 198,
            "deletions": 18
          },
          {
            "hash": "65e3de388ae9f32ab3781093e790593ff9dec07a",
            "messageTitle": "Enable Reminders. System output.",
            "messageBody": "",
            "insertions": 200,
            "deletions": 111
          }
        ]
      },
      {
        "insertions": 188,
        "deletions": 108,
        "date": "2019-10-29",
        "commitResults": [
          {
            "hash": "303779734fd22e389176de17d1ad29582444bdfe",
            "messageTitle": "Enable reminder popup on JavaFX.",
            "messageBody": "",
            "insertions": 52,
            "deletions": 51
          },
          {
            "hash": "6bce0c9c67e2f05d1a3f8d3c3378be9d23980793",
            "messageTitle": "Fix logic for setting up reminder in isSettingUpReminder.",
            "messageBody": "",
            "insertions": 7,
            "deletions": 8
          },
          {
            "hash": "4ef06858f77a2b686187163cb98c91ac93b6a1c0",
            "messageTitle": "Fix search on empty wordBank and wordCount bug.",
            "messageBody": "",
            "insertions": 25,
            "deletions": 4
          },
          {
            "hash": "c91e6d970e5c539560bc1f57f007576155ffe68c",
            "messageTitle": "Fix style.",
            "messageBody": "",
            "insertions": 104,
            "deletions": 45
          }
        ]
      },
      {
        "insertions": 128,
        "deletions": 2,
        "date": "2019-10-30",
        "commitResults": [
          {
            "hash": "d2fb79aaf08b596eb2dfcee51cbb95d9366932c7",
            "messageTitle": "Update ParserTest.",
            "messageBody": "",
            "insertions": 127,
            "deletions": 1
          },
          {
            "hash": "cb26fbbcd1505a89c118c75c9ceb8016019fe78f",
            "messageTitle": "Create v1.2.2 jar file.",
            "messageBody": "",
            "insertions": 1,
            "deletions": 1
          }
        ]
      },
      {
        "insertions": 41,
        "deletions": 32,
        "date": "2019-10-31",
        "commitResults": [
          {
            "hash": "66f2273b525d3642ed84563e111bac98e1c614d9",
            "messageTitle": "Fix style for Synonyms.",
            "messageBody": "",
            "insertions": 9,
            "deletions": 9
          },
          {
            "hash": "c2a6e8befdfcf786e125c437dc631b0280499c65",
            "messageTitle": "Fix style for ParserTest.",
            "messageBody": "",
            "insertions": 14,
            "deletions": 14
          },
          {
            "hash": "3e202716b72c47cafe4d4ad87693352374088c0f",
            "messageTitle": "Improve GUI and edit SearchCommand.",
            "messageBody": "",
            "insertions": 18,
            "deletions": 9
          }
        ]
      },
      {
        "insertions": 78,
        "deletions": 34,
        "date": "2019-11-01",
        "commitResults": [
          {
            "hash": "cab5e042fbf17c39c78494a8716dbe9e11dae670",
            "messageTitle": "Improve exception handling for Schedule feature.",
            "messageBody": "",
            "insertions": 58,
            "deletions": 28
          },
          {
            "hash": "0c1ea8f15d7571a5c618c012d43ee62e199e82d3",
            "messageTitle": "Improve exception handling for History feature.",
            "messageBody": "",
            "insertions": 16,
            "deletions": 5
          },
          {
            "hash": "3c55a4c346add3a6c0ee344a171f7e23a2d07062",
            "messageTitle": "Improve trim in Parser class.",
            "messageBody": "",
            "insertions": 4,
            "deletions": 1
          }
        ]
      },
      {
        "insertions": 34,
        "deletions": 8,
        "date": "2019-11-05",
        "commitResults": [
          {
            "hash": "82d5ccf2d7614a86c5f720dd45d069bc4d956279",
            "messageTitle": "Update build.gradle",
            "messageBody": "",
            "insertions": 2,
            "deletions": 2
          },
          {
            "hash": "c059fea863efb21c95a33b34ed899ee2122444af",
            "messageTitle": "Fix schedule termination bugs.",
            "messageBody": "",
            "insertions": 28,
            "deletions": 5
          },
          {
            "hash": "f6fb7c6e71b249dd28796095cd91353cc722c294",
            "messageTitle": "Fix schedule reminder showing previous words bug.",
            "messageBody": "",
            "insertions": 4,
            "deletions": 1
          }
        ]
      },
      {
        "insertions": 129,
        "deletions": 46,
        "date": "2019-11-08",
        "commitResults": [
          {
            "hash": "90815599e78e5eeee3f699e87cca5b138efc9792",
            "messageTitle": "Fix style.",
            "messageBody": "",
            "insertions": 13,
            "deletions": 6
          },
          {
            "hash": "50551fc0126a81d28c9262b2ceb8b65219fdcc73",
            "messageTitle": "Fix style.",
            "messageBody": "",
            "insertions": 2,
            "deletions": 1
          },
          {
            "hash": "1ac94ad68f0f2e70228d322ca03dedfb07de37a3",
            "messageTitle": "Enable single command input for schedule function. Improve reminder error handling.",
            "messageBody": "",
            "insertions": 40,
            "deletions": 8
          },
          {
            "hash": "cfc161edb599f718627bf9a895c7c8f2b3cd99c0",
            "messageTitle": "Fix style.",
            "messageBody": "",
            "insertions": 10,
            "deletions": 0
          },
          {
            "hash": "cc8052949633447efd03f9991dd8dec9c4ffc131",
            "messageTitle": "Create remindertext file.",
            "messageBody": "",
            "insertions": 16,
            "deletions": 5
          },
          {
            "hash": "bb183514aa4887fe69f6f117fa74f17f75a75462",
            "messageTitle": "Load reminders on start from file storage.",
            "messageBody": "",
            "insertions": 36,
            "deletions": 21
          },
          {
            "hash": "ae9d3b14d393644d7d2af74cbb8c95ac2cb512ff",
            "messageTitle": "Fix updateFile filePath mistake when deleting reminder information from file.",
            "messageBody": "",
            "insertions": 12,
            "deletions": 5
          }
        ]
      },
      {
        "insertions": 13,
        "deletions": 5,
        "date": "2019-11-09",
        "commitResults": [
          {
            "hash": "acfca56a87c9b098d485ace20bf6b38ded6a8f07",
            "messageTitle": "Fix style.",
            "messageBody": "",
            "insertions": 12,
            "deletions": 4
          },
          {
            "hash": "e37ee22290ec03ad91ea2bd4524504f6fae7c038",
            "messageTitle": "Fix test style.",
            "messageBody": "",
            "insertions": 1,
            "deletions": 1
          }
        ]
      }
    ],
    "kevin996231": [
      {
        "insertions": 65,
        "deletions": 1,
        "date": "2019-10-02",
        "commitResults": [
          {
            "hash": "035f8a1614b9185934f8f35e71aae221fbbf962d",
            "messageTitle": "Recover B-FixedDuration",
            "messageBody": "",
            "insertions": 65,
            "deletions": 1
          }
        ]
      },
      {
        "insertions": 99,
        "deletions": 7,
        "date": "2019-10-16",
        "commitResults": [
          {
            "hash": "33af579727a8363db048ada2b2b374c0bcfa0aff",
            "messageTitle": "Add edit command",
            "messageBody": "",
            "insertions": 63,
            "deletions": 4
          },
          {
            "hash": "be3b93540abd3b57132cc25fa6601a1d44e9da9f",
            "messageTitle": "Make edit command edit from file",
            "messageBody": "",
            "insertions": 36,
            "deletions": 3
          }
        ]
      },
      {
        "insertions": 83,
        "deletions": 2,
        "date": "2019-10-22",
        "commitResults": [
          {
            "hash": "0d567fcaf277e2bb0a3c09d482d1b07a85934200",
            "messageTitle": "Add help command",
            "messageBody": "",
            "insertions": 83,
            "deletions": 2
          }
        ]
      },
      {
        "insertions": 25,
        "deletions": 25,
        "date": "2019-10-23",
        "commitResults": [
          {
            "hash": "347cedad1af765c31cc15d8ffafc405ecf02a758",
            "messageTitle": "Fix checkstyle",
            "messageBody": "",
            "insertions": 25,
            "deletions": 25
          }
        ]
      },
      {
        "insertions": 72,
        "deletions": 39,
        "date": "2019-10-31",
        "commitResults": [
          {
            "hash": "36e2d6e30a1345e8de09a4c11feb9f8ee4c33de7",
            "messageTitle": "optimize search closest command",
            "messageBody": "",
            "insertions": 23,
            "deletions": 8
          },
          {
            "hash": "3f7b015ac6b3aecedf4b346bb053560d48358d82",
            "messageTitle": "Restructure search command",
            "messageBody": "",
            "insertions": 22,
            "deletions": 11
          },
          {
            "hash": "b48f17332028fdc92507dc5f59785d6c62db5a0b",
            "messageTitle": "Fix checkstyle",
            "messageBody": "",
            "insertions": 11,
            "deletions": 17
          },
          {
            "hash": "89f4b613772da4fc361052e24f51f3be6f26a678",
            "messageTitle": "Add comment and javadoc",
            "messageBody": "",
            "insertions": 4,
            "deletions": 3
          },
          {
            "hash": "424999055c46a03a61a55d58f1a493c6fd026338",
            "messageTitle": "Press up button to show previous command in textfield",
            "messageBody": "",
            "insertions": 12,
            "deletions": 0
          }
        ]
      },
      {
        "insertions": 26,
        "deletions": 14,
        "date": "2019-11-04",
        "commitResults": [
          {
            "hash": "07109859d3bdedde55644fe703584aed9a227533",
            "messageTitle": "Fix issue #120",
            "messageBody": "",
            "insertions": 1,
            "deletions": 1
          },
          {
            "hash": "d968bbb2e450826e942f762d63b9ae5f7b308df4",
            "messageTitle": "Update help function",
            "messageBody": "",
            "insertions": 9,
            "deletions": 3
          },
          {
            "hash": "c9dffd1fe697581b079318bd66234030a74603ea",
            "messageTitle": "Fix checkstyle",
            "messageBody": "",
            "insertions": 2,
            "deletions": 1
          },
          {
            "hash": "33ef85caea37b94ffd46f3e98998fb50e1896188",
            "messageTitle": "Fix quiz bug",
            "messageBody": "",
            "insertions": 13,
            "deletions": 8
          },
          {
            "hash": "d37660098b64ebcf266b8b03c2231ef71df93a3d",
            "messageTitle": "Fix checkstyle",
            "messageBody": "",
            "insertions": 1,
            "deletions": 1
          }
        ]
      },
      {
        "insertions": 31,
        "deletions": 10,
        "date": "2019-11-07",
        "commitResults": [
          {
            "hash": "72f6e1dba39320638c6e74f259774ad861b2678f",
            "messageTitle": "Use up/down button to switch between previous/next input",
            "messageBody": "",
            "insertions": 28,
            "deletions": 6
          },
          {
            "hash": "1174ec64f871fce9a4123db3eaef2116eeb6f38e",
            "messageTitle": "Modify word difference formula",
            "messageBody": "",
            "insertions": 3,
            "deletions": 4
          }
        ]
      },
      {
        "insertions": 176,
        "deletions": 38,
        "date": "2019-11-08",
        "commitResults": [
          {
            "hash": "1fb68ce7f74de2a56510d72cfc3e82842ee9a699",
            "messageTitle": "Fix CommandTest",
            "messageBody": "",
            "insertions": 10,
            "deletions": 9
          },
          {
            "hash": "7514ff48f637f00459fd7cb787e6d29097200c04",
            "messageTitle": "Add search test",
            "messageBody": "",
            "insertions": 136,
            "deletions": 0
          },
          {
            "hash": "61547328f04901ede1c1dd67d02368e03245e4b5",
            "messageTitle": "Fix checkstyle",
            "messageBody": "",
            "insertions": 12,
            "deletions": 9
          },
          {
            "hash": "e61ed388864dd0c33e61e44c7ca50092372e731f",
            "messageTitle": "Modify spell check threshold",
            "messageBody": "",
            "insertions": 4,
            "deletions": 8
          },
          {
            "hash": "15c367d664060b229b041d7bc710e01c82267254",
            "messageTitle": "Fix bug of failing to edit word in txt file",
            "messageBody": "",
            "insertions": 11,
            "deletions": 9
          },
          {
            "hash": "a227b573fb41ee9e9d5a465c3a2bb17437b9815b",
            "messageTitle": "Fix checkstyle",
            "messageBody": "",
            "insertions": 3,
            "deletions": 3
          }
        ]
      },
      {
        "insertions": 93,
        "deletions": 50,
        "date": "2019-11-09",
        "commitResults": [
          {
            "hash": "1f3673b24fd2e416640e1d773f4a423dc35244d3",
            "messageTitle": "Modify storage to fit tests",
            "messageBody": "",
            "insertions": 5,
            "deletions": 6
          },
          {
            "hash": "370d3c187f2e098ce6be52981ff9659ea2feb45b",
            "messageTitle": "Modify creating and deleting testfile methods",
            "messageBody": "",
            "insertions": 66,
            "deletions": 22
          },
          {
            "hash": "14dda992dcbcffa04ac78e492dc83e1a4823eb47",
            "messageTitle": "Fix checkstyle",
            "messageBody": "",
            "insertions": 8,
            "deletions": 6
          },
          {
            "hash": "80bba6a832dd86b14ecdb35af6b4facf6f1739ba",
            "messageTitle": "Fix search bug",
            "messageBody": "",
            "insertions": 1,
            "deletions": 3
          },
          {
            "hash": "d0ef582f39d5850853947dc7763dbfc41b954d07",
            "messageTitle": "Fix storage path and search test case",
            "messageBody": "",
            "insertions": 3,
            "deletions": 4
          },
          {
            "hash": "8d3f977c2e8a76edc6359c135ae0cbb88c318ae4",
            "messageTitle": "Revert \"Fix storage path and search test case\"",
            "messageBody": "",
            "insertions": 4,
            "deletions": 3
          },
          {
            "hash": "be920334ebba5a110adb19d5a8cda7be43ef1c39",
            "messageTitle": "Fix storage path and search test case",
            "messageBody": "",
            "insertions": 6,
            "deletions": 6
          }
        ]
      }
    ],
    "tran-quang-thanh": [
      {
        "insertions": 4,
        "deletions": 5,
        "date": "2019-09-25",
        "commitResults": [
          {
            "hash": "533b9f84f0347f9e222d71a3f8bc6941a71aa592",
            "messageTitle": "B-RecurringTask",
            "messageBody": "",
            "insertions": 4,
            "deletions": 5
          }
        ]
      },
      {
        "insertions": 4,
        "deletions": 0,
        "date": "2019-10-02",
        "commitResults": [
          {
            "hash": "46a1202ba5256944347db0cb6a008f6f01547992",
            "messageTitle": "About Us page",
            "messageBody": "",
            "insertions": 4,
            "deletions": 0
          }
        ]
      },
      {
        "insertions": 267,
        "deletions": 187,
        "date": "2019-10-04",
        "commitResults": [
          {
            "hash": "c2711d17e0ef99c6fceaa6b14653467c44ee70ac",
            "messageTitle": "first version word-up",
            "messageBody": "",
            "insertions": 12,
            "deletions": 4
          },
          {
            "hash": "a508e7680b0e3f9fdc07cd90894fb208db30c171",
            "messageTitle": "first version word-up",
            "messageBody": "",
            "insertions": 254,
            "deletions": 183
          },
          {
            "hash": "69af1e0f6f38ce79752040134382cf9adedd6da2",
            "messageTitle": "first version word-up",
            "messageBody": "",
            "insertions": 1,
            "deletions": 0
          }
        ]
      },
      {
        "insertions": 343,
        "deletions": 1082,
        "date": "2019-10-05",
        "commitResults": [
          {
            "hash": "c19402a2a9d6261d903c0addecd31d37d2c44cd6",
            "messageTitle": "word-up version 1.2.0",
            "messageBody": "",
            "insertions": 260,
            "deletions": 1049
          },
          {
            "hash": "f4a699cc054bc200687203345eeac2e2d40234b1",
            "messageTitle": "word-up version 1.2.0",
            "messageBody": "",
            "insertions": 0,
            "deletions": 7
          },
          {
            "hash": "8c7fc60cfe1bc6d1b6c26a1df65c0f61e2e232b2",
            "messageTitle": "Remove old duke and add new feature",
            "messageBody": "",
            "insertions": 83,
            "deletions": 26
          }
        ]
      },
      {
        "insertions": 157,
        "deletions": 32,
        "date": "2019-10-08",
        "commitResults": [
          {
            "hash": "d3efa33589954475ae837b70ac5c2a6dac061162",
            "messageTitle": "Update delete tag from word and add tag",
            "messageBody": "",
            "insertions": 157,
            "deletions": 32
          }
        ]
      },
      {
        "insertions": 290,
        "deletions": 155,
        "date": "2019-10-15",
        "commitResults": [
          {
            "hash": "8b6581fb4385ef8438bd20cc6dfd88a093de3322",
            "messageTitle": "Add UI",
            "messageBody": "",
            "insertions": 290,
            "deletions": 155
          }
        ]
      },
      {
        "insertions": 447,
        "deletions": 172,
        "date": "2019-10-16",
        "commitResults": [
          {
            "hash": "af2b617f00b0314d7daf33e6d57def9baf22fb5a",
            "messageTitle": "Add history command and quiz command",
            "messageBody": "",
            "insertions": 447,
            "deletions": 172
          }
        ]
      },
      {
        "insertions": 346,
        "deletions": 233,
        "date": "2019-10-19",
        "commitResults": [
          {
            "hash": "a75c56338cdf67e0b130c8b2f0d53ac763baf0ac",
            "messageTitle": "Add travis",
            "messageBody": "",
            "insertions": 11,
            "deletions": 9
          },
          {
            "hash": "d1d21ada6adbb30860760a19d5e8694dbc598ddc",
            "messageTitle": "Fix style",
            "messageBody": "",
            "insertions": 282,
            "deletions": 152
          },
          {
            "hash": "65f8b50ef174c86e17c87795f8611e8a66e8adeb",
            "messageTitle": "Fix style",
            "messageBody": "",
            "insertions": 47,
            "deletions": 25
          },
          {
            "hash": "36047819b07404dbad4dfb02a93cd6b30379807b",
            "messageTitle": "Fix style",
            "messageBody": "",
            "insertions": 4,
            "deletions": 6
          },
          {
            "hash": "4409181ee3e6969f2579886222a04fe063a08dd2",
            "messageTitle": "Fix style",
            "messageBody": "",
            "insertions": 2,
            "deletions": 1
          },
          {
            "hash": "3164f5be16192bd9cc6e04ed44c9585dd41cb7e2",
            "messageTitle": "Remove old test files",
            "messageBody": "",
            "insertions": 0,
            "deletions": 40
          }
        ]
      },
      {
        "insertions": 28,
        "deletions": 7,
        "date": "2019-10-21",
        "commitResults": [
          {
            "hash": "dadcd28f18de6de464ce9b473003c3bc11455c27",
            "messageTitle": "Update WordUp.java",
            "messageBody": "",
            "insertions": 1,
            "deletions": 1
          },
          {
            "hash": "c4731d8b6e1781b2b1b4e5f4a63ceee3b264a814",
            "messageTitle": "Update WordUp.java",
            "messageBody": "",
            "insertions": 1,
            "deletions": 1
          },
          {
            "hash": "f21ba1e9db7078d9a5e6279a1b34bd9258832e86",
            "messageTitle": "Add search by beginning",
            "messageBody": "",
            "insertions": 26,
            "deletions": 5
          }
        ]
      },
      {
        "insertions": 306,
        "deletions": 52,
        "date": "2019-10-24",
        "commitResults": [
          {
            "hash": "452da422b115c77a8e9aa2286c607ebefdd7606f",
            "messageTitle": "Add Search Beginning substring",
            "messageBody": "",
            "insertions": 142,
            "deletions": 18
          },
          {
            "hash": "e032b45baee869b659e4b6d92eeacf8c6a8488ec",
            "messageTitle": "Add Class Bank",
            "messageBody": "",
            "insertions": 100,
            "deletions": 20
          },
          {
            "hash": "079cc4a7e21302ffae333653262f6c564aa32893",
            "messageTitle": "Fix style",
            "messageBody": "",
            "insertions": 60,
            "deletions": 10
          },
          {
            "hash": "df3ce13f351bb08c922070fb2a93f8f0b0aba7cb",
            "messageTitle": "Fix style",
            "messageBody": "",
            "insertions": 4,
            "deletions": 4
          }
        ]
      },
      {
        "insertions": 466,
        "deletions": 124,
        "date": "2019-10-27",
        "commitResults": [
          {
            "hash": "758b43409bee14169c958bd3401ee45216e03fca",
            "messageTitle": "Loads from excel file in data folder, create when there hasn\u0027t exist such file; and add to excel file when user uses add command or add tag command",
            "messageBody": "",
            "insertions": 286,
            "deletions": 24
          },
          {
            "hash": "48dac40d27e228df6f96b49a6d5ac908a496b8c5",
            "messageTitle": "Create methods in Storage to update excel file with AddCommand, DeleteCommand and EditCommand",
            "messageBody": "",
            "insertions": 180,
            "deletions": 100
          }
        ]
      },
      {
        "insertions": 50,
        "deletions": 12,
        "date": "2019-10-31",
        "commitResults": [
          {
            "hash": "ebd2eb59a842333c7b6e8f47d82eecdc31310d9f",
            "messageTitle": "Add excel and fix style",
            "messageBody": "",
            "insertions": 50,
            "deletions": 12
          }
        ]
      },
      {
        "insertions": 96,
        "deletions": 47,
        "date": "2019-11-04",
        "commitResults": [
          {
            "hash": "c0f80b16199ef4c6a7664788e47c48e4fcdb9c25",
            "messageTitle": "Fix Command bugs and add spell checking",
            "messageBody": "",
            "insertions": 96,
            "deletions": 47
          }
        ]
      },
      {
        "insertions": 26,
        "deletions": 5,
        "date": "2019-11-07",
        "commitResults": [
          {
            "hash": "78463cf189709244b80f1667a3e0cbcebf3bbdb6",
            "messageTitle": "Fix conflict",
            "messageBody": "",
            "insertions": 7,
            "deletions": 4
          },
          {
            "hash": "38b7b08e07c88660c53d34b24a0ef9cb0df32816",
            "messageTitle": "Add excel",
            "messageBody": "",
            "insertions": 19,
            "deletions": 1
          }
        ]
      },
      {
        "insertions": 9,
        "deletions": 16,
        "date": "2019-11-08",
        "commitResults": [
          {
            "hash": "9b1f190cdd6af809eab7587f0c5a38e5c59439a4",
            "messageTitle": "Add Excel and commands deal with tag and fix style",
            "messageBody": "",
            "insertions": 5,
            "deletions": 5
          },
          {
            "hash": "97313545b83b7211523864e5468356cbadc6a53b",
            "messageTitle": "Add Excel and commands deal with tag and fix style",
            "messageBody": "",
            "insertions": 1,
            "deletions": 1
          },
          {
            "hash": "b6e15f8c2c6eb5c7da48b41256939ab25b737c9c",
            "messageTitle": "Remove Storage constructor with excel path, creates excel file when creates data folder",
            "messageBody": "",
            "insertions": 3,
            "deletions": 10
          }
        ]
      }
    ]
  },
  "authorFinalContributionMap": {
    "njw95": 375,
    "chelsea148629": 221,
    "tessa-z": 1460,
    "kevin996231": 424,
    "tran-quang-thanh": 2021
  },
  "authorFileTypeContributionMap": {
    "njw95": {
      "tests": 0,
      "functional": 372,
      "other": 3
    },
    "chelsea148629": {
      "tests": 144,
      "functional": 77
    },
    "tessa-z": {
      "tests": 270,
      "functional": 1175,
      "other": 15
    },
    "kevin996231": {
      "tests": 210,
      "functional": 214
    },
    "tran-quang-thanh": {
      "tests": 2,
      "functional": 2018,
      "other": 1
    }
  },
  "authorContributionVariance": {
    "njw95": 33557.01,
    "chelsea148629": 3435.402,
    "tessa-z": 19060.516,
    "kevin996231": 1850.1853,
    "tran-quang-thanh": 63974.7
  },
  "authorDisplayNameMap": {
    "njw95": "CS2113-T14-3 NG   . . WEI",
    "chelsea148629": "CS2113-T14-3 HSU  . . ENG",
    "tessa-z": "CS2113-T14-3 ZHA  . . HAN",
    "kevin996231": "CS2113-T14-3 CHE  . . KAI",
    "tran-quang-thanh": "CS2113-T14-3 TRA  . . ANH"
  }
}
