{
  "authorDailyContributionsMap": {
    "e0323290": [
      {
        "insertions": 5,
        "deletions": 32,
        "date": "2019-09-24",
        "commitResults": [
          {
            "hash": "26402afeb03de944b6c22545f35b51ea4d58857b",
            "messageTitle": "no message",
            "messageBody": "",
            "insertions": 5,
            "deletions": 32
          }
        ]
      },
      {
        "insertions": 105,
        "deletions": 76,
        "date": "2019-09-25",
        "commitResults": [
          {
            "hash": "1b3e9a0aeb224c867e174771dee501aaf57a2480",
            "messageTitle": "no message",
            "messageBody": "",
            "insertions": 1,
            "deletions": 1
          },
          {
            "hash": "7d3d10b1c35f25ea0e3cc189bd670b5e8dc3c8a6",
            "messageTitle": "Added Date Formatting for DoWithPeriod tasks",
            "messageBody": "",
            "insertions": 51,
            "deletions": 29
          },
          {
            "hash": "81881d0ffdc88e6d2b7dce98c6d4306aa34224de",
            "messageTitle": "Try-catch blocks and added LocalDate for TimeboundCommand",
            "messageBody": "",
            "insertions": 53,
            "deletions": 46
          }
        ]
      },
      {
        "insertions": 79,
        "deletions": 12,
        "date": "2019-09-27",
        "commitResults": [
          {
            "hash": "63095c6323a31d6a595538f67a3c164564d558ad",
            "messageTitle": "Undo Command and Delete All done",
            "messageBody": "",
            "insertions": 79,
            "deletions": 12
          }
        ]
      },
      {
        "insertions": 44,
        "deletions": 10,
        "date": "2019-09-29",
        "commitResults": [
          {
            "hash": "eca355a587c0902282386cb75e50b68a294a3746",
            "messageTitle": "Delete multiple tasks done",
            "messageBody": "",
            "insertions": 44,
            "deletions": 10
          }
        ]
      },
      {
        "insertions": 1,
        "deletions": 2,
        "date": "2019-09-30",
        "commitResults": [
          {
            "hash": "cfb7c2099cc00a2fb263a5d2a17f6d8d314426ca",
            "messageTitle": "Undo Command",
            "messageBody": "",
            "insertions": 1,
            "deletions": 2
          }
        ]
      },
      {
        "insertions": 199,
        "deletions": 106,
        "date": "2019-10-01",
        "commitResults": [
          {
            "hash": "cb34e2ceb86f2a74f61b0aff595d5afd4a35e056",
            "messageTitle": "Category List done, commented timebound out",
            "messageBody": "",
            "insertions": 199,
            "deletions": 106
          }
        ]
      },
      {
        "insertions": 374,
        "deletions": 191,
        "date": "2019-10-06",
        "commitResults": [
          {
            "hash": "01143b8bef7fb0fbcdd3cde6c33fc741ceee20c5",
            "messageTitle": "Fixed Category List and Timebound Command and Task",
            "messageBody": "",
            "insertions": 233,
            "deletions": 188
          },
          {
            "hash": "f3644bfebc52303b73436350c882071d7396c3e3",
            "messageTitle": "Done List completed",
            "messageBody": "",
            "insertions": 47,
            "deletions": 0
          },
          {
            "hash": "dacbdc9bb2011d4926897de56ca141672b5b9cef",
            "messageTitle": "Undone List completed",
            "messageBody": "",
            "insertions": 47,
            "deletions": 0
          },
          {
            "hash": "938123e4388c9f75693dc152911a68a8fdc2737b",
            "messageTitle": "Hashtagging feature completed",
            "messageBody": "",
            "insertions": 45,
            "deletions": 0
          },
          {
            "hash": "43cc0072d4d5e80072e228fff6f52c44f417578a",
            "messageTitle": "Tag Command",
            "messageBody": "",
            "insertions": 2,
            "deletions": 3
          }
        ]
      },
      {
        "insertions": 1,
        "deletions": 1,
        "date": "2019-10-09",
        "commitResults": [
          {
            "hash": "6656e04fe67d4057d56e77d52c7c63aa598807a7",
            "messageTitle": "no message",
            "messageBody": "",
            "insertions": 1,
            "deletions": 1
          }
        ]
      },
      {
        "insertions": 149,
        "deletions": 1,
        "date": "2019-10-10",
        "commitResults": [
          {
            "hash": "08bbc530b7a0e9922d91c9216f4702865304620c",
            "messageTitle": "uncompleted expenses",
            "messageBody": "",
            "insertions": 149,
            "deletions": 1
          }
        ]
      },
      {
        "insertions": 224,
        "deletions": 167,
        "date": "2019-10-15",
        "commitResults": [
          {
            "hash": "8253949dd2f2df46c4bff591951e0e3564d40422",
            "messageTitle": "Expenses half-done",
            "messageBody": "",
            "insertions": 223,
            "deletions": 160
          },
          {
            "hash": "c12a6fc3ab8fc94e406162c255efde347ea35199",
            "messageTitle": "solved merge conflict",
            "messageBody": "",
            "insertions": 1,
            "deletions": 7
          }
        ]
      },
      {
        "insertions": 181,
        "deletions": 3,
        "date": "2019-10-17",
        "commitResults": [
          {
            "hash": "c2ce6a8f2947d1c891f2b80e84b3632c0af15d14",
            "messageTitle": "halfdone module",
            "messageBody": "",
            "insertions": 181,
            "deletions": 3
          }
        ]
      },
      {
        "insertions": 236,
        "deletions": 184,
        "date": "2019-10-22",
        "commitResults": [
          {
            "hash": "ceda5867b43605e2a7442316ea2e1220f00f0598",
            "messageTitle": "module package (commented out)",
            "messageBody": "",
            "insertions": 4,
            "deletions": 0
          },
          {
            "hash": "0c62eb58e71613f644edbb03a82f9d1f1ec01385",
            "messageTitle": "module package (commented out)",
            "messageBody": "",
            "insertions": 232,
            "deletions": 184
          }
        ]
      },
      {
        "insertions": 323,
        "deletions": 216,
        "date": "2019-10-24",
        "commitResults": [
          {
            "hash": "e5c453c7c9665023e595f097e00a6b5fca85aa25",
            "messageTitle": "Specialization work in progress",
            "messageBody": "",
            "insertions": 304,
            "deletions": 195
          },
          {
            "hash": "ebc89e5d2378306aca0fa0ca24838e722ccd6e84",
            "messageTitle": "Changed name of moduleCategories class name to ModuleCategories",
            "messageBody": "",
            "insertions": 19,
            "deletions": 21
          }
        ]
      },
      {
        "insertions": 909,
        "deletions": 236,
        "date": "2019-10-28",
        "commitResults": [
          {
            "hash": "f7d670a318c572348f6e0fcf1f14199e5d8e9911",
            "messageTitle": "specialization done",
            "messageBody": "",
            "insertions": 909,
            "deletions": 236
          }
        ]
      },
      {
        "insertions": 693,
        "deletions": 530,
        "date": "2019-11-02",
        "commitResults": [
          {
            "hash": "7a746252d7dc77de8d68707fbc5f90b2182c5219",
            "messageTitle": "Fixed issues #257, #256, #247, #242, #239, #235, #233, #229, #228, #212, 206",
            "messageBody": "",
            "insertions": 693,
            "deletions": 530
          }
        ]
      },
      {
        "insertions": 13,
        "deletions": 12,
        "date": "2019-11-03",
        "commitResults": [
          {
            "hash": "5ef8ed33c45b2ff5275fb7394a8ec5523de19272",
            "messageTitle": "Fixed delete expenses",
            "messageBody": "",
            "insertions": 13,
            "deletions": 12
          }
        ]
      },
      {
        "insertions": 62,
        "deletions": 46,
        "date": "2019-11-04",
        "commitResults": [
          {
            "hash": "64d5eb1f9a7ee736a8b815809100eb59ffd1d3ab",
            "messageTitle": "done some checkstyle for expenses",
            "messageBody": "",
            "insertions": 62,
            "deletions": 46
          }
        ]
      },
      {
        "insertions": 497,
        "deletions": 334,
        "date": "2019-11-05",
        "commitResults": [
          {
            "hash": "cf785494ba5eba6b54400c03f67e3f16971c3396",
            "messageTitle": "no message",
            "messageBody": "",
            "insertions": 493,
            "deletions": 331
          },
          {
            "hash": "69ae57638604eae27a93c8710878e7b2f700a6e1",
            "messageTitle": "Checkstyle for ChangePasswordCommand done",
            "messageBody": "",
            "insertions": 2,
            "deletions": 1
          },
          {
            "hash": "e4658355195ecc82724001d32da0508a9afabed4",
            "messageTitle": "Change name of Undo expense command to UndoExpenseCommand",
            "messageBody": "",
            "insertions": 2,
            "deletions": 2
          }
        ]
      },
      {
        "insertions": 133,
        "deletions": 115,
        "date": "2019-11-07",
        "commitResults": [
          {
            "hash": "3608d4ae6b2133f494524edbefea7ab9b3cb4781",
            "messageTitle": "fixed number format exception and index out of bounds exception on Done command for tasks and Delete Expenses command",
            "messageBody": "",
            "insertions": 133,
            "deletions": 115
          }
        ]
      },
      {
        "insertions": 77,
        "deletions": 81,
        "date": "2019-11-08",
        "commitResults": [
          {
            "hash": "43f8acd04a1b03b096aaa3848310929eeff55113",
            "messageTitle": "Edited some checkstyle",
            "messageBody": "",
            "insertions": 77,
            "deletions": 81
          }
        ]
      },
      {
        "insertions": 2360,
        "deletions": 830,
        "date": "2019-11-09",
        "commitResults": [
          {
            "hash": "0e90bc5848501b156016878178a6b05510e651fa",
            "messageTitle": "added JUnit Tests for Expenses features",
            "messageBody": "",
            "insertions": 707,
            "deletions": 208
          },
          {
            "hash": "5ef5c5493742720b8ebb60568548455f544d7362",
            "messageTitle": "commented out specialization test",
            "messageBody": "",
            "insertions": 172,
            "deletions": 20
          },
          {
            "hash": "982cc5f75653f3bf68e18775d46a33765f8fcb4f",
            "messageTitle": "Added reposense labels",
            "messageBody": "",
            "insertions": 1480,
            "deletions": 601
          },
          {
            "hash": "4817cfb1438c002616194ee9526960b60984a2de",
            "messageTitle": "test expense undo command",
            "messageBody": "",
            "insertions": 1,
            "deletions": 1
          }
        ]
      },
      {
        "insertions": 1861,
        "deletions": 886,
        "date": "2019-11-10",
        "commitResults": [
          {
            "hash": "17029e85cf0c49f67ee0d5e04586544f66b84f5b",
            "messageTitle": "done categorylist test",
            "messageBody": "",
            "insertions": 174,
            "deletions": 115
          },
          {
            "hash": "7446f3b3145300cde0ce78ded78a9cf76ecdd88d",
            "messageTitle": "finished java docs and junit test",
            "messageBody": "",
            "insertions": 336,
            "deletions": 143
          },
          {
            "hash": "b61ee323d808527c817daf0cb023f1ea6d0316cf",
            "messageTitle": "parser changes",
            "messageBody": "",
            "insertions": 1029,
            "deletions": 468
          },
          {
            "hash": "b774c222221a7fa36276cf0978893dad660973f7",
            "messageTitle": "need to debug spec",
            "messageBody": "",
            "insertions": 322,
            "deletions": 160
          }
        ]
      },
      {
        "insertions": 2934,
        "deletions": 633,
        "date": "2019-11-11",
        "commitResults": [
          {
            "hash": "395df867f6872e32aa6e2bca4f9ca09d50a6ccc2",
            "messageTitle": "specialization storage",
            "messageBody": "",
            "insertions": 67,
            "deletions": 57
          },
          {
            "hash": "5f4ae0e9f4187dc14df6def43f3c3a4beeb43ca7",
            "messageTitle": "debugged specialization",
            "messageBody": "",
            "insertions": 105,
            "deletions": 196
          },
          {
            "hash": "b5e36b6bae83d69a4944ce2d6352658120001e8e",
            "messageTitle": "Small changes",
            "messageBody": "",
            "insertions": 52,
            "deletions": 20
          },
          {
            "hash": "25de25d7fea76190753757717b9be7257bdbabc2",
            "messageTitle": "small edit",
            "messageBody": "",
            "insertions": 2,
            "deletions": 2
          },
          {
            "hash": "73b1554799f43d7476a3938874ff24e5266ee0be",
            "messageTitle": "made specialization neater",
            "messageBody": "",
            "insertions": 139,
            "deletions": 75
          },
          {
            "hash": "2f6a82c0a58a4bca4ce7beac46d1eab3e7431471",
            "messageTitle": "checkstyle",
            "messageBody": "",
            "insertions": 4,
            "deletions": 0
          },
          {
            "hash": "27a3d5b115a711df56b66cf597a356c8c447049f",
            "messageTitle": "log commit",
            "messageBody": "",
            "insertions": 73,
            "deletions": 48
          },
          {
            "hash": "218e702ad50fcad39b7d7e23e64e23a874b75b5f",
            "messageTitle": "small edits on specialization",
            "messageBody": "",
            "insertions": 2,
            "deletions": 2
          },
          {
            "hash": "aef9c99448e9629ca46aeb87db6757a3cd77aee7",
            "messageTitle": "reposense labels or tests",
            "messageBody": "",
            "insertions": 4,
            "deletions": 4
          },
          {
            "hash": "24396ee32bd7758bd4df8d619495dab3881d6406",
            "messageTitle": "reposense labelling",
            "messageBody": "",
            "insertions": 64,
            "deletions": 98
          },
          {
            "hash": "6cdb0ed82b2f10b7d2da36eda34aedc29f27a80a",
            "messageTitle": "added showWelcomeMessage to Expense and Specialization parsers",
            "messageBody": "",
            "insertions": 108,
            "deletions": 22
          },
          {
            "hash": "4d28107f292283389c4775d1d7ffacf4423d9834",
            "messageTitle": "Fixed small bug in Specialization, and added expensestest package",
            "messageBody": "",
            "insertions": 2210,
            "deletions": 19
          },
          {
            "hash": "86fde0c7d445e0377498c81ce40b43eebdc92ee3",
            "messageTitle": "no message",
            "messageBody": "",
            "insertions": 25,
            "deletions": 85
          },
          {
            "hash": "910801900e67ef507fbd2fbb50bd1bea945fa29c",
            "messageTitle": "no message",
            "messageBody": "",
            "insertions": 74,
            "deletions": 0
          },
          {
            "hash": "1e5928347fd1b0eb6d840dbabf00aba0ddabb87a",
            "messageTitle": "Updated NoteDaily txt",
            "messageBody": "",
            "insertions": 1,
            "deletions": 2
          },
          {
            "hash": "08eaa46b9183440b9151d0f3f38467c2a78da2a1",
            "messageTitle": "fixed expense command parser test",
            "messageBody": "",
            "insertions": 4,
            "deletions": 3
          }
        ]
      }
    ],
    "JasonLeeWeiHern": [
      {
        "insertions": 132,
        "deletions": 2,
        "date": "2019-09-24",
        "commitResults": [
          {
            "hash": "901925d94e3877eebe1c11b0aedacd096d37724b",
            "messageTitle": "Recurring task for weekly, but yet complete",
            "messageBody": "",
            "insertions": 132,
            "deletions": 2
          }
        ]
      },
      {
        "insertions": 488,
        "deletions": 455,
        "date": "2019-09-25",
        "commitResults": [
          {
            "hash": "f9bc9a12cbac8fb4ef1c981cec2872e998068737",
            "messageTitle": "Finished with Recurring command. Made changes so that the user will be prompted again if he/she input an incorrect command and only exits when bye.",
            "messageBody": "",
            "insertions": 488,
            "deletions": 455
          }
        ]
      },
      {
        "insertions": 404,
        "deletions": 372,
        "date": "2019-09-27",
        "commitResults": [
          {
            "hash": "6d175134aacdf447a2de601fe3c7e0c748392051",
            "messageTitle": "changes",
            "messageBody": "",
            "insertions": 313,
            "deletions": 244
          },
          {
            "hash": "e5d4dec3964fbc32f34dc64adf56b8730a15cb0d",
            "messageTitle": "no message",
            "messageBody": "",
            "insertions": 3,
            "deletions": 1
          },
          {
            "hash": "1fc373bcb408bd25e9ebc8191910f45226350c4f",
            "messageTitle": "Made changes to Recurring tasks and DoAfter Command",
            "messageBody": "",
            "insertions": 88,
            "deletions": 127
          }
        ]
      },
      {
        "insertions": 147,
        "deletions": 80,
        "date": "2019-09-28",
        "commitResults": [
          {
            "hash": "e1a64ba21d15b421541be35cf30c8e20fd6f4189",
            "messageTitle": "Made changes to my DoAfter and Recurring Command(Change timing to local date format) Made changes to Junit testing for Doafter and fixduration, make them to a class itself.",
            "messageBody": "",
            "insertions": 147,
            "deletions": 80
          }
        ]
      },
      {
        "insertions": 223,
        "deletions": 97,
        "date": "2019-09-30",
        "commitResults": [
          {
            "hash": "d839fb8a86b4ab8a56821685aa732ecd1cb989e3",
            "messageTitle": "Created EditCommand and EditCommandTest",
            "messageBody": "",
            "insertions": 220,
            "deletions": 92
          },
          {
            "hash": "1a5e010c51be30d1d0b945caf3c585767d1f06bf",
            "messageTitle": "Made changes to EditCommandTest",
            "messageBody": "",
            "insertions": 3,
            "deletions": 5
          }
        ]
      },
      {
        "insertions": 71,
        "deletions": 40,
        "date": "2019-10-01",
        "commitResults": [
          {
            "hash": "a823a378d5cdf060cb5e67857b0567da080a947a",
            "messageTitle": "Done with EditCommandTest",
            "messageBody": "",
            "insertions": 19,
            "deletions": 18
          },
          {
            "hash": "5be6f2636811b2f4062f1169a5fcd91ff8acb274",
            "messageTitle": "some formatting and javadocs",
            "messageBody": "",
            "insertions": 52,
            "deletions": 22
          }
        ]
      },
      {
        "insertions": 3,
        "deletions": 1,
        "date": "2019-10-02",
        "commitResults": [
          {
            "hash": "0ebab0d764514c00dbb1178e5e594124a5d0e77d",
            "messageTitle": "Recurring task edited",
            "messageBody": "",
            "insertions": 3,
            "deletions": 1
          }
        ]
      },
      {
        "insertions": 120,
        "deletions": 30,
        "date": "2019-10-05",
        "commitResults": [
          {
            "hash": "0996982029dc1349001996b07895b86e5b18e1d7",
            "messageTitle": "Added a password system",
            "messageBody": "",
            "insertions": 120,
            "deletions": 30
          }
        ]
      },
      {
        "insertions": 34,
        "deletions": 33,
        "date": "2019-10-06",
        "commitResults": [
          {
            "hash": "18db3f326a221b3a9dc06bc6daaaf0a05af4197f",
            "messageTitle": "To Tag Edit Task",
            "messageBody": "",
            "insertions": 34,
            "deletions": 33
          }
        ]
      },
      {
        "insertions": 218,
        "deletions": 70,
        "date": "2019-10-07",
        "commitResults": [
          {
            "hash": "359f2ac1c1a50851db162a852741b188721a0252",
            "messageTitle": "Change parser to equals instead of contain",
            "messageBody": "",
            "insertions": 17,
            "deletions": 16
          },
          {
            "hash": "cfcc773c0d7c02d26b10002fe437c712cce41620",
            "messageTitle": "For pull req",
            "messageBody": "",
            "insertions": 201,
            "deletions": 54
          }
        ]
      },
      {
        "insertions": 244,
        "deletions": 54,
        "date": "2019-10-08",
        "commitResults": [
          {
            "hash": "32128d93d9e3bc7e0941d574e5b76317d6a92711",
            "messageTitle": "C-Update done",
            "messageBody": "",
            "insertions": 244,
            "deletions": 54
          }
        ]
      },
      {
        "insertions": 273,
        "deletions": 24,
        "date": "2019-10-09",
        "commitResults": [
          {
            "hash": "46be7567f01117dd4ebd033ec04a10cebc19367e",
            "messageTitle": "Contact Page",
            "messageBody": "",
            "insertions": 273,
            "deletions": 24
          }
        ]
      },
      {
        "insertions": 241,
        "deletions": 131,
        "date": "2019-10-14",
        "commitResults": [
          {
            "hash": "61355cef6d0602a1db6bbe9adc6d4515adca9f5b",
            "messageTitle": "Did JUnit testing for list/delete/add/find contacts command. Remove the saving part from delete/add and put into the main contactcommand. Did some java docs",
            "messageBody": "",
            "insertions": 139,
            "deletions": 93
          },
          {
            "hash": "27f1a653d15f295f5ad81c05aa2589e0ce24e7b6",
            "messageTitle": "Some merge conflicts",
            "messageBody": "",
            "insertions": 60,
            "deletions": 10
          },
          {
            "hash": "f66f004c4df2ec2856317d2d6903cc32ba6df35e",
            "messageTitle": "Did some java docs for contacts storage, finish with JUnit testing for contact command for Add/list/delete/list",
            "messageBody": "",
            "insertions": 42,
            "deletions": 28
          }
        ]
      },
      {
        "insertions": 1204,
        "deletions": 750,
        "date": "2019-10-17",
        "commitResults": [
          {
            "hash": "3deda607226486824957d1bf01cf7ea581019194",
            "messageTitle": "Edited some checkstyle errors",
            "messageBody": "",
            "insertions": 509,
            "deletions": 533
          },
          {
            "hash": "34346d5d7ca27547c5eb70958cf7511d6761b98a",
            "messageTitle": "MErge conflicts",
            "messageBody": "",
            "insertions": 576,
            "deletions": 89
          },
          {
            "hash": "a403350d689cc903276b0ea3df26ef07afe0b408",
            "messageTitle": "some erros",
            "messageBody": "",
            "insertions": 119,
            "deletions": 128
          }
        ]
      },
      {
        "insertions": 454,
        "deletions": 264,
        "date": "2019-10-19",
        "commitResults": [
          {
            "hash": "9e8347d58e9017c0ec54b35561668198a34dc1e4",
            "messageTitle": "Created a gpa calculator, all chunk into one list, will implement semester categories later.",
            "messageBody": "",
            "insertions": 259,
            "deletions": 142
          },
          {
            "hash": "2143598adf0a662abcfceddc929e2431bccf273d",
            "messageTitle": "Put all into a \"folder\" called tasks in command",
            "messageBody": "",
            "insertions": 194,
            "deletions": 117
          },
          {
            "hash": "f1ac7ac53bbb9864ef13aa03e87ac11a6307f888",
            "messageTitle": "Solve merge conflict",
            "messageBody": "",
            "insertions": 1,
            "deletions": 5
          }
        ]
      },
      {
        "insertions": 361,
        "deletions": 146,
        "date": "2019-10-20",
        "commitResults": [
          {
            "hash": "b7985cf11c97f15cc811d41463081b5e64e038a6",
            "messageTitle": "GPA calculator can view individual sem\u0027s cap. Can find the GPA modules by finding semNumber or moduleCode. Made password, change the way of decrypting the password. Changed the formatting of contact command",
            "messageBody": "",
            "insertions": 361,
            "deletions": 146
          }
        ]
      },
      {
        "insertions": 74,
        "deletions": 32,
        "date": "2019-10-21",
        "commitResults": [
          {
            "hash": "8fdd2377e2b691512fe8b776083c0329d9d91067",
            "messageTitle": "Changed the score to grade, so user can input grade instead of score.",
            "messageBody": "",
            "insertions": 74,
            "deletions": 32
          }
        ]
      },
      {
        "insertions": 28,
        "deletions": 29,
        "date": "2019-10-22",
        "commitResults": [
          {
            "hash": "e782b54cc5a0d1dfa98e4b56c8f2a6180517e0de",
            "messageTitle": "Made gpa,contact,tasks,places,expenses have the same UI commands.",
            "messageBody": "",
            "insertions": 28,
            "deletions": 29
          }
        ]
      },
      {
        "insertions": 2092,
        "deletions": 629,
        "date": "2019-10-23",
        "commitResults": [
          {
            "hash": "e5a3f79f151e31b3bff259d6affe3b0484cbd7f5",
            "messageTitle": "Finish with JUnit Testing of contacts and cap commands.",
            "messageBody": "",
            "insertions": 796,
            "deletions": 546
          },
          {
            "hash": "c70b87c0d9b38c53024599c811e0e94d9a3a8d86",
            "messageTitle": "Resolve some errors",
            "messageBody": "",
            "insertions": 1296,
            "deletions": 83
          }
        ]
      },
      {
        "insertions": 50,
        "deletions": 51,
        "date": "2019-10-24",
        "commitResults": [
          {
            "hash": "d7e34196cd976028acb7587f21faea74a880ba6a",
            "messageTitle": "Change format of class name",
            "messageBody": "",
            "insertions": 50,
            "deletions": 51
          }
        ]
      },
      {
        "insertions": 93,
        "deletions": 70,
        "date": "2019-10-26",
        "commitResults": [
          {
            "hash": "4c9d43122826d50f255b16a248c4721f47d6a4bd",
            "messageTitle": "Added some javadocs for Contact and CAP commands",
            "messageBody": "",
            "insertions": 93,
            "deletions": 70
          }
        ]
      },
      {
        "insertions": 955,
        "deletions": 332,
        "date": "2019-10-27",
        "commitResults": [
          {
            "hash": "fd3e98fbae445a5a6aa5e8c4f2d0ad80cbbed772",
            "messageTitle": "Did JUnit testing for all contacts and CAP cases.",
            "messageBody": "",
            "insertions": 30,
            "deletions": 98
          },
          {
            "hash": "8f1fa051f2ebf818aa2807736b9d1a910a817e17",
            "messageTitle": "JUnit testing for CAP and Contacts Command",
            "messageBody": "",
            "insertions": 925,
            "deletions": 234
          }
        ]
      },
      {
        "insertions": 254,
        "deletions": 145,
        "date": "2019-10-30",
        "commitResults": [
          {
            "hash": "e4d99043020ed96fbceb0d304512c69efbb0051f",
            "messageTitle": "Resolved some checkstyle errors",
            "messageBody": "",
            "insertions": 254,
            "deletions": 145
          }
        ]
      },
      {
        "insertions": 29,
        "deletions": 23,
        "date": "2019-10-31",
        "commitResults": [
          {
            "hash": "f31e500df4a8bd9e2e0ce1b43fa1c607d5ca9008",
            "messageTitle": "implemented checkstyle",
            "messageBody": "",
            "insertions": 29,
            "deletions": 23
          }
        ]
      },
      {
        "insertions": 54,
        "deletions": 37,
        "date": "2019-11-01",
        "commitResults": [
          {
            "hash": "4accf5304fb7da832405aef69d92ec3dd6bb0dcb",
            "messageTitle": "Added exception in cap - add and main",
            "messageBody": "",
            "insertions": 54,
            "deletions": 37
          }
        ]
      },
      {
        "insertions": 321,
        "deletions": 186,
        "date": "2019-11-03",
        "commitResults": [
          {
            "hash": "79ad041382e609d751c264d3d75c7dfe9eba5ef5",
            "messageTitle": "Easier access to commands and edited some JUNIT testing",
            "messageBody": "",
            "insertions": 321,
            "deletions": 186
          }
        ]
      },
      {
        "insertions": 665,
        "deletions": 538,
        "date": "2019-11-04",
        "commitResults": [
          {
            "hash": "1ce17b9675c43936c69d41f30c42d9f4e2d0eb23",
            "messageTitle": "Now can use the numbers to access the different commands and JUnit testing done",
            "messageBody": "",
            "insertions": 217,
            "deletions": 174
          },
          {
            "hash": "60f6dba8b3003a88aed182a584dedf98b9797fc6",
            "messageTitle": "Did some checkstyle changes",
            "messageBody": "",
            "insertions": 411,
            "deletions": 262
          },
          {
            "hash": "a825602164101251ce1fcbecd620d38a14d4ec79",
            "messageTitle": "Did some checkstyle corrections.",
            "messageBody": "",
            "insertions": 37,
            "deletions": 102
          }
        ]
      },
      {
        "insertions": 699,
        "deletions": 409,
        "date": "2019-11-05",
        "commitResults": [
          {
            "hash": "7463a237027e76dbbce79f61e879fce4676baafd",
            "messageTitle": "Change the help commands and settled some check style",
            "messageBody": "",
            "insertions": 142,
            "deletions": 78
          },
          {
            "hash": "49749043f0f0135678a260a1d2768c34c02ed9e1",
            "messageTitle": "Formatting lines",
            "messageBody": "",
            "insertions": 262,
            "deletions": 176
          },
          {
            "hash": "c3fa4c0a8a6da5223c2f565a3fbbdeeefca2bb69",
            "messageTitle": "Formating",
            "messageBody": "",
            "insertions": 21,
            "deletions": 12
          },
          {
            "hash": "fedb9ac8d4d47bc5c6e120e009cdb9c009f7bdd6",
            "messageTitle": "Handle exceptions for edit command and updated JUnit testing for it",
            "messageBody": "",
            "insertions": 274,
            "deletions": 143
          }
        ]
      },
      {
        "insertions": 51,
        "deletions": 39,
        "date": "2019-11-07",
        "commitResults": [
          {
            "hash": "3c974c92d53026f90648ee5861e6b0dd8f516584",
            "messageTitle": "Didd java docs",
            "messageBody": "",
            "insertions": 51,
            "deletions": 39
          }
        ]
      },
      {
        "insertions": 553,
        "deletions": 497,
        "date": "2019-11-09",
        "commitResults": [
          {
            "hash": "c6474ef0a2740f62016529d9ff8c8c7ddc7ff1c8",
            "messageTitle": "Created storage classes for CAP, contact and password",
            "messageBody": "",
            "insertions": 553,
            "deletions": 497
          }
        ]
      },
      {
        "insertions": 404,
        "deletions": 340,
        "date": "2019-11-10",
        "commitResults": [
          {
            "hash": "d2152f40fa1ed1f1322a2c7396f765e08ee3a880",
            "messageTitle": "Merge branch \u0027master\u0027 of https://github.com/AY1920S1-CS2113T-F10-4/main",
            "messageBody": "# Conflicts:\n#\tExpenses.txt\n#\tSave.txt\n#\tStudy_Plan.txt\n#\tTrivia.txt\n#\tmodules.txt\n#\tsrc/main/java/gazeeebo/commands/contact/AddContactCommand.java\n#\tsrc/main/java/gazeeebo/parser/ChangePasswordCommandParser.java\n#\tsrc/main/java/gazeeebo/parser/ContactCommandParser.java\n#\tsrc/main/java/gazeeebo/parser/ParserManager.java\n#\tsrc/main/java/gazeeebo/storage/Storage.java\n#\tsrc/test/java/contactCommandTest/DeleteContactCommandTest.java\n#\tsrc/test/java/contactCommandTest/FindContactsCommandTest.java\n",
            "insertions": 8,
            "deletions": 19
          },
          {
            "hash": "bbb7dfda6f0a92cb5b0e4fe813fc8e178a66be05",
            "messageTitle": "doc for commandstack",
            "messageBody": "",
            "insertions": 6,
            "deletions": 6
          },
          {
            "hash": "5a6914a1c30c0053beb7a7d55a08072a5a7a01aa",
            "messageTitle": "put naming",
            "messageBody": "",
            "insertions": 4,
            "deletions": 0
          },
          {
            "hash": "9775f73ace524e8c4f122bc7134a594b6df1e1b7",
            "messageTitle": "added change password to the main page",
            "messageBody": "",
            "insertions": 130,
            "deletions": 102
          },
          {
            "hash": "eab577cbb7cf532caad44d999816df725dc5464e",
            "messageTitle": "Change CAP... files to Cap files.",
            "messageBody": "",
            "insertions": 232,
            "deletions": 207
          },
          {
            "hash": "d0345b9031f9b5fe7cbf46cb555dec0e7f08f3eb",
            "messageTitle": "changes to help page",
            "messageBody": "",
            "insertions": 24,
            "deletions": 6
          }
        ]
      },
      {
        "insertions": 5410,
        "deletions": 1823,
        "date": "2019-11-11",
        "commitResults": [
          {
            "hash": "88a7723d593f6e0de1a959e02ad128632b3d418b",
            "messageTitle": "Some checkstyle",
            "messageBody": "",
            "insertions": 172,
            "deletions": 186
          },
          {
            "hash": "502b69c42f642d94303e2385d4ca99d5e0f804c4",
            "messageTitle": "Solve merge conflict",
            "messageBody": "",
            "insertions": 1297,
            "deletions": 590
          },
          {
            "hash": "c0590485a5480b9369beff60dafc37c4e9ce92f3",
            "messageTitle": "change back list format",
            "messageBody": "",
            "insertions": 20,
            "deletions": 18
          },
          {
            "hash": "131982a9e835eb5dd7c1563fdb7256c166b3734f",
            "messageTitle": "Add logger",
            "messageBody": "",
            "insertions": 5,
            "deletions": 2
          },
          {
            "hash": "8cf757fe6bbcf657799a630d5fea72f31e364fe6",
            "messageTitle": "Solve some checkstyle errors",
            "messageBody": "",
            "insertions": 28,
            "deletions": 31
          },
          {
            "hash": "7060da3ea5ee12fda2eedb3514c337952b6a83ee",
            "messageTitle": "checkstyle",
            "messageBody": "",
            "insertions": 1491,
            "deletions": 371
          },
          {
            "hash": "abe193ee4f67dd4c18d7c249a2da9340171bb412",
            "messageTitle": "checkstyle",
            "messageBody": "",
            "insertions": 26,
            "deletions": 26
          },
          {
            "hash": "36c27c3f1d04d559bd61c9cef15f70c7fe798672",
            "messageTitle": "error in txt file",
            "messageBody": "",
            "insertions": 10,
            "deletions": 6
          },
          {
            "hash": "fd4d2a71b30ff687aaecff8e3591c3c62534f284",
            "messageTitle": "Added boundary for add feature in cap",
            "messageBody": "",
            "insertions": 25,
            "deletions": 12
          },
          {
            "hash": "f84b4e317003cd2108529248c2d676ea4e000f14",
            "messageTitle": "change findcapcommand",
            "messageBody": "",
            "insertions": 1,
            "deletions": 1
          },
          {
            "hash": "8e928f9680a9ed15f8d6bb13575f4474e0184c02",
            "messageTitle": "catch error in edit command",
            "messageBody": "",
            "insertions": 20,
            "deletions": 16
          },
          {
            "hash": "9df84034be6e0f013b14ef21c16d66a8e4fb3fee",
            "messageTitle": "catch error in edit command",
            "messageBody": "",
            "insertions": 891,
            "deletions": 34
          },
          {
            "hash": "cc715b028507924396a06f56f6db4577e729eb61",
            "messageTitle": "Catch more erros in edit command",
            "messageBody": "",
            "insertions": 3,
            "deletions": 1
          },
          {
            "hash": "e80b974dcb8476a23057122c784414c412aec20f",
            "messageTitle": "Pull changes",
            "messageBody": "",
            "insertions": 1244,
            "deletions": 51
          },
          {
            "hash": "59b16d953aa546aa08cb80aaf962a1c815092178",
            "messageTitle": "deletemodulecommand",
            "messageBody": "",
            "insertions": 1,
            "deletions": 0
          },
          {
            "hash": "662fa85efb9181cf199e0abd6c7ab06d8d46e74b",
            "messageTitle": "weird changes",
            "messageBody": "",
            "insertions": 164,
            "deletions": 226
          },
          {
            "hash": "492d0b94344df1900b5583d14b6925f16c952ead",
            "messageTitle": "merge",
            "messageBody": "",
            "insertions": 11,
            "deletions": 251
          },
          {
            "hash": "249aac9a58b54138e8ff2686f105b71c6b8bf4a6",
            "messageTitle": "Edit command error solve",
            "messageBody": "",
            "insertions": 1,
            "deletions": 1
          }
        ]
      }
    ],
    "mononokehime14": [
      {
        "insertions": 30,
        "deletions": 12,
        "date": "2019-09-24",
        "commitResults": [
          {
            "hash": "dcc61f239249602022a33ac15e8390637c904e2a",
            "messageTitle": "Edit for EventEndTime",
            "messageBody": "",
            "insertions": 30,
            "deletions": 12
          }
        ]
      },
      {
        "insertions": 17,
        "deletions": 13,
        "date": "2019-09-25",
        "commitResults": [
          {
            "hash": "12f25d976c520aec550784852634624f79c6abb5",
            "messageTitle": "Edit input line of snooze command and reschedule command",
            "messageBody": "",
            "insertions": 17,
            "deletions": 13
          }
        ]
      },
      {
        "insertions": 168,
        "deletions": 166,
        "date": "2019-10-01",
        "commitResults": [
          {
            "hash": "b89e6111bfdec72940991fa09109802e3942aa6b",
            "messageTitle": "Minor changes on tentativeEvent toString method",
            "messageBody": "",
            "insertions": 8,
            "deletions": 0
          },
          {
            "hash": "791eb44ea6cdcab204be68d685c0393e9acd3f6b",
            "messageTitle": "Change Snooze, Reschedule and Tentative for new Deadline; Fix bugs in reschedule and snooze j-unit testing; Now tentative task can be store and later be read from txt file; Add some exceptions in tantative command class;",
            "messageBody": "",
            "insertions": 160,
            "deletions": 166
          }
        ]
      },
      {
        "insertions": 171,
        "deletions": 47,
        "date": "2019-10-09",
        "commitResults": [
          {
            "hash": "f7f6ef934f6129de3452319616b0b3012523fcd0",
            "messageTitle": "Show today\u0027s date when open Gazeebo",
            "messageBody": "",
            "insertions": 5,
            "deletions": 0
          },
          {
            "hash": "e2eef0682c4693e635dbf1bf9ecead11de5e23be",
            "messageTitle": "Add sort by name/date; Add showProgressiveBar in UI; Add showToday\u0027s date when open Gazeebo;",
            "messageBody": "",
            "insertions": 160,
            "deletions": 0
          },
          {
            "hash": "6bb422913ea3f1ab4b85d3a55b25388538bf3868",
            "messageTitle": "Delete unsophisticated sort by date;",
            "messageBody": "",
            "insertions": 6,
            "deletions": 47
          }
        ]
      },
      {
        "insertions": 4,
        "deletions": 33,
        "date": "2019-10-15",
        "commitResults": [
          {
            "hash": "957c387175a73ec1ce198c86ab7202fa03d2975a",
            "messageTitle": "solve  merge conflict",
            "messageBody": "",
            "insertions": 4,
            "deletions": 33
          }
        ]
      },
      {
        "insertions": 267,
        "deletions": 93,
        "date": "2019-10-16",
        "commitResults": [
          {
            "hash": "5d479667a714f6232d069a6313742a5f1e4822e9",
            "messageTitle": "Add trivia function, it only act as a input suggester now.",
            "messageBody": "",
            "insertions": 267,
            "deletions": 93
          }
        ]
      },
      {
        "insertions": 90,
        "deletions": 7,
        "date": "2019-10-17",
        "commitResults": [
          {
            "hash": "7c1d7573f98cef5892bc5293b75332f57664ded3",
            "messageTitle": "Sort by priority partially done",
            "messageBody": "",
            "insertions": 90,
            "deletions": 7
          }
        ]
      },
      {
        "insertions": 112,
        "deletions": 42,
        "date": "2019-10-20",
        "commitResults": [
          {
            "hash": "7ced4db6af848f985408b56d03a68d4906e45991",
            "messageTitle": "Sort by date, name and priority",
            "messageBody": "",
            "insertions": 19,
            "deletions": 41
          },
          {
            "hash": "eb6149c7361d862bfcf0a339645e680fa8f0aa6b",
            "messageTitle": "partially done studyplanner",
            "messageBody": "",
            "insertions": 93,
            "deletions": 1
          }
        ]
      },
      {
        "insertions": 300,
        "deletions": 56,
        "date": "2019-10-22",
        "commitResults": [
          {
            "hash": "b3e8c7f787192c6b554d2b0f3dc9463ded5a9d92",
            "messageTitle": "Partially done 4 year study plan",
            "messageBody": "",
            "insertions": 220,
            "deletions": 31
          },
          {
            "hash": "e211b9e30b5aef0a00d25f5ee1a589c1a0cbc8ba",
            "messageTitle": "Module Planner sessionally done.",
            "messageBody": "",
            "insertions": 80,
            "deletions": 25
          }
        ]
      },
      {
        "insertions": 46,
        "deletions": 35,
        "date": "2019-10-24",
        "commitResults": [
          {
            "hash": "6b4421cef52f021c6fa8b925ad52a2370663d2ae",
            "messageTitle": "Solve duplicate bug in trivia.txt; temporarily cover up sort by date error \u003d \u003d;",
            "messageBody": "",
            "insertions": 46,
            "deletions": 35
          }
        ]
      },
      {
        "insertions": 316,
        "deletions": 246,
        "date": "2019-10-28",
        "commitResults": [
          {
            "hash": "5032d0305f143c11f6a92568fb07619ccc58fa09",
            "messageTitle": "merging",
            "messageBody": "",
            "insertions": 247,
            "deletions": 245
          },
          {
            "hash": "4a474c8461f046ed56a463958a926076d780113e",
            "messageTitle": "Partially done prerequisite;",
            "messageBody": "",
            "insertions": 69,
            "deletions": 1
          }
        ]
      },
      {
        "insertions": 11,
        "deletions": 9,
        "date": "2019-10-29",
        "commitResults": [
          {
            "hash": "3a430d1302232375cacaf9b31266c52f0c716746",
            "messageTitle": "Partially finish Prerequisite feature",
            "messageBody": "",
            "insertions": 11,
            "deletions": 9
          }
        ]
      },
      {
        "insertions": 8,
        "deletions": 9,
        "date": "2019-11-01",
        "commitResults": [
          {
            "hash": "a56fa792fb97d2a95db67867ace46db31fb1cbb8",
            "messageTitle": "Minor change",
            "messageBody": "",
            "insertions": 4,
            "deletions": 5
          },
          {
            "hash": "658065e0a259f111e17ae4858f1e46b717fda507",
            "messageTitle": "did not solve write problem",
            "messageBody": "",
            "insertions": 4,
            "deletions": 4
          }
        ]
      },
      {
        "insertions": 265,
        "deletions": 45,
        "date": "2019-11-07",
        "commitResults": [
          {
            "hash": "7b4ef51484bd5d3f598aea1459fe6b17404a280d",
            "messageTitle": "add MainContactsCommandTest.java manully",
            "messageBody": "",
            "insertions": 77,
            "deletions": 0
          },
          {
            "hash": "f6b731c6e6f914964bb08666a785b3daf45388d5",
            "messageTitle": "Change back to exactly the same(change low case c to upper case C in mainContactsCommandTest",
            "messageBody": "",
            "insertions": 1,
            "deletions": 1
          },
          {
            "hash": "bbe4d79ca782c01d2863d973092ec0533ae01958",
            "messageTitle": "Solve bugs from peer review last Friday, close some issues",
            "messageBody": "",
            "insertions": 89,
            "deletions": 44
          },
          {
            "hash": "3d81092dae6d559a96d7199330431f582625ac6c",
            "messageTitle": "Done java doc for studyassist package",
            "messageBody": "",
            "insertions": 98,
            "deletions": 0
          }
        ]
      },
      {
        "insertions": 10,
        "deletions": 4,
        "date": "2019-11-08",
        "commitResults": [
          {
            "hash": "a5fca0e4531ba0262bb5d12f5202531f3a7fae8b",
            "messageTitle": "Solving Trivia bugs",
            "messageBody": "",
            "insertions": 10,
            "deletions": 4
          }
        ]
      },
      {
        "insertions": 525,
        "deletions": 15,
        "date": "2019-11-10",
        "commitResults": [
          {
            "hash": "72f49a8897ac73ccaac8513ff3191b6d5fe5e744",
            "messageTitle": "J-unit testing for studyassist done",
            "messageBody": "",
            "insertions": 525,
            "deletions": 15
          }
        ]
      },
      {
        "insertions": 1217,
        "deletions": 784,
        "date": "2019-11-11",
        "commitResults": [
          {
            "hash": "01a18855741d28abc1e47bf7b9401b49bdbb555d",
            "messageTitle": "checkstyling",
            "messageBody": "",
            "insertions": 604,
            "deletions": 379
          },
          {
            "hash": "b246952b5c7ba18cc32ab8cd327f5c42763bb606",
            "messageTitle": "checkstyling 2.0",
            "messageBody": "",
            "insertions": 350,
            "deletions": 240
          },
          {
            "hash": "699f864d06165d6698119953a041e5ac9b5bf38b",
            "messageTitle": "Check Styling 3.0",
            "messageBody": "",
            "insertions": 2,
            "deletions": 1
          },
          {
            "hash": "5c0da5c38090ed33439e4ed1cce14409fb7f4b6f",
            "messageTitle": "checkstyle.....",
            "messageBody": "",
            "insertions": 224,
            "deletions": 145
          },
          {
            "hash": "56acac69eb66338b115a8bf50cdafe12dae959c1",
            "messageTitle": "minor",
            "messageBody": "",
            "insertions": 37,
            "deletions": 19
          }
        ]
      }
    ],
    "e0309463": [
      {
        "insertions": 4,
        "deletions": 2,
        "date": "2019-10-06",
        "commitResults": [
          {
            "hash": "10de33ff791f4e0b181737843edc591b28759c52",
            "messageTitle": "changes to upcoming tasks",
            "messageBody": "",
            "insertions": 4,
            "deletions": 2
          }
        ]
      },
      {
        "insertions": 421,
        "deletions": 169,
        "date": "2019-10-08",
        "commitResults": [
          {
            "hash": "1839a88f680033fe556b3aa4931777f48279aa96",
            "messageTitle": "undo command",
            "messageBody": "",
            "insertions": 381,
            "deletions": 132
          },
          {
            "hash": "e4b8bfc7a546288deac81b93b5b5d4b6fdeeb860",
            "messageTitle": "undo command",
            "messageBody": "",
            "insertions": 40,
            "deletions": 37
          }
        ]
      },
      {
        "insertions": 1244,
        "deletions": 121,
        "date": "2019-10-09",
        "commitResults": [
          {
            "hash": "62f752da4b7e527411efc2a1799e77d0b9b4a955",
            "messageTitle": "merge conflict",
            "messageBody": "",
            "insertions": 540,
            "deletions": 34
          },
          {
            "hash": "996bac5f47fd5a5593755223fe55e08415486a75",
            "messageTitle": "Test debug",
            "messageBody": "",
            "insertions": 37,
            "deletions": 39
          },
          {
            "hash": "1681ec1fddd8f1042e26c5eb052134b081b3f594",
            "messageTitle": "UnodCommandTest",
            "messageBody": "",
            "insertions": 50,
            "deletions": 0
          },
          {
            "hash": "cde6eb5f4a21be8b703fa7c267ceeda09f39b69b",
            "messageTitle": "Merge D-Contacts",
            "messageBody": "",
            "insertions": 607,
            "deletions": 38
          },
          {
            "hash": "b44fcd068fc1ad4261d052f7c8928e23aec7ae09",
            "messageTitle": "Junit Testing debug",
            "messageBody": "",
            "insertions": 10,
            "deletions": 10
          }
        ]
      },
      {
        "insertions": 332,
        "deletions": 366,
        "date": "2019-10-13",
        "commitResults": [
          {
            "hash": "3def05dfa8b24303a934e72b97ec9854482b3c73",
            "messageTitle": "Reorder Files",
            "messageBody": "",
            "insertions": 332,
            "deletions": 366
          }
        ]
      },
      {
        "insertions": 194,
        "deletions": 40,
        "date": "2019-10-15",
        "commitResults": [
          {
            "hash": "019bd2cac3c464bd6e7d1b3df0e2092ddfdb2690",
            "messageTitle": "D - Places",
            "messageBody": "",
            "insertions": 193,
            "deletions": 6
          },
          {
            "hash": "809dec15094f9f21f8aee0037c04c3d7cd7eff0f",
            "messageTitle": "Parser debug",
            "messageBody": "",
            "insertions": 1,
            "deletions": 34
          }
        ]
      },
      {
        "insertions": 99,
        "deletions": 107,
        "date": "2019-10-17",
        "commitResults": [
          {
            "hash": "a358cf5aa0d39e22f517b26f484bf9857700cf08",
            "messageTitle": "Checkstyle debug",
            "messageBody": "",
            "insertions": 95,
            "deletions": 107
          },
          {
            "hash": "8fbf4676eb42e093e262a00659b9b658ba7ca81b",
            "messageTitle": "places Test",
            "messageBody": "",
            "insertions": 4,
            "deletions": 0
          }
        ]
      },
      {
        "insertions": 39,
        "deletions": 79,
        "date": "2019-10-18",
        "commitResults": [
          {
            "hash": "842b143001d905ef49d62b14965af9e448f8f349",
            "messageTitle": "Places command test",
            "messageBody": "",
            "insertions": 2,
            "deletions": 42
          },
          {
            "hash": "1c4c96dde0398e8ba58598e603d3d59e0ad84a97",
            "messageTitle": "places test debug",
            "messageBody": "",
            "insertions": 37,
            "deletions": 37
          }
        ]
      },
      {
        "insertions": 1526,
        "deletions": 170,
        "date": "2019-10-23",
        "commitResults": [
          {
            "hash": "d8fc739d8d6aef266b458e266e3d079022cd2ce8",
            "messageTitle": "Calendar Monthly View",
            "messageBody": "",
            "insertions": 146,
            "deletions": 11
          },
          {
            "hash": "94fb7c696f6c08a6fa0b3863ec3bc90ac81e7f4a",
            "messageTitle": "merge conflict",
            "messageBody": "",
            "insertions": 345,
            "deletions": 131
          },
          {
            "hash": "5e835fa6ab08659c038ee0942ba461627d3cf99f",
            "messageTitle": "commit untracked files",
            "messageBody": "",
            "insertions": 945,
            "deletions": 0
          },
          {
            "hash": "78547cd39826cb2dfd8cae39dac53c68adc3a19d",
            "messageTitle": "CalendarMonthlyViewTest",
            "messageBody": "",
            "insertions": 72,
            "deletions": 10
          },
          {
            "hash": "74ad06f80fce56b2eead546ee1a4229048a1125d",
            "messageTitle": "Change calendar view current date",
            "messageBody": "",
            "insertions": 18,
            "deletions": 18
          }
        ]
      },
      {
        "insertions": 232,
        "deletions": 37,
        "date": "2019-10-24",
        "commitResults": [
          {
            "hash": "1834c7d89a9ba82685923a1f925100b40aedbb66",
            "messageTitle": "commit",
            "messageBody": "",
            "insertions": 232,
            "deletions": 37
          }
        ]
      },
      {
        "insertions": 37,
        "deletions": 29,
        "date": "2019-10-27",
        "commitResults": [
          {
            "hash": "acb2b406dedfee0e1ba51431e49fad9ad54595ac",
            "messageTitle": "naming changes",
            "messageBody": "",
            "insertions": 37,
            "deletions": 29
          }
        ]
      },
      {
        "insertions": 229,
        "deletions": 400,
        "date": "2019-10-29",
        "commitResults": [
          {
            "hash": "a453856a4f3bbfddf7a0d289f1f44664b5425f04",
            "messageTitle": "Refactor code",
            "messageBody": "",
            "insertions": 68,
            "deletions": 56
          },
          {
            "hash": "324321250bba860f85103ad6114b3c192ad67d10",
            "messageTitle": "Modify undo command",
            "messageBody": "",
            "insertions": 161,
            "deletions": 344
          }
        ]
      },
      {
        "insertions": 155,
        "deletions": 19,
        "date": "2019-10-31",
        "commitResults": [
          {
            "hash": "9decf6c4bea9efa8ce3059c585342a06c30d9e53",
            "messageTitle": "modified UndoTaskCommand and implement UndoPlaces",
            "messageBody": "",
            "insertions": 155,
            "deletions": 19
          }
        ]
      },
      {
        "insertions": 201,
        "deletions": 146,
        "date": "2019-11-01",
        "commitResults": [
          {
            "hash": "70bebc522e349f5f6766d8d8bcc86de352ed3e04",
            "messageTitle": "PPP update",
            "messageBody": "",
            "insertions": 100,
            "deletions": 87
          },
          {
            "hash": "7b24157bc9f485c13ebbee8ad2dcbe47ca9df305",
            "messageTitle": "modify storage to create .jar file",
            "messageBody": "",
            "insertions": 81,
            "deletions": 47
          },
          {
            "hash": "b8a039feeb2cb0acdd6efab4be15ef985dc55331",
            "messageTitle": "modify NoteStorage for jar release",
            "messageBody": "",
            "insertions": 20,
            "deletions": 12
          }
        ]
      },
      {
        "insertions": 293,
        "deletions": 222,
        "date": "2019-11-03",
        "commitResults": [
          {
            "hash": "7e583e01a8fc0efa5adacbe7973b17f0cec2f0fb",
            "messageTitle": "Checkstyle debug",
            "messageBody": "",
            "insertions": 195,
            "deletions": 167
          },
          {
            "hash": "4aad1c95e28b80b5aad1bc5911613a01459b11a8",
            "messageTitle": "undo function for expenses",
            "messageBody": "",
            "insertions": 57,
            "deletions": 53
          },
          {
            "hash": "c4310fafcf0c73338330488c2f05f9484bd03cbb",
            "messageTitle": "expenses undo command",
            "messageBody": "",
            "insertions": 41,
            "deletions": 2
          }
        ]
      },
      {
        "insertions": 39,
        "deletions": 1,
        "date": "2019-11-04",
        "commitResults": [
          {
            "hash": "dc6f4fc0eaac4f72ad1eb8ee06002e3c6d111f71",
            "messageTitle": "update PPP and DG.adoc",
            "messageBody": "",
            "insertions": 39,
            "deletions": 1
          }
        ]
      },
      {
        "insertions": 77,
        "deletions": 18,
        "date": "2019-11-06",
        "commitResults": [
          {
            "hash": "2aa9a1fba926a17e65369225222acf6865cae38b",
            "messageTitle": "Undo Moduleplanner",
            "messageBody": "",
            "insertions": 77,
            "deletions": 18
          }
        ]
      },
      {
        "insertions": 987,
        "deletions": 809,
        "date": "2019-11-07",
        "commitResults": [
          {
            "hash": "ada3c7d625bd32bdb85fb34befca3e0436e9e6b7",
            "messageTitle": "Refactor parser commands,Junit for places",
            "messageBody": "",
            "insertions": 987,
            "deletions": 809
          }
        ]
      },
      {
        "insertions": 43,
        "deletions": 42,
        "date": "2019-11-08",
        "commitResults": [
          {
            "hash": "46cffee0b5793d381d34f4c77e1c7d84fa3af941",
            "messageTitle": "rename parser package",
            "messageBody": "",
            "insertions": 43,
            "deletions": 42
          }
        ]
      },
      {
        "insertions": 134,
        "deletions": 124,
        "date": "2019-11-09",
        "commitResults": [
          {
            "hash": "2b8769c6d13dc2a2d208973eb880270871b111aa",
            "messageTitle": "modified Junit test and deletecommand",
            "messageBody": "",
            "insertions": 134,
            "deletions": 124
          }
        ]
      },
      {
        "insertions": 667,
        "deletions": 487,
        "date": "2019-11-10",
        "commitResults": [
          {
            "hash": "13b04e8cccc54d752d198b8cf5da3da7f476e5c3",
            "messageTitle": "JavaDoc and Remove magic strings",
            "messageBody": "",
            "insertions": 166,
            "deletions": 136
          },
          {
            "hash": "2b6cd24eaa308422aa1ac43b2a71ff0ad7c2739d",
            "messageTitle": "logging",
            "messageBody": "",
            "insertions": 28,
            "deletions": 12
          },
          {
            "hash": "7b611d191715497f853b5aafce1f0b04144fb041",
            "messageTitle": "checkstyle",
            "messageBody": "",
            "insertions": 193,
            "deletions": 134
          },
          {
            "hash": "0dae98fe8a80c1738afd2ce3e42f08882e6b707a",
            "messageTitle": "Change PlacesPageStorage",
            "messageBody": "",
            "insertions": 280,
            "deletions": 205
          }
        ]
      },
      {
        "insertions": 2189,
        "deletions": 1511,
        "date": "2019-11-11",
        "commitResults": [
          {
            "hash": "526d9d1e563207f8c2e68c666ec77c33de6fd333",
            "messageTitle": "Error handling for places",
            "messageBody": "",
            "insertions": 72,
            "deletions": 47
          },
          {
            "hash": "4ef85a64e30a5291fb0a2ff94c0428734b29ed2f",
            "messageTitle": "checkstyle",
            "messageBody": "",
            "insertions": 55,
            "deletions": 40
          },
          {
            "hash": "c2544bfe8498ec400724e19f5901c2a8de01e32e",
            "messageTitle": "checkstyle",
            "messageBody": "",
            "insertions": 25,
            "deletions": 10
          },
          {
            "hash": "477748d420ca8d20591596014467def937063ff8",
            "messageTitle": "checkstyle and junit checkstyle",
            "messageBody": "",
            "insertions": 70,
            "deletions": 1166
          },
          {
            "hash": "aa6525a7343bb09a02d6a234655bec02981e2d5e",
            "messageTitle": "refactor",
            "messageBody": "",
            "insertions": 1038,
            "deletions": 0
          },
          {
            "hash": "a5260469e4d442d592f635bd3dd91614dfa6c666",
            "messageTitle": "Junit test",
            "messageBody": "",
            "insertions": 525,
            "deletions": 44
          },
          {
            "hash": "6f32f91e8b4f6328fcc47c13f6596ccbcc222a9c",
            "messageTitle": "Junit for undo places and find places",
            "messageBody": "",
            "insertions": 153,
            "deletions": 37
          },
          {
            "hash": "e857304e67d24d4f7bae053c29ce4daf711682e3",
            "messageTitle": "edit undocommand",
            "messageBody": "",
            "insertions": 39,
            "deletions": 12
          },
          {
            "hash": "5618fc82928e6b53d55a756e21b468262bb6693a",
            "messageTitle": "edit testing and PPP",
            "messageBody": "",
            "insertions": 80,
            "deletions": 34
          },
          {
            "hash": "d972c8af135030eb27bea600be5cf27591db4987",
            "messageTitle": "checkstyle",
            "messageBody": "",
            "insertions": 120,
            "deletions": 114
          },
          {
            "hash": "c6785c32e23e0dbb320f0875b83e6ae47963b5ac",
            "messageTitle": "refactor places test",
            "messageBody": "",
            "insertions": 12,
            "deletions": 7
          }
        ]
      }
    ],
    "yueyuu": [
      {
        "insertions": 98,
        "deletions": 111,
        "date": "2019-09-24",
        "commitResults": [
          {
            "hash": "2515fc7fde41e79f139dd31f031793ab6ec24838",
            "messageTitle": "Add ending time for event task",
            "messageBody": "- add back B-DetectAnomalies as it got accidentally deleted\n- changed event Date object to LocalDate/Time object\n",
            "insertions": 94,
            "deletions": 107
          },
          {
            "hash": "54b2ce1557e2d1c53e03c6593131f45e3ead9a24",
            "messageTitle": "Fix event parsing issues",
            "messageBody": "- end time was added to event class which caused issues in other commands\n",
            "insertions": 4,
            "deletions": 4
          }
        ]
      },
      {
        "insertions": 138,
        "deletions": 315,
        "date": "2019-09-27",
        "commitResults": [
          {
            "hash": "b05939d65ad311c5bb01888a1970ac289cd2fffd",
            "messageTitle": "Change Deadline class:\u0027by\u0027 attribute from Date to LocalDateTime",
            "messageBody": "",
            "insertions": 74,
            "deletions": 155
          },
          {
            "hash": "710b2e4c1912c4411b9ca69bb8a80c5140548ffa",
            "messageTitle": "Add JavaDocs \u0026 remove some redundant lines",
            "messageBody": "",
            "insertions": 64,
            "deletions": 160
          }
        ]
      },
      {
        "insertions": 57,
        "deletions": 9,
        "date": "2019-09-29",
        "commitResults": [
          {
            "hash": "59d8c79652d04ad0442ce8d68746ecf8fa3d59d6",
            "messageTitle": "Update EventCommandTest",
            "messageBody": "- added more tests\n- updated the tests to match the update of the event class timing format\n",
            "insertions": 57,
            "deletions": 9
          }
        ]
      },
      {
        "insertions": 251,
        "deletions": 21,
        "date": "2019-10-06",
        "commitResults": [
          {
            "hash": "ef804dc8b8ceace341c5cf0a96d17a7393b96495",
            "messageTitle": "Add ScheduleCommandWeekly command",
            "messageBody": "- still a work in progress\n",
            "insertions": 109,
            "deletions": 0
          },
          {
            "hash": "ea8f97b981052512f286801498606272e3e2079b",
            "messageTitle": "Rename ScheduleCommandWeekly to ScheduleWeeklyCommand",
            "messageBody": "- solved a bug in ScheduleWeeklyCommand\n- updated the format of the event date that is printed out\n",
            "insertions": 23,
            "deletions": 12
          },
          {
            "hash": "5557120327289b9ad83d810b91e44bbd0f78fc86",
            "messageTitle": "Rename ScheduleCommand to ScheduleDailyCommand",
            "messageBody": "- updated ScheduleDailyCommand to include Timebound tasks\n",
            "insertions": 27,
            "deletions": 8
          },
          {
            "hash": "1ed5ccaaeebcba568159cc5175a0c6687a7c7436",
            "messageTitle": "Add ScheduleMonthlyCommand",
            "messageBody": "",
            "insertions": 92,
            "deletions": 1
          }
        ]
      },
      {
        "insertions": 42,
        "deletions": 71,
        "date": "2019-10-07",
        "commitResults": [
          {
            "hash": "9d95a7146d548e0bb32cff85caf1d127bdfc5955",
            "messageTitle": "Improve some code quality",
            "messageBody": "",
            "insertions": 42,
            "deletions": 71
          }
        ]
      },
      {
        "insertions": 228,
        "deletions": 105,
        "date": "2019-10-08",
        "commitResults": [
          {
            "hash": "0a5ccc63736bfdadc8e1f520d23ebcddf9c17774",
            "messageTitle": "Update JavaDoc for ScheduleDaily/Weekly/MonthlyCommand",
            "messageBody": "- trim() the user input for better reliability\n",
            "insertions": 6,
            "deletions": 6
          },
          {
            "hash": "d1ba66e12b9289a5d60548601b224c325bc53a15",
            "messageTitle": "Add NoteDaily class",
            "messageBody": "",
            "insertions": 16,
            "deletions": 0
          },
          {
            "hash": "0ad32061bd449da5c35792a05d2e1733945c1f07",
            "messageTitle": "Change name of Exception package to exception",
            "messageBody": "- to improve code quality\n",
            "insertions": 27,
            "deletions": 50
          },
          {
            "hash": "0fd9c0d9041c0fae65c4c0e643e2b45203b566b9",
            "messageTitle": "Add some comments for Note class",
            "messageBody": "",
            "insertions": 7,
            "deletions": 2
          },
          {
            "hash": "2b5ae4a8ae12867c48951ad87a8fcad44e552721",
            "messageTitle": "Add AddNoteCommand \u0026 NoteDaily/Weekly/Monthly.txt \u0026 NoteList",
            "messageBody": "",
            "insertions": 136,
            "deletions": 22
          },
          {
            "hash": "1e54370e8103c3762763bcc2151f0624519838a4",
            "messageTitle": "Abstract out processCommand() \u0026 improve error handling",
            "messageBody": "- used DukeException\n",
            "insertions": 36,
            "deletions": 25
          }
        ]
      },
      {
        "insertions": 290,
        "deletions": 57,
        "date": "2019-10-09",
        "commitResults": [
          {
            "hash": "d91c1e9d79d20d66dd7274e8fc2ebc9dfc963e94",
            "messageTitle": "Add EditNoteCommand",
            "messageBody": "- improved AddNoteCommand\n",
            "insertions": 112,
            "deletions": 32
          },
          {
            "hash": "cce03eb6e025d61dd23d198634529c2972fe9e70",
            "messageTitle": "Add DeleteNoteCommand",
            "messageBody": "",
            "insertions": 94,
            "deletions": 15
          },
          {
            "hash": "8f92e9d8acfb3dbff142cca752fd8fbe1ceeb379",
            "messageTitle": "Add ListNoteCommand",
            "messageBody": "",
            "insertions": 76,
            "deletions": 6
          },
          {
            "hash": "65687dff71ef6621319ad148e2e35e70f8f1bf1e",
            "messageTitle": "Update note commands to match new abstract command class",
            "messageBody": "",
            "insertions": 8,
            "deletions": 4
          }
        ]
      },
      {
        "insertions": 131,
        "deletions": 1,
        "date": "2019-10-10",
        "commitResults": [
          {
            "hash": "80ac9bead0f2c0cddcd2bff7cc7ed2c459803db7",
            "messageTitle": "Add NoteStorage",
            "messageBody": "- added writeToFile \u0026 readFromFile\n",
            "insertions": 46,
            "deletions": 0
          },
          {
            "hash": "cf93f66b9be0d7cadd19bb10f8fc599341bafa28",
            "messageTitle": "JavaDocs for Note object \u0026 AddNoteCommand",
            "messageBody": "",
            "insertions": 39,
            "deletions": 1
          },
          {
            "hash": "06b573960a4f4360581da572952e1b6f868e5ccd",
            "messageTitle": "Add JavaDocs for NoteList, EditNoteCommand \u0026 DeleteNoteCommand",
            "messageBody": "",
            "insertions": 46,
            "deletions": 0
          }
        ]
      },
      {
        "insertions": 58,
        "deletions": 30,
        "date": "2019-10-11",
        "commitResults": [
          {
            "hash": "fd1d55639348d0398d53bb73ad801e72d19ae200",
            "messageTitle": "Add JavaDocs \u0026 Incorporated NoteStorage into AddNoteCommand",
            "messageBody": "",
            "insertions": 18,
            "deletions": 5
          },
          {
            "hash": "edcc34cd10802f8c298def64c496afe947184020",
            "messageTitle": "Incorporate NoteStorage into Edit/DeleteNoteCommand",
            "messageBody": "- update readFromFile in NoteStorage to read file correctly\n",
            "insertions": 40,
            "deletions": 25
          }
        ]
      },
      {
        "insertions": 644,
        "deletions": 55,
        "date": "2019-10-13",
        "commitResults": [
          {
            "hash": "5cc99445e98726091d4b67f5de64a689e21f726b",
            "messageTitle": "Add JUnit test for AddNoteCommand",
            "messageBody": "",
            "insertions": 242,
            "deletions": 5
          },
          {
            "hash": "8888d72250f745bfbf8eb568934d1114d61948ef",
            "messageTitle": "Add JUnit test for EditNoteCommand",
            "messageBody": "- made AddNoteCommandTest a child class of AddNoteCommand\n",
            "insertions": 222,
            "deletions": 36
          },
          {
            "hash": "dffc3c3377ce89e1753e5e397183419217483e5f",
            "messageTitle": "Add JUnit test for DeleteNoteCommand",
            "messageBody": "",
            "insertions": 90,
            "deletions": 1
          },
          {
            "hash": "07e18bfd3511dcc0a45ea9af0a6d4f579cc7b298",
            "messageTitle": "Add JUnit test for ListNoteCommand",
            "messageBody": "",
            "insertions": 52,
            "deletions": 0
          },
          {
            "hash": "906f27f480ff8b424ac26d5aff77d1f3140ffac5",
            "messageTitle": "Add JavaDocs for ListNoteCommand",
            "messageBody": "",
            "insertions": 15,
            "deletions": 6
          },
          {
            "hash": "4e9a6795dc2a0dc876ea577a43f194f220dfae94",
            "messageTitle": "Add JavaDocs for NoteStorage",
            "messageBody": "",
            "insertions": 23,
            "deletions": 7
          }
        ]
      },
      {
        "insertions": 143,
        "deletions": 21,
        "date": "2019-10-14",
        "commitResults": [
          {
            "hash": "e8387b442f8346ad0ff6071cca829d5f428f1418",
            "messageTitle": "Create skeleton of HelpCommand and Help object",
            "messageBody": "- currently only can find help for todo command\n",
            "insertions": 56,
            "deletions": 1
          },
          {
            "hash": "72984e0fbf6e92b11b15b880798c92a9c1398fe8",
            "messageTitle": "Update format of help page",
            "messageBody": "- added more commands also\n",
            "insertions": 87,
            "deletions": 20
          }
        ]
      },
      {
        "insertions": 3,
        "deletions": 3,
        "date": "2019-10-15",
        "commitResults": [
          {
            "hash": "ef7e78b3e3bbb94e499559765717a00219463929",
            "messageTitle": "Rename Help to HelpText",
            "messageBody": "",
            "insertions": 3,
            "deletions": 3
          }
        ]
      },
      {
        "insertions": 217,
        "deletions": 213,
        "date": "2019-10-16",
        "commitResults": [
          {
            "hash": "8c91cbcb326497ae6f948ce8f9299599224f1400",
            "messageTitle": "Refactor some package names to be all lower case",
            "messageBody": "",
            "insertions": 216,
            "deletions": 212
          },
          {
            "hash": "8bbee89cbd4f344191dd288442648301ffe48b66",
            "messageTitle": "Fix bug in calling HelpCommand in Parser",
            "messageBody": "",
            "insertions": 1,
            "deletions": 1
          }
        ]
      },
      {
        "insertions": 527,
        "deletions": 89,
        "date": "2019-10-20",
        "commitResults": [
          {
            "hash": "4547be10f677ae3a5695adc09505b171a58fbb37",
            "messageTitle": "Add GeneralNoteCommand, Assessment, GeneralNotePage, Module",
            "messageBody": "- all these are for the General Note Page feature\n- edited Duke loop such that when an invalid command is entered, the program does not exit\n- created a ui.showDontKnowErrorMessage so that it is easier to standardise the error message\n",
            "insertions": 146,
            "deletions": 12
          },
          {
            "hash": "b356d99c33a612e5beeaf7549945db6d33159a05",
            "messageTitle": "Fix bug in schedule commands + add more functions for the general note page",
            "messageBody": "",
            "insertions": 182,
            "deletions": 29
          },
          {
            "hash": "ce1b88feaf38c2b458e2ba203a999e5d83809961",
            "messageTitle": "Add more features for Module page",
            "messageBody": "",
            "insertions": 76,
            "deletions": 5
          },
          {
            "hash": "43b2cddc7d851f2a9c22284e3ef7f80e11680ce0",
            "messageTitle": "Add addMiscellaneous command",
            "messageBody": "",
            "insertions": 34,
            "deletions": 21
          },
          {
            "hash": "0a174db9e3cdc69d4610a20c0a67826be0435d75",
            "messageTitle": "Complete all commands for General Note Page feature",
            "messageBody": "",
            "insertions": 89,
            "deletions": 22
          }
        ]
      },
      {
        "insertions": 202,
        "deletions": 70,
        "date": "2019-10-21",
        "commitResults": [
          {
            "hash": "49801fbce1188a06f54748a1a83dc716e23f6e19",
            "messageTitle": "Add indivudal help for General Notes Feature",
            "messageBody": "",
            "insertions": 27,
            "deletions": 43
          },
          {
            "hash": "df1bcf8485020b3ed789e70e71fba19c19f63ed3",
            "messageTitle": "Add view commands for General Note Page and disallow duplicate modules to be added",
            "messageBody": "",
            "insertions": 41,
            "deletions": 21
          },
          {
            "hash": "fa0972fb31affcc075148267774822ff499df768",
            "messageTitle": "Add JavaDocs for General Note Page feature",
            "messageBody": "- ensures the user cannot edit the name of a module to the name of another existing module\n",
            "insertions": 134,
            "deletions": 6
          }
        ]
      },
      {
        "insertions": 9,
        "deletions": 9,
        "date": "2019-10-22",
        "commitResults": [
          {
            "hash": "5cc05824b920256bd007c3c9f67b5fd635698d6c",
            "messageTitle": "Change description in list of commands of GeneralNoteCommand and ModuleCommand",
            "messageBody": "",
            "insertions": 9,
            "deletions": 9
          }
        ]
      },
      {
        "insertions": 94,
        "deletions": 8,
        "date": "2019-10-23",
        "commitResults": [
          {
            "hash": "98d6b89a6abb5336a1a524eb045e32bfab6cd667",
            "messageTitle": "Add storage function for General Note Page feature",
            "messageBody": "",
            "insertions": 93,
            "deletions": 7
          },
          {
            "hash": "e732ef5d2b194bc760d9837c2b96053d9411ee90",
            "messageTitle": "change mainClassName in gradle file to Gazeeebo",
            "messageBody": "",
            "insertions": 1,
            "deletions": 1
          }
        ]
      },
      {
        "insertions": 183,
        "deletions": 207,
        "date": "2019-10-25",
        "commitResults": [
          {
            "hash": "d245fe4608b983e5ccccf0f9de4f17f709be0a04",
            "messageTitle": "change name of jar file in ShadowJar config",
            "messageBody": "",
            "insertions": 8,
            "deletions": 2
          },
          {
            "hash": "24378481b4c49ea8dd7424b02e63f85dc33afb4d",
            "messageTitle": "Solve Jar file not working properly issue",
            "messageBody": "- now it works properly\n",
            "insertions": 143,
            "deletions": 180
          },
          {
            "hash": "ba7484f76beb69f6a30719a929e6e1f56834e446",
            "messageTitle": "combined storage for General Note Command after Jar file problem resolved",
            "messageBody": "",
            "insertions": 23,
            "deletions": 7
          },
          {
            "hash": "9843f17d349b0e829e7279872c55c4afd75b1571",
            "messageTitle": "change NotePageStorage to be able to work in the Jar file",
            "messageBody": "",
            "insertions": 9,
            "deletions": 18
          }
        ]
      },
      {
        "insertions": 76,
        "deletions": 36,
        "date": "2019-10-27",
        "commitResults": [
          {
            "hash": "00bb44214420123070200364eb2d452279c24521",
            "messageTitle": "daily, weekly, monthly notes are now printed when you run the schedule command",
            "messageBody": "",
            "insertions": 76,
            "deletions": 36
          }
        ]
      },
      {
        "insertions": 170,
        "deletions": 107,
        "date": "2019-10-30",
        "commitResults": [
          {
            "hash": "c096c1df8f2f841f22584c8c2b73955aeac7b13d",
            "messageTitle": "tried to solve \u0027access denied\u0027 error",
            "messageBody": "",
            "insertions": 6,
            "deletions": 5
          },
          {
            "hash": "0b70d11d277e69e2575bc3af294aa363f5cedb99",
            "messageTitle": "add @@author tags + reduce magic strings",
            "messageBody": "",
            "insertions": 164,
            "deletions": 102
          }
        ]
      },
      {
        "insertions": 12,
        "deletions": 6,
        "date": "2019-10-31",
        "commitResults": [
          {
            "hash": "fb1ac5f726860ab901f58fa1722528beb1476c75",
            "messageTitle": "fix bug in detect schedule anomalies + reduce magic strings",
            "messageBody": "",
            "insertions": 12,
            "deletions": 6
          }
        ]
      },
      {
        "insertions": 114,
        "deletions": 3,
        "date": "2019-11-02",
        "commitResults": [
          {
            "hash": "b13e80472695b8b59bed24480763edfbeb192557",
            "messageTitle": "create JUnit for GeneralNotePage class",
            "messageBody": "",
            "insertions": 53,
            "deletions": 0
          },
          {
            "hash": "8da34b4d56a2b550570dc9bdfa2094390004571e",
            "messageTitle": "update GeneralNotePageTest + add more author tags",
            "messageBody": "",
            "insertions": 61,
            "deletions": 3
          }
        ]
      },
      {
        "insertions": 364,
        "deletions": 65,
        "date": "2019-11-05",
        "commitResults": [
          {
            "hash": "e16d817a5b30af1ac370af45503f9a9f976d92ff",
            "messageTitle": "add more commands to help page",
            "messageBody": "",
            "insertions": 364,
            "deletions": 65
          }
        ]
      },
      {
        "insertions": 1410,
        "deletions": 700,
        "date": "2019-11-08",
        "commitResults": [
          {
            "hash": "035f9892ad0ca0c7faeb22ecbd2e57a2e726f60f",
            "messageTitle": "add more help for commands in help page",
            "messageBody": "",
            "insertions": 636,
            "deletions": 79
          },
          {
            "hash": "1cbe0cc113ca918d3cef497f8044c70d8deedbc6",
            "messageTitle": "add more commands to help page",
            "messageBody": "- make some attributes private\n",
            "insertions": 64,
            "deletions": 28
          },
          {
            "hash": "c4fc3a4be10816f0fb8e4ff5746bdf248469b5ec",
            "messageTitle": "changed some input format to make them be on one line",
            "messageBody": "",
            "insertions": 178,
            "deletions": 100
          },
          {
            "hash": "f370b89bdac9c640be225581f46b58bd7d250295",
            "messageTitle": "finish changing how user should input general note commands",
            "messageBody": "",
            "insertions": 222,
            "deletions": 139
          },
          {
            "hash": "2d5d037a10d836500c6e0f1a23f4a91047e558d7",
            "messageTitle": "solve checkstyle issues + add some JUnit test + clean up Note Page feature",
            "messageBody": "Note Page Feature\n- update JavaDocs\n- remove unused code\n\n- HelpText checkstyle issues not solved yet\n",
            "insertions": 310,
            "deletions": 354
          }
        ]
      },
      {
        "insertions": 121,
        "deletions": 60,
        "date": "2019-11-09",
        "commitResults": [
          {
            "hash": "00841044745b5aa28497aa0c70b6198dd9a943fd",
            "messageTitle": "cleanup note page feature",
            "messageBody": "- remove unused code\n- change some module commands\n- change what is printed in the summary of commands\n",
            "insertions": 48,
            "deletions": 39
          },
          {
            "hash": "9c8eef4c3662d7741db447fac0a7c1470fc63024",
            "messageTitle": "made specific format error messages for module page",
            "messageBody": "",
            "insertions": 28,
            "deletions": 12
          },
          {
            "hash": "de8ad9a0e516519a6ef615c180f79efbfb4ae49f",
            "messageTitle": "create LogCenter + update error message for module page",
            "messageBody": "",
            "insertions": 41,
            "deletions": 6
          },
          {
            "hash": "7bb5d43c6377b94c83cca5e0a7f6f8d070ff7747",
            "messageTitle": "fix bug in NoteStorage",
            "messageBody": "- read from the wrong file\n- kept reading from the txt file in the resource folder\n",
            "insertions": 4,
            "deletions": 3
          }
        ]
      },
      {
        "insertions": 2298,
        "deletions": 1550,
        "date": "2019-11-10",
        "commitResults": [
          {
            "hash": "dbb5a313f0e6fac661bb661f47c6b3144467a6c3",
            "messageTitle": "checkstyle fixes + add data for testers",
            "messageBody": "",
            "insertions": 907,
            "deletions": 809
          },
          {
            "hash": "085e11bae1d2562c9a8b89a161b5be8652137032",
            "messageTitle": "minor change",
            "messageBody": "",
            "insertions": 1,
            "deletions": 1
          },
          {
            "hash": "060b0e028dd8958d2b8a063efda84ba5eaee21a3",
            "messageTitle": "add more JUnit for note feature + fix some checkstyle",
            "messageBody": "",
            "insertions": 354,
            "deletions": 51
          },
          {
            "hash": "b066de3f42111b191d75d4adc3e059d6d90be563",
            "messageTitle": "add some logging + handle file IOExceptions",
            "messageBody": "",
            "insertions": 40,
            "deletions": 12
          },
          {
            "hash": "3659c5c0fbcc4631ee9a53beadc570b35eebb0b0",
            "messageTitle": "Merge pr from Jason",
            "messageBody": "",
            "insertions": 701,
            "deletions": 455
          },
          {
            "hash": "a3741fb3038fdf47f6e5a343c74576623fd1cdc7",
            "messageTitle": "did more logging + error handling",
            "messageBody": "",
            "insertions": 103,
            "deletions": 137
          },
          {
            "hash": "f9502fe06b457b0147b89171decb9f126d7facb4",
            "messageTitle": "updated help page",
            "messageBody": "",
            "insertions": 1,
            "deletions": 1
          },
          {
            "hash": "0956f15cdbb5962de7e53e089dbcbc792aec65a1",
            "messageTitle": "update help page",
            "messageBody": "",
            "insertions": 191,
            "deletions": 84
          }
        ]
      },
      {
        "insertions": 915,
        "deletions": 351,
        "date": "2019-11-11",
        "commitResults": [
          {
            "hash": "ca0df46aed3e9d5dbf253ab40eebae305354c49a",
            "messageTitle": "update help page",
            "messageBody": "",
            "insertions": 35,
            "deletions": 3
          },
          {
            "hash": "edf01173e47c038f5613e8c71f5c61d916bda2f2",
            "messageTitle": "format help page",
            "messageBody": "",
            "insertions": 17,
            "deletions": 17
          },
          {
            "hash": "dbd89ee8759e388c552f9644333d33381d7b3862",
            "messageTitle": "Merge conflict resolved",
            "messageBody": "",
            "insertions": 665,
            "deletions": 129
          },
          {
            "hash": "b352f33d979ed55be8bae3f44dbfaf3037da52f5",
            "messageTitle": "fix checkstyle issues across project",
            "messageBody": "- sort command still needs to fix checkstyle issues\n",
            "insertions": 198,
            "deletions": 202
          }
        ]
      }
    ]
  },
  "authorFinalContributionMap": {
    "e0323290": 3723,
    "JasonLeeWeiHern": 3941,
    "mononokehime14": 2263,
    "e0309463": 3135,
    "yueyuu": 4427
  },
  "authorFileTypeContributionMap": {
    "e0323290": {
      "tests": 930,
      "functional": 2793
    },
    "JasonLeeWeiHern": {
      "tests": 1439,
      "functional": 2502
    },
    "mononokehime14": {
      "tests": 713,
      "functional": 1550
    },
    "e0309463": {
      "tests": 1175,
      "functional": 1958,
      "other": 2
    },
    "yueyuu": {
      "tests": 1099,
      "functional": 3325,
      "other": 3
    }
  },
  "authorContributionVariance": {
    "e0323290": 579825.0,
    "JasonLeeWeiHern": 1187242.8,
    "mononokehime14": 89479.836,
    "e0309463": 406053.28,
    "yueyuu": 380983.16
  },
  "authorDisplayNameMap": {
    "e0323290": "CS2113T-F10-4 JAN  . . UEY",
    "JasonLeeWeiHern": "CS2113T-F10-4 LEE  . . SON",
    "mononokehime14": "CS2113T-F10-4 REN  . . HAO",
    "e0309463": "CS2113T-F10-4 JES  . . ZHI",
    "yueyuu": "CS2113T-F10-4 LEE  . . EYU"
  }
}
