{
  "authorDailyContributionsMap": {
    "TGY": [],
    "jinwentay": [],
    "Lindon Ng": [
      {
        "insertions": 18,
        "deletions": 10,
        "date": "2019-09-30",
        "commitResults": [
          {
            "hash": "15b6af60939de430e071053b60a8ccb573ce11e9",
            "messageTitle": "fixed build.gradle for cross platform build using JavaFX",
            "messageBody": "",
            "insertions": 18,
            "deletions": 10
          }
        ]
      },
      {
        "insertions": 17,
        "deletions": 7,
        "date": "2019-10-01",
        "commitResults": [
          {
            "hash": "84eaa88c4b6c6182ea2c382bdffd29a20e0a1237",
            "messageTitle": "Added command line argument to launch GUI",
            "messageBody": "",
            "insertions": 17,
            "deletions": 7
          }
        ]
      }
    ],
    "shannonlee98": [
      {
        "insertions": 9,
        "deletions": 5,
        "date": "2019-10-02",
        "commitResults": [
          {
            "hash": "eb11cbc66dd7f5f93095b7bc376a8f471ace3f23",
            "messageTitle": "B-Snooze",
            "messageBody": "",
            "insertions": 9,
            "deletions": 5
          }
        ]
      },
      {
        "insertions": 24,
        "deletions": 5,
        "date": "2019-10-03",
        "commitResults": [
          {
            "hash": "edbb9b68db7a07b1332a97e849ef82599ef93db6",
            "messageTitle": "Fixed error",
            "messageBody": "",
            "insertions": 24,
            "deletions": 5
          }
        ]
      }
    ]
  },
  "authorFinalContributionMap": {
    "TGY": 0,
    "jinwentay": 0,
    "Lindon Ng": 35,
    "shannonlee98": 84
  },
  "authorFileTypeContributionMap": {
    "TGY": {
      "java": 0,
      "gradle": 0,
      "css": 0,
      "fxml": 0
    },
    "jinwentay": {
      "java": 0,
      "gradle": 0,
      "css": 0,
      "fxml": 0
    },
    "Lindon Ng": {
      "java": 16,
      "gradle": 19,
      "css": 0,
      "fxml": 0
    },
    "shannonlee98": {
      "java": 84,
      "gradle": 0,
      "css": 0,
      "fxml": 0
    }
  },
  "authorContributionVariance": {
    "TGY": 0.0,
    "jinwentay": 0.0,
    "Lindon Ng": 151.55556,
    "shannonlee98": 121.47223
  },
  "authorDisplayNameMap": {
    "TGY": "TGY",
    "jinwentay": "jinwentay",
    "Lindon Ng": "Lindon Ng",
    "shannonlee98": "shannonlee98"
  }
}
