{
  "authorDailyContributionsMap": {
    "JOSHTAM": [
      {
        "insertions": 262,
        "deletions": 162,
        "date": "2019-10-17",
        "commitResults": [
          {
            "hash": "3db8d2f00022fef921f92a8c9cf67e41abd1fe1e",
            "messageTitle": "Implemented Add Expenditure function",
            "messageBody": "",
            "insertions": 235,
            "deletions": 146
          },
          {
            "hash": "4055a0ee10aca3e19f0e947ac368266cb345f288",
            "messageTitle": "Implemented Add Expenditure function",
            "messageBody": "",
            "insertions": 27,
            "deletions": 16
          }
        ]
      },
      {
        "insertions": 20,
        "deletions": 16,
        "date": "2019-10-28",
        "commitResults": [
          {
            "hash": "05e498c1c2a268a1c248edc1cbb1048c4f0f2154",
            "messageTitle": "Implemented Delete Expenditure Function",
            "messageBody": "",
            "insertions": 19,
            "deletions": 14
          },
          {
            "hash": "f9befd0a1ebd932900c5370e9423d74cda417b5b",
            "messageTitle": "Implemented Delete Expenditure Function",
            "messageBody": "",
            "insertions": 1,
            "deletions": 2
          }
        ]
      },
      {
        "insertions": 195,
        "deletions": 90,
        "date": "2019-10-29",
        "commitResults": [
          {
            "hash": "4c3a2634c39f7d8f73fc10edab8f4e9363af9d89",
            "messageTitle": "Merge branch \u0027master\u0027 of https://github.com/AY1920S1-CS2113T-F14-1/main",
            "messageBody": "# Conflicts:\n#\tsrc/main/java/moomoo/command/AddExpenditureCommand.java\n#\tsrc/main/java/moomoo/task/Category.java\n#\tsrc/main/java/moomoo/task/Expenditure.java\n#\tsrc/main/java/moomoo/task/Parser.java\n",
            "insertions": 159,
            "deletions": 71
          },
          {
            "hash": "6729de83721b9bd344a090df6cfdb7e71a993439",
            "messageTitle": "Testing",
            "messageBody": "",
            "insertions": 30,
            "deletions": 18
          },
          {
            "hash": "d803998116a6072c8f1ce09c78addbe48eb1058c",
            "messageTitle": "Resolved Check Style Errors",
            "messageBody": "",
            "insertions": 6,
            "deletions": 1
          }
        ]
      },
      {
        "insertions": 304,
        "deletions": 59,
        "date": "2019-10-31",
        "commitResults": [
          {
            "hash": "c6e0994c817368ad6b830de9b02a2bc83ff423ee",
            "messageTitle": "Merge branch \u0027master\u0027 of https://github.com/AY1920S1-CS2113T-F14-1/main",
            "messageBody": "# Conflicts:\n#\tsrc/main/java/moomoo/command/AddExpenditureCommand.java\n#\tsrc/main/java/moomoo/task/Category.java\n#\tsrc/main/java/moomoo/task/Expenditure.java\n#\tsrc/main/java/moomoo/task/Parser.java\n",
            "insertions": 304,
            "deletions": 59
          }
        ]
      },
      {
        "insertions": 398,
        "deletions": 117,
        "date": "2019-11-07",
        "commitResults": [
          {
            "hash": "5a344e4713461b8341204b2d12e15051ebca1396",
            "messageTitle": "Merge branch \u0027master\u0027 of https://github.com/AY1920S1-CS2113T-F14-1/main",
            "messageBody": "# Conflicts:\n#\tsrc/main/java/moomoo/command/AddExpenditureCommand.java\n#\tsrc/main/java/moomoo/task/Category.java\n#\tsrc/main/java/moomoo/task/Expenditure.java\n#\tsrc/main/java/moomoo/task/Parser.java\n",
            "insertions": 398,
            "deletions": 117
          }
        ]
      },
      {
        "insertions": 51,
        "deletions": 37,
        "date": "2019-11-08",
        "commitResults": [
          {
            "hash": "783d75bd0b356d56d1d919f3b34bbff68560ae81",
            "messageTitle": "Merge branch \u0027master\u0027 of https://github.com/AY1920S1-CS2113T-F14-1/main",
            "messageBody": "# Conflicts:\n#\tsrc/main/java/moomoo/command/AddExpenditureCommand.java\n#\tsrc/main/java/moomoo/task/Category.java\n#\tsrc/main/java/moomoo/task/Expenditure.java\n#\tsrc/main/java/moomoo/task/Parser.java\n",
            "insertions": 51,
            "deletions": 37
          }
        ]
      }
    ],
    "Greatnest": [
      {
        "insertions": 18,
        "deletions": 10,
        "date": "2019-09-30",
        "commitResults": [
          {
            "hash": "15b6af60939de430e071053b60a8ccb573ce11e9",
            "messageTitle": "fixed build.gradle for cross platform build using JavaFX",
            "messageBody": "",
            "insertions": 18,
            "deletions": 10
          }
        ]
      },
      {
        "insertions": 17,
        "deletions": 7,
        "date": "2019-10-01",
        "commitResults": [
          {
            "hash": "84eaa88c4b6c6182ea2c382bdffd29a20e0a1237",
            "messageTitle": "Added command line argument to launch GUI",
            "messageBody": "",
            "insertions": 17,
            "deletions": 7
          }
        ]
      },
      {
        "insertions": 572,
        "deletions": 1969,
        "date": "2019-10-10",
        "commitResults": [
          {
            "hash": "71d4054eb9981336eb4b12de235eba70184d6503",
            "messageTitle": "Changed code to MooMoo",
            "messageBody": "",
            "insertions": 96,
            "deletions": 1612
          },
          {
            "hash": "a2a687cd30b8a02e8d9f67f685986c236ea36bba",
            "messageTitle": "Changed JUnit Tests",
            "messageBody": "",
            "insertions": 8,
            "deletions": 49
          },
          {
            "hash": "e1344968becdf1c907deabb3dee1544d451e6f90",
            "messageTitle": "Added template code and classes",
            "messageBody": "",
            "insertions": 132,
            "deletions": 280
          },
          {
            "hash": "661b9d3bac3b19c878895fb3eb14331f2541e4cf",
            "messageTitle": "Implemented initial budget \u0026 fixed minor issues",
            "messageBody": "",
            "insertions": 336,
            "deletions": 28
          }
        ]
      },
      {
        "insertions": 308,
        "deletions": 122,
        "date": "2019-10-13",
        "commitResults": [
          {
            "hash": "dbd57f34911e91e76ee0d8d8fb1817c458cb8177",
            "messageTitle": "Added budget per category",
            "messageBody": "",
            "insertions": 308,
            "deletions": 122
          }
        ]
      },
      {
        "insertions": 660,
        "deletions": 344,
        "date": "2019-10-14",
        "commitResults": [
          {
            "hash": "66b74a0d1832fc0ada1aa0cb88cdf0ca170351ee",
            "messageTitle": "Added more tests and error handling",
            "messageBody": "",
            "insertions": 12,
            "deletions": 6
          },
          {
            "hash": "f843043158bbbccdba1473e9b83037b1bc451110",
            "messageTitle": "Added own file for each feature and fixed tests",
            "messageBody": "",
            "insertions": 70,
            "deletions": 28
          },
          {
            "hash": "b987e5a3674bf878d51351f05e2045969198ca7d",
            "messageTitle": "Implemented initial prompt with multi category",
            "messageBody": "",
            "insertions": 294,
            "deletions": 98
          },
          {
            "hash": "ad9e4a7fd540df00da92d8d45dcc4af061d31bd5",
            "messageTitle": "Moved into methods and fixed output",
            "messageBody": "",
            "insertions": 233,
            "deletions": 190
          },
          {
            "hash": "df93c48ff3d9e4bf166cfe05a60b5d37d0a649ca",
            "messageTitle": "Load budget only if category exists.",
            "messageBody": "",
            "insertions": 51,
            "deletions": 22
          }
        ]
      },
      {
        "insertions": 121,
        "deletions": 38,
        "date": "2019-10-15",
        "commitResults": [
          {
            "hash": "8b1feeaefa46356f814d538f6f45e530e48dc1f6",
            "messageTitle": "fixed formatting issues",
            "messageBody": "",
            "insertions": 19,
            "deletions": 18
          },
          {
            "hash": "50f1c6e934c45fef22db1fc6a7bf4f6e25395142",
            "messageTitle": "fixed input parsing for category with spaces",
            "messageBody": "",
            "insertions": 102,
            "deletions": 20
          }
        ]
      },
      {
        "insertions": 145,
        "deletions": 191,
        "date": "2019-10-17",
        "commitResults": [
          {
            "hash": "958dab1de95f880a8694ef292e026a16713b8791",
            "messageTitle": "Update gradle build settings",
            "messageBody": "",
            "insertions": 3,
            "deletions": 3
          },
          {
            "hash": "9a1e20baec7b852a40de9c6a5fe221b611108b8a",
            "messageTitle": "fixed checkstyle errors",
            "messageBody": "",
            "insertions": 0,
            "deletions": 2
          },
          {
            "hash": "dd1f52e1646992c56d3404ad54fa8769b3cb6fe5",
            "messageTitle": "removed src dirs from build.gradle",
            "messageBody": "",
            "insertions": 0,
            "deletions": 1
          },
          {
            "hash": "190a75b959f2b8496718ea25aebd3ad8f5251e82",
            "messageTitle": "fixed linting issues",
            "messageBody": "",
            "insertions": 117,
            "deletions": 149
          },
          {
            "hash": "b4cb84f9701cbfe64a66b6b7e04cfc3337f84847",
            "messageTitle": "fixed other linting errors",
            "messageBody": "",
            "insertions": 22,
            "deletions": 30
          },
          {
            "hash": "b0b61f28052f4527308514c8abe1ea23f30041b5",
            "messageTitle": "fixed remaining minor errors",
            "messageBody": "",
            "insertions": 1,
            "deletions": 2
          },
          {
            "hash": "255cf185adb3dbd111511640bce86a37ad35a6af",
            "messageTitle": "fixed missing variable initialization",
            "messageBody": "",
            "insertions": 2,
            "deletions": 4
          }
        ]
      },
      {
        "insertions": 161,
        "deletions": 43,
        "date": "2019-10-18",
        "commitResults": [
          {
            "hash": "aab4baf64748a89ca02bb65e8c018c8a6e4ad644",
            "messageTitle": "Moved file to packages",
            "messageBody": "",
            "insertions": 12,
            "deletions": 4
          },
          {
            "hash": "14dfb816fc030066f7c82d3f2145abfc4a661c52",
            "messageTitle": "Added JUnit Stubs",
            "messageBody": "",
            "insertions": 137,
            "deletions": 31
          },
          {
            "hash": "fae18c9e9335ba0b078e73c6dc4d21838865026e",
            "messageTitle": "Moved files into appropriate package",
            "messageBody": "",
            "insertions": 1,
            "deletions": 1
          },
          {
            "hash": "a31868a4e3e0fa8b0b63cee7f8bf3d2f052a8afe",
            "messageTitle": "Commit other files",
            "messageBody": "",
            "insertions": 11,
            "deletions": 7
          }
        ]
      },
      {
        "insertions": 160,
        "deletions": 20,
        "date": "2019-10-21",
        "commitResults": [
          {
            "hash": "d7dc9f7fbdf934f844df5826234c82208cbe8bf9",
            "messageTitle": "initial savings",
            "messageBody": "",
            "insertions": 160,
            "deletions": 20
          }
        ]
      },
      {
        "insertions": 333,
        "deletions": 137,
        "date": "2019-10-22",
        "commitResults": [
          {
            "hash": "f2518437340d21891e8dd0fca2899cc4d17e680c",
            "messageTitle": "Added some fixes for the demo",
            "messageBody": "",
            "insertions": 89,
            "deletions": 16
          },
          {
            "hash": "081576784575cad7631b3714151f65d46c0a6119",
            "messageTitle": "added more functions for savings",
            "messageBody": "",
            "insertions": 61,
            "deletions": 29
          },
          {
            "hash": "48d2ccc0db9d78e6a930222772b0c622eb7139ec",
            "messageTitle": "Implemented savings",
            "messageBody": "",
            "insertions": 183,
            "deletions": 92
          }
        ]
      },
      {
        "insertions": 1251,
        "deletions": 1318,
        "date": "2019-10-23",
        "commitResults": [
          {
            "hash": "25de749a38b56aeefe59a2c72f13af9888b90e9d",
            "messageTitle": "Refactored budget command into multiple files",
            "messageBody": "",
            "insertions": 822,
            "deletions": 859
          },
          {
            "hash": "df9b379e3db4a2eefc23fab6b30d998f2f444652",
            "messageTitle": "Fixed pr issues",
            "messageBody": "",
            "insertions": 95,
            "deletions": 113
          },
          {
            "hash": "e0fc55e692863055469da4aaf9583fea79b53269",
            "messageTitle": "fixed lint issues",
            "messageBody": "",
            "insertions": 130,
            "deletions": 107
          },
          {
            "hash": "e4a28c7cc3d301cc6b201fb060f029025ba0cef8",
            "messageTitle": "Fixed remaining lint issues and replaced back old launcher",
            "messageBody": "",
            "insertions": 166,
            "deletions": 196
          },
          {
            "hash": "846bc83edf2b812b95fc01dcd7f5cf69b29d48d5",
            "messageTitle": "fixed minor lint issues",
            "messageBody": "",
            "insertions": 38,
            "deletions": 43
          }
        ]
      },
      {
        "insertions": 35,
        "deletions": 26,
        "date": "2019-10-24",
        "commitResults": [
          {
            "hash": "3c37462bb6da5175aa65b70373c9bfed5a490d5b",
            "messageTitle": "Fixed minor issues and review issues.",
            "messageBody": "",
            "insertions": 35,
            "deletions": 26
          }
        ]
      },
      {
        "insertions": 228,
        "deletions": 113,
        "date": "2019-10-29",
        "commitResults": [
          {
            "hash": "ca0b8ef002c588735f2e12acb761cca896670db2",
            "messageTitle": "Added one budget for multi categories",
            "messageBody": "",
            "insertions": 44,
            "deletions": 19
          },
          {
            "hash": "4286f3d15ec13f8d4fcc721f81653acdc968dfbe",
            "messageTitle": "fixed minor lint issues",
            "messageBody": "",
            "insertions": 9,
            "deletions": 5
          },
          {
            "hash": "39c2c0d435c1600a71cc7fbeb8a6de3135f6c772",
            "messageTitle": "Added parser test and improved parsing",
            "messageBody": "",
            "insertions": 175,
            "deletions": 89
          }
        ]
      },
      {
        "insertions": 3,
        "deletions": 210,
        "date": "2019-10-31",
        "commitResults": [
          {
            "hash": "dda69e4d5a914f2726c39975eeb9cd7e44a6f105",
            "messageTitle": "Changed documentation",
            "messageBody": "",
            "insertions": 0,
            "deletions": 192
          },
          {
            "hash": "61a42b2911574c2752eaeb000ee2b65ba65fe637",
            "messageTitle": "Added more documentation",
            "messageBody": "",
            "insertions": 2,
            "deletions": 17
          },
          {
            "hash": "c2623eac8440dbb989c06dad469983db8a9091ca",
            "messageTitle": "fixed method name change",
            "messageBody": "",
            "insertions": 1,
            "deletions": 1
          }
        ]
      },
      {
        "insertions": 8,
        "deletions": 2,
        "date": "2019-11-01",
        "commitResults": [
          {
            "hash": "71c4668d091996598becefeb60e6b8d1d6bdcf62",
            "messageTitle": "fixed bugs found",
            "messageBody": "",
            "insertions": 8,
            "deletions": 2
          }
        ]
      },
      {
        "insertions": 33,
        "deletions": 21,
        "date": "2019-11-04",
        "commitResults": [
          {
            "hash": "14b010a8048cb2b252a4a5414d1d1c29fd6dfe98",
            "messageTitle": "fixed lowercase check",
            "messageBody": "",
            "insertions": 3,
            "deletions": 3
          },
          {
            "hash": "a4e726dd24982590d63c926a1f8f236807482bd2",
            "messageTitle": "fixed pe budget issues",
            "messageBody": "",
            "insertions": 26,
            "deletions": 17
          },
          {
            "hash": "430104040db63a07c626dff67f3e321c04a6ba0b",
            "messageTitle": "fixed output and comments",
            "messageBody": "",
            "insertions": 4,
            "deletions": 1
          }
        ]
      },
      {
        "insertions": 47,
        "deletions": 41,
        "date": "2019-11-05",
        "commitResults": [
          {
            "hash": "1376caf84bdf39fda812ead40b64fdfc0f1f3acf",
            "messageTitle": "improved storage output",
            "messageBody": "",
            "insertions": 33,
            "deletions": 27
          },
          {
            "hash": "8039a0ade35a765e8db9bb43d495c7905f6e524d",
            "messageTitle": "fixed checkstyle issues",
            "messageBody": "",
            "insertions": 14,
            "deletions": 14
          }
        ]
      },
      {
        "insertions": 36,
        "deletions": 10,
        "date": "2019-11-06",
        "commitResults": [
          {
            "hash": "38fd9da96e11dbb3771938b121da9c9dad1ac89b",
            "messageTitle": "run process to change cmd prompt to windows.",
            "messageBody": "",
            "insertions": 20,
            "deletions": 5
          },
          {
            "hash": "3c041e49a2ce3e509a93266bac7e53bcb618d692",
            "messageTitle": "fixed checkstyle issue",
            "messageBody": "",
            "insertions": 2,
            "deletions": 1
          },
          {
            "hash": "1bc2098ace396c194112a98113482f4957d98c37",
            "messageTitle": "changed character page to original.",
            "messageBody": "",
            "insertions": 14,
            "deletions": 4
          }
        ]
      },
      {
        "insertions": 4,
        "deletions": 0,
        "date": "2019-11-07",
        "commitResults": [
          {
            "hash": "18420f9a6a59e2dae90d2912025055912b9e7623",
            "messageTitle": "fixed budget list not printing if no categories",
            "messageBody": "",
            "insertions": 4,
            "deletions": 0
          }
        ]
      },
      {
        "insertions": 4,
        "deletions": 1,
        "date": "2019-11-08",
        "commitResults": [
          {
            "hash": "1870c06d7214b31329e8e3e352e034bf6524c62d",
            "messageTitle": "change documentations",
            "messageBody": "",
            "insertions": 4,
            "deletions": 1
          }
        ]
      },
      {
        "insertions": 97,
        "deletions": 75,
        "date": "2019-11-10",
        "commitResults": [
          {
            "hash": "6c4a1c9c45c09ee012e2d9459b53ea06a56d0f37",
            "messageTitle": "added preload storage data",
            "messageBody": "",
            "insertions": 52,
            "deletions": 46
          },
          {
            "hash": "68b328e8de1881de824cca37f72480209966e811",
            "messageTitle": "fixed checkstyle",
            "messageBody": "",
            "insertions": 12,
            "deletions": 3
          },
          {
            "hash": "8def6503163125d34567933b2bf7e48917c54470",
            "messageTitle": "added more sample data",
            "messageBody": "",
            "insertions": 7,
            "deletions": 3
          },
          {
            "hash": "3aebaf5d9d36aa3c319fec5fb470cbc32f139b65",
            "messageTitle": "fixed file overwrite and more data",
            "messageBody": "",
            "insertions": 26,
            "deletions": 23
          }
        ]
      }
    ],
    "guanyewtan": [
      {
        "insertions": 173,
        "deletions": 58,
        "date": "2019-10-15",
        "commitResults": [
          {
            "hash": "79dd4ab690d5f63f5c67908feaf98a656bccef67",
            "messageTitle": "Created GraphCommand Class",
            "messageBody": "",
            "insertions": 120,
            "deletions": 5
          },
          {
            "hash": "af28c91b9a8dd22a4d9fbba5019663e7f017d5ac",
            "messageTitle": "Update Parser.java",
            "messageBody": "",
            "insertions": 1,
            "deletions": 10
          },
          {
            "hash": "08fd8ed1f4b240583b71014503e98cc5b7197988",
            "messageTitle": "Create GraphCommand Class 2",
            "messageBody": "",
            "insertions": 12,
            "deletions": 22
          },
          {
            "hash": "3097bb5333c23a7c131982044c153f5faeafee81",
            "messageTitle": "Resolving Merge Conflict (Checkstyle)",
            "messageBody": "",
            "insertions": 40,
            "deletions": 21
          }
        ]
      },
      {
        "insertions": 4,
        "deletions": 2,
        "date": "2019-10-16",
        "commitResults": [
          {
            "hash": "1080877a95090e4524b2b9ace4dedeeffb766013",
            "messageTitle": "Tryna merge",
            "messageBody": "",
            "insertions": 4,
            "deletions": 2
          }
        ]
      },
      {
        "insertions": 81,
        "deletions": 32,
        "date": "2019-10-17",
        "commitResults": [
          {
            "hash": "b5b1c26a1189e4ca7757552a162b7100d73b010f",
            "messageTitle": "Updated GraphCommand (first working version)",
            "messageBody": "",
            "insertions": 81,
            "deletions": 30
          },
          {
            "hash": "4b5f04cf55b6c016b8a87b3d1ab41f48a010c07d",
            "messageTitle": "Removed testPopulate from GraphCommand",
            "messageBody": "",
            "insertions": 0,
            "deletions": 2
          }
        ]
      },
      {
        "insertions": 1,
        "deletions": 0,
        "date": "2019-10-24",
        "commitResults": [
          {
            "hash": "80677084cb8db387a223405d90776c053cad96e9",
            "messageTitle": "Trying to update",
            "messageBody": "",
            "insertions": 1,
            "deletions": 0
          }
        ]
      },
      {
        "insertions": 265,
        "deletions": 97,
        "date": "2019-10-26",
        "commitResults": [
          {
            "hash": "d26e081ea9f38d61e6a90e1f7f02fe69b188e11c",
            "messageTitle": "Resolving Merge Conflict",
            "messageBody": "",
            "insertions": 12,
            "deletions": 4
          },
          {
            "hash": "74bf259638e4f8403a518f9693b6398efacc8a93",
            "messageTitle": "Split GraphCommand into GraphCategoryCommand and GraphTotalCommand, updated parser for parseGraph",
            "messageBody": "",
            "insertions": 253,
            "deletions": 93
          }
        ]
      },
      {
        "insertions": 81,
        "deletions": 105,
        "date": "2019-10-31",
        "commitResults": [
          {
            "hash": "a2049076ec4c9ab55dc933cb07e6200bf20bab2c",
            "messageTitle": "Updated parser for GraphCommand, but issue in CategoryList that will be fixed in the next merge",
            "messageBody": "",
            "insertions": 75,
            "deletions": 96
          },
          {
            "hash": "72102f2f7832aae447092958e1217cf3befc2088",
            "messageTitle": "Fixed checkstyle issues",
            "messageBody": "",
            "insertions": 6,
            "deletions": 9
          }
        ]
      },
      {
        "insertions": 111,
        "deletions": 54,
        "date": "2019-11-03",
        "commitResults": [
          {
            "hash": "d161cf3fdb5e3e93cb9e7e1ca6845ee273592bb9",
            "messageTitle": "Added moo feature, fixed bugs with graph commands, updated visuals",
            "messageBody": "",
            "insertions": 79,
            "deletions": 35
          },
          {
            "hash": "e3fe5072eedc9addbe50eb1321acc2b4be700fd9",
            "messageTitle": "Fixed issue with exit not exiting",
            "messageBody": "",
            "insertions": 2,
            "deletions": 1
          },
          {
            "hash": "087605822613f732821f5bba73b51591e627d308",
            "messageTitle": "Fixed checkstyle error",
            "messageBody": "",
            "insertions": 29,
            "deletions": 17
          },
          {
            "hash": "4d6c58fb0e324b2fd1524e1088018bbfd39b82df",
            "messageTitle": "Changed parsing for graph command from d/ to m/ for the date",
            "messageBody": "",
            "insertions": 1,
            "deletions": 1
          }
        ]
      },
      {
        "insertions": 45,
        "deletions": 5,
        "date": "2019-11-04",
        "commitResults": [
          {
            "hash": "36b6df91405e8cf64cce56d4c810d6f8964eb3b8",
            "messageTitle": "Added colour to graph",
            "messageBody": "",
            "insertions": 24,
            "deletions": 1
          },
          {
            "hash": "e2c3a4696a76e12e2ab339755d75e1936504b77d",
            "messageTitle": "Fixed checkstyle",
            "messageBody": "",
            "insertions": 1,
            "deletions": 2
          },
          {
            "hash": "e75cae64cba11f330398bef01880ea275e8af96f",
            "messageTitle": "Added colour for graph category class",
            "messageBody": "",
            "insertions": 20,
            "deletions": 2
          }
        ]
      },
      {
        "insertions": 447,
        "deletions": 1,
        "date": "2019-11-07",
        "commitResults": [
          {
            "hash": "2e45b93406d796086862a08d375768ddccbbf917",
            "messageTitle": "Added truMooMoo",
            "messageBody": "",
            "insertions": 446,
            "deletions": 1
          },
          {
            "hash": "a2cbd813c7d61ad5be930a14e6307c31ce22810f",
            "messageTitle": "Reset ANSI colour after printing cow",
            "messageBody": "",
            "insertions": 1,
            "deletions": 0
          }
        ]
      }
    ],
    "jinwentay": [
      {
        "insertions": 311,
        "deletions": 125,
        "date": "2019-10-17",
        "commitResults": [
          {
            "hash": "1b6e1d51d671207ff37c5ac92e70c1b46dd5030f",
            "messageTitle": "allow user to set scheduled payment",
            "messageBody": "",
            "insertions": 160,
            "deletions": 57
          },
          {
            "hash": "bcfe08bab83e7148132c4b42fe5aa2b80f0361be",
            "messageTitle": "fixed checkstyle issues",
            "messageBody": "",
            "insertions": 85,
            "deletions": 23
          },
          {
            "hash": "cea73bc12f77766df9ab127f2fd73fae65121a7a",
            "messageTitle": "resolved merge conflicts",
            "messageBody": "",
            "insertions": 66,
            "deletions": 45
          }
        ]
      },
      {
        "insertions": 39,
        "deletions": 5,
        "date": "2019-10-23",
        "commitResults": [
          {
            "hash": "f7a6b4cfd38e9de9ae8da9e5a61d007df1777f01",
            "messageTitle": "Added scheduled alert for today\u0027s bills",
            "messageBody": "",
            "insertions": 33,
            "deletions": 5
          },
          {
            "hash": "c12ef2f24fe8210c0f3a53d633121ecd49994ec6",
            "messageTitle": "Added scheduled alert feature",
            "messageBody": "",
            "insertions": 6,
            "deletions": 0
          }
        ]
      },
      {
        "insertions": 3,
        "deletions": 3,
        "date": "2019-10-24",
        "commitResults": [
          {
            "hash": "1915d3cfe76f5bad3880d39d09ca09b1db28bf1f",
            "messageTitle": "Updated some syntax",
            "messageBody": "",
            "insertions": 3,
            "deletions": 3
          }
        ]
      },
      {
        "insertions": 50,
        "deletions": 10,
        "date": "2019-10-30",
        "commitResults": [
          {
            "hash": "7fbed2451baefb678a682b5b326b75ab72a8bdeb",
            "messageTitle": "Aler user if budget is exceeded",
            "messageBody": "",
            "insertions": 43,
            "deletions": 4
          },
          {
            "hash": "6a4df2e1f820ca751345bc6e048fb2cca30c61ad",
            "messageTitle": "Made some minor changes to organise code",
            "messageBody": "",
            "insertions": 7,
            "deletions": 6
          }
        ]
      },
      {
        "insertions": 7,
        "deletions": 8,
        "date": "2019-10-31",
        "commitResults": [
          {
            "hash": "b58b5d576e451c098910ce5f2923364e86ac3d90",
            "messageTitle": "Changed input format to be consistent with team",
            "messageBody": "",
            "insertions": 6,
            "deletions": 6
          },
          {
            "hash": "bbbf23f73c3d32027c2bfc1e77a1ece6b521f810",
            "messageTitle": "Updated UI response.",
            "messageBody": "",
            "insertions": 1,
            "deletions": 2
          }
        ]
      },
      {
        "insertions": 7,
        "deletions": 1,
        "date": "2019-11-01",
        "commitResults": [
          {
            "hash": "4255e123e6d2a9438f6029d4bdb371b94573407a",
            "messageTitle": "Update printing",
            "messageBody": "",
            "insertions": 7,
            "deletions": 1
          }
        ]
      },
      {
        "insertions": 382,
        "deletions": 154,
        "date": "2019-11-04",
        "commitResults": [
          {
            "hash": "88b3754f32703e11a8f1944aaf0045f23e6137c8",
            "messageTitle": "Used hashmap to store schedule",
            "messageBody": "",
            "insertions": 46,
            "deletions": 33
          },
          {
            "hash": "ca384c7882e3374eb911ed8775e5916b024d7dcd",
            "messageTitle": "Designed UI outputs",
            "messageBody": "",
            "insertions": 169,
            "deletions": 20
          },
          {
            "hash": "c319537c32de776d0cba28287d8d65d3512456c4",
            "messageTitle": "resolved checkstyle issues",
            "messageBody": "",
            "insertions": 95,
            "deletions": 95
          },
          {
            "hash": "ac045c96f398b69e9fd9a8f834722b19e77f8cb2",
            "messageTitle": "Edited test file output",
            "messageBody": "",
            "insertions": 72,
            "deletions": 6
          }
        ]
      },
      {
        "insertions": 39,
        "deletions": 7,
        "date": "2019-11-06",
        "commitResults": [
          {
            "hash": "30bb595465893a055bdde2a8ee1c989d486ac7bf",
            "messageTitle": "Added OS Name check and coloured vs non coloured inputs",
            "messageBody": "",
            "insertions": 38,
            "deletions": 7
          },
          {
            "hash": "8d31aa15834a0c582b409161d92e1950a1c285a7",
            "messageTitle": "Fixed checkstyle issues",
            "messageBody": "",
            "insertions": 1,
            "deletions": 0
          }
        ]
      },
      {
        "insertions": 36,
        "deletions": 5,
        "date": "2019-11-10",
        "commitResults": [
          {
            "hash": "52a8378230971fb00e5366a0ffc62efa5b941cd5",
            "messageTitle": "#140 Fixed scheduling input issues",
            "messageBody": "",
            "insertions": 32,
            "deletions": 2
          },
          {
            "hash": "695e856ff09fd58dc5b74e775602b98cbcd85596",
            "messageTitle": "Fixed bug to print notification",
            "messageBody": "",
            "insertions": 1,
            "deletions": 1
          },
          {
            "hash": "f0a0741b6138bfffec8ca5f28574ebbd74d3c791",
            "messageTitle": "Fixed detect OS bug in exitCommand",
            "messageBody": "",
            "insertions": 3,
            "deletions": 2
          }
        ]
      },
      {
        "insertions": 156,
        "deletions": 1,
        "date": "2019-11-11",
        "commitResults": [
          {
            "hash": "c7c24d97d1a1be56e65189659db8936d5e451dac",
            "messageTitle": "Added Junit Test for scheduleCommand",
            "messageBody": "",
            "insertions": 156,
            "deletions": 1
          }
        ]
      }
    ],
    "shannonlee98": [
      {
        "insertions": 9,
        "deletions": 5,
        "date": "2019-10-02",
        "commitResults": [
          {
            "hash": "eb11cbc66dd7f5f93095b7bc376a8f471ace3f23",
            "messageTitle": "B-Snooze",
            "messageBody": "",
            "insertions": 9,
            "deletions": 5
          }
        ]
      },
      {
        "insertions": 165,
        "deletions": 2293,
        "date": "2019-10-03",
        "commitResults": [
          {
            "hash": "486f573e275ae69201b002a3e86e0f43f4105102",
            "messageTitle": "Replace duke with moomoo",
            "messageBody": "",
            "insertions": 141,
            "deletions": 2288
          },
          {
            "hash": "edbb9b68db7a07b1332a97e849ef82599ef93db6",
            "messageTitle": "Fixed error",
            "messageBody": "",
            "insertions": 24,
            "deletions": 5
          }
        ]
      },
      {
        "insertions": 122,
        "deletions": 12,
        "date": "2019-10-09",
        "commitResults": [
          {
            "hash": "354240c8e26de6fcb3e4414c75952d9eab58712f",
            "messageTitle": "Add classes Category, CategoryList, AddCategoryCommand, and ListCategoryCommand",
            "messageBody": "",
            "insertions": 122,
            "deletions": 12
          }
        ]
      },
      {
        "insertions": 261,
        "deletions": 250,
        "date": "2019-10-14",
        "commitResults": [
          {
            "hash": "5a325d6fe2da41651825b40eb43e5356c1a2c023",
            "messageTitle": "Category classes",
            "messageBody": "",
            "insertions": 74,
            "deletions": 0
          },
          {
            "hash": "1304a92e1b4eddfffb2a9fdab19129c0e1011dd0",
            "messageTitle": "Modified Category and CategoryList classes",
            "messageBody": "",
            "insertions": 187,
            "deletions": 250
          }
        ]
      },
      {
        "insertions": 69,
        "deletions": 15,
        "date": "2019-10-15",
        "commitResults": [
          {
            "hash": "4761e1811652cb73c9985f4eeee19fca6907afe6",
            "messageTitle": "New methods",
            "messageBody": "",
            "insertions": 67,
            "deletions": 14
          },
          {
            "hash": "8f26a7e0c6302bc7f256e602140bb327d3f5cbc7",
            "messageTitle": "fix javadoc",
            "messageBody": "",
            "insertions": 1,
            "deletions": 1
          },
          {
            "hash": "278b07fe7fb8ee3a3bbc63097d08d082bb0b30e9",
            "messageTitle": "Resolve merge conflict",
            "messageBody": "",
            "insertions": 1,
            "deletions": 0
          }
        ]
      },
      {
        "insertions": 62,
        "deletions": 12,
        "date": "2019-10-16",
        "commitResults": [
          {
            "hash": "cb097ef6d39bc39d71fb0d27e67a7082ff0e9c75",
            "messageTitle": "Merge from upstream",
            "messageBody": "",
            "insertions": 62,
            "deletions": 12
          }
        ]
      },
      {
        "insertions": 151,
        "deletions": 63,
        "date": "2019-10-17",
        "commitResults": [
          {
            "hash": "899ad3c49111ecc4b3ac450cca0460e1cb086061",
            "messageTitle": "List, add, and delete catgories",
            "messageBody": "",
            "insertions": 151,
            "deletions": 63
          }
        ]
      },
      {
        "insertions": 128,
        "deletions": 63,
        "date": "2019-10-24",
        "commitResults": [
          {
            "hash": "5fe3033fbf14155b4d94bbdbce98abde10ad8297",
            "messageTitle": "Added DeleteExpenditureCommand",
            "messageBody": "",
            "insertions": 128,
            "deletions": 63
          }
        ]
      },
      {
        "insertions": 67,
        "deletions": 50,
        "date": "2019-10-28",
        "commitResults": [
          {
            "hash": "0d5f6b88252eb5ee4c475a7623f3606aaa405b36",
            "messageTitle": "merge",
            "messageBody": "",
            "insertions": 26,
            "deletions": 19
          },
          {
            "hash": "410c3c6f622ecbd5e14f232d418022f2629517a5",
            "messageTitle": "merge",
            "messageBody": "",
            "insertions": 1,
            "deletions": 1
          },
          {
            "hash": "ca23e5dd367831ac5b05bc5532d87133214b370f",
            "messageTitle": "Edit parser",
            "messageBody": "",
            "insertions": 40,
            "deletions": 30
          }
        ]
      },
      {
        "insertions": 99,
        "deletions": 72,
        "date": "2019-10-29",
        "commitResults": [
          {
            "hash": "816fcb125e45319424ef4f6979bd0f8cec43b24b",
            "messageTitle": "Added sort command",
            "messageBody": "",
            "insertions": 99,
            "deletions": 72
          }
        ]
      },
      {
        "insertions": 458,
        "deletions": 315,
        "date": "2019-10-31",
        "commitResults": [
          {
            "hash": "d8f11fa9905ec90d7e9588d07cdf44bcf8ca429b",
            "messageTitle": "SortCategoryCommand",
            "messageBody": "",
            "insertions": 324,
            "deletions": 192
          },
          {
            "hash": "4673a07151c66de33c63797580e8305ce7817419",
            "messageTitle": "Merge from Jinwen",
            "messageBody": "",
            "insertions": 15,
            "deletions": 14
          },
          {
            "hash": "aa94c3c8fdc66e1dee7651fbb956d5681ed86a6f",
            "messageTitle": "Changed delete prompt from category number to category name",
            "messageBody": "",
            "insertions": 37,
            "deletions": 33
          },
          {
            "hash": "4b824de9e5fcb637b87a9a90795338126c270b97",
            "messageTitle": "Modified getTotal()",
            "messageBody": "",
            "insertions": 75,
            "deletions": 72
          },
          {
            "hash": "fe6a88ba594ad6772783ada620db2ae1ffd924f7",
            "messageTitle": "Fixed getTotal in GraphTotalCommand",
            "messageBody": "",
            "insertions": 5,
            "deletions": 3
          },
          {
            "hash": "d3159e611062eeb0330eef5fdd21edf40890377f",
            "messageTitle": "Fixed getTotal in GraphTotalCommand",
            "messageBody": "",
            "insertions": 2,
            "deletions": 1
          }
        ]
      },
      {
        "insertions": 49,
        "deletions": 36,
        "date": "2019-11-04",
        "commitResults": [
          {
            "hash": "e39ccd550df1a17317f6d6c9b41182e85041ca6a",
            "messageTitle": "color for notification",
            "messageBody": "",
            "insertions": 5,
            "deletions": 5
          },
          {
            "hash": "fb6aeed883f07bb48546ce20784ebf04ad66a5df",
            "messageTitle": "Load expenditures",
            "messageBody": "",
            "insertions": 38,
            "deletions": 28
          },
          {
            "hash": "b86d4fb2411e1a25139f41232ed49a80230f28fa",
            "messageTitle": "Load expenditures",
            "messageBody": "",
            "insertions": 6,
            "deletions": 3
          }
        ]
      },
      {
        "insertions": 23,
        "deletions": 9,
        "date": "2019-11-05",
        "commitResults": [
          {
            "hash": "57117b6c21573610ca4f15ece4df146e33ed0853",
            "messageTitle": "storage",
            "messageBody": "",
            "insertions": 23,
            "deletions": 9
          }
        ]
      },
      {
        "insertions": 205,
        "deletions": 216,
        "date": "2019-11-06",
        "commitResults": [
          {
            "hash": "34a6224c4d59e900aa53360672a2bf753e93a972",
            "messageTitle": "Refactor Ui to be a static class",
            "messageBody": "",
            "insertions": 205,
            "deletions": 216
          }
        ]
      },
      {
        "insertions": 306,
        "deletions": 192,
        "date": "2019-11-08",
        "commitResults": [
          {
            "hash": "306f33f08c2999d521bf6a75ae76d4d208f5cffb",
            "messageTitle": "Made Ui static",
            "messageBody": "",
            "insertions": 305,
            "deletions": 188
          },
          {
            "hash": "cd4105e7b3765abd71f0dd3a0fd02cfd426769d2",
            "messageTitle": "Fix checks",
            "messageBody": "",
            "insertions": 1,
            "deletions": 4
          }
        ]
      },
      {
        "insertions": 445,
        "deletions": 423,
        "date": "2019-11-09",
        "commitResults": [
          {
            "hash": "cc4668420fe59b1eb58a328466caa57172f9091b",
            "messageTitle": "Fixed add expenditure command bugs",
            "messageBody": "",
            "insertions": 227,
            "deletions": 140
          },
          {
            "hash": "4fbd2708b4540f5c946fc0e5d66b8b4a397aa33d",
            "messageTitle": "Changed categoryListlist to categoryList",
            "messageBody": "",
            "insertions": 20,
            "deletions": 20
          },
          {
            "hash": "d046a0384f1e383ad4d10afe14fb5df170e200e5",
            "messageTitle": "Fixed toString() bugs",
            "messageBody": "",
            "insertions": 17,
            "deletions": 83
          },
          {
            "hash": "5d36d77297c0374d81e951d65bbb45b05bba92aa",
            "messageTitle": "Added getCow method in Ui",
            "messageBody": "",
            "insertions": 112,
            "deletions": 121
          },
          {
            "hash": "47d5ec00cadb6fc05496c8a5c6d8b46b1c8ef1a3",
            "messageTitle": "Edited CategoryCommandTest",
            "messageBody": "",
            "insertions": 20,
            "deletions": 17
          },
          {
            "hash": "cdce72055677851983082fdba57231b4ad408f92",
            "messageTitle": "Variable length box for Ui",
            "messageBody": "",
            "insertions": 49,
            "deletions": 42
          }
        ]
      },
      {
        "insertions": 141,
        "deletions": 134,
        "date": "2019-11-10",
        "commitResults": [
          {
            "hash": "67b5e5d723c37d84b0908df79a1379a734ad5de8",
            "messageTitle": "Fixed sort command",
            "messageBody": "",
            "insertions": 124,
            "deletions": 124
          },
          {
            "hash": "09535ef809238a8ca95e353866627112ecdccc74",
            "messageTitle": "Fixed checkstyle error",
            "messageBody": "",
            "insertions": 11,
            "deletions": 10
          },
          {
            "hash": "30c171ab4d9fd124da5ddbe89c35cb29c5f3839b",
            "messageTitle": "Checkstyle error",
            "messageBody": "",
            "insertions": 3,
            "deletions": 0
          },
          {
            "hash": "b1829246b337e13a921664a88059c2d46ae68406",
            "messageTitle": "checkstyle error",
            "messageBody": "",
            "insertions": 3,
            "deletions": 0
          }
        ]
      }
    ]
  },
  "authorFinalContributionMap": {
    "JOSHTAM": 641,
    "Greatnest": 1532,
    "guanyewtan": 836,
    "jinwentay": 591,
    "shannonlee98": 1563
  },
  "authorFileTypeContributionMap": {
    "JOSHTAM": {
      "tests": 28,
      "functional": 613
    },
    "Greatnest": {
      "tests": 494,
      "functional": 1025,
      "other": 13
    },
    "guanyewtan": {
      "tests": 1,
      "functional": 835
    },
    "jinwentay": {
      "tests": 232,
      "functional": 359
    },
    "shannonlee98": {
      "tests": 239,
      "functional": 1324
    }
  },
  "authorContributionVariance": {
    "JOSHTAM": 11744.933,
    "Greatnest": 256827.64,
    "guanyewtan": 7986.846,
    "jinwentay": 9167.36,
    "shannonlee98": 142268.39
  },
  "authorDisplayNameMap": {
    "JOSHTAM": "CS2113T-F14-1 TAM  . . HUA",
    "Greatnest": "CS2113T-F14-1 NG   . . DON",
    "guanyewtan": "CS2113T-F14-1 TAN  . . YEW",
    "jinwentay": "CS2113T-F14-1 TAY  . . WEN",
    "shannonlee98": "CS2113T-F14-1 SHA  . . LEE"
  }
}
