{
  "authorDailyContributionsMap": {
    "Yue Jun Yi": [],
    "Lpeize": [
      {
        "insertions": 598,
        "deletions": 288,
        "date": "2019-10-01",
        "commitResults": [
          {
            "hash": "f11a3430b05a04bd1df216f67b09e7e548c8cc2d",
            "messageTitle": "Junit ver 1.0",
            "messageBody": "",
            "insertions": 6,
            "deletions": 5
          },
          {
            "hash": "f11a3430b05a04bd1df216f67b09e7e548c8cc2d",
            "messageTitle": "Junit ver 1.0",
            "messageBody": "",
            "insertions": 6,
            "deletions": 5
          },
          {
            "hash": "783df527aac56742cb2c612454e867af6782d820",
            "messageTitle": "Junit ver1.0 updated",
            "messageBody": "",
            "insertions": 286,
            "deletions": 131
          },
          {
            "hash": "783df527aac56742cb2c612454e867af6782d820",
            "messageTitle": "Junit ver1.0 updated",
            "messageBody": "",
            "insertions": 286,
            "deletions": 131
          },
          {
            "hash": "b1992ff8a7b977f8b56401c1dc1c803525443219",
            "messageTitle": "Junit ver1.0.1 format problem fixed",
            "messageBody": "",
            "insertions": 7,
            "deletions": 8
          },
          {
            "hash": "b1992ff8a7b977f8b56401c1dc1c803525443219",
            "messageTitle": "Junit ver1.0.1 format problem fixed",
            "messageBody": "",
            "insertions": 7,
            "deletions": 8
          }
        ]
      }
    ],
    "Catherinetan99": [
      {
        "insertions": 50,
        "deletions": 81,
        "date": "2019-09-30",
        "commitResults": [
          {
            "hash": "a6fa951760673131536fc4a8739914a2ffe652b8",
            "messageTitle": "change format of inputs to only handles start or end time. Remove set hour and minute",
            "messageBody": "",
            "insertions": 13,
            "deletions": 72
          },
          {
            "hash": "5a61c064547eb6fed7ed166547cc97753460491a",
            "messageTitle": "finish changing stuff",
            "messageBody": "",
            "insertions": 37,
            "deletions": 9
          }
        ]
      }
    ],
    "SholihinK": [
      {
        "insertions": 378,
        "deletions": 134,
        "date": "2019-09-28",
        "commitResults": [
          {
            "hash": "d1f14e53fbc37001db39a3198e8327a48ad2c740",
            "messageTitle": "Update output. Update GUI. Added Daily Cal skeleton for viewing",
            "messageBody": "",
            "insertions": 260,
            "deletions": 94
          },
          {
            "hash": "adc3917ca16deb7ac82a1ca61fcd9c623d59dbb8",
            "messageTitle": "Basic Daily View Completed",
            "messageBody": "",
            "insertions": 82,
            "deletions": 23
          },
          {
            "hash": "f39fa237a6a02e2dcd326c760b6d145a5ab97d01",
            "messageTitle": "Update to update daily timetable to reflect addition",
            "messageBody": "",
            "insertions": 36,
            "deletions": 17
          }
        ]
      },
      {
        "insertions": 452,
        "deletions": 309,
        "date": "2019-09-29",
        "commitResults": [
          {
            "hash": "b851925fb5192f730a530eefb804afb1ea77545e",
            "messageTitle": "Minor editting to dailyCal GUI Calculation",
            "messageBody": "",
            "insertions": 52,
            "deletions": 81
          },
          {
            "hash": "2839165b73fdc507043b23ae76443c7837bb9321",
            "messageTitle": "change toString to switch Cases",
            "messageBody": "",
            "insertions": 47,
            "deletions": 31
          },
          {
            "hash": "db75fda2f345a03c38ffded5a5ad879b334c4f46",
            "messageTitle": "change time to startTime and endTime",
            "messageBody": "",
            "insertions": 118,
            "deletions": 59
          },
          {
            "hash": "9a869c4eea5b1079d25b0f2788be3275ad072cca",
            "messageTitle": "recurTask to have start end end time",
            "messageBody": "",
            "insertions": 13,
            "deletions": 18
          },
          {
            "hash": "446e5788dc934ba3871e8a81d4821175d5ce7751",
            "messageTitle": "Deadline to have endTime",
            "messageBody": "",
            "insertions": 8,
            "deletions": 4
          },
          {
            "hash": "5d28b9519a571e4a817280d7506a05f58abf6c63",
            "messageTitle": "add startTime and endtime proper Validation",
            "messageBody": "",
            "insertions": 16,
            "deletions": 3
          },
          {
            "hash": "d4fbb8735f132d32d8a60612fe8002eb5a204812",
            "messageTitle": "Update revelevant Javadoc in subTask",
            "messageBody": "",
            "insertions": 9,
            "deletions": 1
          },
          {
            "hash": "bcb25874385fe44b2a70d74604f5a91d4c6fba58",
            "messageTitle": "Update Daily calender to print multiple slots.",
            "messageBody": "",
            "insertions": 189,
            "deletions": 112
          }
        ]
      },
      {
        "insertions": 407,
        "deletions": 380,
        "date": "2019-09-30",
        "commitResults": [
          {
            "hash": "723697d7dcf211490a483b470f1affbfeb0f79f5",
            "messageTitle": "Fix Bug in computation for gui",
            "messageBody": "",
            "insertions": 9,
            "deletions": 6
          },
          {
            "hash": "b864392b16a4ef49879cb875712b8240c0145976",
            "messageTitle": "Update GUI Bug + 100% accuracy for checkstyle",
            "messageBody": "",
            "insertions": 182,
            "deletions": 162
          },
          {
            "hash": "cdc557f69812028213f90081e50878c2f47b006d",
            "messageTitle": "Removed unused imports",
            "messageBody": "",
            "insertions": 1,
            "deletions": 16
          },
          {
            "hash": "1f06b5a00a94bf71e685ee549abedb8010f9a8e4",
            "messageTitle": "update daily calender to show given date",
            "messageBody": "",
            "insertions": 65,
            "deletions": 59
          },
          {
            "hash": "53a45b9e2c7c163ee488beaece63ce017b309a74",
            "messageTitle": "Fixed up javadoc error",
            "messageBody": "",
            "insertions": 1,
            "deletions": 1
          },
          {
            "hash": "a817eb595478d17112adf060e392738699da5be4",
            "messageTitle": "Change compal class to common class",
            "messageBody": "",
            "insertions": 62,
            "deletions": 68
          },
          {
            "hash": "b19bc217d150babe1788fdfb896324a2068bf863",
            "messageTitle": "change /sTime to /start \u0026 /eTime to /end parsing",
            "messageBody": "",
            "insertions": 2,
            "deletions": 2
          },
          {
            "hash": "415bcdaf1c7abb2b4cd349a118da0dd28b5fa19f",
            "messageTitle": "Fix Bug in daily calender that causes the schedule generated to overlap",
            "messageBody": "",
            "insertions": 85,
            "deletions": 66
          }
        ]
      },
      {
        "insertions": 83,
        "deletions": 37,
        "date": "2019-10-01",
        "commitResults": [
          {
            "hash": "98fd8c1bb0e400974f8ad49be3f2cac67d6460c4",
            "messageTitle": "Futher handle GUI clashes of events",
            "messageBody": "",
            "insertions": 43,
            "deletions": 12
          },
          {
            "hash": "a674875b14bfc5c2ae645ae6ac977d92fc948f28",
            "messageTitle": "Improve gui calculation, set view daily state to be set by user. added color filled function depending on type of events",
            "messageBody": "",
            "insertions": 40,
            "deletions": 25
          }
        ]
      },
      {
        "insertions": 20,
        "deletions": 1,
        "date": "2019-10-02",
        "commitResults": [
          {
            "hash": "f3505061b5e88f3a81aaeb339765be70fbbc1bfd",
            "messageTitle": "Update gradle to include jacoco",
            "messageBody": "",
            "insertions": 20,
            "deletions": 1
          }
        ]
      }
    ],
    "jaedonkey": [
      {
        "insertions": 50,
        "deletions": 34,
        "date": "2019-09-28",
        "commitResults": [
          {
            "hash": "ca9026b9a947d85cf756e5cde485af674efb9c9f",
            "messageTitle": "storage bug fix + GUI enlargement",
            "messageBody": "",
            "insertions": 50,
            "deletions": 34
          }
        ]
      }
    ],
    "yueyeah": [
      {
        "insertions": 61,
        "deletions": 19,
        "date": "2019-09-28",
        "commitResults": [
          {
            "hash": "a100e4b4d0444d8e8db2c7c871f71442c52556e3",
            "messageTitle": "Set default priority level to low",
            "messageBody": "",
            "insertions": 2,
            "deletions": 2
          },
          {
            "hash": "904c88f86fc183f18236c7d6688e85b8f813fac0",
            "messageTitle": "Error-Checking for rep, flexible freq",
            "messageBody": "",
            "insertions": 57,
            "deletions": 17
          },
          {
            "hash": "ba6cec8ae433ff6cece9ea45dfc0d7f4f5464212",
            "messageTitle": "Added back the deleted priority error lines",
            "messageBody": "",
            "insertions": 2,
            "deletions": 0
          }
        ]
      },
      {
        "insertions": 77,
        "deletions": 18,
        "date": "2019-09-29",
        "commitResults": [
          {
            "hash": "f3cf89e897eef0894f95576b2528c159898ece1a",
            "messageTitle": "Added lect, tut, sect, lab and adapted Storage for these",
            "messageBody": "",
            "insertions": 77,
            "deletions": 18
          }
        ]
      }
    ]
  },
  "authorFinalContributionMap": {
    "Yue Jun Yi": 0,
    "Lpeize": 283,
    "Catherinetan99": 15,
    "SholihinK": 718,
    "jaedonkey": 35,
    "yueyeah": 124
  },
  "authorFileTypeContributionMap": {
    "Yue Jun Yi": {
      "java": 0,
      "gradle": 0,
      "css": 0,
      "fxml": 0
    },
    "Lpeize": {
      "java": 283,
      "gradle": 0,
      "css": 0,
      "fxml": 0
    },
    "Catherinetan99": {
      "java": 15,
      "gradle": 0,
      "css": 0,
      "fxml": 0
    },
    "SholihinK": {
      "java": 677,
      "gradle": 19,
      "css": 0,
      "fxml": 22
    },
    "jaedonkey": {
      "java": 27,
      "gradle": 0,
      "css": 0,
      "fxml": 8
    },
    "yueyeah": {
      "java": 124,
      "gradle": 0,
      "css": 0,
      "fxml": 0
    }
  },
  "authorContributionVariance": {
    "Yue Jun Yi": 0.0,
    "Lpeize": 125599.35,
    "Catherinetan99": 2745.7603,
    "SholihinK": 101318.96,
    "jaedonkey": 1128.9597,
    "yueyeah": 1860.0
  },
  "authorDisplayNameMap": {
    "Yue Jun Yi": "Yue Jun Yi",
    "Lpeize": "lpeize",
    "Catherinetan99": "Catherinetan99",
    "SholihinK": "SholihinK",
    "jaedonkey": "jaedonkey",
    "yueyeah": "yueyeah"
  }
}
