{
  "authorDailyContributionsMap": {
    "LTPZ": [
      {
        "insertions": 574,
        "deletions": 25,
        "date": "2019-09-24",
        "commitResults": [
          {
            "hash": "2e936e06e7caca1d6782ccf3489c327fb80a676d",
            "messageTitle": "Added Junit Test for all classes under \"Tasks\" package",
            "messageBody": "",
            "insertions": 552,
            "deletions": 6
          },
          {
            "hash": "3676c02fa00f6466f25b696bd108a30d85843245",
            "messageTitle": "Checkstyle passes",
            "messageBody": "",
            "insertions": 20,
            "deletions": 16
          },
          {
            "hash": "731f0956631290ad64c9c29d9a8a93814e89ea97",
            "messageTitle": "fix tasklist test failure of initialization",
            "messageBody": "",
            "insertions": 2,
            "deletions": 2
          },
          {
            "hash": "b2390fd4c040fe8e8d386554fb66c3ee08bbacf3",
            "messageTitle": "testing purpose",
            "messageBody": "",
            "insertions": 0,
            "deletions": 1
          }
        ]
      },
      {
        "insertions": 299,
        "deletions": 144,
        "date": "2019-10-01",
        "commitResults": [
          {
            "hash": "f11a3430b05a04bd1df216f67b09e7e548c8cc2d",
            "messageTitle": "Junit ver 1.0",
            "messageBody": "",
            "insertions": 6,
            "deletions": 5
          },
          {
            "hash": "783df527aac56742cb2c612454e867af6782d820",
            "messageTitle": "Junit ver1.0 updated",
            "messageBody": "",
            "insertions": 286,
            "deletions": 131
          },
          {
            "hash": "b1992ff8a7b977f8b56401c1dc1c803525443219",
            "messageTitle": "Junit ver1.0.1 format problem fixed",
            "messageBody": "",
            "insertions": 7,
            "deletions": 8
          }
        ]
      },
      {
        "insertions": 697,
        "deletions": 23,
        "date": "2019-10-09",
        "commitResults": [
          {
            "hash": "eac98a3062bd4c70c868f12d12da02e0b386e0f1",
            "messageTitle": "Junit 1.2.1",
            "messageBody": "",
            "insertions": 137,
            "deletions": 6
          },
          {
            "hash": "19787c38c20004a77f6b87895dd691c8db19e20c",
            "messageTitle": "Junit 1.2.1.2",
            "messageBody": "",
            "insertions": 8,
            "deletions": 1
          },
          {
            "hash": "91a7411783c0cab63102fb2817dec561e95b47f1",
            "messageTitle": "Junit 1.2.2 ByeCommandTest added",
            "messageBody": "",
            "insertions": 24,
            "deletions": 15
          },
          {
            "hash": "43dbab25e80d4a0266da0e8814710bc744fe9d5d",
            "messageTitle": "Junit 1.2.3 Basic Testing for Commands",
            "messageBody": "",
            "insertions": 528,
            "deletions": 1
          }
        ]
      },
      {
        "insertions": 225,
        "deletions": 154,
        "date": "2019-10-10",
        "commitResults": [
          {
            "hash": "d76ea149a714908710ce3f147a856384caea5367",
            "messageTitle": "Junit 1.2.4 Add Junit for commons and storage, bugs for deadline type fixed",
            "messageBody": "",
            "insertions": 185,
            "deletions": 15
          },
          {
            "hash": "24d1f5a31603b1aa70f2644f3fa2558ed7cb31c8",
            "messageTitle": "Junit 1.2.5 codes with better quality",
            "messageBody": "",
            "insertions": 39,
            "deletions": 135
          },
          {
            "hash": "f6bd2b1d637dad56f3ab58f40417135d50694899",
            "messageTitle": "Junit 1.2.5.1 Junit with better better quality",
            "messageBody": "",
            "insertions": 1,
            "deletions": 4
          }
        ]
      },
      {
        "insertions": 15,
        "deletions": 0,
        "date": "2019-10-13",
        "commitResults": [
          {
            "hash": "f451f3c1d1ba47fee08029f555895235d8eec6b1",
            "messageTitle": "Junit 1.2.6",
            "messageBody": "",
            "insertions": 15,
            "deletions": 0
          }
        ]
      },
      {
        "insertions": 402,
        "deletions": 484,
        "date": "2019-10-14",
        "commitResults": [
          {
            "hash": "bf051f692d5d3f7a8dc46af10cfb74c2592302c3",
            "messageTitle": "Junit 1.2.6 temp",
            "messageBody": "",
            "insertions": 25,
            "deletions": 48
          },
          {
            "hash": "172fdfdc36c3a41793234682211ed0189e7c3be8",
            "messageTitle": "Junit 1.2.6 temp2",
            "messageBody": "",
            "insertions": 42,
            "deletions": 42
          },
          {
            "hash": "fbdee3debee6c634254595cd6090d641454acc10",
            "messageTitle": "Help function added \u0026 Junit 1.2.7 (every class has something being tested)",
            "messageBody": "",
            "insertions": 297,
            "deletions": 324
          },
          {
            "hash": "3d34a70a2999743722dbdae0b28d24b996c1c1ea",
            "messageTitle": "Travis problems fixed",
            "messageBody": "",
            "insertions": 21,
            "deletions": 7
          },
          {
            "hash": "b653bf962a3880c344c2f765167ddeb82ec52836",
            "messageTitle": "Help command \u0026 junit 1.2.7 with better code quality",
            "messageBody": "",
            "insertions": 17,
            "deletions": 63
          }
        ]
      }
    ],
    "Catherinetan99": [
      {
        "insertions": 752,
        "deletions": 368,
        "date": "2019-09-24",
        "commitResults": [
          {
            "hash": "fee2a9154acbdd3ce7a0e749fad2edbe49ba997c",
            "messageTitle": "Added JavaDoc",
            "messageBody": "",
            "insertions": 492,
            "deletions": 289
          },
          {
            "hash": "9bc3cd70bd352f20f031b83f0580cf4fb694d125",
            "messageTitle": "Fixed some bugs",
            "messageBody": "",
            "insertions": 24,
            "deletions": 15
          },
          {
            "hash": "e15aa9bd495c06ed968aa98878518bd662ed5da2",
            "messageTitle": "- Added priority field to every task (/priority) - Added remind function to set hasReminder as true (remind 2)",
            "messageBody": "",
            "insertions": 204,
            "deletions": 32
          },
          {
            "hash": "a4099a95b0b7be14ffde361fc7dbab6a732cd701",
            "messageTitle": "Corrected checkstyle errors",
            "messageBody": "",
            "insertions": 15,
            "deletions": 10
          },
          {
            "hash": "db5852f7ee7337bf4c0050e40a1502385d994018",
            "messageTitle": "Corrected checkstyle errors",
            "messageBody": "",
            "insertions": 3,
            "deletions": 4
          },
          {
            "hash": "54559b60fb6fb38a57568a868bad18213bf05586",
            "messageTitle": "Revert \"Corrected checkstyle errors\"",
            "messageBody": "This reverts commit db5852f7ee7337bf4c0050e40a1502385d994018.\n",
            "insertions": 4,
            "deletions": 3
          },
          {
            "hash": "50ad2c7192e957f1c40c8a1112e32c6d6b6e8a6a",
            "messageTitle": "Revert \"Corrected checkstyle errors\"",
            "messageBody": "This reverts commit a4099a95b0b7be14ffde361fc7dbab6a732cd701.\n",
            "insertions": 10,
            "deletions": 15
          }
        ]
      },
      {
        "insertions": 50,
        "deletions": 81,
        "date": "2019-09-30",
        "commitResults": [
          {
            "hash": "a6fa951760673131536fc4a8739914a2ffe652b8",
            "messageTitle": "change format of inputs to only handles start or end time. Remove set hour and minute",
            "messageBody": "",
            "insertions": 13,
            "deletions": 72
          },
          {
            "hash": "5a61c064547eb6fed7ed166547cc97753460491a",
            "messageTitle": "finish changing stuff",
            "messageBody": "",
            "insertions": 37,
            "deletions": 9
          }
        ]
      },
      {
        "insertions": 74,
        "deletions": 55,
        "date": "2019-10-09",
        "commitResults": [
          {
            "hash": "dfa8f73a343841341119a603ab1b800f7a9b5119",
            "messageTitle": "- Set view-reminder to take in number of days input by user (eg view-reminder 5); if there is no input, number of days is 7 by default. - Edited function for calculating priority score",
            "messageBody": "",
            "insertions": 64,
            "deletions": 45
          },
          {
            "hash": "9aa75a5bc017eb981dca8f7ef53509e2a0756021",
            "messageTitle": "- Set view-reminder to take in number of days input by user (eg view-reminder 5); if there is no input, number of days is 7 by default. - Edited function for calculating priority score",
            "messageBody": "",
            "insertions": 9,
            "deletions": 7
          },
          {
            "hash": "fd226ba7b5911278f5f885a44ee13daf4b3bf7cf",
            "messageTitle": "- corrected stylecheck errors",
            "messageBody": "",
            "insertions": 1,
            "deletions": 3
          }
        ]
      },
      {
        "insertions": 239,
        "deletions": 1,
        "date": "2019-10-15",
        "commitResults": [
          {
            "hash": "34325742960a99b656aa61656ebe01a74cf636fb",
            "messageTitle": "- Added sort function to sort tasks according to date and start time - Added find free slot function - Fixed some bugs",
            "messageBody": "",
            "insertions": 239,
            "deletions": 1
          }
        ]
      }
    ],
    "SholihinK": [
      {
        "insertions": 131,
        "deletions": 165,
        "date": "2019-09-21",
        "commitResults": [
          {
            "hash": "607654ccad6416a15968ae9b1810eca3576d3842",
            "messageTitle": "Small optimisation of code formatting",
            "messageBody": "",
            "insertions": 131,
            "deletions": 165
          }
        ]
      },
      {
        "insertions": 199,
        "deletions": 193,
        "date": "2019-09-22",
        "commitResults": [
          {
            "hash": "f6fc2d0e6a6ecf68f660462a3bafdbba6d34e6ee",
            "messageTitle": "Update error output to GUI and error handling for delelte",
            "messageBody": "",
            "insertions": 14,
            "deletions": 5
          },
          {
            "hash": "f1c213e53e6a4222c3cfce9111482b4c2efede31",
            "messageTitle": "Fixed input validation for all checking and fixed mostbugs",
            "messageBody": "",
            "insertions": 146,
            "deletions": 120
          },
          {
            "hash": "10611782632e47510510b68af2672320656f6849",
            "messageTitle": "Updating minor formating",
            "messageBody": "",
            "insertions": 39,
            "deletions": 68
          }
        ]
      },
      {
        "insertions": 183,
        "deletions": 173,
        "date": "2019-09-23",
        "commitResults": [
          {
            "hash": "31c5b66c1d06bf09ec9789092a7871d572d20181",
            "messageTitle": "Fix done not saving to file \u0026 firstTime init  when asking for name",
            "messageBody": "",
            "insertions": 77,
            "deletions": 114
          },
          {
            "hash": "723643c465dd605336455737dca7a0c43eca0a2c",
            "messageTitle": "Fixed reminder function, make it OOP and into a class",
            "messageBody": "",
            "insertions": 61,
            "deletions": 2
          },
          {
            "hash": "fb2f0631651c153ecaff4ba74c8caffe4f33f6e9",
            "messageTitle": "List now is viewed in sorted days, input validation of year input",
            "messageBody": "",
            "insertions": 18,
            "deletions": 1
          },
          {
            "hash": "3566e95c881823fce317185d44dd74e4ad670287",
            "messageTitle": "Formatting update",
            "messageBody": "",
            "insertions": 27,
            "deletions": 56
          }
        ]
      },
      {
        "insertions": 537,
        "deletions": 459,
        "date": "2019-09-24",
        "commitResults": [
          {
            "hash": "5f26062cd9571fd83ca2d0970a67970bbc792463",
            "messageTitle": "Rework Checkstyle",
            "messageBody": "",
            "insertions": 72,
            "deletions": 61
          },
          {
            "hash": "8dddcb41988f9c5a40038cba99a19fe17a75d6e0",
            "messageTitle": "Made UI a class,common class for error Message",
            "messageBody": "",
            "insertions": 387,
            "deletions": 333
          },
          {
            "hash": "e335ff7d84dbbb0ac0c52b0add12614dbb929067",
            "messageTitle": "Fix view command to use proper class function implemeted+ edit error messages",
            "messageBody": "",
            "insertions": 27,
            "deletions": 32
          },
          {
            "hash": "e181321194821e0ac605e47a010ac6aff3e0a594",
            "messageTitle": "Removed unused imports",
            "messageBody": "",
            "insertions": 2,
            "deletions": 3
          },
          {
            "hash": "f3732895a0af434ac8b41da9b63bea7c921f8d65",
            "messageTitle": "Fix testcase and ensure checkstyle work",
            "messageBody": "",
            "insertions": 49,
            "deletions": 30
          }
        ]
      },
      {
        "insertions": 37,
        "deletions": 31,
        "date": "2019-09-26",
        "commitResults": [
          {
            "hash": "cab87467a936861e71a05b51f1292327e7c5f06e",
            "messageTitle": "1.Rename Remind to SetReminder 2.Rename Reminder to ViewReminder",
            "messageBody": "",
            "insertions": 0,
            "deletions": 0
          },
          {
            "hash": "06b1b4f11ae0a55b16d6c7a5c6212cf86184b16a",
            "messageTitle": "Update SetReminder \u0026 ViewReminder commands",
            "messageBody": "",
            "insertions": 20,
            "deletions": 29
          },
          {
            "hash": "1cd1f58a0d62e5c524a82eecf5d142c718d18441",
            "messageTitle": "Fix checkStyle error",
            "messageBody": "",
            "insertions": 17,
            "deletions": 2
          }
        ]
      },
      {
        "insertions": 378,
        "deletions": 134,
        "date": "2019-09-28",
        "commitResults": [
          {
            "hash": "d1f14e53fbc37001db39a3198e8327a48ad2c740",
            "messageTitle": "Update output. Update GUI. Added Daily Cal skeleton for viewing",
            "messageBody": "",
            "insertions": 260,
            "deletions": 94
          },
          {
            "hash": "adc3917ca16deb7ac82a1ca61fcd9c623d59dbb8",
            "messageTitle": "Basic Daily View Completed",
            "messageBody": "",
            "insertions": 82,
            "deletions": 23
          },
          {
            "hash": "f39fa237a6a02e2dcd326c760b6d145a5ab97d01",
            "messageTitle": "Update to update daily timetable to reflect addition",
            "messageBody": "",
            "insertions": 36,
            "deletions": 17
          }
        ]
      },
      {
        "insertions": 452,
        "deletions": 309,
        "date": "2019-09-29",
        "commitResults": [
          {
            "hash": "b851925fb5192f730a530eefb804afb1ea77545e",
            "messageTitle": "Minor editting to dailyCal GUI Calculation",
            "messageBody": "",
            "insertions": 52,
            "deletions": 81
          },
          {
            "hash": "2839165b73fdc507043b23ae76443c7837bb9321",
            "messageTitle": "change toString to switch Cases",
            "messageBody": "",
            "insertions": 47,
            "deletions": 31
          },
          {
            "hash": "db75fda2f345a03c38ffded5a5ad879b334c4f46",
            "messageTitle": "change time to startTime and endTime",
            "messageBody": "",
            "insertions": 118,
            "deletions": 59
          },
          {
            "hash": "9a869c4eea5b1079d25b0f2788be3275ad072cca",
            "messageTitle": "recurTask to have start end end time",
            "messageBody": "",
            "insertions": 13,
            "deletions": 18
          },
          {
            "hash": "446e5788dc934ba3871e8a81d4821175d5ce7751",
            "messageTitle": "Deadline to have endTime",
            "messageBody": "",
            "insertions": 8,
            "deletions": 4
          },
          {
            "hash": "5d28b9519a571e4a817280d7506a05f58abf6c63",
            "messageTitle": "add startTime and endtime proper Validation",
            "messageBody": "",
            "insertions": 16,
            "deletions": 3
          },
          {
            "hash": "d4fbb8735f132d32d8a60612fe8002eb5a204812",
            "messageTitle": "Update revelevant Javadoc in subTask",
            "messageBody": "",
            "insertions": 9,
            "deletions": 1
          },
          {
            "hash": "bcb25874385fe44b2a70d74604f5a91d4c6fba58",
            "messageTitle": "Update Daily calender to print multiple slots.",
            "messageBody": "",
            "insertions": 189,
            "deletions": 112
          }
        ]
      },
      {
        "insertions": 407,
        "deletions": 380,
        "date": "2019-09-30",
        "commitResults": [
          {
            "hash": "723697d7dcf211490a483b470f1affbfeb0f79f5",
            "messageTitle": "Fix Bug in computation for gui",
            "messageBody": "",
            "insertions": 9,
            "deletions": 6
          },
          {
            "hash": "b864392b16a4ef49879cb875712b8240c0145976",
            "messageTitle": "Update GUI Bug + 100% accuracy for checkstyle",
            "messageBody": "",
            "insertions": 182,
            "deletions": 162
          },
          {
            "hash": "cdc557f69812028213f90081e50878c2f47b006d",
            "messageTitle": "Removed unused imports",
            "messageBody": "",
            "insertions": 1,
            "deletions": 16
          },
          {
            "hash": "1f06b5a00a94bf71e685ee549abedb8010f9a8e4",
            "messageTitle": "update daily calender to show given date",
            "messageBody": "",
            "insertions": 65,
            "deletions": 59
          },
          {
            "hash": "53a45b9e2c7c163ee488beaece63ce017b309a74",
            "messageTitle": "Fixed up javadoc error",
            "messageBody": "",
            "insertions": 1,
            "deletions": 1
          },
          {
            "hash": "a817eb595478d17112adf060e392738699da5be4",
            "messageTitle": "Change compal class to common class",
            "messageBody": "",
            "insertions": 62,
            "deletions": 68
          },
          {
            "hash": "b19bc217d150babe1788fdfb896324a2068bf863",
            "messageTitle": "change /sTime to /start \u0026 /eTime to /end parsing",
            "messageBody": "",
            "insertions": 2,
            "deletions": 2
          },
          {
            "hash": "415bcdaf1c7abb2b4cd349a118da0dd28b5fa19f",
            "messageTitle": "Fix Bug in daily calender that causes the schedule generated to overlap",
            "messageBody": "",
            "insertions": 85,
            "deletions": 66
          }
        ]
      },
      {
        "insertions": 83,
        "deletions": 37,
        "date": "2019-10-01",
        "commitResults": [
          {
            "hash": "98fd8c1bb0e400974f8ad49be3f2cac67d6460c4",
            "messageTitle": "Futher handle GUI clashes of events",
            "messageBody": "",
            "insertions": 43,
            "deletions": 12
          },
          {
            "hash": "a674875b14bfc5c2ae645ae6ac977d92fc948f28",
            "messageTitle": "Improve gui calculation, set view daily state to be set by user. added color filled function depending on type of events",
            "messageBody": "",
            "insertions": 40,
            "deletions": 25
          }
        ]
      },
      {
        "insertions": 20,
        "deletions": 1,
        "date": "2019-10-02",
        "commitResults": [
          {
            "hash": "f3505061b5e88f3a81aaeb339765be70fbbc1bfd",
            "messageTitle": "Update gradle to include jacoco",
            "messageBody": "",
            "insertions": 20,
            "deletions": 1
          }
        ]
      },
      {
        "insertions": 715,
        "deletions": 623,
        "date": "2019-10-08",
        "commitResults": [
          {
            "hash": "6e4728b1bdf049e955ab706b229cad743086bfb9",
            "messageTitle": "Make GUI OOP",
            "messageBody": "",
            "insertions": 613,
            "deletions": 555
          },
          {
            "hash": "a16f2497fa58fb6a8d38fdb01cca4fde484ba4ef",
            "messageTitle": "Improve DailyCalender GUI output",
            "messageBody": "",
            "insertions": 71,
            "deletions": 32
          },
          {
            "hash": "203cf02aed5669bb39f8bbff823cafe18c33045e",
            "messageTitle": "Update formatting for DailyCal and Ui",
            "messageBody": "",
            "insertions": 26,
            "deletions": 22
          },
          {
            "hash": "b0d11d64f426116b86c7cf5a1ccba8d122e72f30",
            "messageTitle": "Minor programming syntax issues fix",
            "messageBody": "",
            "insertions": 5,
            "deletions": 14
          }
        ]
      },
      {
        "insertions": 8,
        "deletions": 25,
        "date": "2019-10-09",
        "commitResults": [
          {
            "hash": "d379bd806986d4977fd4f8fcde9cf38fa6a26e09",
            "messageTitle": "remove unused import in main",
            "messageBody": "",
            "insertions": 1,
            "deletions": 18
          },
          {
            "hash": "5e48bc099387deba6be3230e6ae46bcfbae648e4",
            "messageTitle": "Rename StorageFile to StorageManager, update message /sTime to /start",
            "messageBody": "",
            "insertions": 7,
            "deletions": 7
          }
        ]
      },
      {
        "insertions": 229,
        "deletions": 131,
        "date": "2019-10-12",
        "commitResults": [
          {
            "hash": "3e7fa8e3ebfb2536e97a02310bad59b5fb91f976",
            "messageTitle": "Remove unused imports \u0026 commands  from parserManager",
            "messageBody": "",
            "insertions": 0,
            "deletions": 11
          },
          {
            "hash": "0364eb0e2fdd3ca9ffbbe252643c410b2c46b5f1",
            "messageTitle": "Update text output to be more specific in GUI",
            "messageBody": "",
            "insertions": 30,
            "deletions": 13
          },
          {
            "hash": "dfe848f26aba75a723cf052d863b17d3f93af973",
            "messageTitle": "Update secondary GUI to refresh base on addition or deletion",
            "messageBody": "",
            "insertions": 47,
            "deletions": 13
          },
          {
            "hash": "d55674453d1adff1f85f45daaab00867a0287307",
            "messageTitle": "Include input date validation to only add after current date and time",
            "messageBody": "",
            "insertions": 152,
            "deletions": 94
          }
        ]
      },
      {
        "insertions": 47,
        "deletions": 64,
        "date": "2019-10-13",
        "commitResults": [
          {
            "hash": "46f3f7eaa4d651f2fb10fe99fc66055935463e55",
            "messageTitle": "update coding standard",
            "messageBody": "",
            "insertions": 5,
            "deletions": 9
          },
          {
            "hash": "1c5c3de9072451d2c3eeb4d446bb3412157de102",
            "messageTitle": "update boolean return in isValidDateAndTime function",
            "messageBody": "",
            "insertions": 2,
            "deletions": 4
          },
          {
            "hash": "59ea0f7c6b17017a6c852afd338f3dd957be7ee0",
            "messageTitle": "Update DG to include UI",
            "messageBody": "",
            "insertions": 0,
            "deletions": 11
          },
          {
            "hash": "5515fc1132d8d01860fbfe75578d622423104ee5",
            "messageTitle": "Update DailyCalender to be sorted by priorityScore then timing. Update view to refresh stage daily calender irregardelss have task or not.",
            "messageBody": "",
            "insertions": 38,
            "deletions": 36
          },
          {
            "hash": "eaf91958c134cb5b306f6f40bc69c464436f093b",
            "messageTitle": "commented out sout from calculateAndSetPriorityScore",
            "messageBody": "",
            "insertions": 1,
            "deletions": 1
          },
          {
            "hash": "0c0c8a5ba8d28d133db2d99d7bf726fa848ab882",
            "messageTitle": "Update code formmating",
            "messageBody": "",
            "insertions": 1,
            "deletions": 3
          }
        ]
      },
      {
        "insertions": 105,
        "deletions": 210,
        "date": "2019-10-14",
        "commitResults": [
          {
            "hash": "7d7a5ee0afbe3c9e028a1a72be8c382675083ad7",
            "messageTitle": "CHange ViewReminderCommand to ViewReminder function in compal commons",
            "messageBody": "",
            "insertions": 70,
            "deletions": 132
          },
          {
            "hash": "b39b324f1e30b2b623b119952256cacb861b0bc6",
            "messageTitle": "Fix bug in deletion command execution",
            "messageBody": "",
            "insertions": 16,
            "deletions": 8
          },
          {
            "hash": "b763710f5ff2417b6127ebaf78389c99c6fd6ffd",
            "messageTitle": "Improve coding standard in compal.Java",
            "messageBody": "",
            "insertions": 2,
            "deletions": 3
          },
          {
            "hash": "f03a4d7eaa5345653108c082a0fbce6510a4a46d",
            "messageTitle": "Clear Screen when user input thing.",
            "messageBody": "",
            "insertions": 1,
            "deletions": 1
          },
          {
            "hash": "1a81136b394004e44da9c953446d053b7038017d",
            "messageTitle": "fix isValidDateAndTime bug",
            "messageBody": "",
            "insertions": 1,
            "deletions": 1
          },
          {
            "hash": "ae8f90000e9fd43a7e2416c5f47e5872f9bba5f8",
            "messageTitle": "remove FDT and DoAfterTask. viewReminder now is more time interactive.",
            "messageBody": "",
            "insertions": 10,
            "deletions": 61
          },
          {
            "hash": "f264a524008671528438a09e06d57798a694ff57",
            "messageTitle": "BugFix due to viewReminder function",
            "messageBody": "",
            "insertions": 5,
            "deletions": 4
          }
        ]
      },
      {
        "insertions": 114,
        "deletions": 70,
        "date": "2019-10-15",
        "commitResults": [
          {
            "hash": "b8a758ea5b3abc8bb9608c8c464b869e35435c5f",
            "messageTitle": "Fix formatting issues",
            "messageBody": "",
            "insertions": 93,
            "deletions": 68
          },
          {
            "hash": "150d4a77812ebe324fc0ca3b7079293bebd78bd8",
            "messageTitle": "Update Junit Test case",
            "messageBody": "",
            "insertions": 9,
            "deletions": 0
          },
          {
            "hash": "105265623826dfa1b433754bf5ec7b0476c60c45",
            "messageTitle": "Made taskList remove function, just more oop",
            "messageBody": "",
            "insertions": 11,
            "deletions": 1
          },
          {
            "hash": "e31e19ef5d14728ea42c41c49af83c37bf874441",
            "messageTitle": "fix format",
            "messageBody": "",
            "insertions": 1,
            "deletions": 1
          }
        ]
      }
    ],
    "jaedonkey": [
      {
        "insertions": 64,
        "deletions": 8,
        "date": "2019-09-26",
        "commitResults": [
          {
            "hash": "dcf2ae8f7c3651d05f1a30896ece459644680e3c",
            "messageTitle": "minor code + gui refinements",
            "messageBody": "",
            "insertions": 64,
            "deletions": 8
          }
        ]
      },
      {
        "insertions": 568,
        "deletions": 200,
        "date": "2019-09-27",
        "commitResults": [
          {
            "hash": "af884c9114d076043afc0ec3ace4e0991abbf642",
            "messageTitle": "storage mode: binary to text",
            "messageBody": "",
            "insertions": 197,
            "deletions": 97
          },
          {
            "hash": "9ef8254289ef84353a4ed4c04eb1fe3e318428c9",
            "messageTitle": "storage mode: binary to text more mature-looking GUI priority score calculation/sorting customize font, size and color for printg reminders are color-coded",
            "messageBody": "",
            "insertions": 371,
            "deletions": 103
          }
        ]
      },
      {
        "insertions": 50,
        "deletions": 34,
        "date": "2019-09-28",
        "commitResults": [
          {
            "hash": "ca9026b9a947d85cf756e5cde485af674efb9c9f",
            "messageTitle": "storage bug fix + GUI enlargement",
            "messageBody": "",
            "insertions": 50,
            "deletions": 34
          }
        ]
      },
      {
        "insertions": 157,
        "deletions": 131,
        "date": "2019-10-09",
        "commitResults": [
          {
            "hash": "caf8901186e2ed47de12c41a9bbc4eaae8529d01",
            "messageTitle": "storage mode: binary to text more mature-looking GUI priority score calculation/sorting customize font, size and color for printg reminders are color-coded",
            "messageBody": "",
            "insertions": 6,
            "deletions": 5
          },
          {
            "hash": "5e0e8b76442e2e4bdfd4ba4d55e19d57c59b91b8",
            "messageTitle": "cat\u0027s update + merge conflict",
            "messageBody": "",
            "insertions": 151,
            "deletions": 126
          }
        ]
      },
      {
        "insertions": 128,
        "deletions": 81,
        "date": "2019-10-15",
        "commitResults": [
          {
            "hash": "301e855c17451d33bbfcb02574e20d492a180f58",
            "messageTitle": "task id implementation",
            "messageBody": "",
            "insertions": 128,
            "deletions": 81
          }
        ]
      },
      {
        "insertions": 149,
        "deletions": 17,
        "date": "2019-10-16",
        "commitResults": [
          {
            "hash": "c8d74e922cbd6cf0d6062e059c9c3e3b0af5a224",
            "messageTitle": "editing of tasks (base implementation)",
            "messageBody": "",
            "insertions": 131,
            "deletions": 14
          },
          {
            "hash": "75c96c44b2e796706b7e1405cf6ebbbeb8e51bc5",
            "messageTitle": "editing of tasks (base implementation)",
            "messageBody": "",
            "insertions": 18,
            "deletions": 3
          }
        ]
      }
    ],
    "yueyeah": [
      {
        "insertions": 0,
        "deletions": 4,
        "date": "2019-09-24",
        "commitResults": [
          {
            "hash": "012cddc0b83cc7a7ce9a27dffb9d34d44f3bb236",
            "messageTitle": "Removed redundant keyword tokens e.g. /at, /by",
            "messageBody": "",
            "insertions": 0,
            "deletions": 4
          }
        ]
      },
      {
        "insertions": 61,
        "deletions": 19,
        "date": "2019-09-28",
        "commitResults": [
          {
            "hash": "a100e4b4d0444d8e8db2c7c871f71442c52556e3",
            "messageTitle": "Set default priority level to low",
            "messageBody": "",
            "insertions": 2,
            "deletions": 2
          },
          {
            "hash": "904c88f86fc183f18236c7d6688e85b8f813fac0",
            "messageTitle": "Error-Checking for rep, flexible freq",
            "messageBody": "",
            "insertions": 57,
            "deletions": 17
          },
          {
            "hash": "ba6cec8ae433ff6cece9ea45dfc0d7f4f5464212",
            "messageTitle": "Added back the deleted priority error lines",
            "messageBody": "",
            "insertions": 2,
            "deletions": 0
          }
        ]
      },
      {
        "insertions": 77,
        "deletions": 18,
        "date": "2019-09-29",
        "commitResults": [
          {
            "hash": "f3cf89e897eef0894f95576b2528c159898ece1a",
            "messageTitle": "Added lect, tut, sect, lab and adapted Storage for these",
            "messageBody": "",
            "insertions": 77,
            "deletions": 18
          }
        ]
      },
      {
        "insertions": 307,
        "deletions": 74,
        "date": "2019-10-11",
        "commitResults": [
          {
            "hash": "fed1ad525b54f449376bf03ada6a3faba7122628",
            "messageTitle": "Do not allow rep less than 1 for RecurTask Command",
            "messageBody": "",
            "insertions": 11,
            "deletions": 3
          },
          {
            "hash": "bbfb0b597aaaaaa1a843e9a8fc03272915f3d4ef",
            "messageTitle": "Inserted EMPTY_INPUT_STRING constant",
            "messageBody": "",
            "insertions": 2,
            "deletions": 1
          },
          {
            "hash": "f6a7828d8ae564e91e9de9f2c105fa5b6ec01358",
            "messageTitle": "Added basic end date function",
            "messageBody": "",
            "insertions": 202,
            "deletions": 15
          },
          {
            "hash": "47d2df78f7717c56b646b84de222c8908f184dea",
            "messageTitle": "Created AcadTask class and changed RecurTask class",
            "messageBody": "",
            "insertions": 48,
            "deletions": 39
          },
          {
            "hash": "d00cc0de95bb0930e22e51b06ce9b4f18008106a",
            "messageTitle": "Make checkstyle changes",
            "messageBody": "",
            "insertions": 44,
            "deletions": 16
          }
        ]
      },
      {
        "insertions": 391,
        "deletions": 517,
        "date": "2019-10-12",
        "commitResults": [
          {
            "hash": "4fe485b64757c8d40684e5069db3f8d1453f4f19",
            "messageTitle": "Added function to add multiple start dates for a Acad Task",
            "messageBody": "",
            "insertions": 130,
            "deletions": 120
          },
          {
            "hash": "1448af6cdee3f7db401f9b5addedb07a4de7a3e2",
            "messageTitle": "Fixed checkstyle errors and Updated javadoc",
            "messageBody": "",
            "insertions": 90,
            "deletions": 83
          },
          {
            "hash": "1dfdf1795132d8ec998443e7cf3a395c2c964017",
            "messageTitle": "Added edate to recurtask",
            "messageBody": "",
            "insertions": 147,
            "deletions": 123
          },
          {
            "hash": "e4523f903c6855a186f49151f7b5b2133c655c0b",
            "messageTitle": "Abstracted out addAcadTask and clean up RecurTask",
            "messageBody": "",
            "insertions": 24,
            "deletions": 9
          },
          {
            "hash": "0280c3492496165dddda4cd1f7c36f33a4274679",
            "messageTitle": "Removed DoAfterTask \u0026 FDTask",
            "messageBody": "",
            "insertions": 0,
            "deletions": 182
          }
        ]
      }
    ]
  },
  "authorFinalContributionMap": {
    "LTPZ": 1422,
    "Catherinetan99": 652,
    "SholihinK": 2028,
    "jaedonkey": 540,
    "yueyeah": 498
  },
  "authorFileTypeContributionMap": {
    "LTPZ": {
      "tests": 1289,
      "functional": 132,
      "other": 1
    },
    "Catherinetan99": {
      "tests": 0,
      "functional": 652
    },
    "SholihinK": {
      "tests": 39,
      "functional": 1968,
      "other": 21
    },
    "jaedonkey": {
      "tests": 0,
      "functional": 539,
      "other": 1
    },
    "yueyeah": {
      "tests": 0,
      "functional": 498
    }
  },
  "authorContributionVariance": {
    "LTPZ": 63323.0,
    "Catherinetan99": 47879.36,
    "SholihinK": 123292.336,
    "jaedonkey": 25360.652,
    "yueyeah": 34699.242
  },
  "authorDisplayNameMap": {
    "LTPZ": "CS2113T-W17-1 LIU  . . IZE",
    "Catherinetan99": "CS2113T-W17-1 TAN  . . INE",
    "SholihinK": "CS2113T-W17-1 MUH  . . DIN",
    "jaedonkey": "CS2113T-W17-1 JAE  . . WEI",
    "yueyeah": "CS2113T-W17-1 YUE  . .  YI"
  }
}
