{
  "authorDailyContributionsMap": {
    "LTPZ": [
      {
        "insertions": 574,
        "deletions": 25,
        "date": "2019-09-24",
        "commitResults": [
          {
            "hash": "2e936e06e7caca1d6782ccf3489c327fb80a676d",
            "messageTitle": "Added Junit Test for all classes under \"Tasks\" package",
            "messageBody": "",
            "insertions": 552,
            "deletions": 6
          },
          {
            "hash": "3676c02fa00f6466f25b696bd108a30d85843245",
            "messageTitle": "Checkstyle passes",
            "messageBody": "",
            "insertions": 20,
            "deletions": 16
          },
          {
            "hash": "731f0956631290ad64c9c29d9a8a93814e89ea97",
            "messageTitle": "fix tasklist test failure of initialization",
            "messageBody": "",
            "insertions": 2,
            "deletions": 2
          },
          {
            "hash": "b2390fd4c040fe8e8d386554fb66c3ee08bbacf3",
            "messageTitle": "testing purpose",
            "messageBody": "",
            "insertions": 0,
            "deletions": 1
          }
        ]
      },
      {
        "insertions": 299,
        "deletions": 144,
        "date": "2019-10-01",
        "commitResults": [
          {
            "hash": "f11a3430b05a04bd1df216f67b09e7e548c8cc2d",
            "messageTitle": "Junit ver 1.0",
            "messageBody": "",
            "insertions": 6,
            "deletions": 5
          },
          {
            "hash": "783df527aac56742cb2c612454e867af6782d820",
            "messageTitle": "Junit ver1.0 updated",
            "messageBody": "",
            "insertions": 286,
            "deletions": 131
          },
          {
            "hash": "b1992ff8a7b977f8b56401c1dc1c803525443219",
            "messageTitle": "Junit ver1.0.1 format problem fixed",
            "messageBody": "",
            "insertions": 7,
            "deletions": 8
          }
        ]
      },
      {
        "insertions": 697,
        "deletions": 23,
        "date": "2019-10-09",
        "commitResults": [
          {
            "hash": "eac98a3062bd4c70c868f12d12da02e0b386e0f1",
            "messageTitle": "Junit 1.2.1",
            "messageBody": "",
            "insertions": 137,
            "deletions": 6
          },
          {
            "hash": "19787c38c20004a77f6b87895dd691c8db19e20c",
            "messageTitle": "Junit 1.2.1.2",
            "messageBody": "",
            "insertions": 8,
            "deletions": 1
          },
          {
            "hash": "91a7411783c0cab63102fb2817dec561e95b47f1",
            "messageTitle": "Junit 1.2.2 ByeCommandTest added",
            "messageBody": "",
            "insertions": 24,
            "deletions": 15
          },
          {
            "hash": "43dbab25e80d4a0266da0e8814710bc744fe9d5d",
            "messageTitle": "Junit 1.2.3 Basic Testing for Commands",
            "messageBody": "",
            "insertions": 528,
            "deletions": 1
          }
        ]
      },
      {
        "insertions": 225,
        "deletions": 154,
        "date": "2019-10-10",
        "commitResults": [
          {
            "hash": "d76ea149a714908710ce3f147a856384caea5367",
            "messageTitle": "Junit 1.2.4 Add Junit for commons and storage, bugs for deadline type fixed",
            "messageBody": "",
            "insertions": 185,
            "deletions": 15
          },
          {
            "hash": "24d1f5a31603b1aa70f2644f3fa2558ed7cb31c8",
            "messageTitle": "Junit 1.2.5 codes with better quality",
            "messageBody": "",
            "insertions": 39,
            "deletions": 135
          },
          {
            "hash": "f6bd2b1d637dad56f3ab58f40417135d50694899",
            "messageTitle": "Junit 1.2.5.1 Junit with better better quality",
            "messageBody": "",
            "insertions": 1,
            "deletions": 4
          }
        ]
      },
      {
        "insertions": 15,
        "deletions": 0,
        "date": "2019-10-13",
        "commitResults": [
          {
            "hash": "f451f3c1d1ba47fee08029f555895235d8eec6b1",
            "messageTitle": "Junit 1.2.6",
            "messageBody": "",
            "insertions": 15,
            "deletions": 0
          }
        ]
      },
      {
        "insertions": 402,
        "deletions": 484,
        "date": "2019-10-14",
        "commitResults": [
          {
            "hash": "bf051f692d5d3f7a8dc46af10cfb74c2592302c3",
            "messageTitle": "Junit 1.2.6 temp",
            "messageBody": "",
            "insertions": 25,
            "deletions": 48
          },
          {
            "hash": "172fdfdc36c3a41793234682211ed0189e7c3be8",
            "messageTitle": "Junit 1.2.6 temp2",
            "messageBody": "",
            "insertions": 42,
            "deletions": 42
          },
          {
            "hash": "fbdee3debee6c634254595cd6090d641454acc10",
            "messageTitle": "Help function added \u0026 Junit 1.2.7 (every class has something being tested)",
            "messageBody": "",
            "insertions": 297,
            "deletions": 324
          },
          {
            "hash": "3d34a70a2999743722dbdae0b28d24b996c1c1ea",
            "messageTitle": "Travis problems fixed",
            "messageBody": "",
            "insertions": 21,
            "deletions": 7
          },
          {
            "hash": "b653bf962a3880c344c2f765167ddeb82ec52836",
            "messageTitle": "Help command \u0026 junit 1.2.7 with better code quality",
            "messageBody": "",
            "insertions": 17,
            "deletions": 63
          }
        ]
      },
      {
        "insertions": 187,
        "deletions": 3,
        "date": "2019-10-19",
        "commitResults": [
          {
            "hash": "774c89c634cc71bc043e13066c639e2172b7fc5c",
            "messageTitle": "Deadline v0.1 skeleton added",
            "messageBody": "",
            "insertions": 26,
            "deletions": 0
          },
          {
            "hash": "d8d3b688862e2b9bf09f28c4f6673cdb7b6bf0e8",
            "messageTitle": "deadline v1.0 added (with bug)",
            "messageBody": "",
            "insertions": 161,
            "deletions": 3
          }
        ]
      },
      {
        "insertions": 64,
        "deletions": 16,
        "date": "2019-10-20",
        "commitResults": [
          {
            "hash": "173fddc0058067ce92ad9d5198c546dbbf25e674",
            "messageTitle": "Deadline v1.1 deadline usable",
            "messageBody": "",
            "insertions": 5,
            "deletions": 4
          },
          {
            "hash": "a175c76d548bfcdb2f51c9def92d02ab1e96d70d",
            "messageTitle": "doc added",
            "messageBody": "",
            "insertions": 3,
            "deletions": 0
          },
          {
            "hash": "3ae40f98127ca0414c7457f9d40b26dba3890869",
            "messageTitle": "travis problem",
            "messageBody": "",
            "insertions": 1,
            "deletions": 1
          },
          {
            "hash": "f81ef0882a022b4147f82497c93cb72635f108e8",
            "messageTitle": "Deadline v1.3 check time before current time",
            "messageBody": "",
            "insertions": 38,
            "deletions": 4
          },
          {
            "hash": "2559fff0f37e4b5e0b18eabfce6f8fc38efca8d7",
            "messageTitle": "try to solve travis",
            "messageBody": "",
            "insertions": 8,
            "deletions": 0
          },
          {
            "hash": "ca67e03971398459f8a8c5d6281339fdb3960950",
            "messageTitle": "Travis fix",
            "messageBody": "",
            "insertions": 5,
            "deletions": 5
          },
          {
            "hash": "5a7a5325a3e46da7f5acc3b03ee3ff9c1566246e",
            "messageTitle": "Junit bug fix",
            "messageBody": "",
            "insertions": 4,
            "deletions": 2
          }
        ]
      },
      {
        "insertions": 302,
        "deletions": 75,
        "date": "2019-10-23",
        "commitResults": [
          {
            "hash": "89c840db8f2a66fbd2e4f118ed4c1359f4bec8fd",
            "messageTitle": "Help v1.0 function added",
            "messageBody": "",
            "insertions": 237,
            "deletions": 2
          },
          {
            "hash": "3c7774ccffea67eabcc7b11f198b0ba08e432eba",
            "messageTitle": "help v1.1 fomat fixed",
            "messageBody": "",
            "insertions": 41,
            "deletions": 34
          },
          {
            "hash": "33fb8e7035db4b4553b0a8afbac2bbc3bdd45834",
            "messageTitle": "fix Codacy problem",
            "messageBody": "",
            "insertions": 0,
            "deletions": 15
          },
          {
            "hash": "43bf71fd3f1ef87dbec5f893af90c1f24fb17495",
            "messageTitle": "Try to fix Codacy",
            "messageBody": "",
            "insertions": 12,
            "deletions": 12
          },
          {
            "hash": "bfbfac57cc0246c83900b4c3239b1279c4edb238",
            "messageTitle": "Revert \"Try to fix Codacy\"",
            "messageBody": "This reverts commit 43bf71fd3f1ef87dbec5f893af90c1f24fb17495.\n",
            "insertions": 12,
            "deletions": 12
          }
        ]
      },
      {
        "insertions": 63,
        "deletions": 53,
        "date": "2019-10-24",
        "commitResults": [
          {
            "hash": "55ef841625c58279361c1ec4a17512036405cb58",
            "messageTitle": "Help v1.2 bugs fixed, deleted /command requirement",
            "messageBody": "",
            "insertions": 63,
            "deletions": 53
          }
        ]
      },
      {
        "insertions": 2,
        "deletions": 0,
        "date": "2019-10-28",
        "commitResults": [
          {
            "hash": "025e0092ef7d369edfe54d5880b07a652aec1a95",
            "messageTitle": "png changes",
            "messageBody": "",
            "insertions": 2,
            "deletions": 0
          }
        ]
      },
      {
        "insertions": 428,
        "deletions": 38,
        "date": "2019-10-29",
        "commitResults": [
          {
            "hash": "b8b4398816783d77c872eaa98334bf3dcc601839",
            "messageTitle": "update author\u0026log",
            "messageBody": "",
            "insertions": 20,
            "deletions": 0
          },
          {
            "hash": "c2854c687271bdd2b0ffc569c1ab17bffb09de53",
            "messageTitle": "update junit \u0026 help \u0026 ug",
            "messageBody": "",
            "insertions": 363,
            "deletions": 9
          },
          {
            "hash": "361780f082f510c514d9a18f4f62c8bed7c4b17e",
            "messageTitle": "pass checkstyle add help for delete function",
            "messageBody": "",
            "insertions": 36,
            "deletions": 21
          },
          {
            "hash": "dc2e4fabf088c72a8006020491004f07ba90ec06",
            "messageTitle": "fix Codacy",
            "messageBody": "",
            "insertions": 1,
            "deletions": 1
          },
          {
            "hash": "1381b957ed71cb2c3b5b8a47760f422fabf0c134",
            "messageTitle": "fix Codacy again",
            "messageBody": "",
            "insertions": 1,
            "deletions": 1
          },
          {
            "hash": "5f1fe19a2e4b3d1b9379a659920c665587e68e44",
            "messageTitle": "add delete in general help",
            "messageBody": "",
            "insertions": 4,
            "deletions": 3
          },
          {
            "hash": "9c5e7456ea5884d01219ad7c63083b4e7a0f675b",
            "messageTitle": "Help bug fixed",
            "messageBody": "",
            "insertions": 3,
            "deletions": 3
          }
        ]
      },
      {
        "insertions": 44,
        "deletions": 22,
        "date": "2019-11-01",
        "commitResults": [
          {
            "hash": "33405744833dc60142b32b36de0aa0b8a7bd1d95",
            "messageTitle": "fix help bug",
            "messageBody": "",
            "insertions": 44,
            "deletions": 22
          }
        ]
      },
      {
        "insertions": 43,
        "deletions": 11,
        "date": "2019-11-02",
        "commitResults": [
          {
            "hash": "8b5fc0076631eb6fec3355e7e6f93591f5aa2ff9",
            "messageTitle": "Solve issue 253 226",
            "messageBody": "",
            "insertions": 43,
            "deletions": 11
          }
        ]
      },
      {
        "insertions": 108,
        "deletions": 41,
        "date": "2019-11-04",
        "commitResults": [
          {
            "hash": "365a373449d493db7c5467a3b5ed4be07fd26d8d",
            "messageTitle": "fix bugs",
            "messageBody": "",
            "insertions": 54,
            "deletions": 14
          },
          {
            "hash": "7c7b90f4a24c94da950e318f3f13993d48d8caa9",
            "messageTitle": "update junit",
            "messageBody": "",
            "insertions": 54,
            "deletions": 27
          }
        ]
      },
      {
        "insertions": 6,
        "deletions": 1,
        "date": "2019-11-05",
        "commitResults": [
          {
            "hash": "56dd728839cc5cac9a9dfc5c4b7b3b1050974ced",
            "messageTitle": "solve issue #242",
            "messageBody": "",
            "insertions": 6,
            "deletions": 1
          }
        ]
      },
      {
        "insertions": 55,
        "deletions": 8,
        "date": "2019-11-06",
        "commitResults": [
          {
            "hash": "a9f1d354eb7850239843cfa4391e57477ac11fe5",
            "messageTitle": "Fix extra para bug",
            "messageBody": "",
            "insertions": 52,
            "deletions": 2
          },
          {
            "hash": "041b8452418f001fdbc4c120ed6a453f4ea985fd",
            "messageTitle": "Make Codacy happy",
            "messageBody": "",
            "insertions": 3,
            "deletions": 6
          }
        ]
      },
      {
        "insertions": 52,
        "deletions": 44,
        "date": "2019-11-11",
        "commitResults": [
          {
            "hash": "e27edfb88ec308711956d9c1a81ab59bf254f894",
            "messageTitle": "update help",
            "messageBody": "",
            "insertions": 52,
            "deletions": 44
          }
        ]
      }
    ],
    "Catherinetan99": [
      {
        "insertions": 752,
        "deletions": 368,
        "date": "2019-09-24",
        "commitResults": [
          {
            "hash": "fee2a9154acbdd3ce7a0e749fad2edbe49ba997c",
            "messageTitle": "Added JavaDoc",
            "messageBody": "",
            "insertions": 492,
            "deletions": 289
          },
          {
            "hash": "9bc3cd70bd352f20f031b83f0580cf4fb694d125",
            "messageTitle": "Fixed some bugs",
            "messageBody": "",
            "insertions": 24,
            "deletions": 15
          },
          {
            "hash": "e15aa9bd495c06ed968aa98878518bd662ed5da2",
            "messageTitle": "- Added priority field to every task (/priority) - Added remind function to set hasReminder as true (remind 2)",
            "messageBody": "",
            "insertions": 204,
            "deletions": 32
          },
          {
            "hash": "a4099a95b0b7be14ffde361fc7dbab6a732cd701",
            "messageTitle": "Corrected checkstyle errors",
            "messageBody": "",
            "insertions": 15,
            "deletions": 10
          },
          {
            "hash": "db5852f7ee7337bf4c0050e40a1502385d994018",
            "messageTitle": "Corrected checkstyle errors",
            "messageBody": "",
            "insertions": 3,
            "deletions": 4
          },
          {
            "hash": "54559b60fb6fb38a57568a868bad18213bf05586",
            "messageTitle": "Revert \"Corrected checkstyle errors\"",
            "messageBody": "This reverts commit db5852f7ee7337bf4c0050e40a1502385d994018.\n",
            "insertions": 4,
            "deletions": 3
          },
          {
            "hash": "50ad2c7192e957f1c40c8a1112e32c6d6b6e8a6a",
            "messageTitle": "Revert \"Corrected checkstyle errors\"",
            "messageBody": "This reverts commit a4099a95b0b7be14ffde361fc7dbab6a732cd701.\n",
            "insertions": 10,
            "deletions": 15
          }
        ]
      },
      {
        "insertions": 50,
        "deletions": 81,
        "date": "2019-09-30",
        "commitResults": [
          {
            "hash": "a6fa951760673131536fc4a8739914a2ffe652b8",
            "messageTitle": "change format of inputs to only handles start or end time. Remove set hour and minute",
            "messageBody": "",
            "insertions": 13,
            "deletions": 72
          },
          {
            "hash": "5a61c064547eb6fed7ed166547cc97753460491a",
            "messageTitle": "finish changing stuff",
            "messageBody": "",
            "insertions": 37,
            "deletions": 9
          }
        ]
      },
      {
        "insertions": 74,
        "deletions": 55,
        "date": "2019-10-09",
        "commitResults": [
          {
            "hash": "dfa8f73a343841341119a603ab1b800f7a9b5119",
            "messageTitle": "- Set view-reminder to take in number of days input by user (eg view-reminder 5); if there is no input, number of days is 7 by default. - Edited function for calculating priority score",
            "messageBody": "",
            "insertions": 64,
            "deletions": 45
          },
          {
            "hash": "9aa75a5bc017eb981dca8f7ef53509e2a0756021",
            "messageTitle": "- Set view-reminder to take in number of days input by user (eg view-reminder 5); if there is no input, number of days is 7 by default. - Edited function for calculating priority score",
            "messageBody": "",
            "insertions": 9,
            "deletions": 7
          },
          {
            "hash": "fd226ba7b5911278f5f885a44ee13daf4b3bf7cf",
            "messageTitle": "- corrected stylecheck errors",
            "messageBody": "",
            "insertions": 1,
            "deletions": 3
          }
        ]
      },
      {
        "insertions": 239,
        "deletions": 1,
        "date": "2019-10-15",
        "commitResults": [
          {
            "hash": "34325742960a99b656aa61656ebe01a74cf636fb",
            "messageTitle": "- Added sort function to sort tasks according to date and start time - Added find free slot function - Fixed some bugs",
            "messageBody": "",
            "insertions": 239,
            "deletions": 1
          }
        ]
      },
      {
        "insertions": 224,
        "deletions": 30,
        "date": "2019-10-19",
        "commitResults": [
          {
            "hash": "81ddce894c9add872d2fcf25586ab4f9a33dcb7e",
            "messageTitle": "- Added set reminder command - Added view reminder command",
            "messageBody": "",
            "insertions": 216,
            "deletions": 19
          },
          {
            "hash": "11026e3c641ce9a2ba5b0ce032142768d3c08759",
            "messageTitle": "Fixed checkstyle issues",
            "messageBody": "",
            "insertions": 8,
            "deletions": 11
          }
        ]
      },
      {
        "insertions": 308,
        "deletions": 38,
        "date": "2019-10-21",
        "commitResults": [
          {
            "hash": "482c2ba27851fb14c6fef97a4872ed60e9eb7375",
            "messageTitle": "-Added find free slot feature",
            "messageBody": "",
            "insertions": 303,
            "deletions": 32
          },
          {
            "hash": "5678040f9372fc1bee0660b3310a8359cea79f77",
            "messageTitle": "-Fixed codacy issues",
            "messageBody": "",
            "insertions": 5,
            "deletions": 6
          }
        ]
      },
      {
        "insertions": 14,
        "deletions": 4,
        "date": "2019-10-22",
        "commitResults": [
          {
            "hash": "c65c057cad06298cf8c0f5c6be0f0add51dc2a8c",
            "messageTitle": "Fixed some bugs",
            "messageBody": "",
            "insertions": 12,
            "deletions": 2
          },
          {
            "hash": "c720ff64cfdd3f07fd86e4f1845da2b87e4c7604",
            "messageTitle": "Fixed checkstyle",
            "messageBody": "",
            "insertions": 2,
            "deletions": 2
          }
        ]
      },
      {
        "insertions": 6,
        "deletions": 6,
        "date": "2019-10-24",
        "commitResults": [
          {
            "hash": "5ea5179e11c8624765b0c244faa2129bb5ef7851",
            "messageTitle": "Updated DG",
            "messageBody": "",
            "insertions": 6,
            "deletions": 6
          }
        ]
      },
      {
        "insertions": 8,
        "deletions": 0,
        "date": "2019-10-27",
        "commitResults": [
          {
            "hash": "23c67077081df462a8f517144e007863a82f6fa8",
            "messageTitle": "Added authorship",
            "messageBody": "",
            "insertions": 8,
            "deletions": 0
          }
        ]
      },
      {
        "insertions": 254,
        "deletions": 23,
        "date": "2019-10-28",
        "commitResults": [
          {
            "hash": "dfbfc21a1a5cb1e6a91aa92e6a389362158f47cf",
            "messageTitle": "Added JUnit testing: - FindFreeSlotCommandParserTest - SetReminderCommandParserTest - ViewReminderCommandParserTest",
            "messageBody": "",
            "insertions": 254,
            "deletions": 23
          }
        ]
      },
      {
        "insertions": 331,
        "deletions": 50,
        "date": "2019-10-29",
        "commitResults": [
          {
            "hash": "8c69d985126933e03edc78126e9e6c0267313a22",
            "messageTitle": "Added Junit Testing - FindFreeSlotCommandTest - SetReminderCommandTest - ViewReminderCommandTest",
            "messageBody": "",
            "insertions": 277,
            "deletions": 41
          },
          {
            "hash": "775836d5cc9e443113e91a086ea29130cd94e3c8",
            "messageTitle": "Fixed some bugs",
            "messageBody": "",
            "insertions": 54,
            "deletions": 7
          },
          {
            "hash": "47dafe2f09e921af32b09e8e75afe624e01ce3b2",
            "messageTitle": "Fixed codacy issues",
            "messageBody": "",
            "insertions": 0,
            "deletions": 2
          }
        ]
      },
      {
        "insertions": 36,
        "deletions": 2,
        "date": "2019-10-30",
        "commitResults": [
          {
            "hash": "7800ec199aa4cbb94b10fb0ee96d81f1ca3a7010",
            "messageTitle": "Added more Junit testing",
            "messageBody": "",
            "insertions": 36,
            "deletions": 2
          }
        ]
      },
      {
        "insertions": 96,
        "deletions": 42,
        "date": "2019-11-01",
        "commitResults": [
          {
            "hash": "5eb7dc034cfec597ac9cfcebab0a5034cb6fc87b",
            "messageTitle": "Fixed bugs",
            "messageBody": "",
            "insertions": 62,
            "deletions": 21
          },
          {
            "hash": "13b2d4ca83faf6d2d7ab431d6e8d103db985ba93",
            "messageTitle": "Fixed checkstyle issues",
            "messageBody": "",
            "insertions": 11,
            "deletions": 4
          },
          {
            "hash": "e839d943d7a39dd4cf45ddb6de3c812700daea75",
            "messageTitle": "Fixed codacy",
            "messageBody": "",
            "insertions": 3,
            "deletions": 6
          },
          {
            "hash": "056d343345032efca13d968b6f5dad991b571e8d",
            "messageTitle": "Fixed codacy",
            "messageBody": "",
            "insertions": 1,
            "deletions": 6
          },
          {
            "hash": "e481880af36452774e5e546c5cf5b12fa7925115",
            "messageTitle": "Updated JUnit tests",
            "messageBody": "",
            "insertions": 10,
            "deletions": 3
          },
          {
            "hash": "2aa59ef229540e32bef57847fd95535c20b4c12f",
            "messageTitle": "Fixed codacy",
            "messageBody": "",
            "insertions": 1,
            "deletions": 2
          },
          {
            "hash": "df02f6e8cb86c2adf6a7a232a3bca0b1e957f47a",
            "messageTitle": "Commented out parset JUnit test for now",
            "messageBody": "",
            "insertions": 8,
            "deletions": 0
          }
        ]
      },
      {
        "insertions": 89,
        "deletions": 22,
        "date": "2019-11-08",
        "commitResults": [
          {
            "hash": "755b43e96562242a46119f8bb5485fcf4e59f4e5",
            "messageTitle": "Added logging",
            "messageBody": "",
            "insertions": 45,
            "deletions": 2
          },
          {
            "hash": "9d586f620ecc5ac88df89f26e55050090d4598dc",
            "messageTitle": "Update to handle extra param for command",
            "messageBody": "",
            "insertions": 25,
            "deletions": 0
          },
          {
            "hash": "c4c4333b261f505bc7ab0aabf81fb00f69ff10d9",
            "messageTitle": "Fixed codacy",
            "messageBody": "",
            "insertions": 1,
            "deletions": 1
          },
          {
            "hash": "99dad694f2693ea8df8337e607fa60abcd303a08",
            "messageTitle": "Added JUnit test for findfreeslot command parser",
            "messageBody": "",
            "insertions": 18,
            "deletions": 19
          }
        ]
      },
      {
        "insertions": 28,
        "deletions": 3,
        "date": "2019-11-09",
        "commitResults": [
          {
            "hash": "b8a41bf218ca18ccb44e2e1f705595c1652530a9",
            "messageTitle": "Added deadline and events to createData function",
            "messageBody": "",
            "insertions": 22,
            "deletions": 0
          },
          {
            "hash": "dc562228636f581519df293674b02360a55aed63",
            "messageTitle": "Fixed checkstyle issues",
            "messageBody": "",
            "insertions": 6,
            "deletions": 3
          }
        ]
      }
    ],
    "SholihinK": [
      {
        "insertions": 131,
        "deletions": 165,
        "date": "2019-09-21",
        "commitResults": [
          {
            "hash": "607654ccad6416a15968ae9b1810eca3576d3842",
            "messageTitle": "Small optimisation of code formatting",
            "messageBody": "",
            "insertions": 131,
            "deletions": 165
          }
        ]
      },
      {
        "insertions": 199,
        "deletions": 193,
        "date": "2019-09-22",
        "commitResults": [
          {
            "hash": "f6fc2d0e6a6ecf68f660462a3bafdbba6d34e6ee",
            "messageTitle": "Update error output to GUI and error handling for delelte",
            "messageBody": "",
            "insertions": 14,
            "deletions": 5
          },
          {
            "hash": "f1c213e53e6a4222c3cfce9111482b4c2efede31",
            "messageTitle": "Fixed input validation for all checking and fixed mostbugs",
            "messageBody": "",
            "insertions": 146,
            "deletions": 120
          },
          {
            "hash": "10611782632e47510510b68af2672320656f6849",
            "messageTitle": "Updating minor formating",
            "messageBody": "",
            "insertions": 39,
            "deletions": 68
          }
        ]
      },
      {
        "insertions": 183,
        "deletions": 173,
        "date": "2019-09-23",
        "commitResults": [
          {
            "hash": "31c5b66c1d06bf09ec9789092a7871d572d20181",
            "messageTitle": "Fix done not saving to file \u0026 firstTime init  when asking for name",
            "messageBody": "",
            "insertions": 77,
            "deletions": 114
          },
          {
            "hash": "723643c465dd605336455737dca7a0c43eca0a2c",
            "messageTitle": "Fixed reminder function, make it OOP and into a class",
            "messageBody": "",
            "insertions": 61,
            "deletions": 2
          },
          {
            "hash": "fb2f0631651c153ecaff4ba74c8caffe4f33f6e9",
            "messageTitle": "List now is viewed in sorted days, input validation of year input",
            "messageBody": "",
            "insertions": 18,
            "deletions": 1
          },
          {
            "hash": "3566e95c881823fce317185d44dd74e4ad670287",
            "messageTitle": "Formatting update",
            "messageBody": "",
            "insertions": 27,
            "deletions": 56
          }
        ]
      },
      {
        "insertions": 537,
        "deletions": 459,
        "date": "2019-09-24",
        "commitResults": [
          {
            "hash": "5f26062cd9571fd83ca2d0970a67970bbc792463",
            "messageTitle": "Rework Checkstyle",
            "messageBody": "",
            "insertions": 72,
            "deletions": 61
          },
          {
            "hash": "8dddcb41988f9c5a40038cba99a19fe17a75d6e0",
            "messageTitle": "Made UI a class,common class for error Message",
            "messageBody": "",
            "insertions": 387,
            "deletions": 333
          },
          {
            "hash": "e335ff7d84dbbb0ac0c52b0add12614dbb929067",
            "messageTitle": "Fix view command to use proper class function implemeted+ edit error messages",
            "messageBody": "",
            "insertions": 27,
            "deletions": 32
          },
          {
            "hash": "e181321194821e0ac605e47a010ac6aff3e0a594",
            "messageTitle": "Removed unused imports",
            "messageBody": "",
            "insertions": 2,
            "deletions": 3
          },
          {
            "hash": "f3732895a0af434ac8b41da9b63bea7c921f8d65",
            "messageTitle": "Fix testcase and ensure checkstyle work",
            "messageBody": "",
            "insertions": 49,
            "deletions": 30
          }
        ]
      },
      {
        "insertions": 37,
        "deletions": 31,
        "date": "2019-09-26",
        "commitResults": [
          {
            "hash": "cab87467a936861e71a05b51f1292327e7c5f06e",
            "messageTitle": "1.Rename Remind to SetReminder 2.Rename Reminder to ViewReminder",
            "messageBody": "",
            "insertions": 0,
            "deletions": 0
          },
          {
            "hash": "06b1b4f11ae0a55b16d6c7a5c6212cf86184b16a",
            "messageTitle": "Update SetReminder \u0026 ViewReminder commands",
            "messageBody": "",
            "insertions": 20,
            "deletions": 29
          },
          {
            "hash": "1cd1f58a0d62e5c524a82eecf5d142c718d18441",
            "messageTitle": "Fix checkStyle error",
            "messageBody": "",
            "insertions": 17,
            "deletions": 2
          }
        ]
      },
      {
        "insertions": 378,
        "deletions": 134,
        "date": "2019-09-28",
        "commitResults": [
          {
            "hash": "d1f14e53fbc37001db39a3198e8327a48ad2c740",
            "messageTitle": "Update output. Update GUI. Added Daily Cal skeleton for viewing",
            "messageBody": "",
            "insertions": 260,
            "deletions": 94
          },
          {
            "hash": "adc3917ca16deb7ac82a1ca61fcd9c623d59dbb8",
            "messageTitle": "Basic Daily View Completed",
            "messageBody": "",
            "insertions": 82,
            "deletions": 23
          },
          {
            "hash": "f39fa237a6a02e2dcd326c760b6d145a5ab97d01",
            "messageTitle": "Update to update daily timetable to reflect addition",
            "messageBody": "",
            "insertions": 36,
            "deletions": 17
          }
        ]
      },
      {
        "insertions": 452,
        "deletions": 309,
        "date": "2019-09-29",
        "commitResults": [
          {
            "hash": "b851925fb5192f730a530eefb804afb1ea77545e",
            "messageTitle": "Minor editting to dailyCal GUI Calculation",
            "messageBody": "",
            "insertions": 52,
            "deletions": 81
          },
          {
            "hash": "2839165b73fdc507043b23ae76443c7837bb9321",
            "messageTitle": "change toString to switch Cases",
            "messageBody": "",
            "insertions": 47,
            "deletions": 31
          },
          {
            "hash": "db75fda2f345a03c38ffded5a5ad879b334c4f46",
            "messageTitle": "change time to startTime and endTime",
            "messageBody": "",
            "insertions": 118,
            "deletions": 59
          },
          {
            "hash": "9a869c4eea5b1079d25b0f2788be3275ad072cca",
            "messageTitle": "recurTask to have start end end time",
            "messageBody": "",
            "insertions": 13,
            "deletions": 18
          },
          {
            "hash": "446e5788dc934ba3871e8a81d4821175d5ce7751",
            "messageTitle": "Deadline to have endTime",
            "messageBody": "",
            "insertions": 8,
            "deletions": 4
          },
          {
            "hash": "5d28b9519a571e4a817280d7506a05f58abf6c63",
            "messageTitle": "add startTime and endtime proper Validation",
            "messageBody": "",
            "insertions": 16,
            "deletions": 3
          },
          {
            "hash": "d4fbb8735f132d32d8a60612fe8002eb5a204812",
            "messageTitle": "Update revelevant Javadoc in subTask",
            "messageBody": "",
            "insertions": 9,
            "deletions": 1
          },
          {
            "hash": "bcb25874385fe44b2a70d74604f5a91d4c6fba58",
            "messageTitle": "Update Daily calender to print multiple slots.",
            "messageBody": "",
            "insertions": 189,
            "deletions": 112
          }
        ]
      },
      {
        "insertions": 407,
        "deletions": 380,
        "date": "2019-09-30",
        "commitResults": [
          {
            "hash": "723697d7dcf211490a483b470f1affbfeb0f79f5",
            "messageTitle": "Fix Bug in computation for gui",
            "messageBody": "",
            "insertions": 9,
            "deletions": 6
          },
          {
            "hash": "b864392b16a4ef49879cb875712b8240c0145976",
            "messageTitle": "Update GUI Bug + 100% accuracy for checkstyle",
            "messageBody": "",
            "insertions": 182,
            "deletions": 162
          },
          {
            "hash": "cdc557f69812028213f90081e50878c2f47b006d",
            "messageTitle": "Removed unused imports",
            "messageBody": "",
            "insertions": 1,
            "deletions": 16
          },
          {
            "hash": "1f06b5a00a94bf71e685ee549abedb8010f9a8e4",
            "messageTitle": "update daily calender to show given date",
            "messageBody": "",
            "insertions": 65,
            "deletions": 59
          },
          {
            "hash": "53a45b9e2c7c163ee488beaece63ce017b309a74",
            "messageTitle": "Fixed up javadoc error",
            "messageBody": "",
            "insertions": 1,
            "deletions": 1
          },
          {
            "hash": "a817eb595478d17112adf060e392738699da5be4",
            "messageTitle": "Change compal class to common class",
            "messageBody": "",
            "insertions": 62,
            "deletions": 68
          },
          {
            "hash": "b19bc217d150babe1788fdfb896324a2068bf863",
            "messageTitle": "change /sTime to /start \u0026 /eTime to /end parsing",
            "messageBody": "",
            "insertions": 2,
            "deletions": 2
          },
          {
            "hash": "415bcdaf1c7abb2b4cd349a118da0dd28b5fa19f",
            "messageTitle": "Fix Bug in daily calender that causes the schedule generated to overlap",
            "messageBody": "",
            "insertions": 85,
            "deletions": 66
          }
        ]
      },
      {
        "insertions": 83,
        "deletions": 37,
        "date": "2019-10-01",
        "commitResults": [
          {
            "hash": "98fd8c1bb0e400974f8ad49be3f2cac67d6460c4",
            "messageTitle": "Futher handle GUI clashes of events",
            "messageBody": "",
            "insertions": 43,
            "deletions": 12
          },
          {
            "hash": "a674875b14bfc5c2ae645ae6ac977d92fc948f28",
            "messageTitle": "Improve gui calculation, set view daily state to be set by user. added color filled function depending on type of events",
            "messageBody": "",
            "insertions": 40,
            "deletions": 25
          }
        ]
      },
      {
        "insertions": 20,
        "deletions": 1,
        "date": "2019-10-02",
        "commitResults": [
          {
            "hash": "f3505061b5e88f3a81aaeb339765be70fbbc1bfd",
            "messageTitle": "Update gradle to include jacoco",
            "messageBody": "",
            "insertions": 20,
            "deletions": 1
          }
        ]
      },
      {
        "insertions": 715,
        "deletions": 623,
        "date": "2019-10-08",
        "commitResults": [
          {
            "hash": "6e4728b1bdf049e955ab706b229cad743086bfb9",
            "messageTitle": "Make GUI OOP",
            "messageBody": "",
            "insertions": 613,
            "deletions": 555
          },
          {
            "hash": "a16f2497fa58fb6a8d38fdb01cca4fde484ba4ef",
            "messageTitle": "Improve DailyCalender GUI output",
            "messageBody": "",
            "insertions": 71,
            "deletions": 32
          },
          {
            "hash": "203cf02aed5669bb39f8bbff823cafe18c33045e",
            "messageTitle": "Update formatting for DailyCal and Ui",
            "messageBody": "",
            "insertions": 26,
            "deletions": 22
          },
          {
            "hash": "b0d11d64f426116b86c7cf5a1ccba8d122e72f30",
            "messageTitle": "Minor programming syntax issues fix",
            "messageBody": "",
            "insertions": 5,
            "deletions": 14
          }
        ]
      },
      {
        "insertions": 8,
        "deletions": 25,
        "date": "2019-10-09",
        "commitResults": [
          {
            "hash": "d379bd806986d4977fd4f8fcde9cf38fa6a26e09",
            "messageTitle": "remove unused import in main",
            "messageBody": "",
            "insertions": 1,
            "deletions": 18
          },
          {
            "hash": "5e48bc099387deba6be3230e6ae46bcfbae648e4",
            "messageTitle": "Rename StorageFile to StorageManager, update message /sTime to /start",
            "messageBody": "",
            "insertions": 7,
            "deletions": 7
          }
        ]
      },
      {
        "insertions": 229,
        "deletions": 131,
        "date": "2019-10-12",
        "commitResults": [
          {
            "hash": "3e7fa8e3ebfb2536e97a02310bad59b5fb91f976",
            "messageTitle": "Remove unused imports \u0026 commands  from parserManager",
            "messageBody": "",
            "insertions": 0,
            "deletions": 11
          },
          {
            "hash": "0364eb0e2fdd3ca9ffbbe252643c410b2c46b5f1",
            "messageTitle": "Update text output to be more specific in GUI",
            "messageBody": "",
            "insertions": 30,
            "deletions": 13
          },
          {
            "hash": "dfe848f26aba75a723cf052d863b17d3f93af973",
            "messageTitle": "Update secondary GUI to refresh base on addition or deletion",
            "messageBody": "",
            "insertions": 47,
            "deletions": 13
          },
          {
            "hash": "d55674453d1adff1f85f45daaab00867a0287307",
            "messageTitle": "Include input date validation to only add after current date and time",
            "messageBody": "",
            "insertions": 152,
            "deletions": 94
          }
        ]
      },
      {
        "insertions": 47,
        "deletions": 64,
        "date": "2019-10-13",
        "commitResults": [
          {
            "hash": "46f3f7eaa4d651f2fb10fe99fc66055935463e55",
            "messageTitle": "update coding standard",
            "messageBody": "",
            "insertions": 5,
            "deletions": 9
          },
          {
            "hash": "1c5c3de9072451d2c3eeb4d446bb3412157de102",
            "messageTitle": "update boolean return in isValidDateAndTime function",
            "messageBody": "",
            "insertions": 2,
            "deletions": 4
          },
          {
            "hash": "59ea0f7c6b17017a6c852afd338f3dd957be7ee0",
            "messageTitle": "Update DG to include UI",
            "messageBody": "",
            "insertions": 0,
            "deletions": 11
          },
          {
            "hash": "5515fc1132d8d01860fbfe75578d622423104ee5",
            "messageTitle": "Update DailyCalender to be sorted by priorityScore then timing. Update view to refresh stage daily calender irregardelss have task or not.",
            "messageBody": "",
            "insertions": 38,
            "deletions": 36
          },
          {
            "hash": "eaf91958c134cb5b306f6f40bc69c464436f093b",
            "messageTitle": "commented out sout from calculateAndSetPriorityScore",
            "messageBody": "",
            "insertions": 1,
            "deletions": 1
          },
          {
            "hash": "0c0c8a5ba8d28d133db2d99d7bf726fa848ab882",
            "messageTitle": "Update code formmating",
            "messageBody": "",
            "insertions": 1,
            "deletions": 3
          }
        ]
      },
      {
        "insertions": 105,
        "deletions": 210,
        "date": "2019-10-14",
        "commitResults": [
          {
            "hash": "7d7a5ee0afbe3c9e028a1a72be8c382675083ad7",
            "messageTitle": "CHange ViewReminderCommand to ViewReminder function in compal commons",
            "messageBody": "",
            "insertions": 70,
            "deletions": 132
          },
          {
            "hash": "b39b324f1e30b2b623b119952256cacb861b0bc6",
            "messageTitle": "Fix bug in deletion command execution",
            "messageBody": "",
            "insertions": 16,
            "deletions": 8
          },
          {
            "hash": "b763710f5ff2417b6127ebaf78389c99c6fd6ffd",
            "messageTitle": "Improve coding standard in compal.Java",
            "messageBody": "",
            "insertions": 2,
            "deletions": 3
          },
          {
            "hash": "f03a4d7eaa5345653108c082a0fbce6510a4a46d",
            "messageTitle": "Clear Screen when user input thing.",
            "messageBody": "",
            "insertions": 1,
            "deletions": 1
          },
          {
            "hash": "1a81136b394004e44da9c953446d053b7038017d",
            "messageTitle": "fix isValidDateAndTime bug",
            "messageBody": "",
            "insertions": 1,
            "deletions": 1
          },
          {
            "hash": "ae8f90000e9fd43a7e2416c5f47e5872f9bba5f8",
            "messageTitle": "remove FDT and DoAfterTask. viewReminder now is more time interactive.",
            "messageBody": "",
            "insertions": 10,
            "deletions": 61
          },
          {
            "hash": "f264a524008671528438a09e06d57798a694ff57",
            "messageTitle": "BugFix due to viewReminder function",
            "messageBody": "",
            "insertions": 5,
            "deletions": 4
          }
        ]
      },
      {
        "insertions": 114,
        "deletions": 70,
        "date": "2019-10-15",
        "commitResults": [
          {
            "hash": "b8a758ea5b3abc8bb9608c8c464b869e35435c5f",
            "messageTitle": "Fix formatting issues",
            "messageBody": "",
            "insertions": 93,
            "deletions": 68
          },
          {
            "hash": "150d4a77812ebe324fc0ca3b7079293bebd78bd8",
            "messageTitle": "Update Junit Test case",
            "messageBody": "",
            "insertions": 9,
            "deletions": 0
          },
          {
            "hash": "105265623826dfa1b433754bf5ec7b0476c60c45",
            "messageTitle": "Made taskList remove function, just more oop",
            "messageBody": "",
            "insertions": 11,
            "deletions": 1
          },
          {
            "hash": "e31e19ef5d14728ea42c41c49af83c37bf874441",
            "messageTitle": "fix format",
            "messageBody": "",
            "insertions": 1,
            "deletions": 1
          }
        ]
      },
      {
        "insertions": 1316,
        "deletions": 4894,
        "date": "2019-10-18",
        "commitResults": [
          {
            "hash": "ffce06e107f16b8f3375825c922021b9a1aa6848",
            "messageTitle": "New codebase",
            "messageBody": "",
            "insertions": 958,
            "deletions": 4539
          },
          {
            "hash": "cee6ef5b4d7a72102e4af9e46b86c987170a801b",
            "messageTitle": "fix checkstyle",
            "messageBody": "",
            "insertions": 33,
            "deletions": 53
          },
          {
            "hash": "2e189f939bf8e8b473eb580cf1de9c9de1b9ac41",
            "messageTitle": "Update GUI printg to work.",
            "messageBody": "",
            "insertions": 251,
            "deletions": 274
          },
          {
            "hash": "30986799434e6ee1f140ce12a443d707e1cf137a",
            "messageTitle": "Fix missing javadoc",
            "messageBody": "",
            "insertions": 4,
            "deletions": 0
          },
          {
            "hash": "f308ffb62df83b19a12f262bec1054965492d69c",
            "messageTitle": "Change Execute Arrlist to execute TaskList",
            "messageBody": "",
            "insertions": 43,
            "deletions": 27
          },
          {
            "hash": "252bf0a4d0156abc29637d709f67cb9de45d9cec",
            "messageTitle": "update",
            "messageBody": "",
            "insertions": 27,
            "deletions": 1
          }
        ]
      },
      {
        "insertions": 1208,
        "deletions": 665,
        "date": "2019-10-19",
        "commitResults": [
          {
            "hash": "6b20eecb2aef8f409fc653d9d8ea79044fcbf097",
            "messageTitle": "implemented new view command class",
            "messageBody": "",
            "insertions": 223,
            "deletions": 257
          },
          {
            "hash": "ae92238e6aabec0c6b1e3f736758e9ebf0859cfa",
            "messageTitle": "making codacy happy",
            "messageBody": "",
            "insertions": 21,
            "deletions": 36
          },
          {
            "hash": "a75d54a4656a888f7e97c1b70f6a1764001b688d",
            "messageTitle": "no message",
            "messageBody": "",
            "insertions": 1,
            "deletions": 2
          },
          {
            "hash": "e8b99dc1df385985ea52b2c694c0c9d88d0e0dac",
            "messageTitle": "Update javadoc",
            "messageBody": "",
            "insertions": 26,
            "deletions": 12
          },
          {
            "hash": "b9bd01c9c2cef50f99c4e7398cec510aec07f4b2",
            "messageTitle": "added Javadoc",
            "messageBody": "",
            "insertions": 15,
            "deletions": 0
          },
          {
            "hash": "6c565eb471baf2480dabd7bca91a32603e1277a1",
            "messageTitle": "update date validation method",
            "messageBody": "",
            "insertions": 15,
            "deletions": 12
          },
          {
            "hash": "71b11113a202e2d13ff6d37a6083fd15756fafc5",
            "messageTitle": "Update to CommandResult and saving to only affect saving commands",
            "messageBody": "",
            "insertions": 35,
            "deletions": 19
          },
          {
            "hash": "d2ec815c6ea40382fe5f21539f36b14c13aafdd8",
            "messageTitle": "making codacy happy",
            "messageBody": "",
            "insertions": 3,
            "deletions": 4
          },
          {
            "hash": "b4b78b7ec2cb10062a2e44032c81934281a45fe4",
            "messageTitle": "Include Daily Calender and update storage",
            "messageBody": "",
            "insertions": 515,
            "deletions": 38
          },
          {
            "hash": "3f3ba940b58d3c3efea3839a765e8199f1d344b1",
            "messageTitle": "making codacy happy",
            "messageBody": "",
            "insertions": 4,
            "deletions": 9
          },
          {
            "hash": "a499013bdabf3ce924da41194685c0ef48f04fda",
            "messageTitle": "making travis happy",
            "messageBody": "",
            "insertions": 1,
            "deletions": 1
          },
          {
            "hash": "a044c2919d027fa0b8b18734658fe481328b4f34",
            "messageTitle": "fix formatting error",
            "messageBody": "",
            "insertions": 37,
            "deletions": 37
          },
          {
            "hash": "9784fa9a1c1d2f0e4e1447bbfef2907887427339",
            "messageTitle": "added view weekly",
            "messageBody": "",
            "insertions": 73,
            "deletions": 7
          },
          {
            "hash": "578863b9e0360f54b1ed62eb7449fdada6620fab",
            "messageTitle": "update to viewCommand output",
            "messageBody": "",
            "insertions": 65,
            "deletions": 46
          },
          {
            "hash": "bcf1f12123e095b24f98b070e22176a0b413438e",
            "messageTitle": "Updated GU + updated view output",
            "messageBody": "",
            "insertions": 78,
            "deletions": 150
          },
          {
            "hash": "4367cb7deb4c9b3d39082403eb607bce2493e065",
            "messageTitle": "created done and doneParser",
            "messageBody": "",
            "insertions": 91,
            "deletions": 22
          },
          {
            "hash": "7bce4d1276d3a3a07841c2605601ae09ef323846",
            "messageTitle": "fix formating issues",
            "messageBody": "",
            "insertions": 4,
            "deletions": 12
          },
          {
            "hash": "27aa2bb1af5ae92ee5a45bdb595d271ff94c4358",
            "messageTitle": "making codacy happy",
            "messageBody": "",
            "insertions": 1,
            "deletions": 1
          }
        ]
      },
      {
        "insertions": 909,
        "deletions": 433,
        "date": "2019-10-20",
        "commitResults": [
          {
            "hash": "a9110f50d324a9bfc449f8909ff4aba4dccb5b91",
            "messageTitle": "Added Full junit testing for DoneParser and ViewCommandParser. Added CommandParserUtil.",
            "messageBody": "",
            "insertions": 169,
            "deletions": 15
          },
          {
            "hash": "332f7d2a5b0c1baa70ac7cef4cf3f7ca1a360aef",
            "messageTitle": "Updated sorting algorithm + date validation using java api during parsing. Fixed failed junit test case.",
            "messageBody": "",
            "insertions": 46,
            "deletions": 18
          },
          {
            "hash": "9df31cba0fec71bbbbd56cbea5a1212a507c7554",
            "messageTitle": "Updated JUnit testCase",
            "messageBody": "",
            "insertions": 46,
            "deletions": 55
          },
          {
            "hash": "506b064bb1e971683802ed2d00798c7973d53c15",
            "messageTitle": "Update to view output",
            "messageBody": "",
            "insertions": 76,
            "deletions": 58
          },
          {
            "hash": "c58053818fe44e1b43a367dd0ff7656daf4c65e5",
            "messageTitle": "Updated view command to include optional /type",
            "messageBody": "",
            "insertions": 520,
            "deletions": 238
          },
          {
            "hash": "6e12459839ec3113d8b9db437160a1f32cbe5b43",
            "messageTitle": "making codacy happy",
            "messageBody": "",
            "insertions": 12,
            "deletions": 16
          },
          {
            "hash": "438cb99f673cc4c498212b991a9017804ebef4c2",
            "messageTitle": "making view more user friendly",
            "messageBody": "",
            "insertions": 26,
            "deletions": 25
          },
          {
            "hash": "cc19f7543472a3626c06bd38a0062b6e4759a3dc",
            "messageTitle": "proper parsing for view.",
            "messageBody": "",
            "insertions": 14,
            "deletions": 8
          }
        ]
      },
      {
        "insertions": 164,
        "deletions": 98,
        "date": "2019-10-22",
        "commitResults": [
          {
            "hash": "8eda6c30f09bb6aeaa6d79bbcb8b27b19808e271",
            "messageTitle": "Fix bug in input date validation function",
            "messageBody": "",
            "insertions": 16,
            "deletions": 1
          },
          {
            "hash": "6403d0e2cd6de98f6d9d948579743f6f00644574",
            "messageTitle": "update to print",
            "messageBody": "",
            "insertions": 1,
            "deletions": 2
          },
          {
            "hash": "8833fefb7f27913ce093705d8e7b6be4aee36e4c",
            "messageTitle": "[BugFix] A function causing deadline not to be added",
            "messageBody": "",
            "insertions": 89,
            "deletions": 68
          },
          {
            "hash": "4a5ca6253b98527aa916c355b1add97628f1a653",
            "messageTitle": "Update to DG and UG",
            "messageBody": "",
            "insertions": 15,
            "deletions": 17
          },
          {
            "hash": "6345674afbf9cf5cf366e2184dcbfde5bd865a22",
            "messageTitle": "Updated build.gradle and also addded Mainlauncer for creation of .jar",
            "messageBody": "",
            "insertions": 43,
            "deletions": 10
          }
        ]
      },
      {
        "insertions": 142,
        "deletions": 30,
        "date": "2019-10-24",
        "commitResults": [
          {
            "hash": "bb7c9899e0061548d2be505daf5b7ec76cf74a18",
            "messageTitle": "Fix wrong usage of initilizing images as icon",
            "messageBody": "",
            "insertions": 1,
            "deletions": 4
          },
          {
            "hash": "e5d0368e05bb4a111cf3ee91604ae588c33fcd7e",
            "messageTitle": "Re-implement list command",
            "messageBody": "",
            "insertions": 36,
            "deletions": 7
          },
          {
            "hash": "56cc6532336a0dcced987a1785b2ca96139f2ccb",
            "messageTitle": "Update to GUI",
            "messageBody": "",
            "insertions": 83,
            "deletions": 12
          },
          {
            "hash": "ca35e60d79f5a1b5f46d2eb9377557ee45b3c717",
            "messageTitle": "Added intro message",
            "messageBody": "",
            "insertions": 12,
            "deletions": 4
          },
          {
            "hash": "c9e5cf525eef6fd85e78d4a1a8d48d266bc7956a",
            "messageTitle": "Added list to help command",
            "messageBody": "",
            "insertions": 10,
            "deletions": 3
          }
        ]
      },
      {
        "insertions": 179,
        "deletions": 116,
        "date": "2019-10-25",
        "commitResults": [
          {
            "hash": "e58c6fc5bb27484a1fde259757172476461f851d",
            "messageTitle": "Update authorship and formating",
            "messageBody": "",
            "insertions": 122,
            "deletions": 107
          },
          {
            "hash": "e6f34a7b5c35332b5bce59fb4dbafb34a8ba3506",
            "messageTitle": "Update list function to take in type parameter",
            "messageBody": "",
            "insertions": 49,
            "deletions": 6
          },
          {
            "hash": "d626260dab0f145404b9f65b0a68e489fc99c16c",
            "messageTitle": "Updated list command to take in type parameter",
            "messageBody": "",
            "insertions": 8,
            "deletions": 3
          }
        ]
      },
      {
        "insertions": 709,
        "deletions": 146,
        "date": "2019-10-26",
        "commitResults": [
          {
            "hash": "ab86e064a93df2f665baea101c0b7cebcbeae834",
            "messageTitle": "Update to junit test case",
            "messageBody": "",
            "insertions": 337,
            "deletions": 53
          },
          {
            "hash": "9cf298751ba7159d8ae61fb166712e89e83090f2",
            "messageTitle": "Implemented full Junit test for View,List and done command.",
            "messageBody": "",
            "insertions": 370,
            "deletions": 89
          },
          {
            "hash": "ddf9289f301ea97db203e7372d5ecae1051ed169",
            "messageTitle": "Remove extra dependecies tab in build.gradle",
            "messageBody": "",
            "insertions": 1,
            "deletions": 3
          },
          {
            "hash": "5f9b6a95e5f0c7eebcbf96047a162e4c267096eb",
            "messageTitle": "Added Authorship",
            "messageBody": "",
            "insertions": 1,
            "deletions": 1
          }
        ]
      },
      {
        "insertions": 19,
        "deletions": 11,
        "date": "2019-10-27",
        "commitResults": [
          {
            "hash": "d041f2692bb4efaae2a098e0568d952d80c9bb3c",
            "messageTitle": "Update parser",
            "messageBody": "",
            "insertions": 9,
            "deletions": 10
          },
          {
            "hash": "a98cea2bb0f14a600ebed6f137e644eb6fb01224",
            "messageTitle": "Update to gui",
            "messageBody": "",
            "insertions": 10,
            "deletions": 1
          }
        ]
      },
      {
        "insertions": 135,
        "deletions": 40,
        "date": "2019-10-28",
        "commitResults": [
          {
            "hash": "845e730b8662e31f2b40967d455003982f6ab74c",
            "messageTitle": "Include logging to my feature",
            "messageBody": "",
            "insertions": 135,
            "deletions": 38
          },
          {
            "hash": "8cad156203098f31aebd2c7d5f573800fd4975f3",
            "messageTitle": "Making codacy happy",
            "messageBody": "",
            "insertions": 0,
            "deletions": 2
          }
        ]
      },
      {
        "insertions": 580,
        "deletions": 91,
        "date": "2019-10-31",
        "commitResults": [
          {
            "hash": "9a1839d35868b3c1b2d94ccfb1303c5623946fae",
            "messageTitle": "Update gradle to have opencsv.",
            "messageBody": "",
            "insertions": 1,
            "deletions": 9
          },
          {
            "hash": "cf007fbb98320a9676fe4e2486d745592319fd37",
            "messageTitle": "Basic export command setup",
            "messageBody": "",
            "insertions": 158,
            "deletions": 0
          },
          {
            "hash": "0afc5f47753c8f94f7b76393a2b5b044c22e3595",
            "messageTitle": "updated output for export command",
            "messageBody": "",
            "insertions": 60,
            "deletions": 21
          },
          {
            "hash": "2c3ffd4122392acb5e5002ad625a93de995a215b",
            "messageTitle": "Added import Command",
            "messageBody": "",
            "insertions": 275,
            "deletions": 11
          },
          {
            "hash": "0d4cdb5c2ecba31446161cbad0d64f894d246ba7",
            "messageTitle": "Update import and export command",
            "messageBody": "",
            "insertions": 86,
            "deletions": 50
          }
        ]
      },
      {
        "insertions": 238,
        "deletions": 48,
        "date": "2019-11-01",
        "commitResults": [
          {
            "hash": "24a239183d4c6ac91563f34fe6454bb644a0b14c",
            "messageTitle": "added export test",
            "messageBody": "",
            "insertions": 65,
            "deletions": 0
          },
          {
            "hash": "72d55a986c165c2277880cd74d18abc5c47f449a",
            "messageTitle": "making codacy happpy",
            "messageBody": "",
            "insertions": 6,
            "deletions": 5
          },
          {
            "hash": "149c1443cae6546050eff178d37abed6e0650be5",
            "messageTitle": "making travis happy",
            "messageBody": "",
            "insertions": 0,
            "deletions": 1
          },
          {
            "hash": "099201f2d788364bb90791085921a53a0f4fb2b1",
            "messageTitle": "making codacy happier",
            "messageBody": "",
            "insertions": 2,
            "deletions": 2
          },
          {
            "hash": "1c2a7ec5c25c14810982a7044f9eade910aebc3d",
            "messageTitle": "Updated View test",
            "messageBody": "",
            "insertions": 68,
            "deletions": 8
          },
          {
            "hash": "4de7464eba334a8b70d1192fdc7224309a01df04",
            "messageTitle": "making codacy happy",
            "messageBody": "",
            "insertions": 3,
            "deletions": 5
          },
          {
            "hash": "9e816e98f9b52d4fe3df544b7ff1be5ba02915b4",
            "messageTitle": "added importCommandParserTest,fix display output.",
            "messageBody": "",
            "insertions": 72,
            "deletions": 8
          },
          {
            "hash": "d2bd05f32855e7c0ef03ce6a79c22bc654c7eae2",
            "messageTitle": "making travis happy",
            "messageBody": "",
            "insertions": 0,
            "deletions": 3
          },
          {
            "hash": "103c4c5140856483b1f7d1764b40034f49768858",
            "messageTitle": "making travis happy",
            "messageBody": "",
            "insertions": 6,
            "deletions": 10
          },
          {
            "hash": "c42f12774d9250cc8957a8a7f05fcf981abba78a",
            "messageTitle": "codacy bug fix",
            "messageBody": "",
            "insertions": 2,
            "deletions": 2
          },
          {
            "hash": "c7f35b20cea3104f5199b37622cef4cee1c0da27",
            "messageTitle": "update list output to be more specific.",
            "messageBody": "",
            "insertions": 12,
            "deletions": 0
          },
          {
            "hash": "10627a10a5436d39b8731ff36d66e1fced9c6d74",
            "messageTitle": "making travis happy",
            "messageBody": "",
            "insertions": 2,
            "deletions": 4
          }
        ]
      },
      {
        "insertions": 354,
        "deletions": 188,
        "date": "2019-11-02",
        "commitResults": [
          {
            "hash": "36a6d512fe80b1678510f19e97aff4f127498033",
            "messageTitle": "Fix bug from PE dry Run.",
            "messageBody": "",
            "insertions": 41,
            "deletions": 41
          },
          {
            "hash": "17e8eb8795d06049ca80090bf713134dad02ffb9",
            "messageTitle": "Apply suggestions from code review",
            "messageBody": "",
            "insertions": 1,
            "deletions": 2
          },
          {
            "hash": "b5557bfdfdd81e6a8451e70e9e5655e959d4d80a",
            "messageTitle": "Added JUnit for import and export.",
            "messageBody": "",
            "insertions": 211,
            "deletions": 98
          },
          {
            "hash": "e733c94807d92bcc0528085b966b56317859c350",
            "messageTitle": "Updated JUnit for export",
            "messageBody": "",
            "insertions": 12,
            "deletions": 9
          },
          {
            "hash": "3893651b762e1278ee0a5336ce4d55267647a853",
            "messageTitle": "added help to export and import",
            "messageBody": "",
            "insertions": 42,
            "deletions": 13
          },
          {
            "hash": "453930676a4c08144f5d44c03d47c568eeff9677",
            "messageTitle": "making travis ahppy",
            "messageBody": "",
            "insertions": 1,
            "deletions": 9
          },
          {
            "hash": "4f447dc86073a66a09cf0484f937c56fb07e1ad7",
            "messageTitle": "makign travis happy",
            "messageBody": "",
            "insertions": 11,
            "deletions": 3
          },
          {
            "hash": "7603c4d03869b457aa577508278da6eb8dce24b2",
            "messageTitle": "Test relative path for junit test",
            "messageBody": "",
            "insertions": 23,
            "deletions": 5
          },
          {
            "hash": "952b27bc9e75490e86667163df17c797ef662692",
            "messageTitle": "Commented out test for file path",
            "messageBody": "",
            "insertions": 2,
            "deletions": 2
          },
          {
            "hash": "4ef7f100e32b9a9c3e4d4316cac10b821107133e",
            "messageTitle": "Update gradle version",
            "messageBody": "",
            "insertions": 4,
            "deletions": 4
          },
          {
            "hash": "c756fa5e1aedba174c6b22f45871223dbf096154",
            "messageTitle": "Improve algo of adding deadline or events.",
            "messageBody": "",
            "insertions": 6,
            "deletions": 2
          }
        ]
      },
      {
        "insertions": 147,
        "deletions": 99,
        "date": "2019-11-05",
        "commitResults": [
          {
            "hash": "755613eca59593545e1b5f8c2d7a350931201b8e",
            "messageTitle": "Update import and export to use deadline,event and set-reminder command instead of adding to tasklist directly.",
            "messageBody": "",
            "insertions": 51,
            "deletions": 17
          },
          {
            "hash": "7ed1f1bf82f44263a2dcd0e587cde541dd1cafd5",
            "messageTitle": "Updated even to handle duplicate events, updated import",
            "messageBody": "",
            "insertions": 73,
            "deletions": 54
          },
          {
            "hash": "6d2250d19c0d1b82670c23d16a0387dd70dbfe84",
            "messageTitle": "making codacy happy",
            "messageBody": "",
            "insertions": 5,
            "deletions": 12
          },
          {
            "hash": "e5b86981d765c9742c0cacb7e7e2c52b3ace0689",
            "messageTitle": "travis and codacy issue fix",
            "messageBody": "",
            "insertions": 7,
            "deletions": 7
          },
          {
            "hash": "98afc04e2f12b9e38203d0e4f6e95cf79cc81377",
            "messageTitle": "test nPath",
            "messageBody": "",
            "insertions": 7,
            "deletions": 6
          },
          {
            "hash": "0f7e363f943b017812be2d4135a8f0222317bef6",
            "messageTitle": "Update test case",
            "messageBody": "",
            "insertions": 4,
            "deletions": 3
          }
        ]
      },
      {
        "insertions": 42,
        "deletions": 1,
        "date": "2019-11-06",
        "commitResults": [
          {
            "hash": "7e4fb0359bb480cd2396909363e0fdcf8190b9d8",
            "messageTitle": "Update to handle extra param for command",
            "messageBody": "",
            "insertions": 42,
            "deletions": 1
          }
        ]
      },
      {
        "insertions": 35,
        "deletions": 12,
        "date": "2019-11-08",
        "commitResults": [
          {
            "hash": "b13bce687604357e0fd3ea55a13765a728ecc593",
            "messageTitle": "Update import command to give more error specific messages.",
            "messageBody": "",
            "insertions": 29,
            "deletions": 7
          },
          {
            "hash": "77947f76a954c8b6dd33b6adea44f55295ee5443",
            "messageTitle": "fix import bugs",
            "messageBody": "",
            "insertions": 5,
            "deletions": 4
          },
          {
            "hash": "3caeafbd597cf25dc78141cc20f8414bd5f4b623",
            "messageTitle": "Fix testCase",
            "messageBody": "",
            "insertions": 1,
            "deletions": 1
          }
        ]
      },
      {
        "insertions": 108,
        "deletions": 32,
        "date": "2019-11-09",
        "commitResults": [
          {
            "hash": "dff8a32c98ff1e1edd62fd63319c3964ac03fb3f",
            "messageTitle": "Included to add data on creation",
            "messageBody": "",
            "insertions": 80,
            "deletions": 16
          },
          {
            "hash": "297a4984b6d700dd1f39be7c5459cda9973cd625",
            "messageTitle": "Update test case",
            "messageBody": "",
            "insertions": 28,
            "deletions": 16
          }
        ]
      },
      {
        "insertions": 271,
        "deletions": 88,
        "date": "2019-11-10",
        "commitResults": [
          {
            "hash": "50db107d6fc3ef3d24ff29f86d78c5652be256d0",
            "messageTitle": "Update list to be more user freidnly",
            "messageBody": "",
            "insertions": 126,
            "deletions": 20
          },
          {
            "hash": "cf859ab74972c887c29b3ce003f3ec7bda027e42",
            "messageTitle": "codacy fix",
            "messageBody": "",
            "insertions": 4,
            "deletions": 8
          },
          {
            "hash": "40698d8127170502e5a3afbc5e3a8d26e424a39c",
            "messageTitle": "Fix bug in list and bye taking in extra param or tokens",
            "messageBody": "",
            "insertions": 59,
            "deletions": 13
          },
          {
            "hash": "b944a434ee3523d8c827787239a26a0947c3f57c",
            "messageTitle": "Update for view daily task,parser and message.",
            "messageBody": "",
            "insertions": 62,
            "deletions": 38
          },
          {
            "hash": "cde6d9ab9f787f13e564c8589bf36583f6131c8e",
            "messageTitle": "Update daily task tab to reflect the same output as view day in main tab",
            "messageBody": "",
            "insertions": 18,
            "deletions": 7
          },
          {
            "hash": "7e31f78b95c0c1bb7131331efef6bb7e48bd3969",
            "messageTitle": "fix travis",
            "messageBody": "",
            "insertions": 2,
            "deletions": 2
          }
        ]
      },
      {
        "insertions": 190,
        "deletions": 345,
        "date": "2019-11-11",
        "commitResults": [
          {
            "hash": "359fe7ea880cabaeb7fb2102e2ef7d82a3e9421a",
            "messageTitle": "rename mainLauncer to mainLauncher",
            "messageBody": "",
            "insertions": 3,
            "deletions": 3
          },
          {
            "hash": "94b122f3f2f87150889f68995e87168854f1e9a0",
            "messageTitle": "Remove unused imports + update sorting algo",
            "messageBody": "",
            "insertions": 104,
            "deletions": 263
          },
          {
            "hash": "ba8da4fae5423b11fa9232b04a0c5e29f0486c16",
            "messageTitle": "Limit number of tasks to add at a time.",
            "messageBody": "",
            "insertions": 42,
            "deletions": 2
          },
          {
            "hash": "602c9306fd09a98dcd95cd3238b38ed391a0789c",
            "messageTitle": "Bug fix for testing bug found",
            "messageBody": "",
            "insertions": 28,
            "deletions": 14
          },
          {
            "hash": "c757ceded25e081e1cbc3b0867bc457e5f4d0701",
            "messageTitle": "Fix travis and testcase",
            "messageBody": "",
            "insertions": 13,
            "deletions": 63
          }
        ]
      }
    ],
    "jaedonkey": [
      {
        "insertions": 64,
        "deletions": 8,
        "date": "2019-09-26",
        "commitResults": [
          {
            "hash": "dcf2ae8f7c3651d05f1a30896ece459644680e3c",
            "messageTitle": "minor code + gui refinements",
            "messageBody": "",
            "insertions": 64,
            "deletions": 8
          }
        ]
      },
      {
        "insertions": 568,
        "deletions": 200,
        "date": "2019-09-27",
        "commitResults": [
          {
            "hash": "af884c9114d076043afc0ec3ace4e0991abbf642",
            "messageTitle": "storage mode: binary to text",
            "messageBody": "",
            "insertions": 197,
            "deletions": 97
          },
          {
            "hash": "9ef8254289ef84353a4ed4c04eb1fe3e318428c9",
            "messageTitle": "storage mode: binary to text more mature-looking GUI priority score calculation/sorting customize font, size and color for printg reminders are color-coded",
            "messageBody": "",
            "insertions": 371,
            "deletions": 103
          }
        ]
      },
      {
        "insertions": 50,
        "deletions": 34,
        "date": "2019-09-28",
        "commitResults": [
          {
            "hash": "ca9026b9a947d85cf756e5cde485af674efb9c9f",
            "messageTitle": "storage bug fix + GUI enlargement",
            "messageBody": "",
            "insertions": 50,
            "deletions": 34
          }
        ]
      },
      {
        "insertions": 157,
        "deletions": 131,
        "date": "2019-10-09",
        "commitResults": [
          {
            "hash": "caf8901186e2ed47de12c41a9bbc4eaae8529d01",
            "messageTitle": "storage mode: binary to text more mature-looking GUI priority score calculation/sorting customize font, size and color for printg reminders are color-coded",
            "messageBody": "",
            "insertions": 6,
            "deletions": 5
          },
          {
            "hash": "5e0e8b76442e2e4bdfd4ba4d55e19d57c59b91b8",
            "messageTitle": "cat\u0027s update + merge conflict",
            "messageBody": "",
            "insertions": 151,
            "deletions": 126
          }
        ]
      },
      {
        "insertions": 128,
        "deletions": 81,
        "date": "2019-10-15",
        "commitResults": [
          {
            "hash": "301e855c17451d33bbfcb02574e20d492a180f58",
            "messageTitle": "task id implementation",
            "messageBody": "",
            "insertions": 128,
            "deletions": 81
          }
        ]
      },
      {
        "insertions": 149,
        "deletions": 17,
        "date": "2019-10-16",
        "commitResults": [
          {
            "hash": "c8d74e922cbd6cf0d6062e059c9c3e3b0af5a224",
            "messageTitle": "editing of tasks (base implementation)",
            "messageBody": "",
            "insertions": 131,
            "deletions": 14
          },
          {
            "hash": "75c96c44b2e796706b7e1405cf6ebbbeb8e51bc5",
            "messageTitle": "editing of tasks (base implementation)",
            "messageBody": "",
            "insertions": 18,
            "deletions": 3
          }
        ]
      },
      {
        "insertions": 8,
        "deletions": 0,
        "date": "2019-10-19",
        "commitResults": [
          {
            "hash": "f4637125e15c33a76013d61c1b08eaccbcb00531",
            "messageTitle": "save data",
            "messageBody": "",
            "insertions": 8,
            "deletions": 0
          }
        ]
      },
      {
        "insertions": 164,
        "deletions": 94,
        "date": "2019-10-20",
        "commitResults": [
          {
            "hash": "71fa40bb6502e63d89abdb4794fe69e67bce66c9",
            "messageTitle": "changed command result constructor",
            "messageBody": "",
            "insertions": 5,
            "deletions": 16
          },
          {
            "hash": "735f566d9ddf53cd497f3dadef5e7c028b07c3cf",
            "messageTitle": "added find command",
            "messageBody": "",
            "insertions": 61,
            "deletions": 1
          },
          {
            "hash": "80b697fc0373fe199ddd4f95e2ce6a307b37252d",
            "messageTitle": "taskidmanager added",
            "messageBody": "",
            "insertions": 93,
            "deletions": 72
          },
          {
            "hash": "0f91f2c58bf7f3951c688df233ef4f149d3c565c",
            "messageTitle": "added find command + taskidmanager + bug fixes",
            "messageBody": "",
            "insertions": 2,
            "deletions": 2
          },
          {
            "hash": "5ee7fe12c4f986b041777b7a5a6d74afbdd49d58",
            "messageTitle": "very minor code refinement",
            "messageBody": "",
            "insertions": 3,
            "deletions": 3
          }
        ]
      },
      {
        "insertions": 117,
        "deletions": 44,
        "date": "2019-10-22",
        "commitResults": [
          {
            "hash": "9ed6d563da923f8a6cc5da602b8cbcfb14dc9e1b",
            "messageTitle": "very minor code refinement",
            "messageBody": "",
            "insertions": 45,
            "deletions": 4
          },
          {
            "hash": "83b560700ccf2fb13c4190e0aa78e7619015c6bc",
            "messageTitle": "edit command implemented",
            "messageBody": "",
            "insertions": 28,
            "deletions": 12
          },
          {
            "hash": "313e175d1a314cd8ded45a7066313d40af174459",
            "messageTitle": "edit command implemented + author tags",
            "messageBody": "",
            "insertions": 37,
            "deletions": 14
          },
          {
            "hash": "1cb72320a89679f02749843036b1e5a3ef76a96c",
            "messageTitle": "codacy issues",
            "messageBody": "",
            "insertions": 7,
            "deletions": 14
          }
        ]
      },
      {
        "insertions": 8,
        "deletions": 2,
        "date": "2019-11-01",
        "commitResults": [
          {
            "hash": "0968fb8b5a8553dffedcf5a715ead93a34854dda",
            "messageTitle": "fixed edit bug",
            "messageBody": "",
            "insertions": 8,
            "deletions": 2
          }
        ]
      },
      {
        "insertions": 112,
        "deletions": 36,
        "date": "2019-11-06",
        "commitResults": [
          {
            "hash": "80233fc432e179862c1a42268678a5ac28d467d9",
            "messageTitle": "fixed edit bugs",
            "messageBody": "",
            "insertions": 85,
            "deletions": 8
          },
          {
            "hash": "962acd83a0edc97dbe356863fe6da4bddfa6da19",
            "messageTitle": "fixed another edit bug",
            "messageBody": "",
            "insertions": 10,
            "deletions": 6
          },
          {
            "hash": "814d6ecaaff46ba1b497e1a53e2121c3c09829f4",
            "messageTitle": "making codacy happier than sho does",
            "messageBody": "",
            "insertions": 0,
            "deletions": 3
          },
          {
            "hash": "9f8684e5e21c2c08ac76f9e35626780f000df73d",
            "messageTitle": "making travis HAPPY pls be happy",
            "messageBody": "",
            "insertions": 8,
            "deletions": 9
          },
          {
            "hash": "9e1ed2f12b521268a9bf4d5e677ceb6dc770de22",
            "messageTitle": "making travis HAPPY pls be happy",
            "messageBody": "",
            "insertions": 9,
            "deletions": 10
          }
        ]
      },
      {
        "insertions": 17,
        "deletions": 3,
        "date": "2019-11-08",
        "commitResults": [
          {
            "hash": "211b2313bbf04e327b6f09118987170a94a2b5cb",
            "messageTitle": "added error throwing for underscores in desc",
            "messageBody": "",
            "insertions": 17,
            "deletions": 1
          },
          {
            "hash": "6bf69818167b3b8a119c631ca099f84ea0671cc9",
            "messageTitle": "codacy you needy b*tch",
            "messageBody": "",
            "insertions": 0,
            "deletions": 2
          }
        ]
      },
      {
        "insertions": 20,
        "deletions": 2,
        "date": "2019-11-09",
        "commitResults": [
          {
            "hash": "b22fd071a59808e58917570ee7f22bb4efd3e545",
            "messageTitle": "-fixed delete not working -fixed edit invalid params -added delete invalid params handling -refined validKey method to check for duplicate keys/tokens",
            "messageBody": "",
            "insertions": 20,
            "deletions": 2
          }
        ]
      },
      {
        "insertions": 8,
        "deletions": 45,
        "date": "2019-11-10",
        "commitResults": [
          {
            "hash": "acce3a97bbf09010597ce216617f8530d7a9148d",
            "messageTitle": "-fixed bug for slash char \u0027/\u0027",
            "messageBody": "",
            "insertions": 6,
            "deletions": 43
          },
          {
            "hash": "ac6c4f5c79a138da62c30d1f483fca4322a722d5",
            "messageTitle": "-fixed wrong test input",
            "messageBody": "",
            "insertions": 2,
            "deletions": 2
          }
        ]
      }
    ],
    "yueyeah": [
      {
        "insertions": 0,
        "deletions": 4,
        "date": "2019-09-24",
        "commitResults": [
          {
            "hash": "012cddc0b83cc7a7ce9a27dffb9d34d44f3bb236",
            "messageTitle": "Removed redundant keyword tokens e.g. /at, /by",
            "messageBody": "",
            "insertions": 0,
            "deletions": 4
          }
        ]
      },
      {
        "insertions": 61,
        "deletions": 19,
        "date": "2019-09-28",
        "commitResults": [
          {
            "hash": "a100e4b4d0444d8e8db2c7c871f71442c52556e3",
            "messageTitle": "Set default priority level to low",
            "messageBody": "",
            "insertions": 2,
            "deletions": 2
          },
          {
            "hash": "904c88f86fc183f18236c7d6688e85b8f813fac0",
            "messageTitle": "Error-Checking for rep, flexible freq",
            "messageBody": "",
            "insertions": 57,
            "deletions": 17
          },
          {
            "hash": "ba6cec8ae433ff6cece9ea45dfc0d7f4f5464212",
            "messageTitle": "Added back the deleted priority error lines",
            "messageBody": "",
            "insertions": 2,
            "deletions": 0
          }
        ]
      },
      {
        "insertions": 77,
        "deletions": 18,
        "date": "2019-09-29",
        "commitResults": [
          {
            "hash": "f3cf89e897eef0894f95576b2528c159898ece1a",
            "messageTitle": "Added lect, tut, sect, lab and adapted Storage for these",
            "messageBody": "",
            "insertions": 77,
            "deletions": 18
          }
        ]
      },
      {
        "insertions": 307,
        "deletions": 74,
        "date": "2019-10-11",
        "commitResults": [
          {
            "hash": "fed1ad525b54f449376bf03ada6a3faba7122628",
            "messageTitle": "Do not allow rep less than 1 for RecurTask Command",
            "messageBody": "",
            "insertions": 11,
            "deletions": 3
          },
          {
            "hash": "bbfb0b597aaaaaa1a843e9a8fc03272915f3d4ef",
            "messageTitle": "Inserted EMPTY_INPUT_STRING constant",
            "messageBody": "",
            "insertions": 2,
            "deletions": 1
          },
          {
            "hash": "f6a7828d8ae564e91e9de9f2c105fa5b6ec01358",
            "messageTitle": "Added basic end date function",
            "messageBody": "",
            "insertions": 202,
            "deletions": 15
          },
          {
            "hash": "47d2df78f7717c56b646b84de222c8908f184dea",
            "messageTitle": "Created AcadTask class and changed RecurTask class",
            "messageBody": "",
            "insertions": 48,
            "deletions": 39
          },
          {
            "hash": "d00cc0de95bb0930e22e51b06ce9b4f18008106a",
            "messageTitle": "Make checkstyle changes",
            "messageBody": "",
            "insertions": 44,
            "deletions": 16
          }
        ]
      },
      {
        "insertions": 391,
        "deletions": 517,
        "date": "2019-10-12",
        "commitResults": [
          {
            "hash": "4fe485b64757c8d40684e5069db3f8d1453f4f19",
            "messageTitle": "Added function to add multiple start dates for a Acad Task",
            "messageBody": "",
            "insertions": 130,
            "deletions": 120
          },
          {
            "hash": "1448af6cdee3f7db401f9b5addedb07a4de7a3e2",
            "messageTitle": "Fixed checkstyle errors and Updated javadoc",
            "messageBody": "",
            "insertions": 90,
            "deletions": 83
          },
          {
            "hash": "1dfdf1795132d8ec998443e7cf3a395c2c964017",
            "messageTitle": "Added edate to recurtask",
            "messageBody": "",
            "insertions": 147,
            "deletions": 123
          },
          {
            "hash": "e4523f903c6855a186f49151f7b5b2133c655c0b",
            "messageTitle": "Abstracted out addAcadTask and clean up RecurTask",
            "messageBody": "",
            "insertions": 24,
            "deletions": 9
          },
          {
            "hash": "0280c3492496165dddda4cd1f7c36f33a4274679",
            "messageTitle": "Removed DoAfterTask \u0026 FDTask",
            "messageBody": "",
            "insertions": 0,
            "deletions": 182
          }
        ]
      },
      {
        "insertions": 430,
        "deletions": 95,
        "date": "2019-10-20",
        "commitResults": [
          {
            "hash": "3df0be2cae1b1641ff50a1af5636ce54da2199db",
            "messageTitle": "Reorganised CommandParser Interface",
            "messageBody": "",
            "insertions": 213,
            "deletions": 25
          },
          {
            "hash": "d715ebd3d63e8806c4666cee891f1628dcfa4228",
            "messageTitle": "event now has same functionality, with added recurring task extension",
            "messageBody": "",
            "insertions": 171,
            "deletions": 5
          },
          {
            "hash": "ad1826eb2928b4fcfa64868abf2597ef43d11926",
            "messageTitle": "Added recurring functionality to deadline",
            "messageBody": "",
            "insertions": 46,
            "deletions": 65
          }
        ]
      },
      {
        "insertions": 79,
        "deletions": 20,
        "date": "2019-10-22",
        "commitResults": [
          {
            "hash": "53d754ec169314cdc14a6040a5e04aea67680bfa",
            "messageTitle": "Added documentation and yueyeah author tags",
            "messageBody": "",
            "insertions": 17,
            "deletions": 5
          },
          {
            "hash": "866c8ada76c7a2385b29b8f82b75851492788a54",
            "messageTitle": "Allows event to drag until next day",
            "messageBody": "",
            "insertions": 62,
            "deletions": 14
          },
          {
            "hash": "3563f44bd5ade078d570bac18bc933601cb97f47",
            "messageTitle": "Rectify codacy issues",
            "messageBody": "",
            "insertions": 0,
            "deletions": 1
          }
        ]
      },
      {
        "insertions": 183,
        "deletions": 91,
        "date": "2019-10-26",
        "commitResults": [
          {
            "hash": "a18239bca578782be27bf8e11665aef6c18a3c33",
            "messageTitle": "Changed Event to have a trailingDate attribute",
            "messageBody": "",
            "insertions": 81,
            "deletions": 52
          },
          {
            "hash": "6b2aa1cd65d021231953ac5ca6e74eebac5e88b1",
            "messageTitle": "Added /interval optional keyword",
            "messageBody": "",
            "insertions": 34,
            "deletions": 8
          },
          {
            "hash": "6ad3c17f3fd8f423698d66fe5c6f0829de298ba4",
            "messageTitle": "Added Delete command",
            "messageBody": "",
            "insertions": 68,
            "deletions": 2
          },
          {
            "hash": "fae59aeebd1e51440019b547ee96e48eb73f8250",
            "messageTitle": "Removed RecurringTasks once and for all",
            "messageBody": "",
            "insertions": 0,
            "deletions": 29
          }
        ]
      },
      {
        "insertions": 452,
        "deletions": 110,
        "date": "2019-10-27",
        "commitResults": [
          {
            "hash": "fb4a71ada9723e8c3a73b45a6ba989feabadf0b7",
            "messageTitle": "Fixed Broken Tests due to new Event Constructor",
            "messageBody": "",
            "insertions": 9,
            "deletions": 9
          },
          {
            "hash": "fd4451360c39f0ba7b7851cee1270edb1c9c2939",
            "messageTitle": "Made new EventCommandParserTest",
            "messageBody": "",
            "insertions": 353,
            "deletions": 10
          },
          {
            "hash": "01610988b70129c603d469004ca80f336c76767d",
            "messageTitle": "Rectify codacy warnings",
            "messageBody": "",
            "insertions": 0,
            "deletions": 1
          },
          {
            "hash": "a3e3fc4e1c9cb04de9ae0f3e1b8c87ee881d0ea4",
            "messageTitle": "Rectified checkstyle warnings",
            "messageBody": "",
            "insertions": 90,
            "deletions": 90
          }
        ]
      },
      {
        "insertions": 306,
        "deletions": 45,
        "date": "2019-10-28",
        "commitResults": [
          {
            "hash": "2d0d8e2bda16d8e52fc8f0705704b2ab63a59075",
            "messageTitle": "Fixed CompalUtils recurring",
            "messageBody": "",
            "insertions": 5,
            "deletions": 26
          },
          {
            "hash": "d6030c90072adfc0e9b464ed5e1a1d4a577e1806",
            "messageTitle": "Fixed CompalUtils recurring",
            "messageBody": "",
            "insertions": 16,
            "deletions": 0
          },
          {
            "hash": "2f4903eb3ec46a219fba829aa172e7210191eaa3",
            "messageTitle": "Added EventCommandTest",
            "messageBody": "",
            "insertions": 150,
            "deletions": 0
          },
          {
            "hash": "6b7d0503cb60f3e1c205b779271ce4cf49987338",
            "messageTitle": "Rectified codacy warnings",
            "messageBody": "",
            "insertions": 0,
            "deletions": 2
          },
          {
            "hash": "aabdcc51f083332eec96f122a0fe38cf923ee340",
            "messageTitle": "Rephrased assertParseSuccess with more clarity",
            "messageBody": "",
            "insertions": 6,
            "deletions": 4
          },
          {
            "hash": "581e2799178d34b3965f2f10ad2f4dedb4735245",
            "messageTitle": "Added DeleteCommandParserTest",
            "messageBody": "",
            "insertions": 58,
            "deletions": 0
          },
          {
            "hash": "1ce118270b07efcf587cde1580ee8d1c302fac41",
            "messageTitle": "Added DeleteCommandTest",
            "messageBody": "",
            "insertions": 65,
            "deletions": 0
          },
          {
            "hash": "6278084285aaf33be41a89f73255b56f2a858f78",
            "messageTitle": "Rectified checkstyle warnings",
            "messageBody": "",
            "insertions": 6,
            "deletions": 13
          }
        ]
      },
      {
        "insertions": 56,
        "deletions": 13,
        "date": "2019-11-08",
        "commitResults": [
          {
            "hash": "a2abccd4aa99f125386cf34488f0ba04c432cea6",
            "messageTitle": "Added guard against extra invalid parameters for EventCommandParser",
            "messageBody": "",
            "insertions": 12,
            "deletions": 8
          },
          {
            "hash": "21407213ae501822220117d1755cc87d1d329902",
            "messageTitle": "Added CompalUtilsTest",
            "messageBody": "",
            "insertions": 44,
            "deletions": 5
          }
        ]
      },
      {
        "insertions": 9,
        "deletions": 7,
        "date": "2019-11-11",
        "commitResults": [
          {
            "hash": "7964f35c03b6d72328e5c3188b8e1c0507f316fd",
            "messageTitle": "Solved lack of invalid param bug for getIntInput",
            "messageBody": "",
            "insertions": 9,
            "deletions": 6
          },
          {
            "hash": "91b1f1ddce36c482385942581cd200da2f26a676",
            "messageTitle": "rectify codacy",
            "messageBody": "",
            "insertions": 0,
            "deletions": 1
          }
        ]
      }
    ]
  },
  "authorFinalContributionMap": {
    "LTPZ": 751,
    "Catherinetan99": 1583,
    "SholihinK": 3658,
    "jaedonkey": 940,
    "yueyeah": 1387
  },
  "authorFileTypeContributionMap": {
    "LTPZ": {
      "tests": 425,
      "functional": 325,
      "other": 1
    },
    "Catherinetan99": {
      "tests": 544,
      "functional": 1039
    },
    "SholihinK": {
      "tests": 1028,
      "functional": 2582,
      "other": 48
    },
    "jaedonkey": {
      "tests": 33,
      "functional": 906,
      "other": 1
    },
    "yueyeah": {
      "tests": 613,
      "functional": 774
    }
  },
  "authorContributionVariance": {
    "LTPZ": 39115.566,
    "Catherinetan99": 30482.615,
    "SholihinK": 822809.06,
    "jaedonkey": 14916.511,
    "yueyeah": 30230.879
  },
  "authorDisplayNameMap": {
    "LTPZ": "CS2113T-W17-1 LIU  . . IZE",
    "Catherinetan99": "CS2113T-W17-1 TAN  . . INE",
    "SholihinK": "CS2113T-W17-1 MUH  . . DIN",
    "jaedonkey": "CS2113T-W17-1 JAE  . . WEI",
    "yueyeah": "CS2113T-W17-1 YUE  . .  YI"
  }
}
