{
  "repoSenseVersion": "816bb1a856",
  "reportGeneratedTime": "Mon Nov 11 05:30:06 2019 UTC",
  "repos": [
    {
      "location": {
        "location": "https://github.com/AY1920S1-CS2113-T13-1/main.git",
        "repoName": "main",
        "organization": "AY1920S1-CS2113-T13-1"
      },
      "branch": "master",
      "displayName": "AY1920S1-CS2113-T13-1/main[master]",
      "outputFolderName": "AY1920S1-CS2113-T13-1_main_master"
    },
    {
      "location": {
        "location": "https://github.com/AY1920S1-CS2113-T13-2/main.git",
        "repoName": "main",
        "organization": "AY1920S1-CS2113-T13-2"
      },
      "branch": "master",
      "displayName": "AY1920S1-CS2113-T13-2/main[master]",
      "outputFolderName": "AY1920S1-CS2113-T13-2_main_master"
    },
    {
      "location": {
        "location": "https://github.com/AY1920S1-CS2113-T13-3/main.git",
        "repoName": "main",
        "organization": "AY1920S1-CS2113-T13-3"
      },
      "branch": "master",
      "displayName": "AY1920S1-CS2113-T13-3/main[master]",
      "outputFolderName": "AY1920S1-CS2113-T13-3_main_master"
    },
    {
      "location": {
        "location": "https://github.com/AY1920S1-CS2113-T13-4/main.git",
        "repoName": "main",
        "organization": "AY1920S1-CS2113-T13-4"
      },
      "branch": "master",
      "displayName": "AY1920S1-CS2113-T13-4/main[master]",
      "outputFolderName": "AY1920S1-CS2113-T13-4_main_master"
    },
    {
      "location": {
        "location": "https://github.com/AY1920S1-CS2113-T14-1/main.git",
        "repoName": "main",
        "organization": "AY1920S1-CS2113-T14-1"
      },
      "branch": "master",
      "displayName": "AY1920S1-CS2113-T14-1/main[master]",
      "outputFolderName": "AY1920S1-CS2113-T14-1_main_master"
    },
    {
      "location": {
        "location": "https://github.com/AY1920S1-CS2113-T14-2/main.git",
        "repoName": "main",
        "organization": "AY1920S1-CS2113-T14-2"
      },
      "branch": "master",
      "displayName": "AY1920S1-CS2113-T14-2/main[master]",
      "outputFolderName": "AY1920S1-CS2113-T14-2_main_master"
    },
    {
      "location": {
        "location": "https://github.com/AY1920S1-CS2113-T14-3/main.git",
        "repoName": "main",
        "organization": "AY1920S1-CS2113-T14-3"
      },
      "branch": "master",
      "displayName": "AY1920S1-CS2113-T14-3/main[master]",
      "outputFolderName": "AY1920S1-CS2113-T14-3_main_master"
    },
    {
      "location": {
        "location": "https://github.com/AY1920S1-CS2113-T14-4/main.git",
        "repoName": "main",
        "organization": "AY1920S1-CS2113-T14-4"
      },
      "branch": "master",
      "displayName": "AY1920S1-CS2113-T14-4/main[master]",
      "outputFolderName": "AY1920S1-CS2113-T14-4_main_master"
    },
    {
      "location": {
        "location": "https://github.com/AY1920S1-CS2113-T16-1/main.git",
        "repoName": "main",
        "organization": "AY1920S1-CS2113-T16-1"
      },
      "branch": "master",
      "displayName": "AY1920S1-CS2113-T16-1/main[master]",
      "outputFolderName": "AY1920S1-CS2113-T16-1_main_master"
    },
    {
      "location": {
        "location": "https://github.com/AY1920S1-CS2113-T16-2/main.git",
        "repoName": "main",
        "organization": "AY1920S1-CS2113-T16-2"
      },
      "branch": "master",
      "displayName": "AY1920S1-CS2113-T16-2/main[master]",
      "outputFolderName": "AY1920S1-CS2113-T16-2_main_master"
    },
    {
      "location": {
        "location": "https://github.com/AY1920S1-CS2113T-W12-1/main.git",
        "repoName": "main",
        "organization": "AY1920S1-CS2113T-W12-1"
      },
      "branch": "master",
      "displayName": "AY1920S1-CS2113T-W12-1/main[master]",
      "outputFolderName": "AY1920S1-CS2113T-W12-1_main_master"
    },
    {
      "location": {
        "location": "https://github.com/AY1920S1-CS2113T-W12-2/main.git",
        "repoName": "main",
        "organization": "AY1920S1-CS2113T-W12-2"
      },
      "branch": "master",
      "displayName": "AY1920S1-CS2113T-W12-2/main[master]",
      "outputFolderName": "AY1920S1-CS2113T-W12-2_main_master"
    },
    {
      "location": {
        "location": "https://github.com/AY1920S1-CS2113T-W12-3/main.git",
        "repoName": "main",
        "organization": "AY1920S1-CS2113T-W12-3"
      },
      "branch": "master",
      "displayName": "AY1920S1-CS2113T-W12-3/main[master]",
      "outputFolderName": "AY1920S1-CS2113T-W12-3_main_master"
    },
    {
      "location": {
        "location": "https://github.com/AY1920S1-CS2113T-W12-4/main.git",
        "repoName": "main",
        "organization": "AY1920S1-CS2113T-W12-4"
      },
      "branch": "master",
      "displayName": "AY1920S1-CS2113T-W12-4/main[master]",
      "outputFolderName": "AY1920S1-CS2113T-W12-4_main_master"
    },
    {
      "location": {
        "location": "https://github.com/AY1920S1-CS2113T-W13-1/main.git",
        "repoName": "main",
        "organization": "AY1920S1-CS2113T-W13-1"
      },
      "branch": "master",
      "displayName": "AY1920S1-CS2113T-W13-1/main[master]",
      "outputFolderName": "AY1920S1-CS2113T-W13-1_main_master"
    },
    {
      "location": {
        "location": "https://github.com/AY1920S1-CS2113T-W13-2/main.git",
        "repoName": "main",
        "organization": "AY1920S1-CS2113T-W13-2"
      },
      "branch": "master",
      "displayName": "AY1920S1-CS2113T-W13-2/main[master]",
      "outputFolderName": "AY1920S1-CS2113T-W13-2_main_master"
    },
    {
      "location": {
        "location": "https://github.com/AY1920S1-CS2113T-W13-3/main.git",
        "repoName": "main",
        "organization": "AY1920S1-CS2113T-W13-3"
      },
      "branch": "master",
      "displayName": "AY1920S1-CS2113T-W13-3/main[master]",
      "outputFolderName": "AY1920S1-CS2113T-W13-3_main_master"
    },
    {
      "location": {
        "location": "https://github.com/AY1920S1-CS2113T-W13-4/main.git",
        "repoName": "main",
        "organization": "AY1920S1-CS2113T-W13-4"
      },
      "branch": "master",
      "displayName": "AY1920S1-CS2113T-W13-4/main[master]",
      "outputFolderName": "AY1920S1-CS2113T-W13-4_main_master"
    },
    {
      "location": {
        "location": "https://github.com/AY1920S1-CS2113T-W17-1/main.git",
        "repoName": "main",
        "organization": "AY1920S1-CS2113T-W17-1"
      },
      "branch": "master",
      "displayName": "AY1920S1-CS2113T-W17-1/main[master]",
      "outputFolderName": "AY1920S1-CS2113T-W17-1_main_master"
    },
    {
      "location": {
        "location": "https://github.com/AY1920S1-CS2113T-W17-2/main.git",
        "repoName": "main",
        "organization": "AY1920S1-CS2113T-W17-2"
      },
      "branch": "master",
      "displayName": "AY1920S1-CS2113T-W17-2/main[master]",
      "outputFolderName": "AY1920S1-CS2113T-W17-2_main_master"
    },
    {
      "location": {
        "location": "https://github.com/AY1920S1-CS2113T-W17-3/main.git",
        "repoName": "main",
        "organization": "AY1920S1-CS2113T-W17-3"
      },
      "branch": "master",
      "displayName": "AY1920S1-CS2113T-W17-3/main[master]",
      "outputFolderName": "AY1920S1-CS2113T-W17-3_main_master"
    },
    {
      "location": {
        "location": "https://github.com/AY1920S1-CS2113T-W17-4/main.git",
        "repoName": "main",
        "organization": "AY1920S1-CS2113T-W17-4"
      },
      "branch": "master",
      "displayName": "AY1920S1-CS2113T-W17-4/main[master]",
      "outputFolderName": "AY1920S1-CS2113T-W17-4_main_master"
    },
    {
      "location": {
        "location": "https://github.com/AY1920S1-CS2113T-T09-1/main.git",
        "repoName": "main",
        "organization": "AY1920S1-CS2113T-T09-1"
      },
      "branch": "master",
      "displayName": "AY1920S1-CS2113T-T09-1/main[master]",
      "outputFolderName": "AY1920S1-CS2113T-T09-1_main_master"
    },
    {
      "location": {
        "location": "https://github.com/AY1920S1-CS2113T-T09-2/main.git",
        "repoName": "main",
        "organization": "AY1920S1-CS2113T-T09-2"
      },
      "branch": "master",
      "displayName": "AY1920S1-CS2113T-T09-2/main[master]",
      "outputFolderName": "AY1920S1-CS2113T-T09-2_main_master"
    },
    {
      "location": {
        "location": "https://github.com/AY1920S1-CS2113T-T09-3/main.git",
        "repoName": "main",
        "organization": "AY1920S1-CS2113T-T09-3"
      },
      "branch": "master",
      "displayName": "AY1920S1-CS2113T-T09-3/main[master]",
      "outputFolderName": "AY1920S1-CS2113T-T09-3_main_master"
    },
    {
      "location": {
        "location": "https://github.com/AY1920S1-CS2113T-T09-4/main.git",
        "repoName": "main",
        "organization": "AY1920S1-CS2113T-T09-4"
      },
      "branch": "master",
      "displayName": "AY1920S1-CS2113T-T09-4/main[master]",
      "outputFolderName": "AY1920S1-CS2113T-T09-4_main_master"
    },
    {
      "location": {
        "location": "https://github.com/AY1920S1-CS2113T-T12-1/main.git",
        "repoName": "main",
        "organization": "AY1920S1-CS2113T-T12-1"
      },
      "branch": "master",
      "displayName": "AY1920S1-CS2113T-T12-1/main[master]",
      "outputFolderName": "AY1920S1-CS2113T-T12-1_main_master"
    },
    {
      "location": {
        "location": "https://github.com/AY1920S1-CS2113T-T12-2/main.git",
        "repoName": "main",
        "organization": "AY1920S1-CS2113T-T12-2"
      },
      "branch": "master",
      "displayName": "AY1920S1-CS2113T-T12-2/main[master]",
      "outputFolderName": "AY1920S1-CS2113T-T12-2_main_master"
    },
    {
      "location": {
        "location": "https://github.com/AY1920S1-CS2113T-T12-3/main.git",
        "repoName": "main",
        "organization": "AY1920S1-CS2113T-T12-3"
      },
      "branch": "master",
      "displayName": "AY1920S1-CS2113T-T12-3/main[master]",
      "outputFolderName": "AY1920S1-CS2113T-T12-3_main_master"
    },
    {
      "location": {
        "location": "https://github.com/AY1920S1-CS2113T-T12-4/main.git",
        "repoName": "main",
        "organization": "AY1920S1-CS2113T-T12-4"
      },
      "branch": "master",
      "displayName": "AY1920S1-CS2113T-T12-4/main[master]",
      "outputFolderName": "AY1920S1-CS2113T-T12-4_main_master"
    },
    {
      "location": {
        "location": "https://github.com/AY1920S1-CS2113T-F09-1/main.git",
        "repoName": "main",
        "organization": "AY1920S1-CS2113T-F09-1"
      },
      "branch": "master",
      "displayName": "AY1920S1-CS2113T-F09-1/main[master]",
      "outputFolderName": "AY1920S1-CS2113T-F09-1_main_master"
    },
    {
      "location": {
        "location": "https://github.com/AY1920S1-CS2113T-F09-2/main.git",
        "repoName": "main",
        "organization": "AY1920S1-CS2113T-F09-2"
      },
      "branch": "master",
      "displayName": "AY1920S1-CS2113T-F09-2/main[master]",
      "outputFolderName": "AY1920S1-CS2113T-F09-2_main_master"
    },
    {
      "location": {
        "location": "https://github.com/AY1920S1-CS2113T-F09-3/main.git",
        "repoName": "main",
        "organization": "AY1920S1-CS2113T-F09-3"
      },
      "branch": "master",
      "displayName": "AY1920S1-CS2113T-F09-3/main[master]",
      "outputFolderName": "AY1920S1-CS2113T-F09-3_main_master"
    },
    {
      "location": {
        "location": "https://github.com/AY1920S1-CS2113T-F09-4/main.git",
        "repoName": "main",
        "organization": "AY1920S1-CS2113T-F09-4"
      },
      "branch": "master",
      "displayName": "AY1920S1-CS2113T-F09-4/main[master]",
      "outputFolderName": "AY1920S1-CS2113T-F09-4_main_master"
    },
    {
      "location": {
        "location": "https://github.com/AY1920S1-CS2113T-F10-1/main.git",
        "repoName": "main",
        "organization": "AY1920S1-CS2113T-F10-1"
      },
      "branch": "master",
      "displayName": "AY1920S1-CS2113T-F10-1/main[master]",
      "outputFolderName": "AY1920S1-CS2113T-F10-1_main_master"
    },
    {
      "location": {
        "location": "https://github.com/AY1920S1-CS2113T-F10-2/main.git",
        "repoName": "main",
        "organization": "AY1920S1-CS2113T-F10-2"
      },
      "branch": "master",
      "displayName": "AY1920S1-CS2113T-F10-2/main[master]",
      "outputFolderName": "AY1920S1-CS2113T-F10-2_main_master"
    },
    {
      "location": {
        "location": "https://github.com/AY1920S1-CS2113T-F10-3/main.git",
        "repoName": "main",
        "organization": "AY1920S1-CS2113T-F10-3"
      },
      "branch": "master",
      "displayName": "AY1920S1-CS2113T-F10-3/main[master]",
      "outputFolderName": "AY1920S1-CS2113T-F10-3_main_master"
    },
    {
      "location": {
        "location": "https://github.com/AY1920S1-CS2113T-F10-4/main.git",
        "repoName": "main",
        "organization": "AY1920S1-CS2113T-F10-4"
      },
      "branch": "master",
      "displayName": "AY1920S1-CS2113T-F10-4/main[master]",
      "outputFolderName": "AY1920S1-CS2113T-F10-4_main_master"
    },
    {
      "location": {
        "location": "https://github.com/AY1920S1-CS2113T-F11-1/main.git",
        "repoName": "main",
        "organization": "AY1920S1-CS2113T-F11-1"
      },
      "branch": "master",
      "displayName": "AY1920S1-CS2113T-F11-1/main[master]",
      "outputFolderName": "AY1920S1-CS2113T-F11-1_main_master"
    },
    {
      "location": {
        "location": "https://github.com/AY1920S1-CS2113T-F11-2/main.git",
        "repoName": "main",
        "organization": "AY1920S1-CS2113T-F11-2"
      },
      "branch": "master",
      "displayName": "AY1920S1-CS2113T-F11-2/main[master]",
      "outputFolderName": "AY1920S1-CS2113T-F11-2_main_master"
    },
    {
      "location": {
        "location": "https://github.com/AY1920S1-CS2113T-F11-3/main.git",
        "repoName": "main",
        "organization": "AY1920S1-CS2113T-F11-3"
      },
      "branch": "master",
      "displayName": "AY1920S1-CS2113T-F11-3/main[master]",
      "outputFolderName": "AY1920S1-CS2113T-F11-3_main_master"
    },
    {
      "location": {
        "location": "https://github.com/AY1920S1-CS2113T-F11-4/main.git",
        "repoName": "main",
        "organization": "AY1920S1-CS2113T-F11-4"
      },
      "branch": "master",
      "displayName": "AY1920S1-CS2113T-F11-4/main[master]",
      "outputFolderName": "AY1920S1-CS2113T-F11-4_main_master"
    },
    {
      "location": {
        "location": "https://github.com/AY1920S1-CS2113T-F14-1/main.git",
        "repoName": "main",
        "organization": "AY1920S1-CS2113T-F14-1"
      },
      "branch": "master",
      "displayName": "AY1920S1-CS2113T-F14-1/main[master]",
      "outputFolderName": "AY1920S1-CS2113T-F14-1_main_master"
    },
    {
      "location": {
        "location": "https://github.com/AY1920S1-CS2113T-F14-2/main.git",
        "repoName": "main",
        "organization": "AY1920S1-CS2113T-F14-2"
      },
      "branch": "master",
      "displayName": "AY1920S1-CS2113T-F14-2/main[master]",
      "outputFolderName": "AY1920S1-CS2113T-F14-2_main_master"
    },
    {
      "location": {
        "location": "https://github.com/AY1920S1-CS2113T-F14-3/main.git",
        "repoName": "main",
        "organization": "AY1920S1-CS2113T-F14-3"
      },
      "branch": "master",
      "displayName": "AY1920S1-CS2113T-F14-3/main[master]",
      "outputFolderName": "AY1920S1-CS2113T-F14-3_main_master"
    },
    {
      "location": {
        "location": "https://github.com/AY1920S1-CS2113T-F14-4/main.git",
        "repoName": "main",
        "organization": "AY1920S1-CS2113T-F14-4"
      },
      "branch": "master",
      "displayName": "AY1920S1-CS2113T-F14-4/main[master]",
      "outputFolderName": "AY1920S1-CS2113T-F14-4_main_master"
    }
  ],
  "errorList": [],
  "sinceDate": "2019-09-21",
  "untilDate": "2019-11-11",
  "isSinceDateProvided": true,
  "isUntilDateProvided": false
}
