{
  "authorDailyContributionsMap": {
    "Hotspur1997": [
      {
        "insertions": 87,
        "deletions": 11,
        "date": "2019-10-09",
        "commitResults": [
          {
            "hash": "bbedd50585efa9ae0153a8371f490d50c06b3829",
            "messageTitle": "Added feature to add to watchlist by deadline",
            "messageBody": "",
            "insertions": 87,
            "deletions": 11
          }
        ]
      },
      {
        "insertions": 22,
        "deletions": 5,
        "date": "2019-10-13",
        "commitResults": [
          {
            "hash": "7ab26653d0572491287f3ae1c2c0aa2a24d8c43b",
            "messageTitle": "added feature to set deadlines",
            "messageBody": "",
            "insertions": 22,
            "deletions": 5
          }
        ]
      },
      {
        "insertions": 58,
        "deletions": 24,
        "date": "2019-10-14",
        "commitResults": [
          {
            "hash": "e3289ac65fe5960684e30629dd43142ac101c7d2",
            "messageTitle": "Added function to add deadline and periodic events to watchlist",
            "messageBody": "",
            "insertions": 58,
            "deletions": 24
          }
        ]
      },
      {
        "insertions": 108,
        "deletions": 45,
        "date": "2019-10-16",
        "commitResults": [
          {
            "hash": "d7e2c33d92a319cf989658df1c95e5a0f9f4b47d",
            "messageTitle": "added exception handling",
            "messageBody": "",
            "insertions": 54,
            "deletions": 36
          },
          {
            "hash": "338920480199dc977883caad0b9b1270197d9706",
            "messageTitle": "Added functions to delete, mark the watchlist as done and view for the watchlist",
            "messageBody": "",
            "insertions": 54,
            "deletions": 9
          }
        ]
      },
      {
        "insertions": 32,
        "deletions": 2,
        "date": "2019-10-17",
        "commitResults": [
          {
            "hash": "95793c8ce601bfcb50b23bfeb277aafabcf9f07c",
            "messageTitle": "added some comments to code",
            "messageBody": "",
            "insertions": 6,
            "deletions": 0
          },
          {
            "hash": "6441077e15c22f66362538f90fa032024391587b",
            "messageTitle": "added more comments",
            "messageBody": "",
            "insertions": 26,
            "deletions": 2
          }
        ]
      },
      {
        "insertions": 47,
        "deletions": 1,
        "date": "2019-10-20",
        "commitResults": [
          {
            "hash": "02973474a994016613c8e8e353b2b5e1a74e3726",
            "messageTitle": "saving work",
            "messageBody": "",
            "insertions": 47,
            "deletions": 1
          }
        ]
      },
      {
        "insertions": 39,
        "deletions": 6,
        "date": "2019-10-21",
        "commitResults": [
          {
            "hash": "c1cd9ba082eef00bf03dc8bbc7977391e03813b2",
            "messageTitle": "added recomendations but need to fix api request",
            "messageBody": "",
            "insertions": 39,
            "deletions": 6
          }
        ]
      },
      {
        "insertions": 98,
        "deletions": 3,
        "date": "2019-10-22",
        "commitResults": [
          {
            "hash": "176ef065ce33a2418ef145719418e372ddef936a",
            "messageTitle": "refractoring code",
            "messageBody": "",
            "insertions": 98,
            "deletions": 3
          }
        ]
      },
      {
        "insertions": 32,
        "deletions": 29,
        "date": "2019-10-23",
        "commitResults": [
          {
            "hash": "498e16e7b5603fd923e828924121626cc9f7ed30",
            "messageTitle": "refractored code for watchlist",
            "messageBody": "",
            "insertions": 32,
            "deletions": 29
          }
        ]
      },
      {
        "insertions": 36,
        "deletions": 6,
        "date": "2019-10-24",
        "commitResults": [
          {
            "hash": "866a38ae733ddcccf732787c979b9c4fb2cdc49c",
            "messageTitle": "preparing for merge",
            "messageBody": "",
            "insertions": 10,
            "deletions": 3
          },
          {
            "hash": "b7e85d3555398184df7e6082841ed383b36f7e2a",
            "messageTitle": "sorting by earliest deadline first works",
            "messageBody": "",
            "insertions": 26,
            "deletions": 3
          }
        ]
      },
      {
        "insertions": 67,
        "deletions": 26,
        "date": "2019-10-25",
        "commitResults": [
          {
            "hash": "98cd2325896a41f2f3aaea8c5c2e97fd5689deb6",
            "messageTitle": "watchlist able to detect duplicates",
            "messageBody": "",
            "insertions": 52,
            "deletions": 13
          },
          {
            "hash": "cd7f9b01ad92cbfa0647777ba0870b4d065ef0f0",
            "messageTitle": "pushed features to get title from watchlist",
            "messageBody": "",
            "insertions": 15,
            "deletions": 13
          }
        ]
      },
      {
        "insertions": 260,
        "deletions": 14,
        "date": "2019-10-27",
        "commitResults": [
          {
            "hash": "27bc7ba2cbc55ed45f075f98fc149a91482755a8",
            "messageTitle": "cinema location feature complete",
            "messageBody": "",
            "insertions": 260,
            "deletions": 14
          }
        ]
      },
      {
        "insertions": 48,
        "deletions": 5,
        "date": "2019-10-30",
        "commitResults": [
          {
            "hash": "4ddbdf4063cd0db81a629d83473cdd36a84a3510",
            "messageTitle": "added feature to mark a particular movie as watched",
            "messageBody": "",
            "insertions": 48,
            "deletions": 5
          }
        ]
      },
      {
        "insertions": 7,
        "deletions": 1,
        "date": "2019-11-01",
        "commitResults": [
          {
            "hash": "6b8b3d624f42d63613d30c0d21c57ce2b4b2eafd",
            "messageTitle": "fixed bug in cinema to search locations with spaces",
            "messageBody": "",
            "insertions": 7,
            "deletions": 1
          }
        ]
      }
    ],
    "Riyas97": [
      {
        "insertions": 1708,
        "deletions": 24,
        "date": "2019-09-25",
        "commitResults": [
          {
            "hash": "b2d29ae6b07deb5edd047e3d1b417c899b45946c",
            "messageTitle": "Added entertainment-Pro",
            "messageBody": "",
            "insertions": 1708,
            "deletions": 24
          }
        ]
      },
      {
        "insertions": 407,
        "deletions": 157,
        "date": "2019-09-29",
        "commitResults": [
          {
            "hash": "dcbbf5a233ec27e0deefec496ec6e404f952de19",
            "messageTitle": "Changed the interface",
            "messageBody": "",
            "insertions": 407,
            "deletions": 157
          }
        ]
      },
      {
        "insertions": 268,
        "deletions": 223,
        "date": "2019-10-06",
        "commitResults": [
          {
            "hash": "55e817e19180a79c8aa615e33e8b202de6c57000",
            "messageTitle": "some changes",
            "messageBody": "",
            "insertions": 268,
            "deletions": 223
          }
        ]
      },
      {
        "insertions": 213,
        "deletions": 201,
        "date": "2019-10-08",
        "commitResults": [
          {
            "hash": "a73e1574c7c078e629b8b833371ea641233c8769",
            "messageTitle": "fixed minor bug and add more javadoc",
            "messageBody": "",
            "insertions": 213,
            "deletions": 201
          }
        ]
      },
      {
        "insertions": 305,
        "deletions": 90,
        "date": "2019-10-09",
        "commitResults": [
          {
            "hash": "3d400c0ad3ab7d75691dd03b807e36104eccd49a",
            "messageTitle": "resolve",
            "messageBody": "",
            "insertions": 305,
            "deletions": 90
          }
        ]
      },
      {
        "insertions": 1945,
        "deletions": 971,
        "date": "2019-10-11",
        "commitResults": [
          {
            "hash": "3955628ceb14dea9d4fca56ce2a9c7e90bb5631c",
            "messageTitle": "some minor changes",
            "messageBody": "",
            "insertions": 1466,
            "deletions": 585
          },
          {
            "hash": "8387db126c9b01f1cdb36a9a6188bc0d4ff09862",
            "messageTitle": "can scroll mainpage with keyboard",
            "messageBody": "",
            "insertions": 479,
            "deletions": 386
          }
        ]
      },
      {
        "insertions": 594,
        "deletions": 132,
        "date": "2019-10-14",
        "commitResults": [
          {
            "hash": "c02dd6a2b323173bbff6e6edb285c647928a0662",
            "messageTitle": "trial and error",
            "messageBody": "",
            "insertions": 168,
            "deletions": 36
          },
          {
            "hash": "9e30c54585198243747657db9c80e4a41ae3e3b4",
            "messageTitle": "merge from upstream",
            "messageBody": "",
            "insertions": 426,
            "deletions": 96
          }
        ]
      },
      {
        "insertions": 374,
        "deletions": 129,
        "date": "2019-10-15",
        "commitResults": [
          {
            "hash": "ebfef6375a407d9333e0093ab2df0cd61e588281",
            "messageTitle": "added offline data",
            "messageBody": "",
            "insertions": 374,
            "deletions": 129
          }
        ]
      },
      {
        "insertions": 1122,
        "deletions": 922,
        "date": "2019-10-16",
        "commitResults": [
          {
            "hash": "36eb46ba54ca23b5ac978ebaf53907845176a217",
            "messageTitle": "changed MainPage.fxml",
            "messageBody": "",
            "insertions": 504,
            "deletions": 75
          },
          {
            "hash": "5996bf98a3b9b3d4d6d0b45ca5eeec3793a17626",
            "messageTitle": "edited moreinfo page",
            "messageBody": "",
            "insertions": 335,
            "deletions": 32
          },
          {
            "hash": "2d976a39fb04f5776545fd52ceae12c40d408e6e",
            "messageTitle": "changed fxml files",
            "messageBody": "",
            "insertions": 242,
            "deletions": 793
          },
          {
            "hash": "e8bc0df9fbcc0397f13acc4086040cd051eae0d4",
            "messageTitle": "removed some data files",
            "messageBody": "",
            "insertions": 41,
            "deletions": 22
          }
        ]
      },
      {
        "insertions": 711,
        "deletions": 348,
        "date": "2019-10-21",
        "commitResults": [
          {
            "hash": "bd348fb54d326a7089f75a5570917e5d926ff0c8",
            "messageTitle": "working on view back command",
            "messageBody": "",
            "insertions": 711,
            "deletions": 348
          }
        ]
      },
      {
        "insertions": 87,
        "deletions": 25,
        "date": "2019-10-22",
        "commitResults": [
          {
            "hash": "821f3b7a46360c4feac2663ece02caee25d7eeaf",
            "messageTitle": "fixed a small bug in view back command",
            "messageBody": "",
            "insertions": 37,
            "deletions": 19
          },
          {
            "hash": "75a8de09f85a20bcb6336bf030a41542196b1bd6",
            "messageTitle": "changed commandstack to old form",
            "messageBody": "",
            "insertions": 2,
            "deletions": 2
          },
          {
            "hash": "7936cb04a8d2f49c2fea187fa0dead8a6cf9661d",
            "messageTitle": "resolved a small problem with ui",
            "messageBody": "",
            "insertions": 48,
            "deletions": 4
          }
        ]
      },
      {
        "insertions": 420,
        "deletions": 181,
        "date": "2019-10-23",
        "commitResults": [
          {
            "hash": "cce8c0d63434c682b0ccc6474c01137436c3b021",
            "messageTitle": "some changes",
            "messageBody": "",
            "insertions": 420,
            "deletions": 181
          }
        ]
      },
      {
        "insertions": 730,
        "deletions": 1477,
        "date": "2019-10-27",
        "commitResults": [
          {
            "hash": "80bbb2d71d36150d8e01eaaf83332adfee758421",
            "messageTitle": "search and pref function with a lot of changes",
            "messageBody": "",
            "insertions": 730,
            "deletions": 1477
          }
        ]
      },
      {
        "insertions": 2336,
        "deletions": 1849,
        "date": "2019-10-28",
        "commitResults": [
          {
            "hash": "1772c5cb8d68f6459db420f8c557a8978747ee36",
            "messageTitle": "added javadocs and comments",
            "messageBody": "",
            "insertions": 774,
            "deletions": 579
          },
          {
            "hash": "b1ba7b6a942f8aeb3f7b9a57f00396ce6567808e",
            "messageTitle": "merge with upstream",
            "messageBody": "",
            "insertions": 1562,
            "deletions": 1270
          }
        ]
      },
      {
        "insertions": 369,
        "deletions": 370,
        "date": "2019-10-29",
        "commitResults": [
          {
            "hash": "82ade4337d64452c186b6a1bbda1e0ee2449e290",
            "messageTitle": "added offline search",
            "messageBody": "",
            "insertions": 369,
            "deletions": 370
          }
        ]
      }
    ],
    "nwenhui": [
      {
        "insertions": 72,
        "deletions": 14,
        "date": "2019-09-24",
        "commitResults": [
          {
            "hash": "8617e792b763e644b4537d9cc4a83c3d0b2c0639",
            "messageTitle": "aighto added exceptions for b-reminder and b-schedule",
            "messageBody": "",
            "insertions": 72,
            "deletions": 14
          }
        ]
      },
      {
        "insertions": 492,
        "deletions": 63,
        "date": "2019-10-02",
        "commitResults": [
          {
            "hash": "6ac3f9baab41ce51b8c6c8da4b3bea41b08a342a",
            "messageTitle": "m ded genre incomplete",
            "messageBody": "",
            "insertions": 457,
            "deletions": 38
          },
          {
            "hash": "e34f8bfc6a6ac13098286a0a620f1193378e5adb",
            "messageTitle": "havent fix filepath",
            "messageBody": "",
            "insertions": 12,
            "deletions": 10
          },
          {
            "hash": "317ce438e727ac39c18c003d92abfab9b05834c9",
            "messageTitle": "profile name age genre donezo",
            "messageBody": "",
            "insertions": 23,
            "deletions": 15
          }
        ]
      },
      {
        "insertions": 434,
        "deletions": 79,
        "date": "2019-10-06",
        "commitResults": [
          {
            "hash": "2301a98173f69c927faabdd07cddeda561ea18ae",
            "messageTitle": "donezo preference and genre",
            "messageBody": "",
            "insertions": 434,
            "deletions": 79
          }
        ]
      },
      {
        "insertions": 882,
        "deletions": 663,
        "date": "2019-10-08",
        "commitResults": [
          {
            "hash": "d5e7112a0815383e93891cacd72d97122018608c",
            "messageTitle": "change storage to json type hehe",
            "messageBody": "",
            "insertions": 158,
            "deletions": 351
          },
          {
            "hash": "b22a397ccd177a47eb236335be0f3369c44bdc5d",
            "messageTitle": "playlists + profile + genre filtering",
            "messageBody": "",
            "insertions": 724,
            "deletions": 312
          }
        ]
      },
      {
        "insertions": 181,
        "deletions": 16,
        "date": "2019-10-09",
        "commitResults": [
          {
            "hash": "94dd6cf31653ebb4afa4abbb0fdc105a7c2e01cf",
            "messageTitle": "added clear functions D:",
            "messageBody": "",
            "insertions": 127,
            "deletions": 9
          },
          {
            "hash": "f24fda71755d9840ceee12e7c64a6e08ae17fd78",
            "messageTitle": "added adult to gui",
            "messageBody": "",
            "insertions": 26,
            "deletions": 4
          },
          {
            "hash": "02096ef21110f0d3b7ab1a2238668b199e06d2ff",
            "messageTitle": "can view movie using command no clickity click",
            "messageBody": "",
            "insertions": 28,
            "deletions": 3
          }
        ]
      },
      {
        "insertions": 414,
        "deletions": 140,
        "date": "2019-10-11",
        "commitResults": [
          {
            "hash": "ea4806e9542fff2d8e3c1d37382974e6b4e31ef0",
            "messageTitle": "okidokied labels",
            "messageBody": "",
            "insertions": 414,
            "deletions": 140
          }
        ]
      },
      {
        "insertions": 117,
        "deletions": 6,
        "date": "2019-10-15",
        "commitResults": [
          {
            "hash": "afa4da0eeb03b02d7c78fa95dcbf8e802370ed48",
            "messageTitle": "merge???",
            "messageBody": "",
            "insertions": 106,
            "deletions": 0
          },
          {
            "hash": "0baac7d23d59210df2898f9e6a2befe89730ec19",
            "messageTitle": "okidokis",
            "messageBody": "",
            "insertions": 11,
            "deletions": 6
          }
        ]
      },
      {
        "insertions": 17,
        "deletions": 17,
        "date": "2019-10-23",
        "commitResults": [
          {
            "hash": "8397f1e078cfd81a3d77614c91988b2862b2caeb",
            "messageTitle": "added playlist label in user preferences",
            "messageBody": "",
            "insertions": 17,
            "deletions": 17
          }
        ]
      },
      {
        "insertions": 1041,
        "deletions": 246,
        "date": "2019-10-26",
        "commitResults": [
          {
            "hash": "dba4bb4ceefc20cff52af1ede21a2d5f96682cae",
            "messageTitle": "halfway",
            "messageBody": "",
            "insertions": 984,
            "deletions": 211
          },
          {
            "hash": "7dcaf20cae92c0c0aa9a7dde1210b75cda8e79ca",
            "messageTitle": "make the thingy robusty",
            "messageBody": "",
            "insertions": 57,
            "deletions": 35
          }
        ]
      },
      {
        "insertions": 176,
        "deletions": 194,
        "date": "2019-10-27",
        "commitResults": [
          {
            "hash": "ceb8e1d613825cb9ada26d609cbf71507561075e",
            "messageTitle": "fixed robut thingy",
            "messageBody": "",
            "insertions": 10,
            "deletions": 5
          },
          {
            "hash": "a9fcf97007b62014c77a0400c68f2f6db1d16f57",
            "messageTitle": "filepath stuffz",
            "messageBody": "",
            "insertions": 14,
            "deletions": 4
          },
          {
            "hash": "de0285002d246be02cbf50dca69159b37a5307b7",
            "messageTitle": "playlist commands are a okey only left making the relevant gui pages more nice",
            "messageBody": "",
            "insertions": 14,
            "deletions": 12
          },
          {
            "hash": "a2cde0c90d1584961e0babee0a2d18529217c841",
            "messageTitle": "change user command for searching to use flags for preference n stuff hehe",
            "messageBody": "",
            "insertions": 138,
            "deletions": 173
          }
        ]
      },
      {
        "insertions": 1979,
        "deletions": 1568,
        "date": "2019-10-28",
        "commitResults": [
          {
            "hash": "3e44dacdd0bbf3bc0419c0b04f7f37392527b968",
            "messageTitle": "playlist gui donezoOo",
            "messageBody": "",
            "insertions": 152,
            "deletions": 26
          },
          {
            "hash": "a93a14754b750936a6ef04e5559827f29e0194b9",
            "messageTitle": "Revert \"everything is donezo now imma go checkstyle + javadoc!!!!!\"",
            "messageBody": "",
            "insertions": 26,
            "deletions": 152
          },
          {
            "hash": "52fe6112d6c7dae95fd01b82657d932e69158001",
            "messageTitle": "maketh it checkstyle",
            "messageBody": "",
            "insertions": 1411,
            "deletions": 1311
          },
          {
            "hash": "f94f52d5cf119acfd951ff977d28a9e745b253df",
            "messageTitle": "gotcha all (hopefully) playlist exceptions",
            "messageBody": "",
            "insertions": 378,
            "deletions": 72
          },
          {
            "hash": "3508cf4091a702fb7ca6cca21c4182a4fadcf049",
            "messageTitle": "exceptions acception my checkstyle TT.TT",
            "messageBody": "",
            "insertions": 10,
            "deletions": 5
          },
          {
            "hash": "84caee8b760e3c6876573a6a5b9ef470295ef05a",
            "messageTitle": "i change sth smol???",
            "messageBody": "",
            "insertions": 2,
            "deletions": 2
          }
        ]
      },
      {
        "insertions": 388,
        "deletions": 31,
        "date": "2019-10-29",
        "commitResults": [
          {
            "hash": "a00c2222c478d385561ed97f167cb51a69315cd6",
            "messageTitle": "finisho set exceptions for mi",
            "messageBody": "",
            "insertions": 388,
            "deletions": 31
          }
        ]
      },
      {
        "insertions": 359,
        "deletions": 309,
        "date": "2019-10-30",
        "commitResults": [
          {
            "hash": "386f94e49e92b67dc58092f89347e102b0255e76",
            "messageTitle": "fix the read file thingy",
            "messageBody": "",
            "insertions": 118,
            "deletions": 65
          },
          {
            "hash": "b4e6567c57bb6e809036dff824394fe0b0e8e501",
            "messageTitle": "remove pastcommands stuffzxc",
            "messageBody": "",
            "insertions": 238,
            "deletions": 241
          },
          {
            "hash": "d2a4972ca8e514eaba0bd419c21e6465a1a6ebb2",
            "messageTitle": "fix da bug in label :(",
            "messageBody": "",
            "insertions": 1,
            "deletions": 1
          },
          {
            "hash": "891867716075ad8d13ccb919dc3a50e9a46e444d",
            "messageTitle": "add help texts hehe",
            "messageBody": "",
            "insertions": 2,
            "deletions": 2
          }
        ]
      },
      {
        "insertions": 152,
        "deletions": 99,
        "date": "2019-10-31",
        "commitResults": [
          {
            "hash": "6d3d8d6bfcb89dff51e84de42fd72fce3c58e745",
            "messageTitle": " add userguide adoc",
            "messageBody": "",
            "insertions": 5,
            "deletions": 4
          },
          {
            "hash": "ad348a8c5a8ce7ff77200a8d8bbd122442b80581",
            "messageTitle": "shd b can jar",
            "messageBody": "",
            "insertions": 147,
            "deletions": 95
          }
        ]
      },
      {
        "insertions": 1,
        "deletions": 1,
        "date": "2019-11-01",
        "commitResults": [
          {
            "hash": "1fad2725133b7d23e2b8942196d779a1466d3cc1",
            "messageTitle": "issa just ug adoc",
            "messageBody": "",
            "insertions": 1,
            "deletions": 1
          }
        ]
      }
    ],
    "Pdotdeep": [
      {
        "insertions": 415,
        "deletions": 13,
        "date": "2019-09-30",
        "commitResults": [
          {
            "hash": "c6bf355a25c5085342c37137822a22f8bccb798c",
            "messageTitle": "Command Parser preliminary",
            "messageBody": "",
            "insertions": 415,
            "deletions": 13
          }
        ]
      },
      {
        "insertions": 14,
        "deletions": 1,
        "date": "2019-10-02",
        "commitResults": [
          {
            "hash": "94355714d067142509a15fe376e444fa03cbcc2a",
            "messageTitle": "Enter and Tab Listener",
            "messageBody": "",
            "insertions": 14,
            "deletions": 1
          }
        ]
      },
      {
        "insertions": 319,
        "deletions": 62,
        "date": "2019-10-10",
        "commitResults": [
          {
            "hash": "b15adc661825844b0407544370c1a7230a61bdf5",
            "messageTitle": "Auto Complete completed",
            "messageBody": "",
            "insertions": 319,
            "deletions": 62
          }
        ]
      },
      {
        "insertions": 826,
        "deletions": 466,
        "date": "2019-10-14",
        "commitResults": [
          {
            "hash": "213cf758e2786f07229e46049c718d88a1608405",
            "messageTitle": "Completed Blacklist",
            "messageBody": "",
            "insertions": 349,
            "deletions": 25
          },
          {
            "hash": "a4919a6f000586dd8ad76d14d4846ef3ddc5acd8",
            "messageTitle": "fixed checkStyle for AddCommand",
            "messageBody": "",
            "insertions": 53,
            "deletions": 31
          },
          {
            "hash": "21017d96d921bd5bdc60ac976dc281230b83c111",
            "messageTitle": "Fixed checkStyle for COMMANDKEYS",
            "messageBody": "",
            "insertions": 176,
            "deletions": 177
          },
          {
            "hash": "231bc0f6e222ce5710ec17c4711d616440617ae1",
            "messageTitle": "Added javadoc for COMMANDKEYS",
            "messageBody": "",
            "insertions": 4,
            "deletions": 0
          },
          {
            "hash": "b975ac532f2e357e5a9deaaae133ed5cbd5761c2",
            "messageTitle": "Fixed checkstyle for COMMAND_STRUCTURE",
            "messageBody": "",
            "insertions": 44,
            "deletions": 36
          },
          {
            "hash": "019acff3ad93083a1123d0af49b43532f1be6db8",
            "messageTitle": "Checkstyle fixes for commands package",
            "messageBody": "",
            "insertions": 200,
            "deletions": 197
          }
        ]
      },
      {
        "insertions": 256,
        "deletions": 55,
        "date": "2019-10-16",
        "commitResults": [
          {
            "hash": "bcd43c73b051a13e0245f23612be16f9df97b410",
            "messageTitle": "Added keyword and movie based blacklisting",
            "messageBody": "",
            "insertions": 248,
            "deletions": 54
          },
          {
            "hash": "c7329fdb302465237e87cef17723ce43c4583fe0",
            "messageTitle": "userProfile prob fixed",
            "messageBody": "",
            "insertions": 2,
            "deletions": 1
          },
          {
            "hash": "162f0cdb022a56066d9c96daf26d3011b3b0aecb",
            "messageTitle": "Comment added",
            "messageBody": "",
            "insertions": 6,
            "deletions": 0
          }
        ]
      },
      {
        "insertions": 197,
        "deletions": 20,
        "date": "2019-10-20",
        "commitResults": [
          {
            "hash": "8beb3d628089331ada2ac6e084e373e02baa2ab2",
            "messageTitle": "Added storage for Blacklist",
            "messageBody": "",
            "insertions": 192,
            "deletions": 18
          },
          {
            "hash": "3048ab67e0dc42954904c5b2924e39e46f5aaa47",
            "messageTitle": "Blacklist storage",
            "messageBody": "",
            "insertions": 5,
            "deletions": 2
          }
        ]
      },
      {
        "insertions": 474,
        "deletions": 223,
        "date": "2019-10-21",
        "commitResults": [
          {
            "hash": "249100398f6d21f7b75e6de6bfdd131f1f4dd43e",
            "messageTitle": "Smarter autocomplete",
            "messageBody": "",
            "insertions": 331,
            "deletions": 147
          },
          {
            "hash": "46bd0031daec3043045533fe135f3edb99eb19db",
            "messageTitle": "Added command history",
            "messageBody": "",
            "insertions": 67,
            "deletions": 6
          },
          {
            "hash": "33a724dfb2af69036658f15395ecf48a26fa4273",
            "messageTitle": "Added Help functionality",
            "messageBody": "",
            "insertions": 76,
            "deletions": 70
          }
        ]
      },
      {
        "insertions": 189,
        "deletions": 131,
        "date": "2019-10-22",
        "commitResults": [
          {
            "hash": "34920e64c409b28c5f0cf7f3a78c502a28c9b3eb",
            "messageTitle": "changed structure",
            "messageBody": "",
            "insertions": 189,
            "deletions": 131
          }
        ]
      },
      {
        "insertions": 40,
        "deletions": 25,
        "date": "2019-10-23",
        "commitResults": [
          {
            "hash": "f23ebeb652ea66f9482157a9fd46a01aece42169",
            "messageTitle": "minor refractoring",
            "messageBody": "",
            "insertions": 40,
            "deletions": 25
          }
        ]
      },
      {
        "insertions": 495,
        "deletions": 195,
        "date": "2019-10-25",
        "commitResults": [
          {
            "hash": "a9606a3bfd4a8cd7a463395b7802ad8602bb503c",
            "messageTitle": "Added javadoc comments",
            "messageBody": "",
            "insertions": 495,
            "deletions": 195
          }
        ]
      },
      {
        "insertions": 524,
        "deletions": 189,
        "date": "2019-10-26",
        "commitResults": [
          {
            "hash": "590ba267aa3b27f60078aba99bb557d85c99407e",
            "messageTitle": "Added testing",
            "messageBody": "",
            "insertions": 459,
            "deletions": 168
          },
          {
            "hash": "6c1d770effbd939bb8b7365e975507ff4b10e6ad",
            "messageTitle": "Added better flag",
            "messageBody": "",
            "insertions": 65,
            "deletions": 21
          }
        ]
      },
      {
        "insertions": 144,
        "deletions": 133,
        "date": "2019-10-27",
        "commitResults": [
          {
            "hash": "85ea299467160518ae2c6f12fa25cc90ee83a648",
            "messageTitle": "help storage",
            "messageBody": "",
            "insertions": 8,
            "deletions": 4
          },
          {
            "hash": "bcb50ae073222c085419901b21fee0f2099deb38",
            "messageTitle": "clean up code",
            "messageBody": "",
            "insertions": 136,
            "deletions": 129
          }
        ]
      },
      {
        "insertions": 226,
        "deletions": 164,
        "date": "2019-10-28",
        "commitResults": [
          {
            "hash": "aa77001deced4abb6d8092d20aa3277aae0995fe",
            "messageTitle": "Added testing for commandstack and commandsuper",
            "messageBody": "",
            "insertions": 226,
            "deletions": 164
          }
        ]
      },
      {
        "insertions": 190,
        "deletions": 76,
        "date": "2019-10-29",
        "commitResults": [
          {
            "hash": "bd345e000f4351308d5bd90657ec0ae78b6ce61a",
            "messageTitle": "added logging",
            "messageBody": "",
            "insertions": 190,
            "deletions": 76
          }
        ]
      },
      {
        "insertions": 6,
        "deletions": 9,
        "date": "2019-10-30",
        "commitResults": [
          {
            "hash": "f1c95fc49742cd771b282d546beec05ec7ff482f",
            "messageTitle": "added stuff",
            "messageBody": "",
            "insertions": 1,
            "deletions": 6
          },
          {
            "hash": "6de83635bff1309aa9bed65ed867b28f77e836c5",
            "messageTitle": "Added help data",
            "messageBody": "",
            "insertions": 5,
            "deletions": 3
          }
        ]
      },
      {
        "insertions": 6,
        "deletions": 1,
        "date": "2019-10-31",
        "commitResults": [
          {
            "hash": "5646a8bed2b108137cebc72caf2ae363139dd4c1",
            "messageTitle": "minor changes",
            "messageBody": "",
            "insertions": 6,
            "deletions": 1
          }
        ]
      }
    ]
  },
  "authorFinalContributionMap": {
    "Hotspur1997": 598,
    "Riyas97": 4222,
    "nwenhui": 3082,
    "Pdotdeep": 2521
  },
  "authorFileTypeContributionMap": {
    "Hotspur1997": {
      "tests": 0,
      "functional": 598
    },
    "Riyas97": {
      "tests": 5,
      "functional": 4208,
      "other": 9
    },
    "nwenhui": {
      "tests": 4,
      "functional": 3074,
      "other": 4
    },
    "Pdotdeep": {
      "tests": 427,
      "functional": 2080,
      "other": 14
    }
  },
  "authorContributionVariance": {
    "Hotspur1997": 2819.5632,
    "Riyas97": 796634.56,
    "nwenhui": 379368.94,
    "Pdotdeep": 74692.734
  },
  "authorDisplayNameMap": {
    "Hotspur1997": "CS2113T-T09-4 MAR  . . ENG",
    "Riyas97": "CS2113T-T09-4 MOH  . . YAS",
    "nwenhui": "CS2113T-T09-4 NEO  . . HUI",
    "Pdotdeep": "CS2113T-T09-4 P P  . . EEP"
  }
}
