{
  "authorDailyContributionsMap": {
    "Hotspur1997": [
      {
        "insertions": 87,
        "deletions": 11,
        "date": "2019-10-09",
        "commitResults": [
          {
            "hash": "bbedd50585efa9ae0153a8371f490d50c06b3829",
            "messageTitle": "Added feature to add to watchlist by deadline",
            "messageBody": "",
            "insertions": 87,
            "deletions": 11
          }
        ]
      },
      {
        "insertions": 22,
        "deletions": 5,
        "date": "2019-10-13",
        "commitResults": [
          {
            "hash": "7ab26653d0572491287f3ae1c2c0aa2a24d8c43b",
            "messageTitle": "added feature to set deadlines",
            "messageBody": "",
            "insertions": 22,
            "deletions": 5
          }
        ]
      },
      {
        "insertions": 58,
        "deletions": 24,
        "date": "2019-10-14",
        "commitResults": [
          {
            "hash": "e3289ac65fe5960684e30629dd43142ac101c7d2",
            "messageTitle": "Added function to add deadline and periodic events to watchlist",
            "messageBody": "",
            "insertions": 58,
            "deletions": 24
          }
        ]
      },
      {
        "insertions": 108,
        "deletions": 45,
        "date": "2019-10-16",
        "commitResults": [
          {
            "hash": "d7e2c33d92a319cf989658df1c95e5a0f9f4b47d",
            "messageTitle": "added exception handling",
            "messageBody": "",
            "insertions": 54,
            "deletions": 36
          },
          {
            "hash": "338920480199dc977883caad0b9b1270197d9706",
            "messageTitle": "Added functions to delete, mark the watchlist as done and view for the watchlist",
            "messageBody": "",
            "insertions": 54,
            "deletions": 9
          }
        ]
      },
      {
        "insertions": 32,
        "deletions": 2,
        "date": "2019-10-17",
        "commitResults": [
          {
            "hash": "95793c8ce601bfcb50b23bfeb277aafabcf9f07c",
            "messageTitle": "added some comments to code",
            "messageBody": "",
            "insertions": 6,
            "deletions": 0
          },
          {
            "hash": "6441077e15c22f66362538f90fa032024391587b",
            "messageTitle": "added more comments",
            "messageBody": "",
            "insertions": 26,
            "deletions": 2
          }
        ]
      },
      {
        "insertions": 47,
        "deletions": 1,
        "date": "2019-10-20",
        "commitResults": [
          {
            "hash": "02973474a994016613c8e8e353b2b5e1a74e3726",
            "messageTitle": "saving work",
            "messageBody": "",
            "insertions": 47,
            "deletions": 1
          }
        ]
      },
      {
        "insertions": 39,
        "deletions": 6,
        "date": "2019-10-21",
        "commitResults": [
          {
            "hash": "c1cd9ba082eef00bf03dc8bbc7977391e03813b2",
            "messageTitle": "added recomendations but need to fix api request",
            "messageBody": "",
            "insertions": 39,
            "deletions": 6
          }
        ]
      }
    ],
    "Riyas97": [
      {
        "insertions": 1708,
        "deletions": 24,
        "date": "2019-09-25",
        "commitResults": [
          {
            "hash": "b2d29ae6b07deb5edd047e3d1b417c899b45946c",
            "messageTitle": "Added entertainment-Pro",
            "messageBody": "",
            "insertions": 1708,
            "deletions": 24
          }
        ]
      },
      {
        "insertions": 407,
        "deletions": 157,
        "date": "2019-09-29",
        "commitResults": [
          {
            "hash": "dcbbf5a233ec27e0deefec496ec6e404f952de19",
            "messageTitle": "Changed the interface",
            "messageBody": "",
            "insertions": 407,
            "deletions": 157
          }
        ]
      },
      {
        "insertions": 268,
        "deletions": 223,
        "date": "2019-10-06",
        "commitResults": [
          {
            "hash": "55e817e19180a79c8aa615e33e8b202de6c57000",
            "messageTitle": "some changes",
            "messageBody": "",
            "insertions": 268,
            "deletions": 223
          }
        ]
      },
      {
        "insertions": 213,
        "deletions": 201,
        "date": "2019-10-08",
        "commitResults": [
          {
            "hash": "a73e1574c7c078e629b8b833371ea641233c8769",
            "messageTitle": "fixed minor bug and add more javadoc",
            "messageBody": "",
            "insertions": 213,
            "deletions": 201
          }
        ]
      },
      {
        "insertions": 305,
        "deletions": 90,
        "date": "2019-10-09",
        "commitResults": [
          {
            "hash": "3d400c0ad3ab7d75691dd03b807e36104eccd49a",
            "messageTitle": "resolve",
            "messageBody": "",
            "insertions": 305,
            "deletions": 90
          }
        ]
      },
      {
        "insertions": 1945,
        "deletions": 971,
        "date": "2019-10-11",
        "commitResults": [
          {
            "hash": "3955628ceb14dea9d4fca56ce2a9c7e90bb5631c",
            "messageTitle": "some minor changes",
            "messageBody": "",
            "insertions": 1466,
            "deletions": 585
          },
          {
            "hash": "8387db126c9b01f1cdb36a9a6188bc0d4ff09862",
            "messageTitle": "can scroll mainpage with keyboard",
            "messageBody": "",
            "insertions": 479,
            "deletions": 386
          }
        ]
      },
      {
        "insertions": 594,
        "deletions": 132,
        "date": "2019-10-14",
        "commitResults": [
          {
            "hash": "c02dd6a2b323173bbff6e6edb285c647928a0662",
            "messageTitle": "trial and error",
            "messageBody": "",
            "insertions": 168,
            "deletions": 36
          },
          {
            "hash": "9e30c54585198243747657db9c80e4a41ae3e3b4",
            "messageTitle": "merge from upstream",
            "messageBody": "",
            "insertions": 426,
            "deletions": 96
          }
        ]
      },
      {
        "insertions": 374,
        "deletions": 129,
        "date": "2019-10-15",
        "commitResults": [
          {
            "hash": "ebfef6375a407d9333e0093ab2df0cd61e588281",
            "messageTitle": "added offline data",
            "messageBody": "",
            "insertions": 374,
            "deletions": 129
          }
        ]
      },
      {
        "insertions": 1122,
        "deletions": 922,
        "date": "2019-10-16",
        "commitResults": [
          {
            "hash": "36eb46ba54ca23b5ac978ebaf53907845176a217",
            "messageTitle": "changed MainPage.fxml",
            "messageBody": "",
            "insertions": 504,
            "deletions": 75
          },
          {
            "hash": "5996bf98a3b9b3d4d6d0b45ca5eeec3793a17626",
            "messageTitle": "edited moreinfo page",
            "messageBody": "",
            "insertions": 335,
            "deletions": 32
          },
          {
            "hash": "2d976a39fb04f5776545fd52ceae12c40d408e6e",
            "messageTitle": "changed fxml files",
            "messageBody": "",
            "insertions": 242,
            "deletions": 793
          },
          {
            "hash": "e8bc0df9fbcc0397f13acc4086040cd051eae0d4",
            "messageTitle": "removed some data files",
            "messageBody": "",
            "insertions": 41,
            "deletions": 22
          }
        ]
      },
      {
        "insertions": 711,
        "deletions": 348,
        "date": "2019-10-21",
        "commitResults": [
          {
            "hash": "bd348fb54d326a7089f75a5570917e5d926ff0c8",
            "messageTitle": "working on view back command",
            "messageBody": "",
            "insertions": 711,
            "deletions": 348
          }
        ]
      }
    ],
    "nwenhui": [
      {
        "insertions": 72,
        "deletions": 14,
        "date": "2019-09-24",
        "commitResults": [
          {
            "hash": "8617e792b763e644b4537d9cc4a83c3d0b2c0639",
            "messageTitle": "aighto added exceptions for b-reminder and b-schedule",
            "messageBody": "",
            "insertions": 72,
            "deletions": 14
          }
        ]
      },
      {
        "insertions": 492,
        "deletions": 63,
        "date": "2019-10-02",
        "commitResults": [
          {
            "hash": "6ac3f9baab41ce51b8c6c8da4b3bea41b08a342a",
            "messageTitle": "m ded genre incomplete",
            "messageBody": "",
            "insertions": 457,
            "deletions": 38
          },
          {
            "hash": "e34f8bfc6a6ac13098286a0a620f1193378e5adb",
            "messageTitle": "havent fix filepath",
            "messageBody": "",
            "insertions": 12,
            "deletions": 10
          },
          {
            "hash": "317ce438e727ac39c18c003d92abfab9b05834c9",
            "messageTitle": "profile name age genre donezo",
            "messageBody": "",
            "insertions": 23,
            "deletions": 15
          }
        ]
      },
      {
        "insertions": 434,
        "deletions": 79,
        "date": "2019-10-06",
        "commitResults": [
          {
            "hash": "2301a98173f69c927faabdd07cddeda561ea18ae",
            "messageTitle": "donezo preference and genre",
            "messageBody": "",
            "insertions": 434,
            "deletions": 79
          }
        ]
      },
      {
        "insertions": 882,
        "deletions": 663,
        "date": "2019-10-08",
        "commitResults": [
          {
            "hash": "d5e7112a0815383e93891cacd72d97122018608c",
            "messageTitle": "change storage to json type hehe",
            "messageBody": "",
            "insertions": 158,
            "deletions": 351
          },
          {
            "hash": "b22a397ccd177a47eb236335be0f3369c44bdc5d",
            "messageTitle": "playlists + profile + genre filtering",
            "messageBody": "",
            "insertions": 724,
            "deletions": 312
          }
        ]
      },
      {
        "insertions": 181,
        "deletions": 16,
        "date": "2019-10-09",
        "commitResults": [
          {
            "hash": "94dd6cf31653ebb4afa4abbb0fdc105a7c2e01cf",
            "messageTitle": "added clear functions D:",
            "messageBody": "",
            "insertions": 127,
            "deletions": 9
          },
          {
            "hash": "f24fda71755d9840ceee12e7c64a6e08ae17fd78",
            "messageTitle": "added adult to gui",
            "messageBody": "",
            "insertions": 26,
            "deletions": 4
          },
          {
            "hash": "02096ef21110f0d3b7ab1a2238668b199e06d2ff",
            "messageTitle": "can view movie using command no clickity click",
            "messageBody": "",
            "insertions": 28,
            "deletions": 3
          }
        ]
      },
      {
        "insertions": 414,
        "deletions": 140,
        "date": "2019-10-11",
        "commitResults": [
          {
            "hash": "ea4806e9542fff2d8e3c1d37382974e6b4e31ef0",
            "messageTitle": "okidokied labels",
            "messageBody": "",
            "insertions": 414,
            "deletions": 140
          }
        ]
      },
      {
        "insertions": 117,
        "deletions": 6,
        "date": "2019-10-15",
        "commitResults": [
          {
            "hash": "afa4da0eeb03b02d7c78fa95dcbf8e802370ed48",
            "messageTitle": "merge???",
            "messageBody": "",
            "insertions": 106,
            "deletions": 0
          },
          {
            "hash": "0baac7d23d59210df2898f9e6a2befe89730ec19",
            "messageTitle": "okidokis",
            "messageBody": "",
            "insertions": 11,
            "deletions": 6
          }
        ]
      }
    ],
    "Pdotdeep": [
      {
        "insertions": 415,
        "deletions": 13,
        "date": "2019-09-30",
        "commitResults": [
          {
            "hash": "c6bf355a25c5085342c37137822a22f8bccb798c",
            "messageTitle": "Command Parser preliminary",
            "messageBody": "",
            "insertions": 415,
            "deletions": 13
          }
        ]
      },
      {
        "insertions": 14,
        "deletions": 1,
        "date": "2019-10-02",
        "commitResults": [
          {
            "hash": "94355714d067142509a15fe376e444fa03cbcc2a",
            "messageTitle": "Enter and Tab Listener",
            "messageBody": "",
            "insertions": 14,
            "deletions": 1
          }
        ]
      },
      {
        "insertions": 319,
        "deletions": 62,
        "date": "2019-10-10",
        "commitResults": [
          {
            "hash": "b15adc661825844b0407544370c1a7230a61bdf5",
            "messageTitle": "Auto Complete completed",
            "messageBody": "",
            "insertions": 319,
            "deletions": 62
          }
        ]
      },
      {
        "insertions": 826,
        "deletions": 466,
        "date": "2019-10-14",
        "commitResults": [
          {
            "hash": "213cf758e2786f07229e46049c718d88a1608405",
            "messageTitle": "Completed Blacklist",
            "messageBody": "",
            "insertions": 349,
            "deletions": 25
          },
          {
            "hash": "a4919a6f000586dd8ad76d14d4846ef3ddc5acd8",
            "messageTitle": "fixed checkStyle for AddCommand",
            "messageBody": "",
            "insertions": 53,
            "deletions": 31
          },
          {
            "hash": "21017d96d921bd5bdc60ac976dc281230b83c111",
            "messageTitle": "Fixed checkStyle for COMMANDKEYS",
            "messageBody": "",
            "insertions": 176,
            "deletions": 177
          },
          {
            "hash": "231bc0f6e222ce5710ec17c4711d616440617ae1",
            "messageTitle": "Added javadoc for COMMANDKEYS",
            "messageBody": "",
            "insertions": 4,
            "deletions": 0
          },
          {
            "hash": "b975ac532f2e357e5a9deaaae133ed5cbd5761c2",
            "messageTitle": "Fixed checkstyle for COMMAND_STRUCTURE",
            "messageBody": "",
            "insertions": 44,
            "deletions": 36
          },
          {
            "hash": "019acff3ad93083a1123d0af49b43532f1be6db8",
            "messageTitle": "Checkstyle fixes for commands package",
            "messageBody": "",
            "insertions": 200,
            "deletions": 197
          }
        ]
      },
      {
        "insertions": 256,
        "deletions": 55,
        "date": "2019-10-16",
        "commitResults": [
          {
            "hash": "bcd43c73b051a13e0245f23612be16f9df97b410",
            "messageTitle": "Added keyword and movie based blacklisting",
            "messageBody": "",
            "insertions": 248,
            "deletions": 54
          },
          {
            "hash": "c7329fdb302465237e87cef17723ce43c4583fe0",
            "messageTitle": "userProfile prob fixed",
            "messageBody": "",
            "insertions": 2,
            "deletions": 1
          },
          {
            "hash": "162f0cdb022a56066d9c96daf26d3011b3b0aecb",
            "messageTitle": "Comment added",
            "messageBody": "",
            "insertions": 6,
            "deletions": 0
          }
        ]
      },
      {
        "insertions": 197,
        "deletions": 20,
        "date": "2019-10-20",
        "commitResults": [
          {
            "hash": "8beb3d628089331ada2ac6e084e373e02baa2ab2",
            "messageTitle": "Added storage for Blacklist",
            "messageBody": "",
            "insertions": 192,
            "deletions": 18
          },
          {
            "hash": "3048ab67e0dc42954904c5b2924e39e46f5aaa47",
            "messageTitle": "Blacklist storage",
            "messageBody": "",
            "insertions": 5,
            "deletions": 2
          }
        ]
      },
      {
        "insertions": 474,
        "deletions": 223,
        "date": "2019-10-21",
        "commitResults": [
          {
            "hash": "249100398f6d21f7b75e6de6bfdd131f1f4dd43e",
            "messageTitle": "Smarter autocomplete",
            "messageBody": "",
            "insertions": 331,
            "deletions": 147
          },
          {
            "hash": "46bd0031daec3043045533fe135f3edb99eb19db",
            "messageTitle": "Added command history",
            "messageBody": "",
            "insertions": 67,
            "deletions": 6
          },
          {
            "hash": "33a724dfb2af69036658f15395ecf48a26fa4273",
            "messageTitle": "Added Help functionality",
            "messageBody": "",
            "insertions": 76,
            "deletions": 70
          }
        ]
      },
      {
        "insertions": 189,
        "deletions": 131,
        "date": "2019-10-22",
        "commitResults": [
          {
            "hash": "34920e64c409b28c5f0cf7f3a78c502a28c9b3eb",
            "messageTitle": "changed structure",
            "messageBody": "",
            "insertions": 189,
            "deletions": 131
          }
        ]
      }
    ]
  },
  "authorFinalContributionMap": {
    "Hotspur1997": 272,
    "Riyas97": 3419,
    "nwenhui": 1201,
    "Pdotdeep": 1796
  },
  "authorFileTypeContributionMap": {
    "Hotspur1997": {
      "tests": 0,
      "functional": 272
    },
    "Riyas97": {
      "tests": 3,
      "functional": 3409,
      "other": 7
    },
    "nwenhui": {
      "tests": 0,
      "functional": 1197,
      "other": 4
    },
    "Pdotdeep": {
      "tests": 0,
      "functional": 1793,
      "other": 3
    }
  },
  "authorContributionVariance": {
    "Hotspur1997": 1204.3582,
    "Riyas97": 462319.28,
    "nwenhui": 91485.0,
    "Pdotdeep": 72219.11
  },
  "authorDisplayNameMap": {
    "Hotspur1997": "CS2113T-T09-4 MAR  . . ENG",
    "Riyas97": "CS2113T-T09-4 MOH  . . YAS",
    "nwenhui": "CS2113T-T09-4 NEO  . . HUI",
    "Pdotdeep": "CS2113T-T09-4 P P  . . EEP"
  }
}
