{
  "authorDailyContributionsMap": {
    "rishi12438": [
      {
        "insertions": 663,
        "deletions": 288,
        "date": "2019-10-02",
        "commitResults": [
          {
            "hash": "ff64f5ca50b6ae1d16efdb7d9add28d0e4b0ad95",
            "messageTitle": "checkstyle done",
            "messageBody": "",
            "insertions": 663,
            "deletions": 288
          }
        ]
      },
      {
        "insertions": 131,
        "deletions": 2,
        "date": "2019-10-10",
        "commitResults": [
          {
            "hash": "2c164804da0dd6566ece12025d4a71322b5d463d",
            "messageTitle": "added overlay",
            "messageBody": "",
            "insertions": 130,
            "deletions": 1
          },
          {
            "hash": "4258286c63e2e0bf474b2f95080f3f76c17ecf85",
            "messageTitle": "fixed typo",
            "messageBody": "",
            "insertions": 1,
            "deletions": 1
          }
        ]
      },
      {
        "insertions": 103,
        "deletions": 23,
        "date": "2019-10-17",
        "commitResults": [
          {
            "hash": "d9f0132fae1bdf68e543a83ba78c8dcd04dc86c4",
            "messageTitle": "finished the overlay and print",
            "messageBody": "",
            "insertions": 103,
            "deletions": 23
          }
        ]
      },
      {
        "insertions": 41,
        "deletions": 8,
        "date": "2019-10-18",
        "commitResults": [
          {
            "hash": "ea45885848d52b12d2d378a8a000fee9097053c7",
            "messageTitle": "removed debug",
            "messageBody": "",
            "insertions": 41,
            "deletions": 8
          }
        ]
      },
      {
        "insertions": 28,
        "deletions": 21,
        "date": "2019-10-24",
        "commitResults": [
          {
            "hash": "cb8fb2a32748dc9e9a8c0b94740305dc110354da",
            "messageTitle": "changed to match checkstyle with repeat function for overlay",
            "messageBody": "",
            "insertions": 11,
            "deletions": 12
          },
          {
            "hash": "75d30f304149fc8c0382673223bd1089c6002df2",
            "messageTitle": "got the adding to specific point for bar",
            "messageBody": "",
            "insertions": 13,
            "deletions": 6
          },
          {
            "hash": "5b79acb727d16a70228e7adb282f3545e111a723",
            "messageTitle": "check style changed",
            "messageBody": "",
            "insertions": 2,
            "deletions": 2
          },
          {
            "hash": "7f87f9c738bff46d84147b49349a58e49000b481",
            "messageTitle": "changed storage",
            "messageBody": "",
            "insertions": 2,
            "deletions": 1
          }
        ]
      },
      {
        "insertions": 604,
        "deletions": 15,
        "date": "2019-10-27",
        "commitResults": [
          {
            "hash": "2a040df777f0642da96a50ffad59ac1e40229d6a",
            "messageTitle": "Added group functionality to overlay",
            "messageBody": "",
            "insertions": 602,
            "deletions": 12
          },
          {
            "hash": "2ed64dd2de97ff8fc84881552acd27acfcc793a6",
            "messageTitle": "check style added",
            "messageBody": "",
            "insertions": 2,
            "deletions": 3
          }
        ]
      },
      {
        "insertions": 83,
        "deletions": 1,
        "date": "2019-10-28",
        "commitResults": [
          {
            "hash": "6716f1156f3eba2e12faf37ca3c18e75e6b05577",
            "messageTitle": "autocorrecting command",
            "messageBody": "",
            "insertions": 83,
            "deletions": 1
          }
        ]
      },
      {
        "insertions": 183,
        "deletions": 28,
        "date": "2019-10-30",
        "commitResults": [
          {
            "hash": "64203a9dee5ae28380d1703f0d45649d5b73dd6a",
            "messageTitle": "added test cases for the autosuggest and group-group overlay",
            "messageBody": "",
            "insertions": 179,
            "deletions": 21
          },
          {
            "hash": "8423d03903270b34d93d292623c69a831eaae404",
            "messageTitle": "added test cases for the autosuggest and group-group overlay",
            "messageBody": "",
            "insertions": 4,
            "deletions": 3
          },
          {
            "hash": "093cc56782c64a2e5d74410e9cd22e24f72ee22d",
            "messageTitle": "added test cases for the autosuggest and group-group overlay",
            "messageBody": "",
            "insertions": 0,
            "deletions": 4
          }
        ]
      },
      {
        "insertions": 5,
        "deletions": 5,
        "date": "2019-10-31",
        "commitResults": [
          {
            "hash": "4e60b52a13b9e3ea8840ea3c7177a1beb35f3ac9",
            "messageTitle": "fixed bug with autosuggest",
            "messageBody": "",
            "insertions": 2,
            "deletions": 2
          },
          {
            "hash": "d1c7c08a8bcdb2ccf9b05c5039ae0b03d1fd21c4",
            "messageTitle": "fixed bug with repeat",
            "messageBody": "",
            "insertions": 3,
            "deletions": 3
          }
        ]
      },
      {
        "insertions": 39,
        "deletions": 16,
        "date": "2019-11-03",
        "commitResults": [
          {
            "hash": "57fe8132625b902e533520afd753359530f1be79",
            "messageTitle": "fixed bugs",
            "messageBody": "",
            "insertions": 34,
            "deletions": 15
          },
          {
            "hash": "c0ccb1b84470171ee119247ac96d6a147a4ab8f3",
            "messageTitle": "fixed for check style",
            "messageBody": "",
            "insertions": 5,
            "deletions": 1
          }
        ]
      },
      {
        "insertions": 6,
        "deletions": 3,
        "date": "2019-11-04",
        "commitResults": [
          {
            "hash": "86c3aeaa613e6e0bda75f901082f9d676ab3e708",
            "messageTitle": "fixed bug in autosuggest",
            "messageBody": "",
            "insertions": 5,
            "deletions": 2
          },
          {
            "hash": "f0a2032aaf1f4b0708164af1de46a29ba333988a",
            "messageTitle": "fixed according to checkstyle",
            "messageBody": "",
            "insertions": 1,
            "deletions": 1
          }
        ]
      }
    ],
    "rohan-av": [
      {
        "insertions": 315,
        "deletions": 2,
        "date": "2019-10-03",
        "commitResults": [
          {
            "hash": "22f86b34b6672fd684fdcc79c3b1b9db613dc36c",
            "messageTitle": "Add Song, Group, Bar, Chord and Note classes",
            "messageBody": "",
            "insertions": 314,
            "deletions": 1
          },
          {
            "hash": "5b4cd7fa136899df5f29542cd31f7c85ef12a409",
            "messageTitle": "Complete A-Jar",
            "messageBody": "",
            "insertions": 1,
            "deletions": 1
          }
        ]
      },
      {
        "insertions": 93,
        "deletions": 34,
        "date": "2019-10-10",
        "commitResults": [
          {
            "hash": "7eaadf4320a0adc3b87d8bebf7e80622fe2df5d1",
            "messageTitle": "Include plan for persistent storage in Storage and implement basic functions",
            "messageBody": "",
            "insertions": 64,
            "deletions": 4
          },
          {
            "hash": "3b5dd58670b560d28006683a324bc4d323387b14",
            "messageTitle": "Change suggested storage format",
            "messageBody": "",
            "insertions": 5,
            "deletions": 6
          },
          {
            "hash": "31a6ed76ac11c96c903e58c0f4449096399d77a4",
            "messageTitle": "Edit to comply with checkstyle",
            "messageBody": "",
            "insertions": 13,
            "deletions": 13
          },
          {
            "hash": "1eaec702435b39087f389b7f33eeec76d108bd60",
            "messageTitle": "Make further changes to comply with checkstyle",
            "messageBody": "",
            "insertions": 11,
            "deletions": 11
          }
        ]
      },
      {
        "insertions": 556,
        "deletions": 412,
        "date": "2019-10-17",
        "commitResults": [
          {
            "hash": "e9557f6e2ae886060217da752e777e507834cd04",
            "messageTitle": "Add storage functionality",
            "messageBody": "",
            "insertions": 278,
            "deletions": 206
          },
          {
            "hash": "0e6aee6dde7167f91c0c7f3719496ae687c4303b",
            "messageTitle": "Add storage functionality (#94)",
            "messageBody": "",
            "insertions": 278,
            "deletions": 206
          }
        ]
      },
      {
        "insertions": 261,
        "deletions": 95,
        "date": "2019-10-18",
        "commitResults": [
          {
            "hash": "d5b955ea77f667f0dee9de65dc6fd1c27ee47a07",
            "messageTitle": "Fix minor bugs",
            "messageBody": "",
            "insertions": 260,
            "deletions": 80
          },
          {
            "hash": "b13f67a80d767f027f62781d9a6f10386c7d28cd",
            "messageTitle": "Update Song.java to remove duplicates",
            "messageBody": "",
            "insertions": 0,
            "deletions": 14
          },
          {
            "hash": "dd5e207904730fdb3abe7e3aeb34f768a8febd9f",
            "messageTitle": "Update to fix checkstyle regulations",
            "messageBody": "",
            "insertions": 1,
            "deletions": 1
          }
        ]
      },
      {
        "insertions": 185,
        "deletions": 41,
        "date": "2019-10-23",
        "commitResults": [
          {
            "hash": "f61ea8d3898bbd365642e0c35345b7872e1f4ea0",
            "messageTitle": "Fix bug in toString functions",
            "messageBody": "",
            "insertions": 18,
            "deletions": 2
          },
          {
            "hash": "91928dbeaf3101f3bae733796641fe4d24ca4493",
            "messageTitle": "Finish implementing Storage functionality (#102)",
            "messageBody": "* Finish implementation of loading from .txt persistent storage\r\n\r\n* Change code to fit checkstyle regulations\r\n",
            "insertions": 167,
            "deletions": 39
          }
        ]
      },
      {
        "insertions": 229,
        "deletions": 47,
        "date": "2019-10-24",
        "commitResults": [
          {
            "hash": "45d1ae5f7fe04d256530d5706062da1ee8312ca2",
            "messageTitle": "Re-enable persistent Storage functionality",
            "messageBody": "",
            "insertions": 1,
            "deletions": 1
          },
          {
            "hash": "3b79dbe0f4a374ad00844f1336d154356eb98b4a",
            "messageTitle": "Fix issue of Bars length validation and refined Exceptions for empty descriptions",
            "messageBody": "",
            "insertions": 60,
            "deletions": 27
          },
          {
            "hash": "2aaa692e366912ef9631b1a185cc93d1f86c4508",
            "messageTitle": "Update to fit checkstyle",
            "messageBody": "",
            "insertions": 8,
            "deletions": 6
          },
          {
            "hash": "0580a7ecf6824b285f14e3695b537de6114bb7b7",
            "messageTitle": "Add JUnit test code for components (#114)",
            "messageBody": "* Add JUnit test for Bar class\r\n\r\n* Add JUnit test code for Chord class\r\n\r\n* Add JUnit test code for Note class\r\n\r\n* Add JUnit test code for Song class\r\n",
            "insertions": 149,
            "deletions": 12
          },
          {
            "hash": "5b9e46f1eb4e4fc72541735a9ef9a748c5ccb5cf",
            "messageTitle": "Resolve merge conflict (#120)",
            "messageBody": "",
            "insertions": 11,
            "deletions": 1
          }
        ]
      },
      {
        "insertions": 1124,
        "deletions": 4306,
        "date": "2019-10-28",
        "commitResults": [
          {
            "hash": "253e68bf01a75348bd6501d85f6e09ebda5a5837",
            "messageTitle": "Refactor Duke to Ducats and improve Welcome message",
            "messageBody": "",
            "insertions": 495,
            "deletions": 2141
          },
          {
            "hash": "7aa068fde86b26855f273f997ea0db35ddec61e3",
            "messageTitle": "Update UI Test",
            "messageBody": "",
            "insertions": 2,
            "deletions": 2
          },
          {
            "hash": "61e46a9f90b2f6f0190c1ec4fa6cd47de287e38f",
            "messageTitle": "Refactor Duke to Ducats (#129)",
            "messageBody": "Refactor Duke to Ducats and improve Welcome message\r\n\r\n",
            "insertions": 497,
            "deletions": 2143
          },
          {
            "hash": "ac74b0b34db4220c59fb696b47efb835ca2dadde",
            "messageTitle": "Add OpenCommand to choose which song to edit and refactor commands",
            "messageBody": "",
            "insertions": 130,
            "deletions": 20
          }
        ]
      },
      {
        "insertions": 845,
        "deletions": 9,
        "date": "2019-10-30",
        "commitResults": [
          {
            "hash": "abfa01b8d45f00341a29f7755415f7910e589a6e",
            "messageTitle": "Add Metronome feature",
            "messageBody": "",
            "insertions": 420,
            "deletions": 4
          },
          {
            "hash": "149c24e0f27b02278404de40efd5975aceb326b3",
            "messageTitle": "Update to include author tags",
            "messageBody": "",
            "insertions": 3,
            "deletions": 1
          },
          {
            "hash": "bf0503dd7a249b3810adfae0ca7ede2888dd63f2",
            "messageTitle": "Add Metronome feature (#135)",
            "messageBody": "* Add Metronome feature\r\n\r\n* Update to include author tags\r\n",
            "insertions": 422,
            "deletions": 4
          }
        ]
      },
      {
        "insertions": 3,
        "deletions": 3,
        "date": "2019-10-31",
        "commitResults": [
          {
            "hash": "96b16d673fd7fdf3670b3d42c69cc6280bf3fe32",
            "messageTitle": "Update build.gradle file with correct details",
            "messageBody": "",
            "insertions": 3,
            "deletions": 3
          }
        ]
      },
      {
        "insertions": 64,
        "deletions": 13,
        "date": "2019-11-01",
        "commitResults": [
          {
            "hash": "5c9fe50f7cb293c7e4f59c036d0e581c0182a0b8",
            "messageTitle": "Fix command parsing error",
            "messageBody": "",
            "insertions": 5,
            "deletions": 3
          },
          {
            "hash": "13dbc129eaab784733d4cb91f2001976818edfed",
            "messageTitle": "Fix JAR storage issue",
            "messageBody": "",
            "insertions": 59,
            "deletions": 10
          }
        ]
      }
    ],
    "Samuel787": [
      {
        "insertions": 48,
        "deletions": 18,
        "date": "2019-10-02",
        "commitResults": [
          {
            "hash": "35b97a7ab0fa8a5809cb301330d93c2a3d610df4",
            "messageTitle": "merge conflict resolved",
            "messageBody": "",
            "insertions": 27,
            "deletions": 0
          },
          {
            "hash": "f070c1be9603e9bdc3cd07e7fe9d2a4a1f074ecb",
            "messageTitle": "Checkstyle errors for BetweenTaskTest and RecurringTaskTest have been resolved",
            "messageBody": "",
            "insertions": 21,
            "deletions": 18
          }
        ]
      },
      {
        "insertions": 319,
        "deletions": 44,
        "date": "2019-10-10",
        "commitResults": [
          {
            "hash": "e865b0d762ae4c77cf273e37fc308d36b3c730a6",
            "messageTitle": "Added initial code for Group Command",
            "messageBody": "",
            "insertions": 96,
            "deletions": 19
          },
          {
            "hash": "f482aad25186761739175c83af35adcd2e91b581",
            "messageTitle": "Added initial code for Copy Command",
            "messageBody": "",
            "insertions": 4,
            "deletions": 0
          },
          {
            "hash": "d63c0195061492fd08431511967d94b30753a8ce",
            "messageTitle": "Added more code for Copy Command",
            "messageBody": "",
            "insertions": 219,
            "deletions": 24
          },
          {
            "hash": "83ec1c14307e3ae1ed2f5641212787f985a7fdb2",
            "messageTitle": "commits before push",
            "messageBody": "",
            "insertions": 0,
            "deletions": 1
          }
        ]
      },
      {
        "insertions": 244,
        "deletions": 55,
        "date": "2019-10-16",
        "commitResults": [
          {
            "hash": "9a075a54e543b4aa51c174319baa5c637719f3df",
            "messageTitle": "Group Command and Copy Command supports Song implementation",
            "messageBody": "",
            "insertions": 160,
            "deletions": 15
          },
          {
            "hash": "89093aa66473fec44248287f67fbecb79b3922b2",
            "messageTitle": "corrected checkstyle",
            "messageBody": "",
            "insertions": 84,
            "deletions": 40
          }
        ]
      },
      {
        "insertions": 136,
        "deletions": 0,
        "date": "2019-10-22",
        "commitResults": [
          {
            "hash": "7b5caffebcec272e77b5095fbeed8a9b68c4af75",
            "messageTitle": "starting on ascii command",
            "messageBody": "",
            "insertions": 4,
            "deletions": 0
          },
          {
            "hash": "f53ad04584879f15fb8fc88afd365f275b8bc50a",
            "messageTitle": "ascii command done",
            "messageBody": "",
            "insertions": 132,
            "deletions": 0
          }
        ]
      },
      {
        "insertions": 1700,
        "deletions": 1059,
        "date": "2019-10-24",
        "commitResults": [
          {
            "hash": "ea30f9e5e18bb5d3b18ef7d0406c8b51255f57e7",
            "messageTitle": "Added Song to Ascii Command",
            "messageBody": "",
            "insertions": 796,
            "deletions": 72
          },
          {
            "hash": "d2b0472b4624e0bbbf19b45abd2a8a7fa2881d0f",
            "messageTitle": "Unit testing for Ascii Command done",
            "messageBody": "",
            "insertions": 432,
            "deletions": 241
          },
          {
            "hash": "a6d25b5d849e043322f43247ba961676d8fe5733",
            "messageTitle": "remove AsciiCommand2",
            "messageBody": "",
            "insertions": 0,
            "deletions": 392
          },
          {
            "hash": "34113eccc6dd80098b404f3eb7a47865a1c8b991",
            "messageTitle": "checkstyle errors fixed",
            "messageBody": "",
            "insertions": 355,
            "deletions": 343
          },
          {
            "hash": "6bc1fb343e0ebf71a08ffcccbaff7361d391e28a",
            "messageTitle": "ASCII command modified to extend Commands",
            "messageBody": "",
            "insertions": 99,
            "deletions": 5
          },
          {
            "hash": "abee53c49d0aabc0c313ec1fe686c1fb62a37970",
            "messageTitle": "Added ascii command syntax",
            "messageBody": "",
            "insertions": 16,
            "deletions": 5
          },
          {
            "hash": "fd76c3b939a87134d3bdf49b6f67cd185ebcbf11",
            "messageTitle": "cleaned up checkstyle",
            "messageBody": "",
            "insertions": 1,
            "deletions": 1
          },
          {
            "hash": "388f2cb408552eeeb742e859277d45988f6e5ef0",
            "messageTitle": "Add ascii command syntax",
            "messageBody": "",
            "insertions": 1,
            "deletions": 0
          }
        ]
      },
      {
        "insertions": 1,
        "deletions": 3,
        "date": "2019-10-25",
        "commitResults": [
          {
            "hash": "2aacb7343dc3147bb5b3242ca49fe0bf8083250d",
            "messageTitle": "capture state before pull",
            "messageBody": "",
            "insertions": 1,
            "deletions": 3
          }
        ]
      },
      {
        "insertions": 30,
        "deletions": 23,
        "date": "2019-10-26",
        "commitResults": [
          {
            "hash": "7e6b12a4df92e4ea780ef295915681b00f6bb932",
            "messageTitle": "Included Ascii Command in Parser",
            "messageBody": "",
            "insertions": 10,
            "deletions": 20
          },
          {
            "hash": "0b472e5b5910c749505816a5098e8814bde76cc6",
            "messageTitle": "Parser supports AsciiCommand",
            "messageBody": "",
            "insertions": 20,
            "deletions": 3
          }
        ]
      },
      {
        "insertions": 101,
        "deletions": 62,
        "date": "2019-10-27",
        "commitResults": [
          {
            "hash": "745c489a17b1017de6d4bf0d55dd16cf16faaf96",
            "messageTitle": "Group and Copy Command integrated into parser",
            "messageBody": "",
            "insertions": 101,
            "deletions": 62
          }
        ]
      },
      {
        "insertions": 462,
        "deletions": 93,
        "date": "2019-10-29",
        "commitResults": [
          {
            "hash": "c51b9591fe3b674712c52535858245c525dfa260",
            "messageTitle": "JavaFX base works",
            "messageBody": "",
            "insertions": 361,
            "deletions": 19
          },
          {
            "hash": "e97f38ecea10eb61508ef4255178958dc02abc40",
            "messageTitle": "JavaFX displays song at index 0",
            "messageBody": "",
            "insertions": 101,
            "deletions": 74
          }
        ]
      },
      {
        "insertions": 9,
        "deletions": 18,
        "date": "2019-10-30",
        "commitResults": [
          {
            "hash": "510167ad968026291e474f7b04b24abade879994",
            "messageTitle": "Ducats now has Gui",
            "messageBody": "",
            "insertions": 9,
            "deletions": 16
          },
          {
            "hash": "de501700f24b2a1b5321dbe59298eef58ce193b2",
            "messageTitle": "avoids unused imports",
            "messageBody": "",
            "insertions": 0,
            "deletions": 2
          }
        ]
      },
      {
        "insertions": 11,
        "deletions": 4,
        "date": "2019-10-31",
        "commitResults": [
          {
            "hash": "55c59354f21e591a70eef785b81a705a4ca76ba1",
            "messageTitle": "Unit testing added",
            "messageBody": "",
            "insertions": 1,
            "deletions": 3
          },
          {
            "hash": "db8d339962f0f18ac229cedbc9dd3e9b4a5aae5e",
            "messageTitle": "New Ui image added",
            "messageBody": "",
            "insertions": 10,
            "deletions": 1
          }
        ]
      },
      {
        "insertions": 85,
        "deletions": 1,
        "date": "2019-11-04",
        "commitResults": [
          {
            "hash": "1eb0a3d51f7b5f8e79a5809bb264b1bdc1814bba",
            "messageTitle": "Ascii song now wraps after every 8th bar",
            "messageBody": "",
            "insertions": 85,
            "deletions": 1
          }
        ]
      },
      {
        "insertions": 243,
        "deletions": 142,
        "date": "2019-11-05",
        "commitResults": [
          {
            "hash": "4a288c3186ad17d105feec2add478dba0b4545f5",
            "messageTitle": "added junit testing",
            "messageBody": "",
            "insertions": 1,
            "deletions": 0
          },
          {
            "hash": "ef88be0e0fecf92c8741c3617f419fa57806157e",
            "messageTitle": "All bugs from catcher resolved",
            "messageBody": "",
            "insertions": 85,
            "deletions": 58
          },
          {
            "hash": "d85f573bfabbf6204d39402ca248625572892d5a",
            "messageTitle": "ListGroupCommand returns list of groups belonging to opened song",
            "messageBody": "",
            "insertions": 157,
            "deletions": 84
          }
        ]
      }
    ],
    "jwyf": [
      {
        "insertions": 164,
        "deletions": 156,
        "date": "2019-10-02",
        "commitResults": [
          {
            "hash": "648a0b0048ccb26c655d4413df72bca70b3ce4a4",
            "messageTitle": "Test travis functionalities",
            "messageBody": "",
            "insertions": 1,
            "deletions": 3
          },
          {
            "hash": "660ac63c92f028ebd015a1a86f05128c9d3ba1c4",
            "messageTitle": "Complete A-CheckStyle for test code",
            "messageBody": "",
            "insertions": 14,
            "deletions": 8
          },
          {
            "hash": "c491ea930c9f06e3b9ebad08f4d6764f0a9a6212",
            "messageTitle": "Complete A-CheckStyle for tasks package",
            "messageBody": "",
            "insertions": 83,
            "deletions": 86
          },
          {
            "hash": "26c18ae8d63e1626906b4220f83e8d7c30a864d3",
            "messageTitle": "Fix dependency issues",
            "messageBody": "",
            "insertions": 0,
            "deletions": 1
          },
          {
            "hash": "21546cad562351f6a067f99ad47fad8a0cd8fbed",
            "messageTitle": "Finish A-CheckStyle",
            "messageBody": "",
            "insertions": 66,
            "deletions": 58
          }
        ]
      },
      {
        "insertions": 363,
        "deletions": 6,
        "date": "2019-10-05",
        "commitResults": [
          {
            "hash": "334f79ee306e1cf70f03055965b17993b55effd2",
            "messageTitle": "Add AddBarCommand, HelpCommand, NewCommand and ViewCommand classes",
            "messageBody": "",
            "insertions": 363,
            "deletions": 6
          }
        ]
      },
      {
        "insertions": 95,
        "deletions": 3,
        "date": "2019-10-07",
        "commitResults": [
          {
            "hash": "6222ef77b514b8644e4fb2ad076dbfa24cb097c4",
            "messageTitle": "Add SongList class",
            "messageBody": "",
            "insertions": 95,
            "deletions": 3
          }
        ]
      },
      {
        "insertions": 68,
        "deletions": 54,
        "date": "2019-10-08",
        "commitResults": [
          {
            "hash": "91f30325d5665135c1908b645323e4075be75e81",
            "messageTitle": "Implement AddBarCommand, HelpCommand, NewCommand and ViewCommand with SongList",
            "messageBody": "",
            "insertions": 68,
            "deletions": 54
          }
        ]
      },
      {
        "insertions": 35,
        "deletions": 29,
        "date": "2019-10-16",
        "commitResults": [
          {
            "hash": "dd77e126a7d279daa3ff916bb24d945f2b0c8cf7",
            "messageTitle": "Complete AddBarCommand and Remove unintended NullPointerException",
            "messageBody": "",
            "insertions": 35,
            "deletions": 29
          }
        ]
      },
      {
        "insertions": 84,
        "deletions": 9,
        "date": "2019-10-17",
        "commitResults": [
          {
            "hash": "e15754ab57eb7f7deee362dc7664e7731eb0940c",
            "messageTitle": "Add CLI View of songs",
            "messageBody": "",
            "insertions": 64,
            "deletions": 9
          },
          {
            "hash": "7476f0532ae8dd7b4ff2b85d9f9ab897f52c745d",
            "messageTitle": "Fix checkstyle issues",
            "messageBody": "",
            "insertions": 20,
            "deletions": 0
          }
        ]
      },
      {
        "insertions": 262,
        "deletions": 158,
        "date": "2019-10-24",
        "commitResults": [
          {
            "hash": "609aed7e236feabb7c758248960fb77f65300d60",
            "messageTitle": "Complete Ui and storage support for ViewCommand, AddBarCommand, NewCommand, EditCommand, DeleteCommand and DeleteBarCommand",
            "messageBody": "",
            "insertions": 255,
            "deletions": 158
          },
          {
            "hash": "ef2a479fc62e01476f6fcdd708cbb0b1b8a5c604",
            "messageTitle": "Add author tags",
            "messageBody": "",
            "insertions": 7,
            "deletions": 0
          }
        ]
      },
      {
        "insertions": 4,
        "deletions": 13,
        "date": "2019-10-30",
        "commitResults": [
          {
            "hash": "1d0aec8849741a0dad31464962eb501b1e8de9e9",
            "messageTitle": "Update AddBarCommand so bar number automatic",
            "messageBody": "",
            "insertions": 4,
            "deletions": 13
          }
        ]
      },
      {
        "insertions": 294,
        "deletions": 52,
        "date": "2019-10-31",
        "commitResults": [
          {
            "hash": "06177436c0f4feebe665f5cd0e4955efbc822c53",
            "messageTitle": "Add support for DeleteCommand to accept song name as parameter",
            "messageBody": "",
            "insertions": 39,
            "deletions": 35
          },
          {
            "hash": "a63b54cb89b74a582f23f541373042a35574d77d",
            "messageTitle": "Fix the AddBarCommand bug",
            "messageBody": "",
            "insertions": 2,
            "deletions": 4
          },
          {
            "hash": "04854e471e56f4d789f5145fd9216b7a89759909",
            "messageTitle": "Fix the Ui bug for DeleteBarCommand",
            "messageBody": "",
            "insertions": 4,
            "deletions": 6
          },
          {
            "hash": "502f183cac4fe59a19913add34e362ba48af2cb3",
            "messageTitle": "Complete InsertBarCommand and SwapCommand",
            "messageBody": "",
            "insertions": 8,
            "deletions": 0
          },
          {
            "hash": "246a473b2199b915539018af9cc35ec181e12e0e",
            "messageTitle": "Complete Ui and storage support for InsertBarCommand and SwapCommand",
            "messageBody": "",
            "insertions": 241,
            "deletions": 7
          }
        ]
      },
      {
        "insertions": 24,
        "deletions": 34,
        "date": "2019-11-01",
        "commitResults": [
          {
            "hash": "55b156db58d44563fd392ab6926e2ed8e294cc39",
            "messageTitle": "Refactor code to have consistent Command syntax",
            "messageBody": "",
            "insertions": 1,
            "deletions": 6
          },
          {
            "hash": "a0f5617284400342947f9c0b0d5cb90789264bff",
            "messageTitle": "Refactor code for Command input consistency",
            "messageBody": "",
            "insertions": 23,
            "deletions": 28
          }
        ]
      },
      {
        "insertions": 34,
        "deletions": 21,
        "date": "2019-11-04",
        "commitResults": [
          {
            "hash": "4149ea5cd0c883d9910631bcdaa62429f3fb083f",
            "messageTitle": "Create new exception to prevent same song names",
            "messageBody": "",
            "insertions": 33,
            "deletions": 20
          },
          {
            "hash": "ab137fe0374af7188eb1a954ac7ec414c82974a3",
            "messageTitle": "Update to fit checkstyle requirements",
            "messageBody": "",
            "insertions": 1,
            "deletions": 1
          }
        ]
      }
    ],
    "SalonetheGreat": [
      {
        "insertions": 225,
        "deletions": 123,
        "date": "2019-10-17",
        "commitResults": [
          {
            "hash": "77f234f32501c1d14359d738df9af069c0483c96",
            "messageTitle": "Add CommandSyntaxMessage to store all format of commands Implement HelpCommand",
            "messageBody": "",
            "insertions": 87,
            "deletions": 32
          },
          {
            "hash": "b8b0d6c6c38c00100da5a14f0fcaff5af653327c",
            "messageTitle": "Replace if-else in Parser with switch",
            "messageBody": "",
            "insertions": 27,
            "deletions": 29
          },
          {
            "hash": "db63162e2a0a717d913924278a0988ff554fdee7",
            "messageTitle": "Correct the indentation in switch in Parser",
            "messageBody": "",
            "insertions": 26,
            "deletions": 26
          },
          {
            "hash": "4376546adc38c3fe12de4af98ca9f32115bbaeec",
            "messageTitle": "Correct according to checkstyle",
            "messageBody": "",
            "insertions": 85,
            "deletions": 36
          }
        ]
      },
      {
        "insertions": 5,
        "deletions": 4,
        "date": "2019-10-18",
        "commitResults": [
          {
            "hash": "9d8a19ad40bf40135b2b79caf4108ae7705dd013",
            "messageTitle": "Beautify the output of HelpCommand",
            "messageBody": "",
            "insertions": 3,
            "deletions": 2
          },
          {
            "hash": "2e9a7429e7c6c292255c3191826a757b802b7c8a",
            "messageTitle": "Correct the output format for HelpCommand",
            "messageBody": "",
            "insertions": 2,
            "deletions": 2
          }
        ]
      },
      {
        "insertions": 318,
        "deletions": 42,
        "date": "2019-10-24",
        "commitResults": [
          {
            "hash": "8d126ab848dbe022eae286985b20652e70ffdf9b",
            "messageTitle": "Add author name \"Sha Long\"",
            "messageBody": "",
            "insertions": 9,
            "deletions": 2
          },
          {
            "hash": "3b6ebf368ce0955877991db0547e7d26bc976d3a",
            "messageTitle": "Add instruction to add new commands into CommandSyntaxMessage Add start message and end message for \"help\"",
            "messageBody": "",
            "insertions": 16,
            "deletions": 4
          },
          {
            "hash": "c19536bd4377525847dd32ce903485aaef1df979",
            "messageTitle": "Fix the static bug",
            "messageBody": "",
            "insertions": 7,
            "deletions": 6
          },
          {
            "hash": "2d473b73b0a3e8f5fddce41de9b57a1785069b1f",
            "messageTitle": "Commit First version of RedoCommand \u0026 UndoCommand Without any JavaDoc",
            "messageBody": "",
            "insertions": 212,
            "deletions": 25
          },
          {
            "hash": "f7ac82eff21128c0433f72f7e394f25e4b3771e1",
            "messageTitle": "Add VCS (Version Control System) without JavaDoc",
            "messageBody": "",
            "insertions": 5,
            "deletions": 3
          },
          {
            "hash": "5aa2cd61a4969132146e20efbe80ef1d5b181122",
            "messageTitle": "Add JavaDoc for VCS of SongList",
            "messageBody": "",
            "insertions": 69,
            "deletions": 2
          }
        ]
      },
      {
        "insertions": 7,
        "deletions": 13,
        "date": "2019-10-25",
        "commitResults": [
          {
            "hash": "cdc9ae3b49c19312ba6531f734fc1ff0f3685fec",
            "messageTitle": "Change author name to Github name",
            "messageBody": "",
            "insertions": 7,
            "deletions": 13
          }
        ]
      }
    ]
  },
  "authorFinalContributionMap": {
    "rishi12438": 1051,
    "rohan-av": 2344,
    "Samuel787": 1837,
    "jwyf": 915,
    "SalonetheGreat": 412
  },
  "authorFileTypeContributionMap": {
    "rishi12438": {
      "tests": 120,
      "functional": 930,
      "other": 1
    },
    "rohan-av": {
      "tests": 151,
      "functional": 2190,
      "other": 3
    },
    "Samuel787": {
      "tests": 220,
      "functional": 1616,
      "other": 1
    },
    "jwyf": {
      "tests": 0,
      "functional": 915
    },
    "SalonetheGreat": {
      "tests": 0,
      "functional": 412
    }
  },
  "authorContributionVariance": {
    "rishi12438": 27524.16,
    "rohan-av": 650133.06,
    "Samuel787": 170125.97,
    "jwyf": 10758.794,
    "SalonetheGreat": 5203.849
  },
  "authorDisplayNameMap": {
    "rishi12438": "CS2113T-F09-4 RIS  . . VAN",
    "rohan-av": "CS2113T-F09-4 ROH  . . RMA",
    "Samuel787": "CS2113T-F09-4 SUT  . . UEL",
    "jwyf": "CS2113T-F09-4 JOS  . . ENG",
    "SalonetheGreat": "CS2113T-F09-4 SHA  . . ONG"
  }
}
