{
  "authorDailyContributionsMap": {
    "rishi12438": [
      {
        "insertions": 663,
        "deletions": 288,
        "date": "2019-10-02",
        "commitResults": [
          {
            "hash": "ff64f5ca50b6ae1d16efdb7d9add28d0e4b0ad95",
            "messageTitle": "checkstyle done",
            "messageBody": "",
            "insertions": 663,
            "deletions": 288
          }
        ]
      },
      {
        "insertions": 131,
        "deletions": 2,
        "date": "2019-10-10",
        "commitResults": [
          {
            "hash": "2c164804da0dd6566ece12025d4a71322b5d463d",
            "messageTitle": "added overlay",
            "messageBody": "",
            "insertions": 130,
            "deletions": 1
          },
          {
            "hash": "4258286c63e2e0bf474b2f95080f3f76c17ecf85",
            "messageTitle": "fixed typo",
            "messageBody": "",
            "insertions": 1,
            "deletions": 1
          }
        ]
      }
    ],
    "rohan-av": [
      {
        "insertions": 315,
        "deletions": 2,
        "date": "2019-10-03",
        "commitResults": [
          {
            "hash": "22f86b34b6672fd684fdcc79c3b1b9db613dc36c",
            "messageTitle": "Add Song, Group, Bar, Chord and Note classes",
            "messageBody": "",
            "insertions": 314,
            "deletions": 1
          },
          {
            "hash": "5b4cd7fa136899df5f29542cd31f7c85ef12a409",
            "messageTitle": "Complete A-Jar",
            "messageBody": "",
            "insertions": 1,
            "deletions": 1
          }
        ]
      },
      {
        "insertions": 93,
        "deletions": 34,
        "date": "2019-10-10",
        "commitResults": [
          {
            "hash": "7eaadf4320a0adc3b87d8bebf7e80622fe2df5d1",
            "messageTitle": "Include plan for persistent storage in Storage and implement basic functions",
            "messageBody": "",
            "insertions": 64,
            "deletions": 4
          },
          {
            "hash": "3b5dd58670b560d28006683a324bc4d323387b14",
            "messageTitle": "Change suggested storage format",
            "messageBody": "",
            "insertions": 5,
            "deletions": 6
          },
          {
            "hash": "31a6ed76ac11c96c903e58c0f4449096399d77a4",
            "messageTitle": "Edit to comply with checkstyle",
            "messageBody": "",
            "insertions": 13,
            "deletions": 13
          },
          {
            "hash": "1eaec702435b39087f389b7f33eeec76d108bd60",
            "messageTitle": "Make further changes to comply with checkstyle",
            "messageBody": "",
            "insertions": 11,
            "deletions": 11
          }
        ]
      }
    ],
    "Samuel787": [
      {
        "insertions": 48,
        "deletions": 18,
        "date": "2019-10-02",
        "commitResults": [
          {
            "hash": "35b97a7ab0fa8a5809cb301330d93c2a3d610df4",
            "messageTitle": "merge conflict resolved",
            "messageBody": "",
            "insertions": 27,
            "deletions": 0
          },
          {
            "hash": "f070c1be9603e9bdc3cd07e7fe9d2a4a1f074ecb",
            "messageTitle": "Checkstyle errors for BetweenTaskTest and RecurringTaskTest have been resolved",
            "messageBody": "",
            "insertions": 21,
            "deletions": 18
          }
        ]
      },
      {
        "insertions": 319,
        "deletions": 44,
        "date": "2019-10-10",
        "commitResults": [
          {
            "hash": "e865b0d762ae4c77cf273e37fc308d36b3c730a6",
            "messageTitle": "Added initial code for Group Command",
            "messageBody": "",
            "insertions": 96,
            "deletions": 19
          },
          {
            "hash": "f482aad25186761739175c83af35adcd2e91b581",
            "messageTitle": "Added initial code for Copy Command",
            "messageBody": "",
            "insertions": 4,
            "deletions": 0
          },
          {
            "hash": "d63c0195061492fd08431511967d94b30753a8ce",
            "messageTitle": "Added more code for Copy Command",
            "messageBody": "",
            "insertions": 219,
            "deletions": 24
          },
          {
            "hash": "83ec1c14307e3ae1ed2f5641212787f985a7fdb2",
            "messageTitle": "commits before push",
            "messageBody": "",
            "insertions": 0,
            "deletions": 1
          }
        ]
      }
    ],
    "jwyf": [
      {
        "insertions": 164,
        "deletions": 156,
        "date": "2019-10-02",
        "commitResults": [
          {
            "hash": "648a0b0048ccb26c655d4413df72bca70b3ce4a4",
            "messageTitle": "Test travis functionalities",
            "messageBody": "",
            "insertions": 1,
            "deletions": 3
          },
          {
            "hash": "660ac63c92f028ebd015a1a86f05128c9d3ba1c4",
            "messageTitle": "Complete A-CheckStyle for test code",
            "messageBody": "",
            "insertions": 14,
            "deletions": 8
          },
          {
            "hash": "c491ea930c9f06e3b9ebad08f4d6764f0a9a6212",
            "messageTitle": "Complete A-CheckStyle for tasks package",
            "messageBody": "",
            "insertions": 83,
            "deletions": 86
          },
          {
            "hash": "26c18ae8d63e1626906b4220f83e8d7c30a864d3",
            "messageTitle": "Fix dependency issues",
            "messageBody": "",
            "insertions": 0,
            "deletions": 1
          },
          {
            "hash": "21546cad562351f6a067f99ad47fad8a0cd8fbed",
            "messageTitle": "Finish A-CheckStyle",
            "messageBody": "",
            "insertions": 66,
            "deletions": 58
          }
        ]
      },
      {
        "insertions": 363,
        "deletions": 6,
        "date": "2019-10-05",
        "commitResults": [
          {
            "hash": "334f79ee306e1cf70f03055965b17993b55effd2",
            "messageTitle": "Add AddBarCommand, HelpCommand, NewCommand and ViewCommand classes",
            "messageBody": "",
            "insertions": 363,
            "deletions": 6
          }
        ]
      },
      {
        "insertions": 95,
        "deletions": 3,
        "date": "2019-10-07",
        "commitResults": [
          {
            "hash": "6222ef77b514b8644e4fb2ad076dbfa24cb097c4",
            "messageTitle": "Add SongList class",
            "messageBody": "",
            "insertions": 95,
            "deletions": 3
          }
        ]
      },
      {
        "insertions": 68,
        "deletions": 54,
        "date": "2019-10-08",
        "commitResults": [
          {
            "hash": "91f30325d5665135c1908b645323e4075be75e81",
            "messageTitle": "Implement AddBarCommand, HelpCommand, NewCommand and ViewCommand with SongList",
            "messageBody": "",
            "insertions": 68,
            "deletions": 54
          }
        ]
      }
    ],
    "SalonetheGreat": []
  },
  "authorFinalContributionMap": {
    "rishi12438": 362,
    "rohan-av": 388,
    "Samuel787": 391,
    "jwyf": 591,
    "SalonetheGreat": 0
  },
  "authorFileTypeContributionMap": {
    "rishi12438": {
      "tests": 0,
      "functional": 360,
      "other": 2
    },
    "rohan-av": {
      "tests": 1,
      "functional": 387
    },
    "Samuel787": {
      "tests": 21,
      "functional": 370
    },
    "jwyf": {
      "tests": 13,
      "functional": 578
    },
    "SalonetheGreat": {
      "tests": 0,
      "functional": 0
    }
  },
  "authorContributionVariance": {
    "rishi12438": 43166.85,
    "rohan-av": 5338.0605,
    "Samuel787": 6346.1475,
    "jwyf": 11086.747,
    "SalonetheGreat": 0.0
  },
  "authorDisplayNameMap": {
    "rishi12438": "CS2113T-F09-4 RIS  . . VAN",
    "rohan-av": "CS2113T-F09-4 ROH  . . RMA",
    "Samuel787": "CS2113T-F09-4 SUT  . . UEL",
    "jwyf": "CS2113T-F09-4 JOS  . . ENG",
    "SalonetheGreat": "CS2113T-F09-4 SHA  . . ONG"
  }
}
