{
  "authorDailyContributionsMap": {
    "CEGLincoln": [
      {
        "insertions": 251,
        "deletions": 205,
        "date": "2019-09-22",
        "commitResults": [
          {
            "hash": "4779df447c134bd3dca4cbc5c73ac37837da0998",
            "messageTitle": "something went wrong",
            "messageBody": "",
            "insertions": 251,
            "deletions": 205
          }
        ]
      },
      {
        "insertions": 284,
        "deletions": 273,
        "date": "2019-09-27",
        "commitResults": [
          {
            "hash": "e3a8482871e143c44a56e3c51c300e37409104b3",
            "messageTitle": "improved checkstyle",
            "messageBody": "",
            "insertions": 284,
            "deletions": 273
          }
        ]
      },
      {
        "insertions": 71,
        "deletions": 24,
        "date": "2019-10-02",
        "commitResults": [
          {
            "hash": "3767608dbc69769aff32fc98f871b040907f5664",
            "messageTitle": "better checkstyle",
            "messageBody": "",
            "insertions": 71,
            "deletions": 24
          }
        ]
      },
      {
        "insertions": 158,
        "deletions": 152,
        "date": "2019-10-13",
        "commitResults": [
          {
            "hash": "b11b6c70c9c7094dea66667604b4279e2beda32d",
            "messageTitle": "added class convert",
            "messageBody": "",
            "insertions": 158,
            "deletions": 152
          }
        ]
      }
    ],
    "9hafidz6": [
      {
        "insertions": 65,
        "deletions": 8,
        "date": "2019-09-28",
        "commitResults": [
          {
            "hash": "e89979fe2d175c33c3e808df86630ca8f9d12605",
            "messageTitle": "Added mock up UI (#36)",
            "messageBody": "* B-Reminders\r\n\r\n* B-reminders modification\r\n\r\n* duke.java\r\n\r\n* modified buidl.gradle and Command\r\n\r\n* user guide\r\n\r\n* user guide table of contents\r\n\r\n* user guide link TOC\r\n\r\n* user guide\r\n\r\n* UI\r\n\r\n* corrected mock UI\r\n\r\n* rename UI\r\n\r\n* UI update\r\n",
            "insertions": 65,
            "deletions": 8
          }
        ]
      },
      {
        "insertions": 1,
        "deletions": 1,
        "date": "2019-09-30",
        "commitResults": [
          {
            "hash": "f93d18c9c932991e93e2b425a52b44af511232b5",
            "messageTitle": "updated User Guide  (#37)",
            "messageBody": "* B-Reminders\r\n\r\n* B-reminders modification\r\n\r\n* duke.java\r\n\r\n* modified buidl.gradle and Command\r\n\r\n* user guide\r\n\r\n* user guide table of contents\r\n\r\n* user guide link TOC\r\n\r\n* user guide\r\n\r\n* UI\r\n\r\n* corrected mock UI\r\n\r\n* rename UI\r\n\r\n* UI update\r\n\r\n* updated user guide\r\n",
            "insertions": 1,
            "deletions": 1
          }
        ]
      },
      {
        "insertions": 7,
        "deletions": 7,
        "date": "2019-10-02",
        "commitResults": [
          {
            "hash": "93bba4600f171f7669af74e5dadc586eb1222f5d",
            "messageTitle": "added developer guide and improved checkstyle  (#42)",
            "messageBody": "* improved checkstyle for remindCommand\r\n\r\n* added a developer guide\r\n\r\n* improved all checkstyles\r\n\r\n* updated developer guide\r\n",
            "insertions": 7,
            "deletions": 7
          }
        ]
      }
    ],
    "saradj": [],
    "x3chillax": [],
    "VirginiaYu": []
  },
  "authorFinalContributionMap": {
    "CEGLincoln": 474,
    "9hafidz6": 47,
    "saradj": 16,
    "x3chillax": 7,
    "VirginiaYu": 2
  },
  "authorFileTypeContributionMap": {
    "CEGLincoln": {
      "tests": 0,
      "functional": 474
    },
    "9hafidz6": {
      "tests": 0,
      "functional": 45,
      "other": 2
    },
    "saradj": {
      "tests": 0,
      "functional": 16
    },
    "x3chillax": {
      "tests": 0,
      "functional": 7
    },
    "VirginiaYu": {
      "tests": 0,
      "functional": 2
    }
  },
  "authorContributionVariance": {
    "CEGLincoln": 23299.45,
    "9hafidz6": 225.4178,
    "saradj": 0.0,
    "x3chillax": 0.0,
    "VirginiaYu": 0.0
  },
  "authorDisplayNameMap": {
    "CEGLincoln": "CS2113-T14-2 LIM  . . OLN",
    "9hafidz6": "CS2113-T14-2 MUH  . . AIN",
    "saradj": "CS2113-T14-2 DJA  . . ARA",
    "x3chillax": "CS2113-T14-2 GOH  . . OEY",
    "VirginiaYu": "CS2113-T14-2 YU   . . HAN"
  }
}
