{
  "authorDailyContributionsMap": {
    "gervaiseang": [
      {
        "insertions": 63,
        "deletions": 40,
        "date": "2019-09-24",
        "commitResults": [
          {
            "hash": "2ee02aac0adb3d643f205a32b3fd8a704952b3dc",
            "messageTitle": "B-Reminders added and completed",
            "messageBody": "",
            "insertions": 63,
            "deletions": 40
          }
        ]
      },
      {
        "insertions": 228,
        "deletions": 114,
        "date": "2019-10-09",
        "commitResults": [
          {
            "hash": "8462c1ec1bd764890ffd2b4e430fa8259e90885b",
            "messageTitle": "C-Help v1",
            "messageBody": "",
            "insertions": 114,
            "deletions": 0
          },
          {
            "hash": "65b107b3e9739c2c4fee1178c9e4ac659d54d8b7",
            "messageTitle": "Revert \"C-Help v1\"",
            "messageBody": "This reverts commit 8462c1ec1bd764890ffd2b4e430fa8259e90885b.\n",
            "insertions": 0,
            "deletions": 114
          },
          {
            "hash": "1c69b8d5381a352dabe6ee25501d042a8f70be58",
            "messageTitle": "C-Help V1",
            "messageBody": "",
            "insertions": 114,
            "deletions": 0
          }
        ]
      },
      {
        "insertions": 157,
        "deletions": 75,
        "date": "2019-10-15",
        "commitResults": [
          {
            "hash": "e04f090c701caf6326d379e9bc8e8fbfae250cd1",
            "messageTitle": "C-Help v2 done",
            "messageBody": "",
            "insertions": 143,
            "deletions": 56
          },
          {
            "hash": "6a12ab252778e755328122888ef42792f2fbb1e4",
            "messageTitle": "C-Help V2 done",
            "messageBody": "",
            "insertions": 7,
            "deletions": 12
          },
          {
            "hash": "a4a366b18f2690d11c36aece15377b039183d26d",
            "messageTitle": "C-Help V2 done",
            "messageBody": "",
            "insertions": 7,
            "deletions": 7
          }
        ]
      },
      {
        "insertions": 86,
        "deletions": 218,
        "date": "2019-10-22",
        "commitResults": [
          {
            "hash": "b25d1d4b5c71a738cfa9b5c9d085185cd3f74311",
            "messageTitle": "Added help commands",
            "messageBody": "",
            "insertions": 4,
            "deletions": 2
          },
          {
            "hash": "4a655a25c8ee05fdce39900f0ac1015118110fa4",
            "messageTitle": "Revert \"Merge remote-tracking branch \u0027upstream/master\u0027\"",
            "messageBody": "This reverts commit 29a9cc12485cd27bd92aa119287e918a26f928ad.\n",
            "insertions": 74,
            "deletions": 206
          },
          {
            "hash": "88bd108937feb328b3a231dbf36e4ae155cfc4eb",
            "messageTitle": "Added help commands",
            "messageBody": "",
            "insertions": 6,
            "deletions": 8
          },
          {
            "hash": "379b89d8cbc813cd5218f5a0c6098f8bdb9ce710",
            "messageTitle": "Added help commands",
            "messageBody": "",
            "insertions": 2,
            "deletions": 2
          }
        ]
      },
      {
        "insertions": 52,
        "deletions": 14,
        "date": "2019-10-23",
        "commitResults": [
          {
            "hash": "5d792f50fdef9344dfb31ccf8c15e5f4466477d0",
            "messageTitle": "Reminders v2.0, GUI not up yet",
            "messageBody": "",
            "insertions": 49,
            "deletions": 13
          },
          {
            "hash": "a71aa737e259aa334a026ad0ae572d1c76f58608",
            "messageTitle": "Reminders v2.0, GUI not up yet",
            "messageBody": "",
            "insertions": 1,
            "deletions": 1
          },
          {
            "hash": "96ee58fdbf2bd2f6d71dfd8b4021e63d207407bb",
            "messageTitle": "Added help commands and author",
            "messageBody": "",
            "insertions": 2,
            "deletions": 0
          }
        ]
      }
    ],
    "e0318465": [
      {
        "insertions": 162,
        "deletions": 41,
        "date": "2019-09-26",
        "commitResults": [
          {
            "hash": "d86e13fbf45446273c996384512e1734225dbcb8",
            "messageTitle": "Implemented C-DetectDuplicates in Todo task",
            "messageBody": "",
            "insertions": 93,
            "deletions": 30
          },
          {
            "hash": "65de9a52dc40244636450af97047213e7f29f2a3",
            "messageTitle": "Implemented C-DetectDuplicates Junit Test",
            "messageBody": "",
            "insertions": 18,
            "deletions": 10
          },
          {
            "hash": "96c6571131eb7370ff2443792016c3d2b1e6ac21",
            "messageTitle": "Implemented C-DetectDuplicates Java Docs",
            "messageBody": "",
            "insertions": 51,
            "deletions": 1
          }
        ]
      },
      {
        "insertions": 2,
        "deletions": 2,
        "date": "2019-09-27",
        "commitResults": [
          {
            "hash": "3bd9420418dfcb60a317d3fbeb3e365d7e281ccc",
            "messageTitle": "Implemented C-DetectDuplicates Edited boolean name",
            "messageBody": "",
            "insertions": 2,
            "deletions": 2
          }
        ]
      },
      {
        "insertions": 294,
        "deletions": 27,
        "date": "2019-10-02",
        "commitResults": [
          {
            "hash": "e7e201cb34f59ecfcaa6d40b9e3984bb33a5f2ef",
            "messageTitle": "Inserted addcontact command",
            "messageBody": "",
            "insertions": 294,
            "deletions": 27
          }
        ]
      },
      {
        "insertions": 0,
        "deletions": 121,
        "date": "2019-10-05",
        "commitResults": [
          {
            "hash": "218d7abd617041a85da8f8daf9039c0885dbdfa7",
            "messageTitle": "Removed dead code, still working on functionality",
            "messageBody": "",
            "insertions": 0,
            "deletions": 121
          }
        ]
      },
      {
        "insertions": 39,
        "deletions": 40,
        "date": "2019-10-06",
        "commitResults": [
          {
            "hash": "b5282aa6d7920f1ca1c4d4ca026a8ec710317d6d",
            "messageTitle": "Allowed detect duplicate for fixedduration and completed checkstyle for priority codes.",
            "messageBody": "",
            "insertions": 39,
            "deletions": 40
          }
        ]
      },
      {
        "insertions": 488,
        "deletions": 188,
        "date": "2019-10-12",
        "commitResults": [
          {
            "hash": "2904a307e86444a5ab7f823f20253a2ade05a13d",
            "messageTitle": "Contacts may be added and listed. To do Javadocs",
            "messageBody": "",
            "insertions": 254,
            "deletions": 89
          },
          {
            "hash": "6b114d52be1e04eef3af2d606c33942f3a1a61ed",
            "messageTitle": "Completed JavaDocs for ContactList",
            "messageBody": "",
            "insertions": 10,
            "deletions": 2
          },
          {
            "hash": "4366c164c59cf3d1025efd8d3284f27d9963d371",
            "messageTitle": "Completed JavaDocs for Storage and Contacts",
            "messageBody": "",
            "insertions": 23,
            "deletions": 15
          },
          {
            "hash": "81d344e938f6ed7a1a793d7b74d1f2dd34f37453",
            "messageTitle": "Completed JavaDocs for all codes related to adding and listing contacts.",
            "messageBody": "",
            "insertions": 17,
            "deletions": 8
          },
          {
            "hash": "84179093f057a42cad9c91f81a26c8ebd0a99c97",
            "messageTitle": "Reduced sentence length in Command",
            "messageBody": "",
            "insertions": 49,
            "deletions": 12
          },
          {
            "hash": "190f1c787630ecaba44c65d16159fcfe82cdb163",
            "messageTitle": "Completed Javadocs after merging",
            "messageBody": "",
            "insertions": 44,
            "deletions": 28
          },
          {
            "hash": "003224f0e40e4c734602e253cf4e24f5db7c1411",
            "messageTitle": "Added missing Javadocs for command",
            "messageBody": "",
            "insertions": 89,
            "deletions": 32
          },
          {
            "hash": "e60c2f588896a360730c9e1a0fcd5d94d3c21a6b",
            "messageTitle": "Added a missing IOException description",
            "messageBody": "",
            "insertions": 2,
            "deletions": 2
          }
        ]
      },
      {
        "insertions": 175,
        "deletions": 149,
        "date": "2019-10-17",
        "commitResults": [
          {
            "hash": "4bc9ffbe5f1c43b1d343c110c0f73149297fd1c2",
            "messageTitle": "Add contact\u0027s ExecuteGui able to display recently added contacts.",
            "messageBody": "",
            "insertions": 58,
            "deletions": 46
          },
          {
            "hash": "c112b0dbde5d97a309f8c570b58de9294872868d",
            "messageTitle": "Changed storage file path to suit my computer",
            "messageBody": "",
            "insertions": 44,
            "deletions": 46
          },
          {
            "hash": "fe1c518ba12fa7232a2f0374396de252e9b0179e",
            "messageTitle": "Add and list contacts can be displayed in GUI",
            "messageBody": "",
            "insertions": 73,
            "deletions": 57
          }
        ]
      },
      {
        "insertions": 83,
        "deletions": 53,
        "date": "2019-10-18",
        "commitResults": [
          {
            "hash": "be48ba5af86fc7fe993205df8f58931914639aca",
            "messageTitle": "Fixed Javadocs for contacts and budget.",
            "messageBody": "",
            "insertions": 83,
            "deletions": 53
          }
        ]
      },
      {
        "insertions": 14,
        "deletions": 4,
        "date": "2019-10-19",
        "commitResults": [
          {
            "hash": "33b7e0f79c0fbfec90ccd72e252e97de8d1d9612",
            "messageTitle": "Added annotation",
            "messageBody": "",
            "insertions": 12,
            "deletions": 4
          },
          {
            "hash": "ad47e1e97d8b9fa91d71dd1c64f2ef3853f49a62",
            "messageTitle": "Fixed annotation issue due to comments conflicting",
            "messageBody": "",
            "insertions": 2,
            "deletions": 0
          }
        ]
      },
      {
        "insertions": 172,
        "deletions": 77,
        "date": "2019-10-20",
        "commitResults": [
          {
            "hash": "e3b0c63c800095e150394dc795ff4e1515d7c0fd",
            "messageTitle": "Able to delete contact, add contact buggy together with storage. To be fixed.",
            "messageBody": "",
            "insertions": 172,
            "deletions": 77
          }
        ]
      },
      {
        "insertions": 257,
        "deletions": 144,
        "date": "2019-10-21",
        "commitResults": [
          {
            "hash": "6baccc80a8cfbd76e238c77f3d22266518b12b29",
            "messageTitle": "Delete contact works and added test cases for add and delete contact.",
            "messageBody": "",
            "insertions": 75,
            "deletions": 23
          },
          {
            "hash": "9f92adfea270f684131b0142c9711bb86ab36e39",
            "messageTitle": "Completed Javadocs for addcontact test case",
            "messageBody": "",
            "insertions": 111,
            "deletions": 67
          },
          {
            "hash": "9b761efefb99f6c27cc4336282d9747aa17f01eb",
            "messageTitle": "Closes #134",
            "messageBody": "",
            "insertions": 14,
            "deletions": 2
          },
          {
            "hash": "06ac1d56559d0d3b2266411cafdfdd5e4f44576f",
            "messageTitle": "Changed the first name of the method to simple present in Javadoc e.g. Adds",
            "messageBody": "",
            "insertions": 57,
            "deletions": 52
          }
        ]
      },
      {
        "insertions": 99,
        "deletions": 74,
        "date": "2019-10-25",
        "commitResults": [
          {
            "hash": "78f948ceffba837de8113baf8065efa6e54612d4",
            "messageTitle": "Handled exception when garbage value is inserted to contact.txt Handled out of range inputs for deleteContactCommand Handled the display of error to make information more useful",
            "messageBody": "",
            "insertions": 60,
            "deletions": 51
          },
          {
            "hash": "305ad4af5c8761f6c56aa0d1f43de3d88289245c",
            "messageTitle": "Checked Javadocs after updating exception handling",
            "messageBody": "",
            "insertions": 30,
            "deletions": 16
          },
          {
            "hash": "b3d36d560c139d22a42d99156d272b739110b595",
            "messageTitle": "Updated magic numbers",
            "messageBody": "",
            "insertions": 9,
            "deletions": 7
          }
        ]
      }
    ],
    "Dou-Maokang": [
      {
        "insertions": 413,
        "deletions": 49,
        "date": "2019-10-02",
        "commitResults": [
          {
            "hash": "ccd98a34cd62f4e8504c567fd5d9282351b40ed0",
            "messageTitle": "added variable priority, method setPriority() and getPriority in Task; added new command SetPriorityCommand",
            "messageBody": "",
            "insertions": 25,
            "deletions": 0
          },
          {
            "hash": "3ad91c370e6bb1b2ef05a00fc6645e28e9cbbce3",
            "messageTitle": "added PriorityStorage for storing priority of every task",
            "messageBody": "",
            "insertions": 45,
            "deletions": 0
          },
          {
            "hash": "23e9b80333599ce99b9a3b7aff459d18f711eb16",
            "messageTitle": "updated Duke to enable loading PriorityList",
            "messageBody": "",
            "insertions": 22,
            "deletions": 3
          },
          {
            "hash": "a186ff877b726b2711d31df65db4d52bb3adaa36",
            "messageTitle": "updated Duke",
            "messageBody": "",
            "insertions": 2,
            "deletions": 2
          },
          {
            "hash": "eaec9bbe30374efa024040044264082d7d2ef7a9",
            "messageTitle": "implemented PriorityList for adding priority for each task; updated Duke to accommodate PriorityList",
            "messageBody": "",
            "insertions": 72,
            "deletions": 14
          },
          {
            "hash": "123d32165caa231a72d622aeaf8affe57523f84d",
            "messageTitle": "updated PriorityList",
            "messageBody": "",
            "insertions": 24,
            "deletions": 9
          },
          {
            "hash": "4a4ad994101b5172abff5d3d17536266cdcf58e6",
            "messageTitle": "updated Ui to show list of tasks with priorities",
            "messageBody": "",
            "insertions": 14,
            "deletions": 0
          },
          {
            "hash": "858d92ba39310deb01f24edbd2d7de2256f64d5d",
            "messageTitle": "updated Parser to include ListPriorityCommand",
            "messageBody": "",
            "insertions": 2,
            "deletions": 0
          },
          {
            "hash": "225131e555e9fea6435ac7d86d1a624214c5fc40",
            "messageTitle": "updated Command and Ui to accommodate new ListPriorityCommand",
            "messageBody": "",
            "insertions": 79,
            "deletions": 4
          },
          {
            "hash": "7c1f2078090929fc114137ac63220c59a9521abc",
            "messageTitle": "updated Ui",
            "messageBody": "",
            "insertions": 3,
            "deletions": 2
          },
          {
            "hash": "4d235402d8dfb18ee573755f5797f2a6995a5e10",
            "messageTitle": "added javadoc for PriorityStorage",
            "messageBody": "",
            "insertions": 6,
            "deletions": 1
          },
          {
            "hash": "6901e5b3f19ca89aab0a9f77e2f4c0e18dbd1c53",
            "messageTitle": "added javadoc for PriorityList",
            "messageBody": "",
            "insertions": 40,
            "deletions": 5
          },
          {
            "hash": "c6334cf3048deee457678aebe0f9563e53cf9020",
            "messageTitle": "updated javadoc for ListPriorityCommand",
            "messageBody": "",
            "insertions": 1,
            "deletions": 0
          },
          {
            "hash": "316ea46537a94dc38df2e11639be9c625f2442fe",
            "messageTitle": "updated DeleteCommand such that associated priority can be deleted when the task is selected to delete",
            "messageBody": "",
            "insertions": 30,
            "deletions": 0
          },
          {
            "hash": "10ff0da01741c776eb82bf663b10a76cc56b7563",
            "messageTitle": "implement AddMultiPriority in PriorityList to accommodate AddMultipleCommand",
            "messageBody": "",
            "insertions": 34,
            "deletions": 4
          },
          {
            "hash": "edf085829d20d7f30c29556bea3dcfe711373dd9",
            "messageTitle": "updated PriorityList",
            "messageBody": "",
            "insertions": 10,
            "deletions": 5
          },
          {
            "hash": "74476b18353121654f547c864b578c367d256e10",
            "messageTitle": "minor update",
            "messageBody": "",
            "insertions": 4,
            "deletions": 0
          }
        ]
      },
      {
        "insertions": 1,
        "deletions": 1,
        "date": "2019-10-03",
        "commitResults": [
          {
            "hash": "0d5495c9829d812efa9f40e3ec02ed4358288841",
            "messageTitle": "changed Duke",
            "messageBody": "",
            "insertions": 1,
            "deletions": 1
          }
        ]
      },
      {
        "insertions": 195,
        "deletions": 60,
        "date": "2019-10-09",
        "commitResults": [
          {
            "hash": "a6d31b76a0ba395814aa2bff0a7eff45ac7ea696",
            "messageTitle": "added default priority",
            "messageBody": "",
            "insertions": 83,
            "deletions": 27
          },
          {
            "hash": "fbe81419e89d2ebd3e4484e7c174fc35b7badba9",
            "messageTitle": "updated priority-related functions",
            "messageBody": "",
            "insertions": 45,
            "deletions": 3
          },
          {
            "hash": "9372d079626ba089edbb3a0549e4e4393caac6a5",
            "messageTitle": "updated ui for setPriorityCommand",
            "messageBody": "",
            "insertions": 6,
            "deletions": 1
          },
          {
            "hash": "d240e0df35c4fed11eae9597958b44c29288b70c",
            "messageTitle": "fixed Duke",
            "messageBody": "",
            "insertions": 7,
            "deletions": 1
          },
          {
            "hash": "8455687f83c701d13e33487340ef51c275f72456",
            "messageTitle": "fixed SetPriorityCommand",
            "messageBody": "",
            "insertions": 3,
            "deletions": 3
          },
          {
            "hash": "f209ef24f059db82dcc839f029ccb63c4527f0a1",
            "messageTitle": "fixed Parser",
            "messageBody": "",
            "insertions": 16,
            "deletions": 2
          },
          {
            "hash": "0f685641d87850aa692b133a423d0960a692308a",
            "messageTitle": "fixed PriorityList",
            "messageBody": "",
            "insertions": 7,
            "deletions": 13
          },
          {
            "hash": "551a1022d08b3d14873115acd62b5cd7db8779cd",
            "messageTitle": "fixed Ui",
            "messageBody": "",
            "insertions": 5,
            "deletions": 2
          },
          {
            "hash": "05cadb829ea5a2f157471d2b1a873a099717e32d",
            "messageTitle": "fixed Help",
            "messageBody": "",
            "insertions": 13,
            "deletions": 6
          },
          {
            "hash": "875ac2b6b246ed0de157dcca41e73f1c1e529962",
            "messageTitle": "fixed PriorityList",
            "messageBody": "",
            "insertions": 1,
            "deletions": 1
          },
          {
            "hash": "845e9716e55b6c998d3551b6695ddc9e76ed7107",
            "messageTitle": "added error handlingin Parse for setpriority",
            "messageBody": "",
            "insertions": 8,
            "deletions": 0
          },
          {
            "hash": "d26293608d67b502351413526e41048735d804bc",
            "messageTitle": "fixed Parser",
            "messageBody": "",
            "insertions": 1,
            "deletions": 1
          }
        ]
      },
      {
        "insertions": 42,
        "deletions": 26,
        "date": "2019-10-16",
        "commitResults": [
          {
            "hash": "3d107d28e83a0bb42176ee9cfef6199c04659586",
            "messageTitle": "fixed bugs in setpriority",
            "messageBody": "",
            "insertions": 2,
            "deletions": 2
          },
          {
            "hash": "3c2a185d360e3ab75bd464fc4114a831effe68a6",
            "messageTitle": "updated priority display such that all tasks can be sorted based on their priorities",
            "messageBody": "",
            "insertions": 29,
            "deletions": 22
          },
          {
            "hash": "6cffa653e87abf32e5fd59f4efae947af5c18244",
            "messageTitle": "fixed coding style",
            "messageBody": "",
            "insertions": 11,
            "deletions": 2
          }
        ]
      },
      {
        "insertions": 281,
        "deletions": 68,
        "date": "2019-10-22",
        "commitResults": [
          {
            "hash": "fbad1daa0e4e1d47281938221044b9ab81e3b201",
            "messageTitle": "added test cases and author",
            "messageBody": "",
            "insertions": 95,
            "deletions": 8
          },
          {
            "hash": "9d5df0ce47647395183c4a22df042fac7017702e",
            "messageTitle": "added author",
            "messageBody": "",
            "insertions": 11,
            "deletions": 1
          },
          {
            "hash": "64f811e2645f4f0b18ea6e35c74636a965e1cef9",
            "messageTitle": "updated fixedduration",
            "messageBody": "",
            "insertions": 4,
            "deletions": 4
          },
          {
            "hash": "dfdb23c556c3eb009d75141275e84835388e7ab8",
            "messageTitle": "implemented FindTasksByPriority",
            "messageBody": "",
            "insertions": 134,
            "deletions": 43
          },
          {
            "hash": "da8dafc1e56955b4be1467116493c9b199752e8a",
            "messageTitle": "updated Duke",
            "messageBody": "",
            "insertions": 36,
            "deletions": 6
          },
          {
            "hash": "7988b86bd5383d27f1fc749ac60db15f46b91dba",
            "messageTitle": "fixed travis error",
            "messageBody": "",
            "insertions": 1,
            "deletions": 6
          }
        ]
      }
    ],
    "maxxyx96": [
      {
        "insertions": 22,
        "deletions": 19,
        "date": "2019-09-26",
        "commitResults": [
          {
            "hash": "c2bd0d87a996aff72097021367431c7ad005c198",
            "messageTitle": "editted doAfter error that occured after PRs.",
            "messageBody": "",
            "insertions": 1,
            "deletions": 1
          },
          {
            "hash": "24276aa17a23343fe9f4a05cdc4b065946fa58f8",
            "messageTitle": "Optimised initial task display and boolean function names",
            "messageBody": "",
            "insertions": 15,
            "deletions": 12
          },
          {
            "hash": "00555abee919b99d8a2a43400dde974ecbbbf6db",
            "messageTitle": "Friendlier Syntax for longer commands",
            "messageBody": "Command (Shorter Command) delete (del) ; deadline (dl) ; doafter (da) ; repeat (rep) ; fixedduration (fd) ;\n",
            "insertions": 6,
            "deletions": 6
          }
        ]
      },
      {
        "insertions": 20,
        "deletions": 15,
        "date": "2019-09-27",
        "commitResults": [
          {
            "hash": "2ff120452dca970e969fd4c0b2da3ae724706871",
            "messageTitle": "Friendlier Syntax for commands",
            "messageBody": "Command (Shorter Command) delete (del) ; deadline (dl) ; doafter (da) ; repeat (rep) ; fixedduration (fd) ; bye (exit)\n",
            "insertions": 1,
            "deletions": 1
          },
          {
            "hash": "9159250d6d96df4731bbd0ea4e7c3d4f0243e1a7",
            "messageTitle": "Included doAfter command format",
            "messageBody": "",
            "insertions": 1,
            "deletions": 0
          },
          {
            "hash": "e33e38c76b63e16be9b18bf799c9d411c5eac9f2",
            "messageTitle": "Fixed Checkstyle errors.",
            "messageBody": "",
            "insertions": 18,
            "deletions": 14
          }
        ]
      },
      {
        "insertions": 95,
        "deletions": 5,
        "date": "2019-10-08",
        "commitResults": [
          {
            "hash": "de49bb273bcbb4c69898c2ebecec8224eccd83c1",
            "messageTitle": "Implemented backup Command  (#100)",
            "messageBody": "* implemented Backup command\r\n* fixed checkstyle\r\n",
            "insertions": 95,
            "deletions": 5
          }
        ]
      },
      {
        "insertions": 429,
        "deletions": 22,
        "date": "2019-10-15",
        "commitResults": [
          {
            "hash": "abd0190e8a5c3f95996f2e03096e716d167196b3",
            "messageTitle": "Implemented budget tracking into duke manager, Optimised backup to support all data including priority, contacts and budget.",
            "messageBody": "",
            "insertions": 341,
            "deletions": 22
          },
          {
            "hash": "ae2ec0d6086261febba8fad389ead356bedeb841",
            "messageTitle": "Added javadocs for AddBudgetCommand, UpdateBudgetCommand and ViewBudgetCommand.",
            "messageBody": "",
            "insertions": 88,
            "deletions": 0
          }
        ]
      },
      {
        "insertions": 96,
        "deletions": 50,
        "date": "2019-10-16",
        "commitResults": [
          {
            "hash": "cdd3b865d41ee5ee984859afc7836e2e128161c4",
            "messageTitle": "Implemented and optimised budget for GUI",
            "messageBody": "",
            "insertions": 96,
            "deletions": 50
          }
        ]
      },
      {
        "insertions": 45,
        "deletions": 13,
        "date": "2019-10-21",
        "commitResults": [
          {
            "hash": "c0d5e312a6063618faf5454a3ede994e16085ff8",
            "messageTitle": "Added @@author tags for maxxyx96, implemented friendliersyntax for `addcontact (ac)`, `listcontact (lc)` and `setpriority (sp)`",
            "messageBody": "",
            "insertions": 22,
            "deletions": 4
          },
          {
            "hash": "bdb01a9004b47a7b1d74aad466de2fcd933f587c",
            "messageTitle": "Implemented backup in Duke GUI",
            "messageBody": "",
            "insertions": 19,
            "deletions": 7
          },
          {
            "hash": "d9fc65ce5436aa8b2482726210dfa646bacf5017",
            "messageTitle": "Fixed a small error when showing addition of budget, optimised message when backing up Duke",
            "messageBody": "",
            "insertions": 4,
            "deletions": 2
          }
        ]
      },
      {
        "insertions": 130,
        "deletions": 17,
        "date": "2019-10-22",
        "commitResults": [
          {
            "hash": "10e1ad428d881cef0f03ffce82c1c0e050c4e62c",
            "messageTitle": "Optimised saving in backup and exit command, added test cases for budget (#140)",
            "messageBody": "* Optimised saving of states for backup and exit commands.\r\n\r\n* Added test cases for budget\r\n\r\n* Minor optimisation to Backup\r\n",
            "insertions": 126,
            "deletions": 17
          },
          {
            "hash": "e08aea7dc8c83cdf6e2b62c21d9e6f8821c6017a",
            "messageTitle": "Optimize backup, exit. Added test cases for BudgetList (#141)",
            "messageBody": "* Optimised saving of states for backup and exit commands.\r\n\r\n* Added test cases for budget\r\n\r\n* Minor optimisation to Backup\r\n\r\n* Add author tags\r\n",
            "insertions": 4,
            "deletions": 0
          }
        ]
      }
    ],
    "talesrune": [
      {
        "insertions": 78,
        "deletions": 41,
        "date": "2019-09-25",
        "commitResults": [
          {
            "hash": "086c3321b716faea13b39afafc73932b03570165",
            "messageTitle": "Added JUnit tests for DetectAnomalies",
            "messageBody": "",
            "insertions": 78,
            "deletions": 41
          }
        ]
      },
      {
        "insertions": 336,
        "deletions": 17,
        "date": "2019-09-29",
        "commitResults": [
          {
            "hash": "50387071fd8379be8c21732d6559ffa9153196e5",
            "messageTitle": "Implemented C-Update.",
            "messageBody": "",
            "insertions": 336,
            "deletions": 17
          }
        ]
      },
      {
        "insertions": 352,
        "deletions": 56,
        "date": "2019-10-08",
        "commitResults": [
          {
            "hash": "873bbd0a1ea1b27a2eb8e4b2d7cf2ed8e4927515",
            "messageTitle": "Updated GUI with the look based on Ui.png, with some basic functionalities. Will continue to update in future milestones.",
            "messageBody": "",
            "insertions": 159,
            "deletions": 8
          },
          {
            "hash": "926f642d10e6c2a966ecd4105c84c6f4a5d38cd8",
            "messageTitle": "Fixed javadocs and checkstyle related to prioritylist",
            "messageBody": "",
            "insertions": 35,
            "deletions": 26
          },
          {
            "hash": "4ada454c25183f561e46210a9426dbd1e8cb0142",
            "messageTitle": "Fixed merge conflicts, and checkstyle errors.",
            "messageBody": "",
            "insertions": 2,
            "deletions": 9
          },
          {
            "hash": "057b1e276ef461be4a8426fd4a35b2f9a04eb337",
            "messageTitle": "Updated C-Update with adding new command, /type: to change task type from existing task (e.g. Todo to Deadline)",
            "messageBody": "",
            "insertions": 156,
            "deletions": 13
          }
        ]
      },
      {
        "insertions": 170,
        "deletions": 170,
        "date": "2019-10-09",
        "commitResults": [
          {
            "hash": "edbae94c3a1b1466cda0c18891d96231bea4924b",
            "messageTitle": "Revert \"Updated C-Update with adding new command, /type: to change task type from existing task (e.g. Todo to Deadline)\"",
            "messageBody": "This reverts commit 057b1e276ef461be4a8426fd4a35b2f9a04eb337.\n",
            "insertions": 13,
            "deletions": 156
          },
          {
            "hash": "6145b3cb66d354853047166c32a1c75f16f81d03",
            "messageTitle": "Updated C-Update with adding new command, /type: to change task type from existing task (e.g. Todo to Deadline)",
            "messageBody": "",
            "insertions": 157,
            "deletions": 14
          }
        ]
      },
      {
        "insertions": 146,
        "deletions": 21,
        "date": "2019-10-13",
        "commitResults": [
          {
            "hash": "303f7756a3e8ee36c19abd78232ca472756336ad",
            "messageTitle": "Updated GUI: populating tasks into Listview, Done and Delete Buttons working.",
            "messageBody": "",
            "insertions": 146,
            "deletions": 21
          }
        ]
      },
      {
        "insertions": 471,
        "deletions": 71,
        "date": "2019-10-14",
        "commitResults": [
          {
            "hash": "52abf284c1390ba15af8ef451a4abb1bf72a6835",
            "messageTitle": "Updated GUI: Added Add New functionality",
            "messageBody": "",
            "insertions": 260,
            "deletions": 6
          },
          {
            "hash": "4dfc918ba7570a6d3049302fa6d868fe62534f92",
            "messageTitle": "Updated GUI: Added update functionality.",
            "messageBody": "",
            "insertions": 211,
            "deletions": 65
          }
        ]
      },
      {
        "insertions": 122,
        "deletions": 34,
        "date": "2019-10-15",
        "commitResults": [
          {
            "hash": "c491748937d88c6a71b733c84a5cdf3caf089a75",
            "messageTitle": "Updated Jar file for V1.2",
            "messageBody": "",
            "insertions": 42,
            "deletions": 5
          },
          {
            "hash": "96d37f5ca6d4228c98cd0ccd512c07edfd0158be",
            "messageTitle": "Fixed some chatbot ui in GUI",
            "messageBody": "",
            "insertions": 80,
            "deletions": 29
          }
        ]
      },
      {
        "insertions": 315,
        "deletions": 232,
        "date": "2019-10-16",
        "commitResults": [
          {
            "hash": "0ab10a37eab988fa4f99d3583d70e49e9ef13f3a",
            "messageTitle": "Updated Bot and User images.",
            "messageBody": "",
            "insertions": 2,
            "deletions": 2
          },
          {
            "hash": "e5bb7f3bb51a8b820405436850002f226c9f3b44",
            "messageTitle": "Local changes: Partially replaced magic numbers into constants.",
            "messageBody": "",
            "insertions": 313,
            "deletions": 230
          }
        ]
      },
      {
        "insertions": 412,
        "deletions": 60,
        "date": "2019-10-22",
        "commitResults": [
          {
            "hash": "e02f0bf1904b8f362d927f9a38def724571348e3",
            "messageTitle": "Implemented Filter Command, with GUI tabs to filter out the type of task.",
            "messageBody": "",
            "insertions": 354,
            "deletions": 26
          },
          {
            "hash": "88aceb7e0fda7d8592ed83f404113407e48a1341",
            "messageTitle": "Updated filePath to make Jar work for more computers with different directories.",
            "messageBody": "",
            "insertions": 58,
            "deletions": 34
          }
        ]
      },
      {
        "insertions": 74,
        "deletions": 32,
        "date": "2019-10-23",
        "commitResults": [
          {
            "hash": "9b615e2e41732b0f8d9367163f446a7683fd38ae",
            "messageTitle": "Added author tags, and updated jar to v1.2.1.",
            "messageBody": "",
            "insertions": 74,
            "deletions": 32
          }
        ]
      },
      {
        "insertions": 25,
        "deletions": 5,
        "date": "2019-10-24",
        "commitResults": [
          {
            "hash": "97aa0c15f53d0cab32a479250fa896b39b058252",
            "messageTitle": "Hotfix: Improved Jar for more dynamic directories.",
            "messageBody": "",
            "insertions": 25,
            "deletions": 5
          }
        ]
      }
    ]
  },
  "authorFinalContributionMap": {
    "gervaiseang": 323,
    "e0318465": 973,
    "Dou-Maokang": 754,
    "maxxyx96": 631,
    "talesrune": 3251
  },
  "authorFileTypeContributionMap": {
    "gervaiseang": {
      "tests": 0,
      "functional": 323
    },
    "e0318465": {
      "tests": 56,
      "functional": 917
    },
    "Dou-Maokang": {
      "tests": 69,
      "functional": 685
    },
    "maxxyx96": {
      "tests": 1,
      "functional": 630
    },
    "talesrune": {
      "tests": 390,
      "functional": 2858,
      "other": 3
    }
  },
  "authorContributionVariance": {
    "gervaiseang": 7052.8203,
    "e0318465": 22559.803,
    "Dou-Maokang": 10515.049,
    "maxxyx96": 6721.938,
    "talesrune": 28600.594
  },
  "authorDisplayNameMap": {
    "gervaiseang": "CS2113-T13-4 GER  . . UAN",
    "e0318465": "CS2113-T13-4 AW   . . UAN",
    "Dou-Maokang": "CS2113-T13-4 DOU  . . ANG",
    "maxxyx96": "CS2113-T13-4 ONG  . . UAN",
    "talesrune": "CS2113-T13-4 LIM  . . WEI"
  }
}
