{
  "authorDailyContributionsMap": {
    "EnriqueKhai": [
      {
        "insertions": 80,
        "deletions": 109,
        "date": "2019-09-21",
        "commitResults": [
          {
            "hash": "a488c11d01f90b20fdd4ee88bc528734f612a3a0",
            "messageTitle": "changes to command management",
            "messageBody": "",
            "insertions": 80,
            "deletions": 109
          }
        ]
      },
      {
        "insertions": 106,
        "deletions": 2,
        "date": "2019-09-24",
        "commitResults": [
          {
            "hash": "281c52d90b8907117a7974fed6fb08c53964d1af",
            "messageTitle": "Added a new type of task called FixedDurationTask. These tasks take a fixed amount of time to complete but do not have a fixed start/end time. Modified the relevant files to incorporate FixedDurationTasks. Modified files include Storage.java, CommandLogic.java, CommandParser.java, FixedDurationTask.java and TaskList.java.",
            "messageBody": "",
            "insertions": 106,
            "deletions": 2
          }
        ]
      },
      {
        "insertions": 146,
        "deletions": 2,
        "date": "2019-10-05",
        "commitResults": [
          {
            "hash": "ff0a820443586428e4626f7e08045ad1455fd6aa",
            "messageTitle": "added stopwatch/timer function",
            "messageBody": "",
            "insertions": 141,
            "deletions": 0
          },
          {
            "hash": "8adee8402144dbad4905cfa6c704b20a99122e4e",
            "messageTitle": "timerExtension, fixed some visual bugs",
            "messageBody": "",
            "insertions": 5,
            "deletions": 2
          }
        ]
      },
      {
        "insertions": 374,
        "deletions": 55,
        "date": "2019-10-08",
        "commitResults": [
          {
            "hash": "8c35a7a82798749dc5e2f9943db1ed62129d2f0f",
            "messageTitle": "added timer and undo",
            "messageBody": "",
            "insertions": 367,
            "deletions": 48
          },
          {
            "hash": "00834a3223ea558e0af284253cb39ce3dfe03430",
            "messageTitle": "removed interesting object names Jamie and Jackie, used \u0027memorymanager\u0027 and \u0027timemanager\u0027 instead.",
            "messageBody": "",
            "insertions": 7,
            "deletions": 7
          }
        ]
      },
      {
        "insertions": 8,
        "deletions": 4,
        "date": "2019-10-09",
        "commitResults": [
          {
            "hash": "c63b423b496d1f52b9f5a004c69f65e0f7d01b8b",
            "messageTitle": "added the ability to undo snooze",
            "messageBody": "",
            "insertions": 8,
            "deletions": 4
          }
        ]
      }
    ],
    "yzia2000": [
      {
        "insertions": 399,
        "deletions": 31,
        "date": "2019-09-21",
        "commitResults": [
          {
            "hash": "29232d2931be76c3fab6763040496ca475a23d96",
            "messageTitle": "created Command class and the classes that depend on it",
            "messageBody": "",
            "insertions": 399,
            "deletions": 31
          }
        ]
      },
      {
        "insertions": 155,
        "deletions": 0,
        "date": "2019-10-02",
        "commitResults": [
          {
            "hash": "74f3d9096c0cc5c7487a61c942c43fa9ada6e2ba",
            "messageTitle": "added avatar package",
            "messageBody": "",
            "insertions": 101,
            "deletions": 0
          },
          {
            "hash": "713be8984045bfc2ea68ae357e1701fe306f52d0",
            "messageTitle": "test cases for Avatar",
            "messageBody": "",
            "insertions": 54,
            "deletions": 0
          }
        ]
      },
      {
        "insertions": 180,
        "deletions": 73,
        "date": "2019-10-06",
        "commitResults": [
          {
            "hash": "bb85533f49583a5107ce90f01c32f32b66fdfa43",
            "messageTitle": "/add command parsing",
            "messageBody": "",
            "insertions": 22,
            "deletions": 4
          },
          {
            "hash": "dca99c3df8a1726c2cb56fe5ac9bfaa8d1fa5083",
            "messageTitle": "fixed checkStyle errors",
            "messageBody": "",
            "insertions": 158,
            "deletions": 69
          }
        ]
      }
    ],
    "nystera": [
      {
        "insertions": 193,
        "deletions": 10,
        "date": "2019-09-21",
        "commitResults": [
          {
            "hash": "7a4a580cbbce6743b3cdcf02b6480c0b5ea82ed8",
            "messageTitle": "Merge branch \u0027master\u0027 of https://github.com/AY1920S1-CS2113T-T09-1/main",
            "messageBody": "# Conflicts:\n#\tdocs/images/jingkang97.png\n",
            "insertions": 77,
            "deletions": 0
          },
          {
            "hash": "5af400badf6c8fd7ae0782b2e582dc57814e02dc",
            "messageTitle": "Added CommandLogic to check validity of User inputs. Added CommandLineException that throws the errors.",
            "messageBody": "",
            "insertions": 116,
            "deletions": 10
          }
        ]
      },
      {
        "insertions": 5,
        "deletions": 0,
        "date": "2019-09-25",
        "commitResults": [
          {
            "hash": "bda2c1a526e8ca9157fd4de4d16a71dfa0d9a6a8",
            "messageTitle": "Merge branch \u0027master\u0027 of https://github.com/AY1920S1-CS2113T-T09-1/main",
            "messageBody": "Solved parts of CommandLogic to catch for errors.\n\n# Conflicts:\n#\tsrc/main/java/seedu/duke/parser/CommandParser.java\n",
            "insertions": 5,
            "deletions": 0
          }
        ]
      },
      {
        "insertions": 511,
        "deletions": 255,
        "date": "2019-10-04",
        "commitResults": [
          {
            "hash": "0892c9c2de079bc00a558dfc0d2ccbb92f23751a",
            "messageTitle": "+ Updated avatar, levels and stats. + Saves current avatar into avatar.txt. + Doing task now increases xp by 1. + Proper levelling up and stats increment. + Simple algorithm for level up requirement. + Simple algorithm for increment of stats based on current levek.",
            "messageBody": "",
            "insertions": 283,
            "deletions": 27
          },
          {
            "hash": "0f4c6455543300447cabae0fb63081d584c5bafe",
            "messageTitle": "+ Updated avatar, levels and stats. + Saves current avatar into avatar.txt. + Doing task now increases xp by 1. + Proper levelling up and stats increment. + Simple algorithm for level up requirement. + Simple algorithm for increment of stats based on current level. - Removed all CommandLineException as it\u0027s causing bugs. To work on it.",
            "messageBody": "",
            "insertions": 0,
            "deletions": 1
          },
          {
            "hash": "bc98bc4de44f7c0b6d359c305ad56f76db9e37bd",
            "messageTitle": "+ Added a make Folder if it doesnt exists.",
            "messageBody": "",
            "insertions": 21,
            "deletions": 0
          },
          {
            "hash": "9bcc28b4b51cac0f9d9cb10f088ef2b2b4ab75eb",
            "messageTitle": "+ Changed all occurrences of Duke to Hustler. + Added CheckAvatarCommand. + Refactored Command\u0027s abstract function execute. + Made Hustler\u0027s TaskList public.",
            "messageBody": "",
            "insertions": 207,
            "deletions": 227
          }
        ]
      }
    ],
    "jingkang97": [
      {
        "insertions": 237,
        "deletions": 370,
        "date": "2019-09-21",
        "commitResults": [
          {
            "hash": "79c4e38e876aedc67a65b88ee2112fa7c5694497",
            "messageTitle": "trying",
            "messageBody": "",
            "insertions": 43,
            "deletions": 3
          },
          {
            "hash": "1051ab3fe22a7932ba429ff660ce7a5b548a2be7",
            "messageTitle": "datetimeparser",
            "messageBody": "",
            "insertions": 194,
            "deletions": 367
          }
        ]
      },
      {
        "insertions": 418,
        "deletions": 274,
        "date": "2019-09-25",
        "commitResults": [
          {
            "hash": "165d0551e22648c77f55a1bf86ebce93f4822844",
            "messageTitle": "finish reminders",
            "messageBody": "",
            "insertions": 213,
            "deletions": 157
          },
          {
            "hash": "d7be86485719f6336172ab5616636c18fa4083e4",
            "messageTitle": "Finished up anomalies and anomalies testing",
            "messageBody": "",
            "insertions": 171,
            "deletions": 113
          },
          {
            "hash": "14e41c44254bfc7df720a6043a544e5707cad08e",
            "messageTitle": "clean up",
            "messageBody": "",
            "insertions": 13,
            "deletions": 4
          },
          {
            "hash": "ae2473aad4e5eb63c2535bd5ea03727bd46080b1",
            "messageTitle": "added javadocs",
            "messageBody": "",
            "insertions": 21,
            "deletions": 0
          }
        ]
      },
      {
        "insertions": 127,
        "deletions": 0,
        "date": "2019-10-02",
        "commitResults": [
          {
            "hash": "cbde6296083caaf7f89461b78902f21890977842",
            "messageTitle": "Created achievement class",
            "messageBody": "",
            "insertions": 127,
            "deletions": 0
          }
        ]
      },
      {
        "insertions": 32,
        "deletions": 13,
        "date": "2019-10-04",
        "commitResults": [
          {
            "hash": "5e173ab29b69b5476ee06ced7c08cc0467f9748c",
            "messageTitle": "Refactor avatar and game",
            "messageBody": "",
            "insertions": 32,
            "deletions": 13
          }
        ]
      }
    ],
    "ngjiewu": [
      {
        "insertions": 133,
        "deletions": 20,
        "date": "2019-09-26",
        "commitResults": [
          {
            "hash": "a67b46aee0325a1d846d2ba46b67fbb1b714b80d",
            "messageTitle": "Added RecurringTasks function",
            "messageBody": "",
            "insertions": 120,
            "deletions": 13
          },
          {
            "hash": "d78e63064ae9ddb3c13666c45163d5db76779b28",
            "messageTitle": "Minor fixes",
            "messageBody": "",
            "insertions": 7,
            "deletions": 6
          },
          {
            "hash": "6a1a0a555b07185cd94a3e6ab604c6b0de6df71b",
            "messageTitle": "Minor fixes",
            "messageBody": "",
            "insertions": 6,
            "deletions": 1
          }
        ]
      },
      {
        "insertions": 158,
        "deletions": 470,
        "date": "2019-10-04",
        "commitResults": [
          {
            "hash": "cdc528b0629185fe539f4176dfaa7449ecaf20fc",
            "messageTitle": "changed Duke to Hustler,removed unnecessary tasks",
            "messageBody": "",
            "insertions": 10,
            "deletions": 253
          },
          {
            "hash": "71fec2bfd86f32b34c041eeec71b817cad6c40ac",
            "messageTitle": "Added difficulty attribute to Task",
            "messageBody": "",
            "insertions": 75,
            "deletions": 145
          },
          {
            "hash": "c3b437f5eb5a0cbe6edab94979fad5c436936dce",
            "messageTitle": "Able to read user input difficulty",
            "messageBody": "",
            "insertions": 55,
            "deletions": 50
          },
          {
            "hash": "d2e92017b80e94c91fc2e4394a7fc4dd7d8f2896",
            "messageTitle": "fixed minor codes to checkstyle",
            "messageBody": "",
            "insertions": 18,
            "deletions": 22
          }
        ]
      }
    ]
  },
  "authorFinalContributionMap": {
    "EnriqueKhai": 535,
    "yzia2000": 901,
    "nystera": 680,
    "jingkang97": 497,
    "ngjiewu": 167
  },
  "authorFileTypeContributionMap": {
    "EnriqueKhai": {
      "tests": 0,
      "functional": 535
    },
    "yzia2000": {
      "tests": 104,
      "functional": 796,
      "other": 1
    },
    "nystera": {
      "tests": 28,
      "functional": 652
    },
    "jingkang97": {
      "tests": 72,
      "functional": 425
    },
    "ngjiewu": {
      "tests": 17,
      "functional": 148,
      "other": 2
    }
  },
  "authorContributionVariance": {
    "EnriqueKhai": 11166.231,
    "yzia2000": 12419.68,
    "nystera": 30424.197,
    "jingkang97": 39556.867,
    "ngjiewu": 20299.465
  },
  "authorDisplayNameMap": {
    "EnriqueKhai": "CS2113T-T09-1 NIG  . . TAN",
    "yzia2000": "CS2113T-T09-1 MOH  . . ZIA",
    "nystera": "CS2113T-T09-1 NAT  . . ERN",
    "jingkang97": "CS2113T-T09-1 NG   . . ANG",
    "ngjiewu": "CS2113T-T09-1 NG   . .  WU"
  }
}
