{
  "authorDailyContributionsMap": {
    "EnriqueKhai": [
      {
        "insertions": 80,
        "deletions": 109,
        "date": "2019-09-21",
        "commitResults": [
          {
            "hash": "a488c11d01f90b20fdd4ee88bc528734f612a3a0",
            "messageTitle": "changes to command management",
            "messageBody": "",
            "insertions": 80,
            "deletions": 109
          }
        ]
      },
      {
        "insertions": 106,
        "deletions": 2,
        "date": "2019-09-24",
        "commitResults": [
          {
            "hash": "281c52d90b8907117a7974fed6fb08c53964d1af",
            "messageTitle": "Added a new type of task called FixedDurationTask. These tasks take a fixed amount of time to complete but do not have a fixed start/end time. Modified the relevant files to incorporate FixedDurationTasks. Modified files include Storage.java, CommandLogic.java, CommandParser.java, FixedDurationTask.java and TaskList.java.",
            "messageBody": "",
            "insertions": 106,
            "deletions": 2
          }
        ]
      },
      {
        "insertions": 146,
        "deletions": 2,
        "date": "2019-10-05",
        "commitResults": [
          {
            "hash": "ff0a820443586428e4626f7e08045ad1455fd6aa",
            "messageTitle": "added stopwatch/timer function",
            "messageBody": "",
            "insertions": 141,
            "deletions": 0
          },
          {
            "hash": "8adee8402144dbad4905cfa6c704b20a99122e4e",
            "messageTitle": "timerExtension, fixed some visual bugs",
            "messageBody": "",
            "insertions": 5,
            "deletions": 2
          }
        ]
      },
      {
        "insertions": 374,
        "deletions": 55,
        "date": "2019-10-08",
        "commitResults": [
          {
            "hash": "8c35a7a82798749dc5e2f9943db1ed62129d2f0f",
            "messageTitle": "added timer and undo",
            "messageBody": "",
            "insertions": 367,
            "deletions": 48
          },
          {
            "hash": "00834a3223ea558e0af284253cb39ce3dfe03430",
            "messageTitle": "removed interesting object names Jamie and Jackie, used \u0027memorymanager\u0027 and \u0027timemanager\u0027 instead.",
            "messageBody": "",
            "insertions": 7,
            "deletions": 7
          }
        ]
      },
      {
        "insertions": 8,
        "deletions": 4,
        "date": "2019-10-09",
        "commitResults": [
          {
            "hash": "c63b423b496d1f52b9f5a004c69f65e0f7d01b8b",
            "messageTitle": "added the ability to undo snooze",
            "messageBody": "",
            "insertions": 8,
            "deletions": 4
          }
        ]
      },
      {
        "insertions": 27,
        "deletions": 21,
        "date": "2019-10-14",
        "commitResults": [
          {
            "hash": "7568cb7772b906f368fbbfa47bd3dbf830354314",
            "messageTitle": "Refined timer mode",
            "messageBody": "",
            "insertions": 4,
            "deletions": 1
          },
          {
            "hash": "8310d8c0a0008db3d5d51469c10a82073b2107e5",
            "messageTitle": "fixed undo command array out of bounds problem",
            "messageBody": "",
            "insertions": 23,
            "deletions": 20
          }
        ]
      },
      {
        "insertions": 418,
        "deletions": 48,
        "date": "2019-10-15",
        "commitResults": [
          {
            "hash": "7450af88b98ebf3f70b9ac205c711a87354a2a89",
            "messageTitle": "Completed timer feature. Made it more oop and comprehensive, added javadoc, and added measures to safeguard against invalid input.",
            "messageBody": "",
            "insertions": 418,
            "deletions": 48
          }
        ]
      },
      {
        "insertions": 163,
        "deletions": 147,
        "date": "2019-10-16",
        "commitResults": [
          {
            "hash": "69e2cdae0bf20b93759895b86fdc881667a9200b",
            "messageTitle": "pull and merge",
            "messageBody": "",
            "insertions": 0,
            "deletions": 0
          },
          {
            "hash": "5e13fd4d124125a37d2031cf12c0d66fc3e0edcf",
            "messageTitle": "refactored timer and made it more OOP",
            "messageBody": "",
            "insertions": 163,
            "deletions": 147
          }
        ]
      },
      {
        "insertions": 8,
        "deletions": 0,
        "date": "2019-10-18",
        "commitResults": [
          {
            "hash": "f0183d7ddb46989fd3fb761bdf9ada6da495a680",
            "messageTitle": "update",
            "messageBody": "",
            "insertions": 8,
            "deletions": 0
          }
        ]
      },
      {
        "insertions": 175,
        "deletions": 4,
        "date": "2019-10-20",
        "commitResults": [
          {
            "hash": "429e0a2401bc331d3a7e618341872b205fd4f5c4",
            "messageTitle": "finished undo part 1",
            "messageBody": "",
            "insertions": 64,
            "deletions": 2
          },
          {
            "hash": "73ed26e93c192e158b63afcca99374e96ec69d63",
            "messageTitle": "pull and merge",
            "messageBody": "",
            "insertions": 0,
            "deletions": 0
          },
          {
            "hash": "b9f7287f12031e7395c5fd37d5415f6f9a50f324",
            "messageTitle": "re-added ShopItem.java",
            "messageBody": "",
            "insertions": 89,
            "deletions": 0
          },
          {
            "hash": "785d3f20f6b7ee6fa494ef32c5af803d4e34706d",
            "messageTitle": "finished undo",
            "messageBody": "",
            "insertions": 22,
            "deletions": 2
          }
        ]
      },
      {
        "insertions": 128,
        "deletions": 36,
        "date": "2019-10-21",
        "commitResults": [
          {
            "hash": "13026d65201813560f4cb0b2aa87da31759e4d79",
            "messageTitle": "regular updates",
            "messageBody": "",
            "insertions": 25,
            "deletions": 35
          },
          {
            "hash": "c854bcfc5c0b2c80f428aaafaed685166bbe0731",
            "messageTitle": "added achievementBackup.txt, statusBackup.txt and AchievementStorage.createBackup()",
            "messageBody": "",
            "insertions": 33,
            "deletions": 0
          },
          {
            "hash": "92defdbaf59c3b7c8518c73be396b23185d43e4a",
            "messageTitle": "added reloadAchievements() and reloadStatus()",
            "messageBody": "",
            "insertions": 70,
            "deletions": 1
          }
        ]
      },
      {
        "insertions": 126,
        "deletions": 162,
        "date": "2019-10-22",
        "commitResults": [
          {
            "hash": "8dea501d89514d6c783ee756877dc9494e43c3dc",
            "messageTitle": "integrated achievements with undo",
            "messageBody": "",
            "insertions": 96,
            "deletions": 63
          },
          {
            "hash": "f7aa073e0b4cfc031a312fd0e1b2912270ee1abc",
            "messageTitle": "Delete timerUI.java",
            "messageBody": "",
            "insertions": 0,
            "deletions": 70
          },
          {
            "hash": "75dfc587c3e58fdbb27e53e2e9678a08eb5b314a",
            "messageTitle": "Update TimerUI.java",
            "messageBody": "",
            "insertions": 1,
            "deletions": 0
          },
          {
            "hash": "d0b5a3e730731dfeb7b22528b157dff073b53783",
            "messageTitle": "finalise merging w jiewu",
            "messageBody": "",
            "insertions": 29,
            "deletions": 29
          }
        ]
      },
      {
        "insertions": 325,
        "deletions": 147,
        "date": "2019-10-27",
        "commitResults": [
          {
            "hash": "6315a8bb28b308b068391948db20a2686280435d",
            "messageTitle": "added UndoAnomaly and TimerAnomaly",
            "messageBody": "",
            "insertions": 95,
            "deletions": 26
          },
          {
            "hash": "df1cfd439189819520d38d8752e1b7dfd6fdd98f",
            "messageTitle": "small modifications",
            "messageBody": "",
            "insertions": 19,
            "deletions": 12
          },
          {
            "hash": "ef1724bff9b8ddddbaab7fa65e85b959d8e3cf61",
            "messageTitle": "refactor issues",
            "messageBody": "",
            "insertions": 69,
            "deletions": 53
          },
          {
            "hash": "540184570b1f4ece7549656bb7edbc7159dbfac8",
            "messageTitle": "added done anomaly",
            "messageBody": "",
            "insertions": 105,
            "deletions": 17
          },
          {
            "hash": "5fed7deea3f583455f872eaee7f64275e38e3374",
            "messageTitle": "finally finished fixing refactor issues",
            "messageBody": "",
            "insertions": 35,
            "deletions": 35
          },
          {
            "hash": "e93e92d7d07b7460a6a69a85b10986ba047416ee",
            "messageTitle": "first working edition of refactor attempt",
            "messageBody": "",
            "insertions": 2,
            "deletions": 4
          }
        ]
      }
    ],
    "yzia2000": [
      {
        "insertions": 399,
        "deletions": 31,
        "date": "2019-09-21",
        "commitResults": [
          {
            "hash": "29232d2931be76c3fab6763040496ca475a23d96",
            "messageTitle": "created Command class and the classes that depend on it",
            "messageBody": "",
            "insertions": 399,
            "deletions": 31
          }
        ]
      },
      {
        "insertions": 155,
        "deletions": 0,
        "date": "2019-10-02",
        "commitResults": [
          {
            "hash": "74f3d9096c0cc5c7487a61c942c43fa9ada6e2ba",
            "messageTitle": "added avatar package",
            "messageBody": "",
            "insertions": 101,
            "deletions": 0
          },
          {
            "hash": "713be8984045bfc2ea68ae357e1701fe306f52d0",
            "messageTitle": "test cases for Avatar",
            "messageBody": "",
            "insertions": 54,
            "deletions": 0
          }
        ]
      },
      {
        "insertions": 180,
        "deletions": 73,
        "date": "2019-10-06",
        "commitResults": [
          {
            "hash": "bb85533f49583a5107ce90f01c32f32b66fdfa43",
            "messageTitle": "/add command parsing",
            "messageBody": "",
            "insertions": 22,
            "deletions": 4
          },
          {
            "hash": "dca99c3df8a1726c2cb56fe5ac9bfaa8d1fa5083",
            "messageTitle": "fixed checkStyle errors",
            "messageBody": "",
            "insertions": 158,
            "deletions": 69
          }
        ]
      },
      {
        "insertions": 866,
        "deletions": 29,
        "date": "2019-10-22",
        "commitResults": [
          {
            "hash": "b2f11e3fdf2acb010036cbe7f9e01f11f68dc7a9",
            "messageTitle": "recommended schedule and scheduler",
            "messageBody": "",
            "insertions": 866,
            "deletions": 29
          }
        ]
      },
      {
        "insertions": 19,
        "deletions": 13,
        "date": "2019-10-23",
        "commitResults": [
          {
            "hash": "ea32fe69c305af931edd8cf81dd293bb87fdb2e0",
            "messageTitle": "fixed bugs #173 #174",
            "messageBody": "",
            "insertions": 19,
            "deletions": 13
          }
        ]
      },
      {
        "insertions": 426,
        "deletions": 272,
        "date": "2019-10-27",
        "commitResults": [
          {
            "hash": "d3ae13370a11d1cea6b8ea9dfdb7e0c465874d3c",
            "messageTitle": "anomaly detection framework",
            "messageBody": "",
            "insertions": 16,
            "deletions": 0
          },
          {
            "hash": "4f1fe526ee433df1f4ec1793012bc67a726e98c4",
            "messageTitle": "fixed type error",
            "messageBody": "",
            "insertions": 2,
            "deletions": 2
          },
          {
            "hash": "0be733b5716a925518b2bb197da7435338f66434",
            "messageTitle": "added AnomalyDetection for scheduleCommands",
            "messageBody": "",
            "insertions": 166,
            "deletions": 37
          },
          {
            "hash": "a2807c0270d7880f5a7d06284c4abdeaa8d9b750",
            "messageTitle": "exception version of detect anomalies",
            "messageBody": "",
            "insertions": 15,
            "deletions": 12
          },
          {
            "hash": "a90ba1fd6d6d1b34001ee7585c73e367cab5d6e9",
            "messageTitle": "providing a prototype to follow: AddEntry",
            "messageBody": "",
            "insertions": 6,
            "deletions": 13
          },
          {
            "hash": "a082c01bf24e4e7c64a7fb82e01bcbc065f2bf6e",
            "messageTitle": "added exception handling to scheduleCommands",
            "messageBody": "",
            "insertions": 57,
            "deletions": 46
          },
          {
            "hash": "d2a412f1cbeb3592643904b4ab80763a7715e8cc",
            "messageTitle": "exception handling for AddCommand",
            "messageBody": "",
            "insertions": 134,
            "deletions": 127
          },
          {
            "hash": "e72dfb3f00e14a42603ad803e3ebcf6502d0872e",
            "messageTitle": "fixed conflicts and minor bugs",
            "messageBody": "",
            "insertions": 3,
            "deletions": 22
          },
          {
            "hash": "be88e390968b239ed711e87cf179ed193d4add67",
            "messageTitle": "fixed #202",
            "messageBody": "",
            "insertions": 8,
            "deletions": 6
          },
          {
            "hash": "554443cb9089ed04e5489c05ef4d84611306a53e",
            "messageTitle": "fixed #207",
            "messageBody": "",
            "insertions": 0,
            "deletions": 1
          },
          {
            "hash": "abb7f4e53a62f08c5d44d25c5c6e780831a99faf",
            "messageTitle": "fixed some corner cases for AddCommand",
            "messageBody": "",
            "insertions": 14,
            "deletions": 1
          },
          {
            "hash": "fec7721a23bea64326af63402b3ee1953432f5a1",
            "messageTitle": "fixed some corner cases",
            "messageBody": "",
            "insertions": 5,
            "deletions": 5
          }
        ]
      },
      {
        "insertions": 55,
        "deletions": 25,
        "date": "2019-10-30",
        "commitResults": [
          {
            "hash": "0c050e2f712b8b6832ce8c7c6e26b826fa2ba716",
            "messageTitle": "fixed #245",
            "messageBody": "",
            "insertions": 55,
            "deletions": 25
          }
        ]
      },
      {
        "insertions": 5,
        "deletions": 7,
        "date": "2019-11-01",
        "commitResults": [
          {
            "hash": "564d00ce4c7c8348b798ca77c23c0979874c81f3",
            "messageTitle": "fixed RecommededSchedule bugs",
            "messageBody": "",
            "insertions": 5,
            "deletions": 7
          }
        ]
      },
      {
        "insertions": 290,
        "deletions": 44,
        "date": "2019-11-06",
        "commitResults": [
          {
            "hash": "54fdb9fc590052e1e170acd783313295142e3f12",
            "messageTitle": "added setters to Task class",
            "messageBody": "",
            "insertions": 75,
            "deletions": 0
          },
          {
            "hash": "c36e84f0cc49f2bc5e5804f5b42ec3125acc7fa1",
            "messageTitle": "created Command Design pattern for /edit command",
            "messageBody": "",
            "insertions": 163,
            "deletions": 17
          },
          {
            "hash": "34ff8afde8b1cc455d2275a4d339c7be82ab0b53",
            "messageTitle": "added the edit command",
            "messageBody": "",
            "insertions": 52,
            "deletions": 27
          }
        ]
      }
    ],
    "nystera": [
      {
        "insertions": 193,
        "deletions": 10,
        "date": "2019-09-21",
        "commitResults": [
          {
            "hash": "7a4a580cbbce6743b3cdcf02b6480c0b5ea82ed8",
            "messageTitle": "Merge branch \u0027master\u0027 of https://github.com/AY1920S1-CS2113T-T09-1/main",
            "messageBody": "# Conflicts:\n#\tdocs/images/jingkang97.png\n",
            "insertions": 77,
            "deletions": 0
          },
          {
            "hash": "5af400badf6c8fd7ae0782b2e582dc57814e02dc",
            "messageTitle": "Added CommandLogic to check validity of User inputs. Added CommandLineException that throws the errors.",
            "messageBody": "",
            "insertions": 116,
            "deletions": 10
          }
        ]
      },
      {
        "insertions": 5,
        "deletions": 0,
        "date": "2019-09-25",
        "commitResults": [
          {
            "hash": "bda2c1a526e8ca9157fd4de4d16a71dfa0d9a6a8",
            "messageTitle": "Merge branch \u0027master\u0027 of https://github.com/AY1920S1-CS2113T-T09-1/main",
            "messageBody": "Solved parts of CommandLogic to catch for errors.\n\n# Conflicts:\n#\tsrc/main/java/seedu/duke/parser/CommandParser.java\n",
            "insertions": 5,
            "deletions": 0
          }
        ]
      },
      {
        "insertions": 511,
        "deletions": 255,
        "date": "2019-10-04",
        "commitResults": [
          {
            "hash": "0892c9c2de079bc00a558dfc0d2ccbb92f23751a",
            "messageTitle": "+ Updated avatar, levels and stats. + Saves current avatar into avatar.txt. + Doing task now increases xp by 1. + Proper levelling up and stats increment. + Simple algorithm for level up requirement. + Simple algorithm for increment of stats based on current levek.",
            "messageBody": "",
            "insertions": 283,
            "deletions": 27
          },
          {
            "hash": "0f4c6455543300447cabae0fb63081d584c5bafe",
            "messageTitle": "+ Updated avatar, levels and stats. + Saves current avatar into avatar.txt. + Doing task now increases xp by 1. + Proper levelling up and stats increment. + Simple algorithm for level up requirement. + Simple algorithm for increment of stats based on current level. - Removed all CommandLineException as it\u0027s causing bugs. To work on it.",
            "messageBody": "",
            "insertions": 0,
            "deletions": 1
          },
          {
            "hash": "bc98bc4de44f7c0b6d359c305ad56f76db9e37bd",
            "messageTitle": "+ Added a make Folder if it doesnt exists.",
            "messageBody": "",
            "insertions": 21,
            "deletions": 0
          },
          {
            "hash": "9bcc28b4b51cac0f9d9cb10f088ef2b2b4ab75eb",
            "messageTitle": "+ Changed all occurrences of Duke to Hustler. + Added CheckAvatarCommand. + Refactored Command\u0027s abstract function execute. + Made Hustler\u0027s TaskList public.",
            "messageBody": "",
            "insertions": 207,
            "deletions": 227
          }
        ]
      },
      {
        "insertions": 6,
        "deletions": 0,
        "date": "2019-10-06",
        "commitResults": [
          {
            "hash": "9be47f606c65447d21e7c838ae44aad13891a039",
            "messageTitle": "+ Changed all occurrences of Duke to Hustler. + Added CheckAvatarCommand. + Refactored Command\u0027s abstract function execute. + Made Hustler\u0027s TaskList public.",
            "messageBody": "",
            "insertions": 6,
            "deletions": 0
          }
        ]
      },
      {
        "insertions": 151,
        "deletions": 20,
        "date": "2019-10-08",
        "commitResults": [
          {
            "hash": "3051377422d206573d7ba9509c546a47abbb0765",
            "messageTitle": "To update settings to change date Parser.",
            "messageBody": "",
            "insertions": 138,
            "deletions": 17
          },
          {
            "hash": "128256f199b716f9ce86c632a526da5cc8d04108",
            "messageTitle": "Changed parts to update Name.",
            "messageBody": "",
            "insertions": 13,
            "deletions": 3
          }
        ]
      },
      {
        "insertions": 545,
        "deletions": 590,
        "date": "2019-10-09",
        "commitResults": [
          {
            "hash": "304175b67837ee2a3982fb409406b53c6ac8228d",
            "messageTitle": "To implement tagging",
            "messageBody": "",
            "insertions": 330,
            "deletions": 529
          },
          {
            "hash": "d50dfa298a9fc21a3ffc2a2e2eed33dd6f317bfa",
            "messageTitle": "+Added tagging system. +find \u003ckeyword\u003e now includes tag. +Changed difficulty to parse through /d. +Better parsing for adding Tasks. +Refactored files to properly add them.",
            "messageBody": "",
            "insertions": 193,
            "deletions": 55
          },
          {
            "hash": "e26183765b8867c38831784f991520e6cc724213",
            "messageTitle": "+Added tagging system. +find \u003ckeyword\u003e now includes tag. +Changed difficulty to parse through /d. +Better parsing for adding Tasks. +Refactored files with proper folders.",
            "messageBody": "",
            "insertions": 22,
            "deletions": 6
          }
        ]
      },
      {
        "insertions": 1,
        "deletions": 0,
        "date": "2019-10-10",
        "commitResults": [
          {
            "hash": "7b55ce565936cba0a1ae2c3ec9e8c895e42af92a",
            "messageTitle": "+Integrated GUI with all merges",
            "messageBody": "",
            "insertions": 1,
            "deletions": 0
          }
        ]
      },
      {
        "insertions": 521,
        "deletions": 36,
        "date": "2019-10-15",
        "commitResults": [
          {
            "hash": "b5b7dead60e859a48d29f16605fbd5d22b23fcac",
            "messageTitle": "+Added Shop with basic items for purchase. -Still implementing shop purchasing.",
            "messageBody": "",
            "insertions": 250,
            "deletions": 0
          },
          {
            "hash": "9fc8990854d134a594d212789add723177fe37e3",
            "messageTitle": "-To fix shop purchasing bug.",
            "messageBody": "",
            "insertions": 110,
            "deletions": 6
          },
          {
            "hash": "11b09a5ef422d7f1d6eed5f2f520f5f96d072029",
            "messageTitle": "-To include saving storage of purchased items.",
            "messageBody": "",
            "insertions": 12,
            "deletions": 5
          },
          {
            "hash": "5496aefa9926797868ad31bc54b1ba2f945b2f65",
            "messageTitle": "+Added saving purchase history. -To include adding Inventory to update. -To allow avatar to wield inventory.",
            "messageBody": "",
            "insertions": 73,
            "deletions": 5
          },
          {
            "hash": "2ec91a943d0c897e6d0eed173cb957dabedbb95f",
            "messageTitle": "+Added javadocs for shoplist. -To add more javadocs for every class in \"shop\" package.",
            "messageBody": "",
            "insertions": 76,
            "deletions": 20
          }
        ]
      },
      {
        "insertions": 299,
        "deletions": 71,
        "date": "2019-10-16",
        "commitResults": [
          {
            "hash": "06a8b35a218cb743117d6ecb8fdbed163f35f590",
            "messageTitle": "+Added javadocs for Shop and Avatar. -To add JUnit testing in both Shop and Avatar.",
            "messageBody": "",
            "insertions": 295,
            "deletions": 70
          },
          {
            "hash": "0f0cbcbfb0b3a98377e01d5fb65b6e5080efb7f4",
            "messageTitle": "+Added javadocs for Shop and Avatar. -To add JUnit testing in both Shop and Avatar.",
            "messageBody": "",
            "insertions": 4,
            "deletions": 1
          }
        ]
      },
      {
        "insertions": 277,
        "deletions": 70,
        "date": "2019-10-23",
        "commitResults": [
          {
            "hash": "f152ab6bc7d82cd6bb1d21e1af97550c27288a3d",
            "messageTitle": "+Added command to equip items. +Added inventory functionality to show all items purchased.",
            "messageBody": "-To fix equip items not updating after restarting Hustler.\n-To catch exception when equipping out of bounds.\n",
            "insertions": 250,
            "deletions": 35
          },
          {
            "hash": "d3542f5284baf02e3c6af94ce253921590590ef7",
            "messageTitle": "+ Fixed equip items not updating after restarting Hustler. +Merged with upstream. -To catch exception when equipping out of bounds.",
            "messageBody": "",
            "insertions": 11,
            "deletions": 21
          },
          {
            "hash": "8dc9e95dbe2c042e7bc970ed4a5ef7875dcc7b48",
            "messageTitle": "+Refactored some avatar code to make it more OOP.",
            "messageBody": "",
            "insertions": 7,
            "deletions": 6
          },
          {
            "hash": "9b44fa16c0df5293fd9f38f5acfc82dfe252ebc5",
            "messageTitle": "+make buy command the same format as others.",
            "messageBody": "",
            "insertions": 1,
            "deletions": 1
          },
          {
            "hash": "fc963b59207e30d524576d5eb05d41ae22c1cc03",
            "messageTitle": "+Fixed setname bug +Reformatted code to make it more OOP.",
            "messageBody": "",
            "insertions": 8,
            "deletions": 7
          }
        ]
      },
      {
        "insertions": 151,
        "deletions": 86,
        "date": "2019-10-27",
        "commitResults": [
          {
            "hash": "fbd8418a217c3d9ec07e0f5b747d5f89579af436",
            "messageTitle": "+Fixed packaging issues. +Fixed AvatarCommand and BuyCommand to have proper exception handling.",
            "messageBody": "",
            "insertions": 151,
            "deletions": 86
          }
        ]
      },
      {
        "insertions": 43,
        "deletions": 7,
        "date": "2019-10-28",
        "commitResults": [
          {
            "hash": "97c6ff5b8df7fb74dfaa3f96b5209f549da24956",
            "messageTitle": "+Fixed AvatarCommand bug that crashes. +Fixed SetNameCommand to have proper exception handling.",
            "messageBody": "",
            "insertions": 34,
            "deletions": 5
          },
          {
            "hash": "201ee275906ec279020eeed8a3443ec83512455d",
            "messageTitle": "+Fixed InventoryAnomaly to handle empty parser handling. +Changed messages to have clearer prompts.",
            "messageBody": "",
            "insertions": 9,
            "deletions": 2
          }
        ]
      },
      {
        "insertions": 366,
        "deletions": 599,
        "date": "2019-10-29",
        "commitResults": [
          {
            "hash": "faf7aec2623f196b52560417df13ec594f54dc30",
            "messageTitle": "+Improved /find function to search for timing and date. +Made code to look neater. +Follow OOP principals by having ui print in FindCommand class instead of in TaskList class.",
            "messageBody": "",
            "insertions": 140,
            "deletions": 108
          },
          {
            "hash": "87704a084ce219c46bfc1760e3fce5e9eab2dc20",
            "messageTitle": "+Removed Schedule class and it\u0027s occurrences (/find function now handles date finding). +Fixed proper naming convention for some parts.",
            "messageBody": "",
            "insertions": 6,
            "deletions": 242
          },
          {
            "hash": "a613775ae09880649587ec393a030ea093df9e6f",
            "messageTitle": "+ Fixed more naming convention to its proper form. + /avatar function now shows more comprehensive information. + Move parts of code to make it more OOP (refer: avatar package and shop package). + Fixed bug that displays the whole list when /done function is executed.",
            "messageBody": "",
            "insertions": 220,
            "deletions": 249
          }
        ]
      },
      {
        "insertions": 195,
        "deletions": 64,
        "date": "2019-10-30",
        "commitResults": [
          {
            "hash": "4bee77569064a835ce04a5487c11ba045c09ab1c",
            "messageTitle": "+Updated the documentations for my own implementations.",
            "messageBody": "",
            "insertions": 195,
            "deletions": 64
          }
        ]
      },
      {
        "insertions": 10,
        "deletions": 11,
        "date": "2019-10-31",
        "commitResults": [
          {
            "hash": "62f1933ffeb3a1d1670cf5f0322cb86ab038f9a1",
            "messageTitle": "+fixed bug to able to parse difficulty.",
            "messageBody": "",
            "insertions": 9,
            "deletions": 10
          },
          {
            "hash": "8f493038efffe3882d062bf3ed9160bddb170b71",
            "messageTitle": "+change findAnomaly",
            "messageBody": "",
            "insertions": 1,
            "deletions": 1
          }
        ]
      },
      {
        "insertions": 35,
        "deletions": 29,
        "date": "2019-11-01",
        "commitResults": [
          {
            "hash": "612e692f1444c4757b03a1a0a106ef0709e4b456",
            "messageTitle": "+change Avatar class to make the function adhere to proper OOP principles.",
            "messageBody": "",
            "insertions": 19,
            "deletions": 9
          },
          {
            "hash": "949f3fb74722da94b4c528d2926a38ec21c4a66d",
            "messageTitle": "+changed Avatar class to make the function adhere to proper OOP principles.",
            "messageBody": "",
            "insertions": 16,
            "deletions": 20
          }
        ]
      },
      {
        "insertions": 285,
        "deletions": 78,
        "date": "2019-11-06",
        "commitResults": [
          {
            "hash": "cf64af2e9d344af2e1821415711a97d05007d5fb",
            "messageTitle": "Added JUnit testing and removed some old tests that are irrelevant.",
            "messageBody": "",
            "insertions": 41,
            "deletions": 46
          },
          {
            "hash": "14c964e541bb3e2817a419d5f7bcd6f9a6c50c5c",
            "messageTitle": "Added JUnit testing for Stats, Level and Avatar. Modified Stats to be an immutable class.",
            "messageBody": "",
            "insertions": 244,
            "deletions": 32
          }
        ]
      }
    ],
    "jingkang97": [
      {
        "insertions": 237,
        "deletions": 370,
        "date": "2019-09-21",
        "commitResults": [
          {
            "hash": "79c4e38e876aedc67a65b88ee2112fa7c5694497",
            "messageTitle": "trying",
            "messageBody": "",
            "insertions": 43,
            "deletions": 3
          },
          {
            "hash": "1051ab3fe22a7932ba429ff660ce7a5b548a2be7",
            "messageTitle": "datetimeparser",
            "messageBody": "",
            "insertions": 194,
            "deletions": 367
          }
        ]
      },
      {
        "insertions": 418,
        "deletions": 274,
        "date": "2019-09-25",
        "commitResults": [
          {
            "hash": "165d0551e22648c77f55a1bf86ebce93f4822844",
            "messageTitle": "finish reminders",
            "messageBody": "",
            "insertions": 213,
            "deletions": 157
          },
          {
            "hash": "d7be86485719f6336172ab5616636c18fa4083e4",
            "messageTitle": "Finished up anomalies and anomalies testing",
            "messageBody": "",
            "insertions": 171,
            "deletions": 113
          },
          {
            "hash": "14e41c44254bfc7df720a6043a544e5707cad08e",
            "messageTitle": "clean up",
            "messageBody": "",
            "insertions": 13,
            "deletions": 4
          },
          {
            "hash": "ae2473aad4e5eb63c2535bd5ea03727bd46080b1",
            "messageTitle": "added javadocs",
            "messageBody": "",
            "insertions": 21,
            "deletions": 0
          }
        ]
      },
      {
        "insertions": 127,
        "deletions": 0,
        "date": "2019-10-02",
        "commitResults": [
          {
            "hash": "cbde6296083caaf7f89461b78902f21890977842",
            "messageTitle": "Created achievement class",
            "messageBody": "",
            "insertions": 127,
            "deletions": 0
          }
        ]
      },
      {
        "insertions": 32,
        "deletions": 13,
        "date": "2019-10-04",
        "commitResults": [
          {
            "hash": "5e173ab29b69b5476ee06ced7c08cc0467f9748c",
            "messageTitle": "Refactor avatar and game",
            "messageBody": "",
            "insertions": 32,
            "deletions": 13
          }
        ]
      },
      {
        "insertions": 184,
        "deletions": 10,
        "date": "2019-10-06",
        "commitResults": [
          {
            "hash": "9627a7c8a9496d209a066358880324d9f39e0d7e",
            "messageTitle": "achievement edit",
            "messageBody": "",
            "insertions": 184,
            "deletions": 10
          }
        ]
      },
      {
        "insertions": 646,
        "deletions": 119,
        "date": "2019-10-08",
        "commitResults": [
          {
            "hash": "d206696034f60fec555a9979e52a40f2b2334264",
            "messageTitle": "achievement finish add and done",
            "messageBody": "",
            "insertions": 646,
            "deletions": 119
          }
        ]
      },
      {
        "insertions": 390,
        "deletions": 126,
        "date": "2019-10-09",
        "commitResults": [
          {
            "hash": "39e6b1e1620a975ec592b4e68d14aeca2c15197a",
            "messageTitle": "finalising achievements",
            "messageBody": "",
            "insertions": 137,
            "deletions": 26
          },
          {
            "hash": "314ad090d41684fa8be779c7e877f55aeba80881",
            "messageTitle": "Editing achievement",
            "messageBody": "",
            "insertions": 6,
            "deletions": 4
          },
          {
            "hash": "f1516d1483ebe30843f904ddd2c56a2a4d9a2952",
            "messageTitle": "edit java doc",
            "messageBody": "",
            "insertions": 1,
            "deletions": 1
          },
          {
            "hash": "02387bd0e6452c3e1e2823e4d46e149e9b04ebd9",
            "messageTitle": "Detect Duplicates",
            "messageBody": "",
            "insertions": 23,
            "deletions": 7
          },
          {
            "hash": "f38e5592047c46650b95d02d23a625e1fd10728b",
            "messageTitle": "DetectDuplicates",
            "messageBody": "",
            "insertions": 1,
            "deletions": 1
          },
          {
            "hash": "c43abde48262654b8004a38c47d979442f160f6a",
            "messageTitle": "Added javaDocs to achievements",
            "messageBody": "",
            "insertions": 222,
            "deletions": 87
          }
        ]
      },
      {
        "insertions": 21,
        "deletions": 21,
        "date": "2019-10-11",
        "commitResults": [
          {
            "hash": "01d038072e07e013252a3312ddc2979af612d3af",
            "messageTitle": "gluon",
            "messageBody": "",
            "insertions": 21,
            "deletions": 21
          }
        ]
      },
      {
        "insertions": 524,
        "deletions": 16,
        "date": "2019-10-14",
        "commitResults": [
          {
            "hash": "6e8ee85682ac3c2cccb506168436f49205f34341",
            "messageTitle": "do up GUI",
            "messageBody": "",
            "insertions": 524,
            "deletions": 16
          }
        ]
      },
      {
        "insertions": 140,
        "deletions": 43,
        "date": "2019-10-15",
        "commitResults": [
          {
            "hash": "ddc3928eb9320d70ce42219a1bca31e54c4586c3",
            "messageTitle": "refine gui",
            "messageBody": "",
            "insertions": 8,
            "deletions": 6
          },
          {
            "hash": "b7c569d8e18c5da1087c87f645d86c8a0d16f4f8",
            "messageTitle": "GUI",
            "messageBody": "",
            "insertions": 25,
            "deletions": 11
          },
          {
            "hash": "228955067dd10d844e83141a3ac27d57361f06cf",
            "messageTitle": "added H icon",
            "messageBody": "",
            "insertions": 2,
            "deletions": 2
          },
          {
            "hash": "cd0a79ecf0cf3f0f31774223db723d0b421490a0",
            "messageTitle": "achievement",
            "messageBody": "",
            "insertions": 60,
            "deletions": 13
          },
          {
            "hash": "0aec5c8b00daa09b4b203b7efc24059ef3e65b70",
            "messageTitle": "do up achievement",
            "messageBody": "",
            "insertions": 45,
            "deletions": 11
          }
        ]
      },
      {
        "insertions": 470,
        "deletions": 82,
        "date": "2019-10-16",
        "commitResults": [
          {
            "hash": "9c5ef561a6f3d3ec899c22fa576935ef6f91b962",
            "messageTitle": "GUI",
            "messageBody": "",
            "insertions": 99,
            "deletions": 16
          },
          {
            "hash": "8f73490fc5523b221f54f6a022f3995e91fbf9ad",
            "messageTitle": "Refine GUI even more",
            "messageBody": "",
            "insertions": 223,
            "deletions": 28
          },
          {
            "hash": "bbcbe0301d8dad11b931b5253d847b2c0e905276",
            "messageTitle": "do up gui",
            "messageBody": "",
            "insertions": 111,
            "deletions": 20
          },
          {
            "hash": "973991ac9c002683407b9ebdb7016f0d4f93ea2b",
            "messageTitle": "refine gui",
            "messageBody": "",
            "insertions": 36,
            "deletions": 17
          },
          {
            "hash": "2fb2a4edcaaac907f1987028788dbad84c80a978",
            "messageTitle": "GUI",
            "messageBody": "",
            "insertions": 1,
            "deletions": 1
          }
        ]
      },
      {
        "insertions": 165,
        "deletions": 13,
        "date": "2019-10-22",
        "commitResults": [
          {
            "hash": "676ccf4fe35b545af87d24f11e119aa5ec87a027",
            "messageTitle": "settings",
            "messageBody": "",
            "insertions": 165,
            "deletions": 13
          }
        ]
      },
      {
        "insertions": 1082,
        "deletions": 131,
        "date": "2019-10-23",
        "commitResults": [
          {
            "hash": "fda9958690377b65be2b6785035459bf8ec345c3",
            "messageTitle": "settings",
            "messageBody": "",
            "insertions": 42,
            "deletions": 22
          },
          {
            "hash": "ed4b502f5890f0a4eea6344d11e60b3321e872d5",
            "messageTitle": "setting edit",
            "messageBody": "",
            "insertions": 1040,
            "deletions": 109
          }
        ]
      },
      {
        "insertions": 10,
        "deletions": 1,
        "date": "2019-10-24",
        "commitResults": [
          {
            "hash": "f344b20919c0e32ee9350c166882eca6302590b5",
            "messageTitle": "achievement",
            "messageBody": "",
            "insertions": 10,
            "deletions": 1
          }
        ]
      },
      {
        "insertions": 531,
        "deletions": 344,
        "date": "2019-10-27",
        "commitResults": [
          {
            "hash": "78e39266115b9b794bb23c6578d4f90dbdca5231",
            "messageTitle": "save",
            "messageBody": "",
            "insertions": 192,
            "deletions": 62
          },
          {
            "hash": "3c2c110c5a83a15bd5759b712ef4ac714a53f26b",
            "messageTitle": "pull",
            "messageBody": "",
            "insertions": 28,
            "deletions": 0
          },
          {
            "hash": "af243060a4e01aa2d265fec95f61524af674546b",
            "messageTitle": "fixed errors",
            "messageBody": "",
            "insertions": 124,
            "deletions": 115
          },
          {
            "hash": "e1e23a7a472f778e1cdfce4aac82ab80eb1cd424",
            "messageTitle": "fix more errors",
            "messageBody": "",
            "insertions": 1,
            "deletions": 1
          },
          {
            "hash": "079c553a4497c37ebb4deb42db954da6f43d2a27",
            "messageTitle": "save",
            "messageBody": "",
            "insertions": 16,
            "deletions": 5
          },
          {
            "hash": "bef1cc784d3a78a41d5c74aadd736572a05658a1",
            "messageTitle": "remove all errors",
            "messageBody": "",
            "insertions": 6,
            "deletions": 12
          },
          {
            "hash": "627b273a6d93b34f7507fc913bf52d5478f9aec0",
            "messageTitle": "finish up inventory anomaly",
            "messageBody": "",
            "insertions": 20,
            "deletions": 14
          },
          {
            "hash": "f2ba17f674965ce5094565eefc6cfdf1699bfa00",
            "messageTitle": "s",
            "messageBody": "",
            "insertions": 10,
            "deletions": 0
          },
          {
            "hash": "efc25ed4c45ead922134a2b7a3c250d201db0411",
            "messageTitle": "save progress",
            "messageBody": "",
            "insertions": 28,
            "deletions": 8
          },
          {
            "hash": "9009a44c75ecbe317f0bd52116ad36cd5732b872",
            "messageTitle": "save",
            "messageBody": "",
            "insertions": 2,
            "deletions": 20
          },
          {
            "hash": "32c471ccfb9ceaa915665f78dd19b712b9e8c717",
            "messageTitle": "save progress",
            "messageBody": "",
            "insertions": 104,
            "deletions": 107
          }
        ]
      },
      {
        "insertions": 286,
        "deletions": 475,
        "date": "2019-10-28",
        "commitResults": [
          {
            "hash": "a316776fab8bb79fe6f4f1879aee3c44dbb13bb4",
            "messageTitle": "refactor achievements",
            "messageBody": "",
            "insertions": 132,
            "deletions": 421
          },
          {
            "hash": "5854b4e05960460ed2ac971bfb58f73390166f58",
            "messageTitle": "javadocs",
            "messageBody": "",
            "insertions": 50,
            "deletions": 4
          },
          {
            "hash": "1e0ecb177f0e0a4207f31b004591cf82dd744435",
            "messageTitle": "javadocs",
            "messageBody": "",
            "insertions": 4,
            "deletions": 10
          },
          {
            "hash": "e6c99fd6f0c0779f39f7e4c0493ff1fa48f8c736",
            "messageTitle": "more javadocs",
            "messageBody": "",
            "insertions": 72,
            "deletions": 17
          },
          {
            "hash": "9f4b86d4019ac2696f4820e5ea8df262bc4eb128",
            "messageTitle": "finish javadocs",
            "messageBody": "",
            "insertions": 28,
            "deletions": 23
          }
        ]
      },
      {
        "insertions": 83,
        "deletions": 427,
        "date": "2019-10-29",
        "commitResults": [
          {
            "hash": "b832072639476ccadb3aae56717520d57fda342b",
            "messageTitle": "remove settings",
            "messageBody": "",
            "insertions": 4,
            "deletions": 386
          },
          {
            "hash": "b13ebe6cf0e356749c7e16fe28eb771605d5dcb1",
            "messageTitle": "refactor achievement",
            "messageBody": "",
            "insertions": 61,
            "deletions": 3
          },
          {
            "hash": "7ea39c56b39b1bb16d202708d1f36e0dce9003c5",
            "messageTitle": "refactor achievement",
            "messageBody": "",
            "insertions": 18,
            "deletions": 38
          }
        ]
      },
      {
        "insertions": 480,
        "deletions": 426,
        "date": "2019-10-30",
        "commitResults": [
          {
            "hash": "7096885e5d28e5bed2ba011fa31576abd7ebdf64",
            "messageTitle": "do up gui",
            "messageBody": "",
            "insertions": 14,
            "deletions": 8
          },
          {
            "hash": "d9464a55a2849f1818adaeefbecc4249163544a3",
            "messageTitle": "add points gui to achievement",
            "messageBody": "",
            "insertions": 91,
            "deletions": 7
          },
          {
            "hash": "30c28e715a509a5af5d523f2df6128fe014172c6",
            "messageTitle": "fixed bug for achievement",
            "messageBody": "",
            "insertions": 5,
            "deletions": 4
          },
          {
            "hash": "9d29b1adcea5883b75210baebd41afdc19f31f10",
            "messageTitle": "gui edit",
            "messageBody": "",
            "insertions": 354,
            "deletions": 302
          },
          {
            "hash": "5501691e022907744efbe5ed242b252628ab1b48",
            "messageTitle": "fix button bug",
            "messageBody": "",
            "insertions": 6,
            "deletions": 16
          },
          {
            "hash": "8ba956ae4190e369cecda206d7f46bed5863f831",
            "messageTitle": "remove gui bug",
            "messageBody": "",
            "insertions": 7,
            "deletions": 83
          },
          {
            "hash": "703c7d2f44d366ab9243f870979cab500e5666de",
            "messageTitle": "fixing gui",
            "messageBody": "",
            "insertions": 2,
            "deletions": 3
          },
          {
            "hash": "a9773b85e6459250743ae3a598134211e3e7488c",
            "messageTitle": "fix gui",
            "messageBody": "",
            "insertions": 1,
            "deletions": 3
          }
        ]
      },
      {
        "insertions": 32,
        "deletions": 4,
        "date": "2019-10-31",
        "commitResults": [
          {
            "hash": "9a80497145e0a90b558cd828a353bb6b3bf38b89",
            "messageTitle": "pull",
            "messageBody": "",
            "insertions": 32,
            "deletions": 4
          }
        ]
      },
      {
        "insertions": 158,
        "deletions": 52,
        "date": "2019-11-02",
        "commitResults": [
          {
            "hash": "5df53cff0a2ff3bcdb6648ad4c94a393cf159c82",
            "messageTitle": "Updated achievements with progress",
            "messageBody": "",
            "insertions": 118,
            "deletions": 34
          },
          {
            "hash": "ef1add112214e33f7f7c6dbdf0dd2b2679778c75",
            "messageTitle": "Added progress for first login",
            "messageBody": "",
            "insertions": 6,
            "deletions": 3
          },
          {
            "hash": "573bee65edfd3527da653d515f9d311edb3b6902",
            "messageTitle": "Added percentage progress",
            "messageBody": "",
            "insertions": 34,
            "deletions": 15
          }
        ]
      },
      {
        "insertions": 202,
        "deletions": 94,
        "date": "2019-11-03",
        "commitResults": [
          {
            "hash": "cf004ddea325bfab1138feb29d76666b396c6470",
            "messageTitle": "added log button",
            "messageBody": "",
            "insertions": 95,
            "deletions": 1
          },
          {
            "hash": "d8e67269a46c822a83fdc5c3f388e75446aae50d",
            "messageTitle": "remove history",
            "messageBody": "",
            "insertions": 107,
            "deletions": 93
          }
        ]
      }
    ],
    "ngjiewu": [
      {
        "insertions": 133,
        "deletions": 20,
        "date": "2019-09-26",
        "commitResults": [
          {
            "hash": "a67b46aee0325a1d846d2ba46b67fbb1b714b80d",
            "messageTitle": "Added RecurringTasks function",
            "messageBody": "",
            "insertions": 120,
            "deletions": 13
          },
          {
            "hash": "d78e63064ae9ddb3c13666c45163d5db76779b28",
            "messageTitle": "Minor fixes",
            "messageBody": "",
            "insertions": 7,
            "deletions": 6
          },
          {
            "hash": "6a1a0a555b07185cd94a3e6ab604c6b0de6df71b",
            "messageTitle": "Minor fixes",
            "messageBody": "",
            "insertions": 6,
            "deletions": 1
          }
        ]
      },
      {
        "insertions": 158,
        "deletions": 470,
        "date": "2019-10-04",
        "commitResults": [
          {
            "hash": "cdc528b0629185fe539f4176dfaa7449ecaf20fc",
            "messageTitle": "changed Duke to Hustler,removed unnecessary tasks",
            "messageBody": "",
            "insertions": 10,
            "deletions": 253
          },
          {
            "hash": "71fec2bfd86f32b34c041eeec71b817cad6c40ac",
            "messageTitle": "Added difficulty attribute to Task",
            "messageBody": "",
            "insertions": 75,
            "deletions": 145
          },
          {
            "hash": "c3b437f5eb5a0cbe6edab94979fad5c436936dce",
            "messageTitle": "Able to read user input difficulty",
            "messageBody": "",
            "insertions": 55,
            "deletions": 50
          },
          {
            "hash": "d2e92017b80e94c91fc2e4394a7fc4dd7d8f2896",
            "messageTitle": "fixed minor codes to checkstyle",
            "messageBody": "",
            "insertions": 18,
            "deletions": 22
          }
        ]
      },
      {
        "insertions": 308,
        "deletions": 44,
        "date": "2019-10-05",
        "commitResults": [
          {
            "hash": "6385b4559fd945387c6feb04c6064007c46646ca",
            "messageTitle": "Included JavaFX tutorial",
            "messageBody": "",
            "insertions": 308,
            "deletions": 44
          }
        ]
      },
      {
        "insertions": 11,
        "deletions": 87,
        "date": "2019-10-06",
        "commitResults": [
          {
            "hash": "61694025d108e600d0f64fbdd7ef4ca447dbe072",
            "messageTitle": "Removed unnecessary codes",
            "messageBody": "",
            "insertions": 11,
            "deletions": 87
          }
        ]
      },
      {
        "insertions": 108,
        "deletions": 186,
        "date": "2019-10-08",
        "commitResults": [
          {
            "hash": "b54bd27ae528309709d63d2f70711fc419a84c8d",
            "messageTitle": "Added buttons to basic GUI",
            "messageBody": "",
            "insertions": 18,
            "deletions": 8
          },
          {
            "hash": "167a7639e366cd1ee1c73bfbc77df81e41f67f6c",
            "messageTitle": "Before Hustler integration",
            "messageBody": "",
            "insertions": 15,
            "deletions": 26
          },
          {
            "hash": "aa7e8776657f81ed5114bdf7286a86e06868f264",
            "messageTitle": "VERY basic GUI",
            "messageBody": "",
            "insertions": 54,
            "deletions": 139
          },
          {
            "hash": "7427b6728f9134cbe1e6c33a2340a379d8327079",
            "messageTitle": "Added safe exit",
            "messageBody": "",
            "insertions": 11,
            "deletions": 4
          },
          {
            "hash": "a0abb6d80f094aa0ddb99bcafbc1267bd495bbc5",
            "messageTitle": "Changed HUSTLER to label",
            "messageBody": "",
            "insertions": 9,
            "deletions": 7
          },
          {
            "hash": "292cb80e2965862fd6a9c3c927f12ea59d3fa75a",
            "messageTitle": "Fixed HUSTLER alignment",
            "messageBody": "",
            "insertions": 1,
            "deletions": 2
          }
        ]
      },
      {
        "insertions": 117,
        "deletions": 149,
        "date": "2019-10-09",
        "commitResults": [
          {
            "hash": "080bbb6da8cc9013c6e9dc250ac917c8c3ff100b",
            "messageTitle": "Renamed duke.txt to hustler.txt",
            "messageBody": "",
            "insertions": 18,
            "deletions": 18
          },
          {
            "hash": "5ce562e475825f7c5790057d79263acdfc0297fc",
            "messageTitle": "Removed scanner and changed welcome logo",
            "messageBody": "",
            "insertions": 12,
            "deletions": 37
          },
          {
            "hash": "2d273184723ed4165903122a04aeed98d28f40a5",
            "messageTitle": "Fixed snooze command, command will be 1 line",
            "messageBody": "",
            "insertions": 16,
            "deletions": 34
          },
          {
            "hash": "5b9fdd083350f53740eb2cd0aca2e3b2efdeb546",
            "messageTitle": "Fixed a javadoc comment",
            "messageBody": "",
            "insertions": 1,
            "deletions": 1
          },
          {
            "hash": "40a6f313b9ada4a990ff72a0e2e7901ded73bc97",
            "messageTitle": "Slight refractoring of snooze command",
            "messageBody": "",
            "insertions": 6,
            "deletions": 10
          },
          {
            "hash": "e49e5f6f7c35b465551070250dadb02c401e4e1c",
            "messageTitle": "Fixed many JavaDoc errors",
            "messageBody": "",
            "insertions": 64,
            "deletions": 49
          }
        ]
      },
      {
        "insertions": 236,
        "deletions": 117,
        "date": "2019-10-16",
        "commitResults": [
          {
            "hash": "bede08518cb00ae7bb046cfb2bc660087e952656",
            "messageTitle": "Added sorting functions",
            "messageBody": "",
            "insertions": 91,
            "deletions": 13
          },
          {
            "hash": "e895919a12e7f19228b2aeb3b851a90bc23b3816",
            "messageTitle": "Improved sorting",
            "messageBody": "",
            "insertions": 124,
            "deletions": 82
          },
          {
            "hash": "d33a54c3a82b91ec48ba9d8f980ba68864bff683",
            "messageTitle": "Fixed small error",
            "messageBody": "",
            "insertions": 7,
            "deletions": 7
          },
          {
            "hash": "d430fdcb4bf648ca6725c2e765e591df1f7f22f6",
            "messageTitle": "Fixed some JavaDoc errors",
            "messageBody": "",
            "insertions": 14,
            "deletions": 15
          }
        ]
      },
      {
        "insertions": 266,
        "deletions": 29,
        "date": "2019-10-18",
        "commitResults": [
          {
            "hash": "7125a090a7eada7f23c786fdc2d80f35c32cf54e",
            "messageTitle": "Added RecurringDeadline and Event",
            "messageBody": "",
            "insertions": 266,
            "deletions": 29
          }
        ]
      },
      {
        "insertions": 98,
        "deletions": 35,
        "date": "2019-10-19",
        "commitResults": [
          {
            "hash": "fb68bb8b3dba226644171232b9647ff298b4a0c8",
            "messageTitle": "Fixed some checkstyle errors",
            "messageBody": "",
            "insertions": 72,
            "deletions": 27
          },
          {
            "hash": "f2e08c3ad58f9af1bebb9dc668539a2169534f39",
            "messageTitle": "Added delete all function",
            "messageBody": "",
            "insertions": 26,
            "deletions": 4
          },
          {
            "hash": "0b2584768b78dbe368e2ed823e342dbc9b5d16c3",
            "messageTitle": "Deleted unnecessary file",
            "messageBody": "",
            "insertions": 0,
            "deletions": 4
          }
        ]
      },
      {
        "insertions": 739,
        "deletions": 625,
        "date": "2019-10-22",
        "commitResults": [
          {
            "hash": "1c66b2e5325e6d9294a222dc5992655384d228b0",
            "messageTitle": "Added / for all commands",
            "messageBody": "",
            "insertions": 103,
            "deletions": 106
          },
          {
            "hash": "020a3f7f428836ce39dc1e95e61e76451418ffdb",
            "messageTitle": "Fixed checkstyle",
            "messageBody": "",
            "insertions": 152,
            "deletions": 137
          },
          {
            "hash": "b3a06c034b3ebdf9b7bdc9749ee8e44daf118554",
            "messageTitle": "Renamed command packages",
            "messageBody": "",
            "insertions": 26,
            "deletions": 26
          },
          {
            "hash": "eab30a8cb441ac474dcb2e028a6426f30ff31f4f",
            "messageTitle": "Fixed Timer checkstyle",
            "messageBody": "",
            "insertions": 239,
            "deletions": 227
          },
          {
            "hash": "6f155e64aa731568f35a678dc81deb9c1ebdf0be",
            "messageTitle": "Added / to buy command",
            "messageBody": "",
            "insertions": 1,
            "deletions": 1
          },
          {
            "hash": "80646431fe315f5cef253c53125576b1f064775c",
            "messageTitle": "Fixed wewapons checkstyle",
            "messageBody": "",
            "insertions": 6,
            "deletions": 7
          },
          {
            "hash": "1faf4581b7fc3901f61911a0d02f4b2bedb00051",
            "messageTitle": "Repackaged timer commands \u0026 modified sorting command",
            "messageBody": "",
            "insertions": 17,
            "deletions": 21
          },
          {
            "hash": "3d621025f299fc7481fbeaa2330c2ee438ab9fc7",
            "messageTitle": "Fixed recurring tasks and moved printing to UI",
            "messageBody": "",
            "insertions": 66,
            "deletions": 91
          },
          {
            "hash": "f72f192e6914312461b17d8cb0b42bd1ad2882e3",
            "messageTitle": "Added relevant UI methods",
            "messageBody": "",
            "insertions": 115,
            "deletions": 4
          },
          {
            "hash": "5357f39e49e1a939afbbca041e27fbdbe4ed07ec",
            "messageTitle": "Added back getLastTask",
            "messageBody": "",
            "insertions": 9,
            "deletions": 0
          },
          {
            "hash": "eb3e911f7b5fdd77d2da29c4ef04c4eec6c91cf0",
            "messageTitle": "Changed 2 printing to UI",
            "messageBody": "",
            "insertions": 2,
            "deletions": 2
          },
          {
            "hash": "59f94a28e62d09ab594f85c23fdeb950374247a2",
            "messageTitle": "Minor refactor",
            "messageBody": "",
            "insertions": 3,
            "deletions": 3
          }
        ]
      },
      {
        "insertions": 19,
        "deletions": 25,
        "date": "2019-10-24",
        "commitResults": [
          {
            "hash": "622b2ff5ac8a71183ce1f54594157ab464e5f607",
            "messageTitle": "Moved images folder to src/main/resources",
            "messageBody": "",
            "insertions": 2,
            "deletions": 2
          },
          {
            "hash": "145f8e02c2202016f4a5c163d806bcf0481fbf81",
            "messageTitle": "Fixed JavaFX not found and GUI icons",
            "messageBody": "",
            "insertions": 9,
            "deletions": 9
          },
          {
            "hash": "a0ab482fe13d02cffefd107ada70521fc1f835a9",
            "messageTitle": "Removed GUI taskCompletionModeAction",
            "messageBody": "",
            "insertions": 8,
            "deletions": 14
          }
        ]
      },
      {
        "insertions": 257,
        "deletions": 116,
        "date": "2019-10-27",
        "commitResults": [
          {
            "hash": "1e9622a81be191b4b90b52bb0158c3094bdaad5e",
            "messageTitle": "SnoozeAnomaly",
            "messageBody": "",
            "insertions": 49,
            "deletions": 1
          },
          {
            "hash": "7f07073a33affc27cce2500f3b68d26d154f497a",
            "messageTitle": "Sort and snooze anomaly",
            "messageBody": "",
            "insertions": 97,
            "deletions": 61
          },
          {
            "hash": "fb73424baad3b3f47c87e55418cd51f7a7b51ed7",
            "messageTitle": "Fixed snooze and sort anomaly",
            "messageBody": "",
            "insertions": 23,
            "deletions": 27
          },
          {
            "hash": "37d3f05ef18f1a14091e2a4e478ceb296b8e1678",
            "messageTitle": "Delete anomaly",
            "messageBody": "",
            "insertions": 51,
            "deletions": 18
          },
          {
            "hash": "a553c52beee6ffbd682a3cea30c7cc41b9a0efca",
            "messageTitle": "Minor fix to delete anomaly",
            "messageBody": "",
            "insertions": 5,
            "deletions": 1
          },
          {
            "hash": "f2f517dcab62326d74936cb14858bc49ba889ffc",
            "messageTitle": "Minor fix",
            "messageBody": "",
            "insertions": 4,
            "deletions": 4
          },
          {
            "hash": "388829825cfc9c07fbc929bad5095ea84a24c2ae",
            "messageTitle": "Find anomaly",
            "messageBody": "",
            "insertions": 28,
            "deletions": 4
          }
        ]
      },
      {
        "insertions": 181,
        "deletions": 133,
        "date": "2019-10-28",
        "commitResults": [
          {
            "hash": "8373f8eaf3ea80d2fe6205d5e2e7e716654de9e2",
            "messageTitle": "Fixed few bugs and standardized few anomalies",
            "messageBody": "",
            "insertions": 173,
            "deletions": 125
          },
          {
            "hash": "a4bbe8482eef8b24d911a07b2eba8e058e5e50fe",
            "messageTitle": "Fixed multiple done for same task",
            "messageBody": "",
            "insertions": 5,
            "deletions": 4
          },
          {
            "hash": "222580aa7bc8a9a6f7c4a03eabb3a22e7c4ed3f5",
            "messageTitle": "Split long line in DoneAnomaly",
            "messageBody": "",
            "insertions": 3,
            "deletions": 1
          },
          {
            "hash": "9d963baf7105b620c84cb11db9e026891732daa3",
            "messageTitle": "Removed unnecessary exception JavaDocs",
            "messageBody": "",
            "insertions": 0,
            "deletions": 3
          }
        ]
      },
      {
        "insertions": 80,
        "deletions": 171,
        "date": "2019-10-29",
        "commitResults": [
          {
            "hash": "7ce11fc542b25d6ad9f8a93ce86b7fd386fa3bec",
            "messageTitle": "Refactored adding of task",
            "messageBody": "",
            "insertions": 63,
            "deletions": 83
          },
          {
            "hash": "1e347d2a0a0e286a576bab06f7efd190ffcb6e87",
            "messageTitle": "Removed redundant ParserForCommand.java",
            "messageBody": "",
            "insertions": 0,
            "deletions": 33
          },
          {
            "hash": "f194d83764f505aefa3a80e4867ff3292de044d2",
            "messageTitle": "Removed redundant exception",
            "messageBody": "",
            "insertions": 3,
            "deletions": 24
          },
          {
            "hash": "842e7a278995e20bb33d44d9f1dad56bd16daf09",
            "messageTitle": "Minor fix to CommandLog.java",
            "messageBody": "",
            "insertions": 9,
            "deletions": 9
          },
          {
            "hash": "c3cb8e33868b7a60daa41c6da326f7f9ea6b0516",
            "messageTitle": "Minor fix to Ui.java",
            "messageBody": "",
            "insertions": 5,
            "deletions": 22
          }
        ]
      },
      {
        "insertions": 288,
        "deletions": 683,
        "date": "2019-10-30",
        "commitResults": [
          {
            "hash": "93d4ffd9ea3c2198e2b2a9fe07fe57a15ac9c265",
            "messageTitle": "Fixed #205, refactored AddCommandAnomaly",
            "messageBody": "",
            "insertions": 43,
            "deletions": 48
          },
          {
            "hash": "babcb5a2b92dbb5078a4e5bf69564bc8a42c0701",
            "messageTitle": "Refactored CommandLog",
            "messageBody": "",
            "insertions": 81,
            "deletions": 111
          },
          {
            "hash": "1ff6454ebe79b177689ccd1d225703f142a0cb0e",
            "messageTitle": "Fixed checkstyle errors",
            "messageBody": "",
            "insertions": 49,
            "deletions": 34
          },
          {
            "hash": "1255f1639485e6c39bac9226fc52051ef021f210",
            "messageTitle": "Fixed missing images in executable jar",
            "messageBody": "",
            "insertions": 11,
            "deletions": 11
          },
          {
            "hash": "b820c8273f442530b8d609d24e3ed3e32f3d355b",
            "messageTitle": "Fixed #236",
            "messageBody": "",
            "insertions": 25,
            "deletions": 66
          },
          {
            "hash": "75dbb9533cc77676f5b6fe92ce026183c9c3b3c8",
            "messageTitle": "Removed unnecessary files",
            "messageBody": "",
            "insertions": 13,
            "deletions": 349
          },
          {
            "hash": "b1c44bba72b96741a757ab3ee1845c2c3c338615",
            "messageTitle": "Removed some images and unnecessary code in MainWindow",
            "messageBody": "",
            "insertions": 66,
            "deletions": 64
          }
        ]
      },
      {
        "insertions": 17,
        "deletions": 34,
        "date": "2019-10-31",
        "commitResults": [
          {
            "hash": "a066f157e864725be0885ed086c62673fb0dd152",
            "messageTitle": "Fixed null pointer exception",
            "messageBody": "",
            "insertions": 7,
            "deletions": 24
          },
          {
            "hash": "a392a854a1680d5bcdf68d191a0b948d2033a6be",
            "messageTitle": "Changed completed symbol to + and -",
            "messageBody": "",
            "insertions": 1,
            "deletions": 1
          },
          {
            "hash": "5fcfffd731d4e6cc0ab6ee2f48e63730c40db794",
            "messageTitle": "Added commands to taskCompletionMode",
            "messageBody": "",
            "insertions": 9,
            "deletions": 9
          }
        ]
      },
      {
        "insertions": 119,
        "deletions": 75,
        "date": "2019-11-01",
        "commitResults": [
          {
            "hash": "4bded0065d7a3e10366ee20e89649393e493ebaa",
            "messageTitle": "Ignore case sensitive for commands",
            "messageBody": "",
            "insertions": 57,
            "deletions": 47
          },
          {
            "hash": "9cc311384e78a5b6182bd79c04c60a04b40f5e96",
            "messageTitle": "Fixed addfromlist",
            "messageBody": "",
            "insertions": 1,
            "deletions": 1
          },
          {
            "hash": "84ea1ae8b2d65bdbe89aa7694b93588c20fa6241",
            "messageTitle": "Fixed case-sensitive commands",
            "messageBody": "",
            "insertions": 1,
            "deletions": 1
          },
          {
            "hash": "d38b9599feaf36706ec726a8fe6477fa7577922d",
            "messageTitle": "Fixed #267",
            "messageBody": "",
            "insertions": 21,
            "deletions": 15
          },
          {
            "hash": "225d735a4f750e05fcff38daddd4409c53bae270",
            "messageTitle": "Fixed #258, #259, #260",
            "messageBody": "",
            "insertions": 24,
            "deletions": 10
          },
          {
            "hash": "4d96e0bf992d1d7fdad561cb055e5822c20d1e31",
            "messageTitle": "Fixed #279",
            "messageBody": "",
            "insertions": 5,
            "deletions": 0
          },
          {
            "hash": "6d1f1bc971be0d5cc69bc2a43f2defca5032749d",
            "messageTitle": "Fixed #257",
            "messageBody": "",
            "insertions": 10,
            "deletions": 1
          }
        ]
      },
      {
        "insertions": 27,
        "deletions": 21,
        "date": "2019-11-02",
        "commitResults": [
          {
            "hash": "ef04311998566fb6a6f345726f602beb48ec74e8",
            "messageTitle": "Fixed snooze past date",
            "messageBody": "",
            "insertions": 14,
            "deletions": 8
          },
          {
            "hash": "f472f88f44386e42ab406562d1a7926b4b16f38d",
            "messageTitle": "Fixed SortAnomaly",
            "messageBody": "",
            "insertions": 11,
            "deletions": 11
          },
          {
            "hash": "fb21a2a13a72704f6b1188140c121c203241663f",
            "messageTitle": "Change error msg to DD/MM/YYYY instead of YY",
            "messageBody": "",
            "insertions": 2,
            "deletions": 2
          }
        ]
      },
      {
        "insertions": 15,
        "deletions": 13,
        "date": "2019-11-04",
        "commitResults": [
          {
            "hash": "c034e92f745792cd16b437413f70670c568f6bbc",
            "messageTitle": "Minor UI printing formatting",
            "messageBody": "",
            "insertions": 12,
            "deletions": 10
          },
          {
            "hash": "895e7944c090b7b37d5f9d6332d1229a727e3cd2",
            "messageTitle": "Minor formatting to /avatar",
            "messageBody": "",
            "insertions": 3,
            "deletions": 3
          }
        ]
      }
    ]
  },
  "authorFinalContributionMap": {
    "EnriqueKhai": 1060,
    "yzia2000": 2023,
    "nystera": 2215,
    "jingkang97": 2687,
    "ngjiewu": 1688
  },
  "authorFileTypeContributionMap": {
    "EnriqueKhai": {
      "tests": 0,
      "functional": 1060
    },
    "yzia2000": {
      "tests": 78,
      "functional": 1944,
      "other": 1
    },
    "nystera": {
      "tests": 273,
      "functional": 1942
    },
    "jingkang97": {
      "tests": 88,
      "functional": 2599
    },
    "ngjiewu": {
      "tests": 16,
      "functional": 1662,
      "other": 10
    }
  },
  "authorContributionVariance": {
    "EnriqueKhai": 16264.749,
    "yzia2000": 31972.469,
    "nystera": 65064.37,
    "jingkang97": 98382.68,
    "ngjiewu": 69502.71
  },
  "authorDisplayNameMap": {
    "EnriqueKhai": "CS2113T-T09-1 NIG  . . TAN",
    "yzia2000": "CS2113T-T09-1 MOH  . . ZIA",
    "nystera": "CS2113T-T09-1 NAT  . . ERN",
    "jingkang97": "CS2113T-T09-1 NG   . . ANG",
    "ngjiewu": "CS2113T-T09-1 NG   . .  WU"
  }
}
