{
  "authorDailyContributionsMap": {
    "ziyun99": [
      {
        "insertions": 430,
        "deletions": 18,
        "date": "2019-09-23",
        "commitResults": [
          {
            "hash": "03921f60898073730a0097b8a1b59e70bdb23a75",
            "messageTitle": "created EmailList and Email Classes, enter \u0027email -l\u0027 to see listOfEmails",
            "messageBody": "",
            "insertions": 92,
            "deletions": 1
          },
          {
            "hash": "9ed2d4cc3d39c3cb36c5eef0e730a638d4382a11",
            "messageTitle": "created EmailList and Email Classes, enter \u0027email -l\u0027 to see listOfEmails",
            "messageBody": "",
            "insertions": 92,
            "deletions": 1
          },
          {
            "hash": "ff1b7b48bf5bbedaf411501f8d6d021e5db362ee",
            "messageTitle": "display html file in browser",
            "messageBody": "",
            "insertions": 123,
            "deletions": 8
          },
          {
            "hash": "6640311d0405f7ce55156158c95bf82032d1062a",
            "messageTitle": "display html file in browser",
            "messageBody": "",
            "insertions": 123,
            "deletions": 8
          }
        ]
      },
      {
        "insertions": 576,
        "deletions": 176,
        "date": "2019-09-24",
        "commitResults": [
          {
            "hash": "74f8954c09f5db35950c911c45373750a6ee7aa3",
            "messageTitle": "read and save email info locally using methods in EmailStorage.java, able to sync emailList with html files in local storage.",
            "messageBody": "",
            "insertions": 208,
            "deletions": 52
          },
          {
            "hash": "83b6aa0d723f31867740ceef433d288e6f15082f",
            "messageTitle": "read and save email info locally using methods in EmailStorage.java, able to sync emailList with html files in local storage.",
            "messageBody": "",
            "insertions": 208,
            "deletions": 52
          },
          {
            "hash": "e649972afdef8447d21449d0a2a65f34da59fc5a",
            "messageTitle": "modify command \u0027email -list\u0027 and \u0027email -fetch\u0027 that will excecute syncing of emailList with html files in local storage.",
            "messageBody": "",
            "insertions": 47,
            "deletions": 9
          },
          {
            "hash": "03e9315a1f74e0a516e8a07c190eefdf67e225af",
            "messageTitle": "modify command \u0027email -list\u0027 and \u0027email -fetch\u0027 that will excecute syncing of emailList with html files in local storage.",
            "messageBody": "",
            "insertions": 47,
            "deletions": 9
          },
          {
            "hash": "11233b92e3929492efabffba09dc17d5446f34c2",
            "messageTitle": "moving related classes into email package",
            "messageBody": "",
            "insertions": 33,
            "deletions": 27
          },
          {
            "hash": "c0402d8b57f53799434a62b2deac0e8b638d9712",
            "messageTitle": "moving related classes into email package",
            "messageBody": "",
            "insertions": 33,
            "deletions": 27
          }
        ]
      },
      {
        "insertions": 232,
        "deletions": 30,
        "date": "2019-09-27",
        "commitResults": [
          {
            "hash": "6fc9e38a01b7eb3ea9132bc7d4ec84d936945fbe",
            "messageTitle": "add missing Javadoc for email-related classes.",
            "messageBody": "",
            "insertions": 116,
            "deletions": 15
          },
          {
            "hash": "9eea9b39a12630fa2f87ef9a16173102f0d980d7",
            "messageTitle": "add missing Javadoc for email-related classes.",
            "messageBody": "",
            "insertions": 116,
            "deletions": 15
          }
        ]
      },
      {
        "insertions": 510,
        "deletions": 160,
        "date": "2019-10-02",
        "commitResults": [
          {
            "hash": "f335cdede22dd5ffd422265db9cd7fa2a56629ea",
            "messageTitle": "add FlipCommand.java to flip InputType between Email and Task in Parser,java",
            "messageBody": "",
            "insertions": 53,
            "deletions": 4
          },
          {
            "hash": "7ae7e490ac0904931217fbbff80d6033bc7cb387",
            "messageTitle": "add FlipCommand.java to flip InputType between Email and Task in Parser,java",
            "messageBody": "",
            "insertions": 53,
            "deletions": 4
          },
          {
            "hash": "aac904e39875d15bcb85299a934c74ff2dfb46cb",
            "messageTitle": "print flipped msg for debug",
            "messageBody": "",
            "insertions": 16,
            "deletions": 4
          },
          {
            "hash": "50983fb66ebddd356cfa48b6f927f38ef1c016b2",
            "messageTitle": "print flipped msg for debug",
            "messageBody": "",
            "insertions": 16,
            "deletions": 4
          },
          {
            "hash": "9a79103e94f5b65f4212706a826075038fb8671f",
            "messageTitle": "input prefix displayed correctly and can be flipped",
            "messageBody": "",
            "insertions": 82,
            "deletions": 3
          },
          {
            "hash": "3fe578d137d1ccfd54efe6adabbc40d5a32f3deb",
            "messageTitle": "input prefix displayed correctly and can be flipped",
            "messageBody": "",
            "insertions": 82,
            "deletions": 3
          },
          {
            "hash": "17b195d437c6cfac366488752ae574f78041ae17",
            "messageTitle": "merged with email fetching system from upstream master, modified parser to read the prefixed-input",
            "messageBody": "",
            "insertions": 83,
            "deletions": 64
          },
          {
            "hash": "287827cd6e71ee058fb13b5bdb7bfd2dd94e3320",
            "messageTitle": "merged with email fetching system from upstream master, modified parser to read the prefixed-input",
            "messageBody": "",
            "insertions": 83,
            "deletions": 64
          },
          {
            "hash": "8d7f42600dca1bfd1d8ab013a6e80144c2befa6b",
            "messageTitle": "GUI will print out responseMsg from Command in the GUI, UI will also print out responseMsg in terminal for debuging purpose also",
            "messageBody": "",
            "insertions": 21,
            "deletions": 5
          },
          {
            "hash": "4e2f9ea2b2ccd87c149ac77878ebdae7dc566167",
            "messageTitle": "GUI will print out responseMsg from Command in the GUI, UI will also print out responseMsg in terminal for debuging purpose also",
            "messageBody": "",
            "insertions": 21,
            "deletions": 5
          }
        ]
      },
      {
        "insertions": 18,
        "deletions": 0,
        "date": "2019-10-03",
        "commitResults": [
          {
            "hash": "40e69533e06b9a83cb390e27bc4ec6bb86dfbeb2",
            "messageTitle": "exit() is working in GUI now",
            "messageBody": "",
            "insertions": 5,
            "deletions": 0
          },
          {
            "hash": "92d1f5f2061284008713b7c1451a83adb388c73c",
            "messageTitle": "exit() is working in GUI now",
            "messageBody": "",
            "insertions": 5,
            "deletions": 0
          },
          {
            "hash": "8bf1340fa426e7950d72e85300737ea6db79395f",
            "messageTitle": "saving task adn email before exiting the program",
            "messageBody": "",
            "insertions": 4,
            "deletions": 0
          },
          {
            "hash": "8368dfac253fb7262b68b86193e9e69c63332c8f",
            "messageTitle": "saving task adn email before exiting the program",
            "messageBody": "",
            "insertions": 4,
            "deletions": 0
          }
        ]
      },
      {
        "insertions": 41,
        "deletions": 2,
        "date": "2019-10-08",
        "commitResults": [
          {
            "hash": "51d75df2be2780c302f2b4e746bbdf82e8bc2d5c",
            "messageTitle": "key binding add, printed to terminal",
            "messageBody": "",
            "insertions": 41,
            "deletions": 2
          }
        ]
      },
      {
        "insertions": 238,
        "deletions": 119,
        "date": "2019-10-09",
        "commitResults": [
          {
            "hash": "0859b17a1fa50a5a8d28e24755fd76cec3797fb3",
            "messageTitle": "print key event to terminal",
            "messageBody": "",
            "insertions": 3,
            "deletions": 1
          },
          {
            "hash": "10e02ba9e3a7b8af1be4e33dc9f03914746530a4",
            "messageTitle": "add webView under emailList, press ESC to toggle their display, initialize UI with data",
            "messageBody": "",
            "insertions": 35,
            "deletions": 39
          },
          {
            "hash": "559f7cc794f6fdd3f4dd2f1b7a8d3824877524c0",
            "messageTitle": "show email html in GUI, automatically toggle to display html, press ESC to display emailList",
            "messageBody": "",
            "insertions": 58,
            "deletions": 23
          },
          {
            "hash": "dd095b42e74dbefef605d4e0420a6984d2b166c8",
            "messageTitle": "delay program exit for 1s",
            "messageBody": "",
            "insertions": 12,
            "deletions": 4
          },
          {
            "hash": "db05471528a57198ac4f8bc9004a51afadb2845f",
            "messageTitle": "resize window to fit screen",
            "messageBody": "",
            "insertions": 50,
            "deletions": 31
          },
          {
            "hash": "23a317a7e4b5b037c5c9f47793f8bcd24143e94b",
            "messageTitle": "enter \u0027clear\u0027 to clear command pane",
            "messageBody": "",
            "insertions": 18,
            "deletions": 8
          },
          {
            "hash": "0270d1a80922256ffca5e3dac5161310eb31bce9",
            "messageTitle": "ui Class ouput the respondMsg to GUI (for Architecture purpose)",
            "messageBody": "",
            "insertions": 62,
            "deletions": 13
          }
        ]
      },
      {
        "insertions": 94,
        "deletions": 35,
        "date": "2019-10-10",
        "commitResults": [
          {
            "hash": "3188450e040a316e37a1ee8d87ab48a035f11fcd",
            "messageTitle": "set key binding to the whole scene instead of text field",
            "messageBody": "",
            "insertions": 69,
            "deletions": 32
          },
          {
            "hash": "2081a0012402b1410a7e869b65760277c61fde81",
            "messageTitle": "fix javadoc error",
            "messageBody": "",
            "insertions": 25,
            "deletions": 3
          }
        ]
      },
      {
        "insertions": 130,
        "deletions": 67,
        "date": "2019-10-11",
        "commitResults": [
          {
            "hash": "7923cf9ffda7e047324fa450f464a5bafdba8180",
            "messageTitle": "debug textfield, so that it will respond to enter, left, right, backspace and delete",
            "messageBody": "",
            "insertions": 118,
            "deletions": 67
          },
          {
            "hash": "3155846948c820685239a61b0cc4f77c805f5b15",
            "messageTitle": "fix Javadoc error",
            "messageBody": "",
            "insertions": 12,
            "deletions": 0
          }
        ]
      },
      {
        "insertions": 151,
        "deletions": 35,
        "date": "2019-10-16",
        "commitResults": [
          {
            "hash": "14404bdfdf0cc17d5b1ee6fd1813582c520a21eb",
            "messageTitle": "add save and load tags functions in the EmailStorage saveEmails() and readEmailFromFile()",
            "messageBody": "",
            "insertions": 34,
            "deletions": 3
          },
          {
            "hash": "a858a65866ed17876771bacd17d35eb34faa7da5",
            "messageTitle": "debug EmailStorage.syncWithServer(), emails with same subject but different dateTime is added to emailList now",
            "messageBody": "",
            "insertions": 11,
            "deletions": 3
          },
          {
            "hash": "b7c6047c1b7e68a4c6212f2ff1eacd15a0608bb5",
            "messageTitle": "add emailTagCommand",
            "messageBody": "",
            "insertions": 87,
            "deletions": 24
          },
          {
            "hash": "34b646892274ff0cb041d6de05323f87a235d369",
            "messageTitle": "display email tags string in GUI",
            "messageBody": "",
            "insertions": 16,
            "deletions": 4
          },
          {
            "hash": "f6a2535ddccaf476946e7aed27ab7ea970942476",
            "messageTitle": "debug display tag in gui",
            "messageBody": "",
            "insertions": 3,
            "deletions": 1
          }
        ]
      },
      {
        "insertions": 38,
        "deletions": 1,
        "date": "2019-10-22",
        "commitResults": [
          {
            "hash": "82454f778adfd47aaef6f99c3d473b829d1e27a6",
            "messageTitle": "added command: email list -tag \u003ctagname\u003e",
            "messageBody": "",
            "insertions": 38,
            "deletions": 1
          }
        ]
      },
      {
        "insertions": 246,
        "deletions": 25,
        "date": "2019-10-23",
        "commitResults": [
          {
            "hash": "a4ff6cff6a64d7136954eef88c4d064ddf4ad7ba",
            "messageTitle": "added EmailTagsTest.java to test EmailTags.java",
            "messageBody": "",
            "insertions": 173,
            "deletions": 6
          },
          {
            "hash": "449af18182c8948bc109e37cc84cf6201daab041",
            "messageTitle": "set default input prefix to EMAIL",
            "messageBody": "",
            "insertions": 2,
            "deletions": 2
          },
          {
            "hash": "b4ba8ca4dd783139cc953f2583a8d5bee88d7b03",
            "messageTitle": "fix checkstyle error",
            "messageBody": "",
            "insertions": 38,
            "deletions": 5
          },
          {
            "hash": "90a0a32a1736aee098060a6242ce760de219627a",
            "messageTitle": "add test file EmailTagsTest.java",
            "messageBody": "",
            "insertions": 33,
            "deletions": 12
          }
        ]
      }
    ],
    "limryan": [
      {
        "insertions": 66,
        "deletions": 0,
        "date": "2019-09-27",
        "commitResults": [
          {
            "hash": "d5dfaa2a1bdcc45a68cf04f243f6578883dc68be",
            "messageTitle": "Attempted Introduction to JavaFX tutorial.",
            "messageBody": "Modified build.gradle and added Launcher class, but unable to\nbuild because of \u0027Cannot access javafx.event.EventTarget\u0027 error\n",
            "insertions": 33,
            "deletions": 0
          },
          {
            "hash": "2db2a7a55a93c195c459e4056dcdf41db0434ba1",
            "messageTitle": "Attempted Introduction to JavaFX tutorial.",
            "messageBody": "Modified build.gradle and added Launcher class, but unable to\nbuild because of \u0027Cannot access javafx.event.EventTarget\u0027 error\n",
            "insertions": 33,
            "deletions": 0
          }
        ]
      },
      {
        "insertions": 762,
        "deletions": 104,
        "date": "2019-09-29",
        "commitResults": [
          {
            "hash": "c35b8efb6a1cd6371b59a91f03fcbc23a0214b5c",
            "messageTitle": "Done JavaFx Tutorial 2",
            "messageBody": "",
            "insertions": 305,
            "deletions": 10
          },
          {
            "hash": "a13bab5dd513bc2acb7770c5a6fcb6633b910e96",
            "messageTitle": "Done JavaFx Tutorial 2",
            "messageBody": "",
            "insertions": 305,
            "deletions": 10
          },
          {
            "hash": "ebe394103f8f34fccc54a605f927459c2cb33e9f",
            "messageTitle": "Done JavaFx Tutorial 3",
            "messageBody": "",
            "insertions": 76,
            "deletions": 42
          },
          {
            "hash": "05d8420e89eeda0d82ffdd8cb79ff89031ceb537",
            "messageTitle": "Done JavaFx Tutorial 3",
            "messageBody": "",
            "insertions": 76,
            "deletions": 42
          }
        ]
      },
      {
        "insertions": 168,
        "deletions": 470,
        "date": "2019-09-30",
        "commitResults": [
          {
            "hash": "a0e88065e6d9cf0117ba655b5df342004a48022b",
            "messageTitle": "Completed JavaFx tutorials",
            "messageBody": "",
            "insertions": 49,
            "deletions": 234
          },
          {
            "hash": "674647a6a64d3ea6524cee21b6e5b56f1bfbe11f",
            "messageTitle": "Completed JavaFx tutorials",
            "messageBody": "",
            "insertions": 49,
            "deletions": 234
          },
          {
            "hash": "c2e9c778a534f658969eb8cb044694ebea40834a",
            "messageTitle": "GUI will echo commands given.",
            "messageBody": "This is done through the getResponse method in Duke class, which\nis called from the handleUserInput method in MainWindow class.\n",
            "insertions": 35,
            "deletions": 1
          },
          {
            "hash": "9dad085987abf72578d5559dbbdda6cfc73b86c5",
            "messageTitle": "GUI will echo commands given.",
            "messageBody": "This is done through the getResponse method in Duke class, which\nis called from the handleUserInput method in MainWindow class.\n",
            "insertions": 35,
            "deletions": 1
          }
        ]
      },
      {
        "insertions": 202,
        "deletions": 31,
        "date": "2019-10-03",
        "commitResults": [
          {
            "hash": "c7c29e0fd67e8bf433bf479a02e38b7f7ba2b9fd",
            "messageTitle": "Adjusted Look of Chatbot",
            "messageBody": "Background is white with light grey dialog boxes.\nDialog boxes extend when there is more text.\nPictures in dialog boxes resized.\nAdded Panes for Tasks and Emails.\n",
            "insertions": 102,
            "deletions": 18
          },
          {
            "hash": "067a548d3e5e53f704e1b87bf3d539a0b4649951",
            "messageTitle": "Minor changes to look of Title Bar",
            "messageBody": "",
            "insertions": 100,
            "deletions": 13
          }
        ]
      },
      {
        "insertions": 137,
        "deletions": 60,
        "date": "2019-10-04",
        "commitResults": [
          {
            "hash": "271e020ca96350d8852a86b611380edba027c591",
            "messageTitle": "Added TaskCard for GUI Modified Task class with name getter method.",
            "messageBody": "",
            "insertions": 42,
            "deletions": 22
          },
          {
            "hash": "80a06314911d23de821be94f1564f81757aa69b6",
            "messageTitle": "Finished solving merge conflicts",
            "messageBody": "",
            "insertions": 4,
            "deletions": 1
          },
          {
            "hash": "9edf591a8cfe66eb1ddb6bb1cdc0ca5795759988",
            "messageTitle": "Fixed some minor JavaDoc commits",
            "messageBody": "",
            "insertions": 4,
            "deletions": 4
          },
          {
            "hash": "70485ffd7e5dc5afc20e89f07902c8ba1f1fe0fc",
            "messageTitle": "Latest GUI version",
            "messageBody": "Update to Todo class to fix minor save to file bug\n",
            "insertions": 12,
            "deletions": 12
          },
          {
            "hash": "0d61de009e5c62770b738b7c372e1ccaf655ec29",
            "messageTitle": "ListView for Tasks is displaying a hard coded fixed list",
            "messageBody": "",
            "insertions": 22,
            "deletions": 6
          },
          {
            "hash": "15c6e7d03d20fe527719bc69e5dd6bda6d8750c3",
            "messageTitle": "ListView for Emails display fixed array of strings",
            "messageBody": "",
            "insertions": 18,
            "deletions": 4
          },
          {
            "hash": "f8a87f608f8cc1331856e0a80aa8a11346f3b46b",
            "messageTitle": "Basic ListView Completed for Tasks and Email",
            "messageBody": "For Email: Just shows file name (which should be the subject)\n\nFor Tasks: Shows the different attributes of each task\n(except tags)\n",
            "insertions": 35,
            "deletions": 11
          }
        ]
      },
      {
        "insertions": 93,
        "deletions": 49,
        "date": "2019-10-08",
        "commitResults": [
          {
            "hash": "54421423a7c6c8fbb89ab0b8da57bce8146e8d14",
            "messageTitle": "Experimenting with HBox in ListView",
            "messageBody": "",
            "insertions": 93,
            "deletions": 49
          }
        ]
      },
      {
        "insertions": 42,
        "deletions": 70,
        "date": "2019-10-09",
        "commitResults": [
          {
            "hash": "60e23d76a0db956dfbbcf8ce18bb79bdd40311fb",
            "messageTitle": "Minor edits to enable WebView",
            "messageBody": "",
            "insertions": 2,
            "deletions": 3
          },
          {
            "hash": "73f4c8426bb40b32092bc60289b7c450fefe5c03",
            "messageTitle": "More minor changes",
            "messageBody": "",
            "insertions": 2,
            "deletions": 2
          },
          {
            "hash": "853ea2e84a09c3242f64823fac071f79e6da1d91",
            "messageTitle": "Fixed scrolling bug in Command section of GUI",
            "messageBody": "Also made small changes with minimum window size\nand scroll pane widths.\n",
            "insertions": 34,
            "deletions": 61
          },
          {
            "hash": "44545a009ca211d64d269cbabb8aab568fe7b0da",
            "messageTitle": "Update Email.java",
            "messageBody": "",
            "insertions": 2,
            "deletions": 2
          },
          {
            "hash": "94c6a000304e2093f989dbc6269d78da13272db6",
            "messageTitle": "Update Email.java",
            "messageBody": "",
            "insertions": 2,
            "deletions": 2
          }
        ]
      },
      {
        "insertions": 368,
        "deletions": 190,
        "date": "2019-10-10",
        "commitResults": [
          {
            "hash": "d306268c076fc9f4a3b03e0f5ed291692964aecb",
            "messageTitle": "Fixed checkstyle errors",
            "messageBody": "",
            "insertions": 112,
            "deletions": 102
          },
          {
            "hash": "f031b7410a2e7154bd124cc065285468cd5beb7b",
            "messageTitle": "Fix more checkstyle errors",
            "messageBody": "",
            "insertions": 15,
            "deletions": 5
          },
          {
            "hash": "ab04a54ba1a1e2ad77fbe74b5897f812972ffc72",
            "messageTitle": "Even more checkstyle changes",
            "messageBody": "",
            "insertions": 27,
            "deletions": 6
          },
          {
            "hash": "cd512941dae092bbb10e2224360b259ef2c37e52",
            "messageTitle": "Checkstyle changes continued",
            "messageBody": "",
            "insertions": 13,
            "deletions": 13
          },
          {
            "hash": "0c813070bea0da04b1c86c1deb2863e1479a53f7",
            "messageTitle": "Fix CommandParserTest checkstyle errors",
            "messageBody": "",
            "insertions": 26,
            "deletions": 18
          },
          {
            "hash": "0b51f8f44bde43a63a754d5c6eca6f457c3328bd",
            "messageTitle": "Change i to index in MainWindow",
            "messageBody": "",
            "insertions": 11,
            "deletions": 11
          },
          {
            "hash": "b3c28399ac65e7968ac6ee85f6c7d5bf1b7fca0d",
            "messageTitle": "Implemented basic task editing functionality.",
            "messageBody": "edit command has is able to change time and doafter attributes\nof tasks.\nExamples: task edit 4 -doafter something else\n\t  task edit 2 -time 22/12/2022 1200\n",
            "insertions": 119,
            "deletions": 15
          },
          {
            "hash": "705d6cc1c51480db031e9e6c44c6ee8dede76729",
            "messageTitle": "Fix checkstyle errors",
            "messageBody": "",
            "insertions": 43,
            "deletions": 19
          },
          {
            "hash": "96c899c32228192005123daa0e874835f87b2106",
            "messageTitle": "More checkstyle",
            "messageBody": "",
            "insertions": 1,
            "deletions": 0
          },
          {
            "hash": "c8599116209d257bc981050eb3c439dd8b403adb",
            "messageTitle": "More minor changes to fulfil checkstyle",
            "messageBody": "",
            "insertions": 1,
            "deletions": 1
          }
        ]
      },
      {
        "insertions": 70,
        "deletions": 49,
        "date": "2019-10-15",
        "commitResults": [
          {
            "hash": "f030505e00980d76135a79d183ee1a81a8c2f091",
            "messageTitle": "Clean up",
            "messageBody": "",
            "insertions": 5,
            "deletions": 9
          },
          {
            "hash": "5f8e7c01c1cc52fbae54c7bc83879ead5ff69a3e",
            "messageTitle": "Edit command works with time, doafter and priority",
            "messageBody": "",
            "insertions": 62,
            "deletions": 37
          },
          {
            "hash": "bfd7cf5c6ca5e2a1fa2606d433809b6bd22336c3",
            "messageTitle": "FIx minor bug that prevents display of tick and cross",
            "messageBody": "",
            "insertions": 3,
            "deletions": 3
          }
        ]
      },
      {
        "insertions": 79,
        "deletions": 40,
        "date": "2019-10-16",
        "commitResults": [
          {
            "hash": "9d81ac9ad20682c0e2c798baa958ea5a435a012a",
            "messageTitle": "Checkstyle fixes",
            "messageBody": "",
            "insertions": 42,
            "deletions": 21
          },
          {
            "hash": "160905b77293fc4cd7385f72cdddbdae65efe605",
            "messageTitle": "Checkstyle fixes",
            "messageBody": "",
            "insertions": 23,
            "deletions": 3
          },
          {
            "hash": "39bac15f9e376e0d1147de09d3cc69eaac23bd42",
            "messageTitle": "Change task edit command to task update command to match email commands for consistency.",
            "messageBody": "",
            "insertions": 14,
            "deletions": 16
          }
        ]
      },
      {
        "insertions": 61,
        "deletions": 53,
        "date": "2019-10-17",
        "commitResults": [
          {
            "hash": "0fdaea26d9e6c41e50b747458c2c29df14c208ed",
            "messageTitle": "Change update command to be able to take in multiple keywords",
            "messageBody": "",
            "insertions": 42,
            "deletions": 34
          },
          {
            "hash": "51c04f264f7feb08e875dc4aa02bcd503a00011a",
            "messageTitle": "Add png",
            "messageBody": "",
            "insertions": 19,
            "deletions": 19
          }
        ]
      },
      {
        "insertions": 34,
        "deletions": 28,
        "date": "2019-10-18",
        "commitResults": [
          {
            "hash": "68231346dd9755966a1fbd4fc87b957f0ae684d6",
            "messageTitle": "Checkstyle fixes",
            "messageBody": "",
            "insertions": 31,
            "deletions": 25
          },
          {
            "hash": "b5bbdd3c3d830f95fe0636f0a276be8d60c40eea",
            "messageTitle": "More checkstyle fixes",
            "messageBody": "",
            "insertions": 3,
            "deletions": 3
          }
        ]
      },
      {
        "insertions": 64,
        "deletions": 10,
        "date": "2019-10-23",
        "commitResults": [
          {
            "hash": "f55294d6175d3f49cd6dcdab30f2851d14dc84a9",
            "messageTitle": "Attempt to implement tag",
            "messageBody": "",
            "insertions": 62,
            "deletions": 8
          },
          {
            "hash": "93629290c315fa4eace565aad3b8a47afc49c2ff",
            "messageTitle": "Added update tag functionality for task mode",
            "messageBody": "",
            "insertions": 2,
            "deletions": 2
          }
        ]
      }
    ],
    "JokerYan": [
      {
        "insertions": 168,
        "deletions": 0,
        "date": "2019-09-24",
        "commitResults": [
          {
            "hash": "4952a1d3b49eff5597be5f851be2689d04c40c45",
            "messageTitle": "Http basic test",
            "messageBody": "",
            "insertions": 84,
            "deletions": 0
          },
          {
            "hash": "65848c2c6b1f4176f7bd80e1b31cbb62256db1a9",
            "messageTitle": "Http basic test",
            "messageBody": "",
            "insertions": 84,
            "deletions": 0
          }
        ]
      },
      {
        "insertions": 636,
        "deletions": 286,
        "date": "2019-09-26",
        "commitResults": [
          {
            "hash": "55858d2e004f6f56fc461c251c349cb472400fb7",
            "messageTitle": "Basic Mail Fetching",
            "messageBody": "",
            "insertions": 169,
            "deletions": 14
          },
          {
            "hash": "e11005f90c3a81e896b53effcef24b82403602e1",
            "messageTitle": "Basic Mail Fetching",
            "messageBody": "",
            "insertions": 169,
            "deletions": 14
          },
          {
            "hash": "6cb6cc099cc7edd92f5f6e42bc3e34df555ebb4b",
            "messageTitle": "Refactor Http for better structure",
            "messageBody": "",
            "insertions": 149,
            "deletions": 129
          },
          {
            "hash": "b90b471f0085a146780896db8d4086f486df98ce",
            "messageTitle": "Refactor Http for better structure",
            "messageBody": "",
            "insertions": 149,
            "deletions": 129
          }
        ]
      },
      {
        "insertions": 112,
        "deletions": 14,
        "date": "2019-09-27",
        "commitResults": [
          {
            "hash": "d10a59a584ce55d4dae66ba60af5f8a40f07ad7e",
            "messageTitle": "Add javadoc and pass check test",
            "messageBody": "",
            "insertions": 56,
            "deletions": 7
          },
          {
            "hash": "805cd58fd2bd540b23feaad012310a5af398f20f",
            "messageTitle": "Add javadoc and pass check test",
            "messageBody": "",
            "insertions": 56,
            "deletions": 7
          }
        ]
      },
      {
        "insertions": 640,
        "deletions": 316,
        "date": "2019-09-30",
        "commitResults": [
          {
            "hash": "60ee683298064b56e53f8b16811f2317a52d0fdd",
            "messageTitle": "Basic parsing for email fetch response. Change Date to LocalDateTime implementation for all",
            "messageBody": "",
            "insertions": 170,
            "deletions": 71
          },
          {
            "hash": "30a2e6e1292bf4f88e49f24b8830f9227686ab17",
            "messageTitle": "Basic parsing for email fetch response. Change Date to LocalDateTime implementation for all",
            "messageBody": "",
            "insertions": 170,
            "deletions": 71
          },
          {
            "hash": "0d284fb980ae5679538e2c1625332e18ee1907e8",
            "messageTitle": "Refactor Parse Command Method",
            "messageBody": "",
            "insertions": 105,
            "deletions": 74
          },
          {
            "hash": "044dddb5c80d933d6a5fa3f6685664533a68bf6e",
            "messageTitle": "Refactor Parse Command Method",
            "messageBody": "",
            "insertions": 105,
            "deletions": 74
          },
          {
            "hash": "8af487412f1925b693f65153c9ca346cbf66d308",
            "messageTitle": "Add sync with server with bug of email file name",
            "messageBody": "",
            "insertions": 45,
            "deletions": 13
          },
          {
            "hash": "adbffa72f13b2a9c6d2f60ae276e9707985aca79",
            "messageTitle": "Add sync with server with bug of email file name",
            "messageBody": "",
            "insertions": 45,
            "deletions": 13
          }
        ]
      },
      {
        "insertions": 112,
        "deletions": 32,
        "date": "2019-10-02",
        "commitResults": [
          {
            "hash": "3760653a365e2f18136807f12faca8e8414a4d9d",
            "messageTitle": "Fix email filename bug",
            "messageBody": "",
            "insertions": 56,
            "deletions": 16
          },
          {
            "hash": "f7dfe669c5f247ca33a6a74e33be207c5f4fbb20",
            "messageTitle": "Fix email filename bug",
            "messageBody": "",
            "insertions": 56,
            "deletions": 16
          }
        ]
      },
      {
        "insertions": 585,
        "deletions": 241,
        "date": "2019-10-03",
        "commitResults": [
          {
            "hash": "23f33bd47f385db20964802578c40563c1c7f781",
            "messageTitle": "Fix bug when no email exists",
            "messageBody": "",
            "insertions": 11,
            "deletions": 2
          },
          {
            "hash": "11a69644e03e18892eef843c4697315f06805387",
            "messageTitle": "Fix bug when no email exists",
            "messageBody": "",
            "insertions": 11,
            "deletions": 2
          },
          {
            "hash": "f156ebd47cbb23c0d5b5e3bee8ae2c4cccebbf32",
            "messageTitle": "Save after sync with Outlook Server",
            "messageBody": "",
            "insertions": 1,
            "deletions": 2
          },
          {
            "hash": "06f1c1acb064477362aa396db9b1ecb167c7768e",
            "messageTitle": "Save after sync with Outlook Server",
            "messageBody": "",
            "insertions": 1,
            "deletions": 2
          },
          {
            "hash": "e7f8435fa663a9e37897797062944f4366f0c816",
            "messageTitle": "Fix style problems",
            "messageBody": "",
            "insertions": 131,
            "deletions": 60
          },
          {
            "hash": "0cd1356246e1ea6f1ac08c2f44fa0ad6d3f19a7b",
            "messageTitle": "Fix style problems",
            "messageBody": "",
            "insertions": 131,
            "deletions": 60
          },
          {
            "hash": "115dd85656d9c1e31e9e0ec5afca41b5eb082117",
            "messageTitle": "Refresh access token without asking for authroization again in browser",
            "messageBody": "",
            "insertions": 103,
            "deletions": 14
          },
          {
            "hash": "741e44db3d1598ea159b0685c1ba07299b8b2ceb",
            "messageTitle": "Refresh access token without asking for authroization again in browser",
            "messageBody": "",
            "insertions": 103,
            "deletions": 14
          },
          {
            "hash": "f88602ac11490adee8982a32841703639eeac2aa",
            "messageTitle": "fix tag parsing problem (temporarily)",
            "messageBody": "",
            "insertions": 93,
            "deletions": 85
          }
        ]
      },
      {
        "insertions": 113,
        "deletions": 50,
        "date": "2019-10-04",
        "commitResults": [
          {
            "hash": "8dc56c40e7efb1b337c98de421b8ed1c576352b6",
            "messageTitle": "Fix layout problem in different window size",
            "messageBody": "",
            "insertions": 113,
            "deletions": 50
          }
        ]
      },
      {
        "insertions": 317,
        "deletions": 191,
        "date": "2019-10-07",
        "commitResults": [
          {
            "hash": "9f736d9ac6a57fec599e87c0123408bc366bf683",
            "messageTitle": "Refactor Project Structure; Basic regex features trials",
            "messageBody": "",
            "insertions": 317,
            "deletions": 191
          }
        ]
      },
      {
        "insertions": 890,
        "deletions": 592,
        "date": "2019-10-08",
        "commitResults": [
          {
            "hash": "672770f377c8c6cd0fe00c3710b33e46e5efec0f",
            "messageTitle": "Refactor TaskDeleteCommand to regex with test",
            "messageBody": "",
            "insertions": 440,
            "deletions": 353
          },
          {
            "hash": "3b9596271b86d714ccc88f13c1b1ae6294733106",
            "messageTitle": "Refactor TaskFindCommand to regex with test",
            "messageBody": "",
            "insertions": 63,
            "deletions": 35
          },
          {
            "hash": "af4374a64331910381f8898a3c435bf22424ab5e",
            "messageTitle": "Refactor reminder and doafter command parsing to regex with test",
            "messageBody": "",
            "insertions": 321,
            "deletions": 168
          },
          {
            "hash": "d32f283445acd29b4f24eb8413fffd7f6a5731ce",
            "messageTitle": "Fix doafter string comparison bug",
            "messageBody": "",
            "insertions": 2,
            "deletions": 1
          },
          {
            "hash": "a00fdc0d038c1fe2d0a47a9b6057afa356a8cd56",
            "messageTitle": "Remove doAfterCommand parser debug output",
            "messageBody": "",
            "insertions": 9,
            "deletions": 9
          },
          {
            "hash": "11b2556e98a5a69c1a0ffde0a6cdacd520bd695b",
            "messageTitle": "Restore do after parser test",
            "messageBody": "",
            "insertions": 8,
            "deletions": 8
          },
          {
            "hash": "665e29c2c714e1b15fbc4acdeb51ac57f662015e",
            "messageTitle": "Refactor parseSnoozeCommand to regex with test",
            "messageBody": "",
            "insertions": 47,
            "deletions": 18
          }
        ]
      },
      {
        "insertions": 375,
        "deletions": 203,
        "date": "2019-10-09",
        "commitResults": [
          {
            "hash": "bce8d707f400ca9c9d0b669cf29cef7ebcb2553d",
            "messageTitle": "Modified accepted command format for spaces in options",
            "messageBody": "",
            "insertions": 107,
            "deletions": 30
          },
          {
            "hash": "decc29e6cea1bd7551f8de54a6cce258bd9f5f82",
            "messageTitle": "Refactor todo task parsing to regex with test",
            "messageBody": "",
            "insertions": 26,
            "deletions": 24
          },
          {
            "hash": "f96e3c71faa3918773a4e6cdb265eb3c872167fa",
            "messageTitle": "Add author to reused code",
            "messageBody": "",
            "insertions": 7,
            "deletions": 2
          },
          {
            "hash": "6f7aa60064dab2f465618db3000ff322dc79b9e0",
            "messageTitle": "Refactor deadline and event parsing with test",
            "messageBody": "",
            "insertions": 115,
            "deletions": 45
          },
          {
            "hash": "549b73bc6d343c60de705e42234b07a3843bdb48",
            "messageTitle": "Refactor deadline and event parsing with test",
            "messageBody": "",
            "insertions": 0,
            "deletions": 0
          },
          {
            "hash": "9f07b085f32b7c81824633ec07eb6ab4eeff1ba5",
            "messageTitle": "Fix command option format when containing \u0027/\u0027",
            "messageBody": "",
            "insertions": 76,
            "deletions": 63
          },
          {
            "hash": "19ab7789334573fbd7c4446c71661b5e9250b030",
            "messageTitle": "Fix storage problem",
            "messageBody": "",
            "insertions": 44,
            "deletions": 39
          }
        ]
      },
      {
        "insertions": 340,
        "deletions": 111,
        "date": "2019-10-14",
        "commitResults": [
          {
            "hash": "1f09c5e26b20d388d565a2494d8727619ab77744",
            "messageTitle": "Add help page",
            "messageBody": "",
            "insertions": 192,
            "deletions": 7
          },
          {
            "hash": "2576c0413c218480f8b71a0c43fb4211e07ebd82",
            "messageTitle": "Add some javadoc for help command related functions",
            "messageBody": "",
            "insertions": 14,
            "deletions": 2
          },
          {
            "hash": "8a61df231cae44f76db975eba11eb77ef9d2fd72",
            "messageTitle": "Fix email display in browser and change the email content stored",
            "messageBody": "",
            "insertions": 134,
            "deletions": 102
          }
        ]
      },
      {
        "insertions": 284,
        "deletions": 102,
        "date": "2019-10-15",
        "commitResults": [
          {
            "hash": "5a70177c634c7fb4f733b2a179b03ba160f06f87",
            "messageTitle": "Add basic email content auto pasing and tagging",
            "messageBody": "",
            "insertions": 171,
            "deletions": 74
          },
          {
            "hash": "104ee934e81e9a713eb3f4544f714001d1524062",
            "messageTitle": "Fix static error in KeywordPair",
            "messageBody": "",
            "insertions": 10,
            "deletions": 2
          },
          {
            "hash": "aed5c9917226b03a78a281f465a135513dc967e8",
            "messageTitle": "Add edit distance calculation and test",
            "messageBody": "",
            "insertions": 77,
            "deletions": 0
          },
          {
            "hash": "5d342dd18ea1c46c43b558b03e4398a2b34ff76c",
            "messageTitle": "Fix command parse test error",
            "messageBody": "",
            "insertions": 26,
            "deletions": 26
          }
        ]
      },
      {
        "insertions": 300,
        "deletions": 58,
        "date": "2019-10-16",
        "commitResults": [
          {
            "hash": "393d00ee66307a594080a7d8f25c2dfda9192337",
            "messageTitle": "Add fuzzy search algorithm",
            "messageBody": "",
            "insertions": 30,
            "deletions": 6
          },
          {
            "hash": "840e6a3ef6db5525f5ece24b450daf8ebd54c541",
            "messageTitle": "Add tag storage",
            "messageBody": "",
            "insertions": 187,
            "deletions": 21
          },
          {
            "hash": "f6be9e4975862e9bfda1ae561a8bec6e71a30d6e",
            "messageTitle": "Chaneg parsing keyword for new emails only",
            "messageBody": "",
            "insertions": 1,
            "deletions": 3
          },
          {
            "hash": "c6cc4338c0e40803fd99f2609836561261829905",
            "messageTitle": "Fix tag disappear after sync twice",
            "messageBody": "",
            "insertions": 60,
            "deletions": 6
          },
          {
            "hash": "dbde3a1553f0bec8a62fc964c86bfef85c5978b4",
            "messageTitle": "Add simple color highlight for some tags",
            "messageBody": "",
            "insertions": 11,
            "deletions": 11
          },
          {
            "hash": "af042273c23b1f972e64777e845d493d8fabdf2b",
            "messageTitle": "Fix code format",
            "messageBody": "",
            "insertions": 11,
            "deletions": 11
          }
        ]
      },
      {
        "insertions": 1022,
        "deletions": 1095,
        "date": "2019-10-19",
        "commitResults": [
          {
            "hash": "5e7c0bd62aef8cc2c0c6e71e59d8fbce4624e81a",
            "messageTitle": "UI refactor",
            "messageBody": "",
            "insertions": 264,
            "deletions": 229
          },
          {
            "hash": "c5a61b98a083c8ba8459a424b29003fa114be4d7",
            "messageTitle": "Remove taskList and emailList in command parser parameters",
            "messageBody": "",
            "insertions": 115,
            "deletions": 123
          },
          {
            "hash": "c6731173fc6e9edabbd2d2b188a37c9df6980cd1",
            "messageTitle": "Separate task command parser and email command parser from command parser",
            "messageBody": "",
            "insertions": 542,
            "deletions": 514
          },
          {
            "hash": "a08cafb526b449ea8cd68abd9c8334169730e5b3",
            "messageTitle": "Flip input type simplified",
            "messageBody": "",
            "insertions": 17,
            "deletions": 17
          },
          {
            "hash": "24ca8721068f2e04dc406525f96921a22bffe96c",
            "messageTitle": "Refine function access",
            "messageBody": "",
            "insertions": 84,
            "deletions": 212
          }
        ]
      },
      {
        "insertions": 1133,
        "deletions": 908,
        "date": "2019-10-21",
        "commitResults": [
          {
            "hash": "586830f74b9011971429bfec31bb78d716399f97",
            "messageTitle": "SLAP refactoring",
            "messageBody": "",
            "insertions": 922,
            "deletions": 736
          },
          {
            "hash": "a018d7949d5ec74c020c1357dfa0bcf84f7bd675",
            "messageTitle": "Fix style",
            "messageBody": "",
            "insertions": 147,
            "deletions": 149
          },
          {
            "hash": "53914b1e94f1e224616c84ee1be7a7c6b9a1abb8",
            "messageTitle": "change email keyword coloring to hightlight",
            "messageBody": "",
            "insertions": 21,
            "deletions": 22
          },
          {
            "hash": "1279e582c24ca69cc37f52b23367b841a2621d9d",
            "messageTitle": "Add subject, sender, date time section to email display",
            "messageBody": "",
            "insertions": 19,
            "deletions": 1
          },
          {
            "hash": "2a89d20f614675851abb48629834ec779bea6929",
            "messageTitle": "Sort emails by time",
            "messageBody": "",
            "insertions": 24,
            "deletions": 0
          }
        ]
      },
      {
        "insertions": 501,
        "deletions": 434,
        "date": "2019-10-22",
        "commitResults": [
          {
            "hash": "297b546797ff75b86586b79567fa74f145ba87f3",
            "messageTitle": "fix style errors",
            "messageBody": "",
            "insertions": 194,
            "deletions": 154
          },
          {
            "hash": "5750154e490785c443b562597d88ea38512143f9",
            "messageTitle": "Fix according to Codacy check",
            "messageBody": "",
            "insertions": 286,
            "deletions": 270
          },
          {
            "hash": "1ece710d32d3bbfe72495d068a8fad6884fc90c1",
            "messageTitle": "Fix style",
            "messageBody": "",
            "insertions": 14,
            "deletions": 4
          },
          {
            "hash": "3d577d09041a1ffae5622225c3b0e1f0dfe16ccd",
            "messageTitle": "Fix code quality again",
            "messageBody": "",
            "insertions": 5,
            "deletions": 5
          },
          {
            "hash": "ce83cf1a5fee2d45b4ca6f514f26c012537c5744",
            "messageTitle": "Fix code quality again",
            "messageBody": "",
            "insertions": 2,
            "deletions": 1
          }
        ]
      },
      {
        "insertions": 11,
        "deletions": 5,
        "date": "2019-10-24",
        "commitResults": [
          {
            "hash": "e9788aa70d3b19d17acee82143dafa6aa8fbb1cf",
            "messageTitle": "Replace the user and duke icon",
            "messageBody": "",
            "insertions": 2,
            "deletions": 2
          },
          {
            "hash": "cf3e9cf03d6ed90455b778e6b2f188d28eacea0a",
            "messageTitle": "Better icon and guides in adoc",
            "messageBody": "",
            "insertions": 9,
            "deletions": 3
          }
        ]
      }
    ],
    "lee761": [
      {
        "insertions": 71,
        "deletions": 26,
        "date": "2019-10-03",
        "commitResults": [
          {
            "hash": "aa12e75c3cc76ec4a20443473058151bc9460d64",
            "messageTitle": "C-Tagging",
            "messageBody": "",
            "insertions": 68,
            "deletions": 26
          },
          {
            "hash": "5c99fa85f69954037226534e5f9d64816a9fa16a",
            "messageTitle": "added javadoc",
            "messageBody": "",
            "insertions": 3,
            "deletions": 0
          }
        ]
      },
      {
        "insertions": 86,
        "deletions": 4,
        "date": "2019-10-10",
        "commitResults": [
          {
            "hash": "c95b4765b620a271a1aa9275ba42726c15a3ccc4",
            "messageTitle": "added key press(up arrow and down arrow) to get previous inputs",
            "messageBody": "",
            "insertions": 79,
            "deletions": 2
          },
          {
            "hash": "610adbcb1d6d97c46257d2f53fbb603d11a6f146",
            "messageTitle": "key press (up and down arrow keys) accounted for repeated inputs",
            "messageBody": "",
            "insertions": 7,
            "deletions": 2
          }
        ]
      },
      {
        "insertions": 211,
        "deletions": 43,
        "date": "2019-10-11",
        "commitResults": [
          {
            "hash": "c72f463b0b5f72a12f43dc6963c044bc05c904a8",
            "messageTitle": "added command to set priority for tasks",
            "messageBody": "",
            "insertions": 164,
            "deletions": 34
          },
          {
            "hash": "7907963f9b5422edb137a4711a4d4e2a6bde7188",
            "messageTitle": "added javadoc for some parts",
            "messageBody": "",
            "insertions": 47,
            "deletions": 9
          }
        ]
      },
      {
        "insertions": 54,
        "deletions": 1,
        "date": "2019-10-16",
        "commitResults": [
          {
            "hash": "80908f88177dd78dbb50de9660652c9276f25556",
            "messageTitle": "added natural date format",
            "messageBody": "",
            "insertions": 54,
            "deletions": 1
          }
        ]
      },
      {
        "insertions": 61,
        "deletions": 39,
        "date": "2019-10-18",
        "commitResults": [
          {
            "hash": "1e4b66e04265e70ca4ce4d565bc99fbfbc88d721",
            "messageTitle": "fix checkstyle",
            "messageBody": "",
            "insertions": 44,
            "deletions": 24
          },
          {
            "hash": "5a16e6419e4ab83246f23f73eb72d3a9231e8f20",
            "messageTitle": "accounted for empty spaces in input",
            "messageBody": "",
            "insertions": 2,
            "deletions": 2
          },
          {
            "hash": "88034007455465c286ab32e2e5824789372a399c",
            "messageTitle": "adjusted to consider the spacing between the day and time. the no. of whitespace between day and time doesn\u0027t matter",
            "messageBody": "",
            "insertions": 15,
            "deletions": 13
          }
        ]
      },
      {
        "insertions": 41,
        "deletions": 33,
        "date": "2019-10-21",
        "commitResults": [
          {
            "hash": "623ea091e94ccf928ac401e15e6de386320c3011",
            "messageTitle": "debug code so todo command can now work",
            "messageBody": "",
            "insertions": 11,
            "deletions": 14
          },
          {
            "hash": "24163d0f9f67e3712afefe0e26090afa0f649162",
            "messageTitle": "update command can now take in natural date format",
            "messageBody": "",
            "insertions": 30,
            "deletions": 19
          }
        ]
      }
    ]
  },
  "authorFinalContributionMap": {
    "ziyun99": 869,
    "limryan": 672,
    "JokerYan": 3973,
    "lee761": 204
  },
  "authorFileTypeContributionMap": {
    "ziyun99": {
      "tests": 51,
      "functional": 818
    },
    "limryan": {
      "tests": 8,
      "functional": 657,
      "other": 7
    },
    "JokerYan": {
      "tests": 322,
      "functional": 3648,
      "other": 3
    },
    "lee761": {
      "tests": 0,
      "functional": 204
    }
  },
  "authorContributionVariance": {
    "ziyun99": 36587.05,
    "limryan": 39084.4,
    "JokerYan": 322571.4,
    "lee761": 2568.325
  },
  "authorDisplayNameMap": {
    "ziyun99": "CS2113T-F11-3 YAN  . . YUN",
    "limryan": "CS2113T-F11-3 LIM  . . YAN",
    "JokerYan": "CS2113T-F11-3 YAN  . . WEN",
    "lee761": "CS2113T-F11-3 VIV  . . EOK"
  }
}
