{
  "authorDailyContributionsMap": {
    "liujiajun": [
      {
        "insertions": 304,
        "deletions": 253,
        "date": "2019-09-22",
        "commitResults": [
          {
            "hash": "67526a23217f1bd710fc06e860a67faf44b9ef56",
            "messageTitle": "Add order list UI",
            "messageBody": "",
            "insertions": 257,
            "deletions": 32
          },
          {
            "hash": "8128176bd5376480ac8965639a14d7e5d5992348",
            "messageTitle": "Update parser to support duplicate parameters",
            "messageBody": "",
            "insertions": 47,
            "deletions": 221
          }
        ]
      },
      {
        "insertions": 516,
        "deletions": 502,
        "date": "2019-09-23",
        "commitResults": [
          {
            "hash": "41a28f7ea726a3665de9254863453b1e3d2c7766",
            "messageTitle": "Add AddOrderCommand",
            "messageBody": "",
            "insertions": 185,
            "deletions": 12
          },
          {
            "hash": "8712a8d40d557fe1572e4bde9003acfffd1e0b76",
            "messageTitle": "Update storage; Add StorageTest",
            "messageBody": "",
            "insertions": 176,
            "deletions": 389
          },
          {
            "hash": "0737042264df11e7d5ec00faa4712c60ba715b0d",
            "messageTitle": "Add delete command",
            "messageBody": "",
            "insertions": 155,
            "deletions": 101
          }
        ]
      },
      {
        "insertions": 176,
        "deletions": 38,
        "date": "2019-09-24",
        "commitResults": [
          {
            "hash": "51b6e464fa83652c00ec95f01cc4771b8d803755",
            "messageTitle": "Add Edit order command; Add CommandParser",
            "messageBody": "",
            "insertions": 162,
            "deletions": 24
          },
          {
            "hash": "950657214efd01e32bf2a5adbc06f8e93d16f7de",
            "messageTitle": "Create a new entities package",
            "messageBody": "",
            "insertions": 14,
            "deletions": 14
          }
        ]
      },
      {
        "insertions": 209,
        "deletions": 114,
        "date": "2019-09-25",
        "commitResults": [
          {
            "hash": "985a3dd1aa04b9bb72d99b75ea6522d181504093",
            "messageTitle": "Cleanup code",
            "messageBody": "",
            "insertions": 47,
            "deletions": 23
          },
          {
            "hash": "84da3a4cc35543faf667c7fec0c462e702bf9ffd",
            "messageTitle": "Add OrderTest",
            "messageBody": "",
            "insertions": 57,
            "deletions": 22
          },
          {
            "hash": "f11bf996066962a8a2c7f9bf177e1b666eb3562d",
            "messageTitle": "Add undo/redo for DeleteOrderCommand; Fix the problem that parser cannot parse single word input",
            "messageBody": "",
            "insertions": 93,
            "deletions": 34
          },
          {
            "hash": "8c80c5f98597a2237db39f990426584846ff1f6f",
            "messageTitle": "Add PrettyTime to parse date",
            "messageBody": "",
            "insertions": 12,
            "deletions": 35
          }
        ]
      },
      {
        "insertions": 380,
        "deletions": 66,
        "date": "2019-09-26",
        "commitResults": [
          {
            "hash": "530cc85af7cf99a179a330e3f1b9dac7ab293270",
            "messageTitle": "Add PrettyTime to parse date",
            "messageBody": "",
            "insertions": 8,
            "deletions": 2
          },
          {
            "hash": "057b8b93e90797bcd039f2b3b7316729f59db05c",
            "messageTitle": "Redesign UI",
            "messageBody": "",
            "insertions": 372,
            "deletions": 64
          }
        ]
      },
      {
        "insertions": 277,
        "deletions": 71,
        "date": "2019-09-27",
        "commitResults": [
          {
            "hash": "dcbaa64efe996cbec39ee7b772bef15c53a28e44",
            "messageTitle": "Separate MainWindow into sub windows",
            "messageBody": "",
            "insertions": 179,
            "deletions": 57
          },
          {
            "hash": "3d76a1da8377132786eb2ef78351f2ebc1f604f7",
            "messageTitle": "Add page skeletons for sales and inventory",
            "messageBody": "",
            "insertions": 78,
            "deletions": 14
          },
          {
            "hash": "4b4497aaf46c3b2ebc8be7c60769720bb0aa1d17",
            "messageTitle": "Add the missing SalesPage",
            "messageBody": "",
            "insertions": 20,
            "deletions": 0
          }
        ]
      },
      {
        "insertions": 480,
        "deletions": 145,
        "date": "2019-09-28",
        "commitResults": [
          {
            "hash": "d71c13393658c7d3de031893c5c9ec798b04db3d",
            "messageTitle": "Add CompleteOrderCommand",
            "messageBody": "",
            "insertions": 158,
            "deletions": 85
          },
          {
            "hash": "74cd6257ccfa70a0648cc75c63ee9fc226c502ac",
            "messageTitle": "Add ShortcutCommand",
            "messageBody": "",
            "insertions": 157,
            "deletions": 32
          },
          {
            "hash": "09a6daef4300be9f916a7471e58062fecf6bf889",
            "messageTitle": "Add Redo \u0026 Undo for ShortcutCommand",
            "messageBody": "",
            "insertions": 60,
            "deletions": 21
          },
          {
            "hash": "f47551a03706c83237bd929783cdf0a04b412e71",
            "messageTitle": "Add JavaDoc for classes in command package",
            "messageBody": "",
            "insertions": 105,
            "deletions": 7
          }
        ]
      },
      {
        "insertions": 106,
        "deletions": 656,
        "date": "2019-09-29",
        "commitResults": [
          {
            "hash": "64857a98140a984a621fc2d76c45361915074257",
            "messageTitle": "Update JavaDoc and cleanup duke code.",
            "messageBody": "",
            "insertions": 16,
            "deletions": 617
          },
          {
            "hash": "ae1b10dfdf19feb95ea96b6db290b6ee00a2e66d",
            "messageTitle": "Add batch operation support for adding, deleting and completing orders.",
            "messageBody": "",
            "insertions": 84,
            "deletions": 38
          },
          {
            "hash": "9f290a2c713363566aa188aa65ead3c11e5779e4",
            "messageTitle": "Fix one-based and zero-based index bug",
            "messageBody": "",
            "insertions": 6,
            "deletions": 1
          }
        ]
      },
      {
        "insertions": 94,
        "deletions": 62,
        "date": "2019-09-30",
        "commitResults": [
          {
            "hash": "2e480b3ab9b84849a2073b6c71f57117aa9fd66e",
            "messageTitle": "Refactor parser",
            "messageBody": "",
            "insertions": 47,
            "deletions": 45
          },
          {
            "hash": "d6979e08792dd15332407b3d1b1346a498bd0aec",
            "messageTitle": "Update delete command",
            "messageBody": "",
            "insertions": 46,
            "deletions": 16
          },
          {
            "hash": "0a586baaa3d52da4a5ffee3103dfd070c8cdccad",
            "messageTitle": "Fix unable to change remarks",
            "messageBody": "",
            "insertions": 1,
            "deletions": 1
          }
        ]
      },
      {
        "insertions": 721,
        "deletions": 230,
        "date": "2019-10-02",
        "commitResults": [
          {
            "hash": "cb5d88e0c09bc9ef11d144a7092906c2105fe361",
            "messageTitle": "Refactor Parser",
            "messageBody": "",
            "insertions": 718,
            "deletions": 226
          },
          {
            "hash": "81b3ca8cd94a74beef221bee30a750453a831f45",
            "messageTitle": "Update test",
            "messageBody": "",
            "insertions": 3,
            "deletions": 4
          }
        ]
      },
      {
        "insertions": 489,
        "deletions": 355,
        "date": "2019-10-03",
        "commitResults": [
          {
            "hash": "6b7fa5e419cf4264d93ec4d66df9dcb04fcfa057",
            "messageTitle": "Temp",
            "messageBody": "",
            "insertions": 52,
            "deletions": 25
          },
          {
            "hash": "379b350a038076f76f5e56317380b2bf201ff1e2",
            "messageTitle": "Fix json parse error",
            "messageBody": "",
            "insertions": 183,
            "deletions": 155
          },
          {
            "hash": "3ff4a30fae5f497fae1aa51e3634b70d0e787816",
            "messageTitle": "Fix json parse error",
            "messageBody": "",
            "insertions": 43,
            "deletions": 32
          },
          {
            "hash": "fa6806d551dee6dd47766e0d49804404cc5c71c2",
            "messageTitle": "Fix Json parse error (#81)",
            "messageBody": "",
            "insertions": 211,
            "deletions": 143
          }
        ]
      },
      {
        "insertions": 3686,
        "deletions": 2891,
        "date": "2019-10-05",
        "commitResults": [
          {
            "hash": "140ba991f74727cbcba416875725997884f4ba88",
            "messageTitle": "Add model and logic (Work in progress)",
            "messageBody": "",
            "insertions": 2298,
            "deletions": 1775
          },
          {
            "hash": "4dd7c3aae830aa9b5f819755edce45ae126f0e3e",
            "messageTitle": "Remove test",
            "messageBody": "",
            "insertions": 63,
            "deletions": 63
          },
          {
            "hash": "bd0ddcf832e68e8d807f512972f652652772c5d7",
            "messageTitle": "no message",
            "messageBody": "",
            "insertions": 14,
            "deletions": 0
          },
          {
            "hash": "297197a66901b4cc855b20c31f1e21ccc6a25115",
            "messageTitle": "Refactor model and logic",
            "messageBody": "",
            "insertions": 734,
            "deletions": 354
          },
          {
            "hash": "bde1e37a52e82b22608d5ffea6c403e2397d4918",
            "messageTitle": "Refactor UI (Order page, in progress)",
            "messageBody": "",
            "insertions": 50,
            "deletions": 28
          },
          {
            "hash": "2c129743f220261d82bbfb42ea37cbac5e2ba4ec",
            "messageTitle": "Fix UI error",
            "messageBody": "",
            "insertions": 70,
            "deletions": 157
          },
          {
            "hash": "abfa9af1169842a9a36628c736718541b5ee70cd",
            "messageTitle": "Add EditOrderCommand and Index class",
            "messageBody": "",
            "insertions": 457,
            "deletions": 514
          }
        ]
      },
      {
        "insertions": 335,
        "deletions": 211,
        "date": "2019-10-06",
        "commitResults": [
          {
            "hash": "a50116d5ecce7af123a4b32ce335cfb391ca972f",
            "messageTitle": "Add JavaDoc",
            "messageBody": "",
            "insertions": 200,
            "deletions": 207
          },
          {
            "hash": "039751f4f7930c054cb3c51d8f2eea4f29a8e615",
            "messageTitle": "Add abstract list class",
            "messageBody": "",
            "insertions": 135,
            "deletions": 4
          }
        ]
      },
      {
        "insertions": 697,
        "deletions": 215,
        "date": "2019-10-07",
        "commitResults": [
          {
            "hash": "1d548e34441b306fb543e748bf66ddcf574c2837",
            "messageTitle": "Add Ingredient and Product class",
            "messageBody": "",
            "insertions": 580,
            "deletions": 206
          },
          {
            "hash": "019b15beee4092f60f5cddf38179140156ba6b45",
            "messageTitle": "Fix create new Product bug",
            "messageBody": "",
            "insertions": 5,
            "deletions": 0
          },
          {
            "hash": "9f5c1c109c95a49ff1d23ca929f5e48cc9507390",
            "messageTitle": "Add ExecuteShortcutCommand",
            "messageBody": "",
            "insertions": 112,
            "deletions": 9
          }
        ]
      },
      {
        "insertions": 97,
        "deletions": 63,
        "date": "2019-10-08",
        "commitResults": [
          {
            "hash": "872efa021a919b698520dbc8a69c18619392beeb",
            "messageTitle": "Fix code quality",
            "messageBody": "",
            "insertions": 32,
            "deletions": 39
          },
          {
            "hash": "020a6be22e9f4a8b706084b766629887ceebd6bb",
            "messageTitle": "Fix code quality",
            "messageBody": "",
            "insertions": 65,
            "deletions": 24
          }
        ]
      },
      {
        "insertions": 70,
        "deletions": 92,
        "date": "2019-10-09",
        "commitResults": [
          {
            "hash": "1611b217732c889a930d053fafda04c6647c28be",
            "messageTitle": "Fix code format issues",
            "messageBody": "",
            "insertions": 70,
            "deletions": 92
          }
        ]
      },
      {
        "insertions": 150,
        "deletions": 136,
        "date": "2019-10-10",
        "commitResults": [
          {
            "hash": "24ca98d68bbb5de4bb6c48c0999e3396b90aaf2f",
            "messageTitle": "Integrate Product in Order commands",
            "messageBody": "",
            "insertions": 100,
            "deletions": 92
          },
          {
            "hash": "85fc476665f77bc89dbd4a5d99f7a6d24d6a19c9",
            "messageTitle": "Add Item class",
            "messageBody": "",
            "insertions": 50,
            "deletions": 44
          }
        ]
      },
      {
        "insertions": 274,
        "deletions": 207,
        "date": "2019-10-11",
        "commitResults": [
          {
            "hash": "5849e865a02b726b776af2de7bc98732c0777fcf",
            "messageTitle": "Fix import",
            "messageBody": "",
            "insertions": 86,
            "deletions": 73
          },
          {
            "hash": "8efba6fef33b57c391a8ae76f921d9e28cee24d9",
            "messageTitle": "Fix code quality",
            "messageBody": "",
            "insertions": 76,
            "deletions": 101
          },
          {
            "hash": "2466c905b0e72c3441c15e7b7e0a6a1ca972dad0",
            "messageTitle": "Add CompleteOrderCommand",
            "messageBody": "",
            "insertions": 112,
            "deletions": 33
          }
        ]
      },
      {
        "insertions": 822,
        "deletions": 403,
        "date": "2019-10-12",
        "commitResults": [
          {
            "hash": "6fa2bd9af75a6af925c2a12c23be38378069e112",
            "messageTitle": "Add DeleteOrderCommand",
            "messageBody": "",
            "insertions": 74,
            "deletions": 95
          },
          {
            "hash": "9df155ff3a4675551946c33a21d7e404fde116e7",
            "messageTitle": "Implement Undo and Redo commands",
            "messageBody": "",
            "insertions": 270,
            "deletions": 70
          },
          {
            "hash": "5157e2819c38da6e1e1078f72ab5c87c04ede70a",
            "messageTitle": "Support Undo and Redo message",
            "messageBody": "",
            "insertions": 78,
            "deletions": 36
          },
          {
            "hash": "10d3537c41c18745f28745b1fc9c0fead755cc6c",
            "messageTitle": "Add dummy DeleteOrderCommand",
            "messageBody": "",
            "insertions": 4,
            "deletions": 33
          },
          {
            "hash": "859ec426966eb399a5c8746400b0570d14272a10",
            "messageTitle": "Implement basic AutoComplete feature",
            "messageBody": "",
            "insertions": 192,
            "deletions": 53
          },
          {
            "hash": "5a4f1a0e88c4401e3c4d33ab5023a7dd9cf35ce3",
            "messageTitle": "Add JavaDoc",
            "messageBody": "",
            "insertions": 3,
            "deletions": 0
          },
          {
            "hash": "4e9fd5c9d6e6dbea1438ea5727979a1c381c04f7",
            "messageTitle": "Support switching between suggestions by pressing Tab",
            "messageBody": "",
            "insertions": 201,
            "deletions": 116
          }
        ]
      },
      {
        "insertions": 237,
        "deletions": 117,
        "date": "2019-10-13",
        "commitResults": [
          {
            "hash": "463a203a981fb2a48c6ebc0b4564905f71a59ca2",
            "messageTitle": "Fix Autocompleter crush when undefined word is present",
            "messageBody": "",
            "insertions": 3,
            "deletions": 0
          },
          {
            "hash": "dd2a0e8287a89aba2568c898d7a0c5619bea1ce0",
            "messageTitle": "Fix AutoCompleter crush on spaces (#111)",
            "messageBody": "",
            "insertions": 48,
            "deletions": 38
          },
          {
            "hash": "ea758d9255f1c25aa8eb01b8da958a92c3ada7ea",
            "messageTitle": "Integrate Order and Product",
            "messageBody": "",
            "insertions": 109,
            "deletions": 71
          },
          {
            "hash": "c507c53459020519c163a2a9bc71b9336c601bba",
            "messageTitle": "Fix code quality",
            "messageBody": "",
            "insertions": 77,
            "deletions": 8
          }
        ]
      },
      {
        "insertions": 469,
        "deletions": 251,
        "date": "2019-10-14",
        "commitResults": [
          {
            "hash": "8981f42cc80151c68d55c3849b4c348d9107c261",
            "messageTitle": "Update AutoCompleter",
            "messageBody": "",
            "insertions": 108,
            "deletions": 33
          },
          {
            "hash": "480398ab84adea2670f96e5b1e133f250f946ae9",
            "messageTitle": "Refactor parser to use Stream",
            "messageBody": "",
            "insertions": 144,
            "deletions": 108
          },
          {
            "hash": "833b47c403e385cb36b678539484b508522552e7",
            "messageTitle": "Refactor parser to use Stream",
            "messageBody": "",
            "insertions": 7,
            "deletions": 7
          },
          {
            "hash": "d664cee5b624fc1cb265c68b0e148782fd93253d",
            "messageTitle": "Refactor parser to use Stream",
            "messageBody": "",
            "insertions": 8,
            "deletions": 10
          },
          {
            "hash": "21efaa7efea733b475bc832323ae9c8b83f17fc5",
            "messageTitle": "Refactor parser to use Stream (#117)",
            "messageBody": "* Update AutoCompleter\r\n\r\n* Refactor parser to use Stream\r\n\r\n* Reomve Log file\r\n\r\n* Add Developer Guide template\r\n",
            "insertions": 202,
            "deletions": 93
          }
        ]
      },
      {
        "insertions": 63,
        "deletions": 41,
        "date": "2019-10-15",
        "commitResults": [
          {
            "hash": "c08ecc9c16612903d4137a953877e4f2be765253",
            "messageTitle": "Update Developer Guide",
            "messageBody": "",
            "insertions": 47,
            "deletions": 25
          },
          {
            "hash": "d1dc5ebd36829a03131c7dece9ddec7c71b4ba0b",
            "messageTitle": "Refactor Quantity",
            "messageBody": "",
            "insertions": 16,
            "deletions": 16
          }
        ]
      },
      {
        "insertions": 227,
        "deletions": 51,
        "date": "2019-10-16",
        "commitResults": [
          {
            "hash": "afcd868561d7ddcc1ae3f84a3b18f9b3a9564b0c",
            "messageTitle": "Fix code quality",
            "messageBody": "",
            "insertions": 137,
            "deletions": 39
          },
          {
            "hash": "a000c18af469ade284200483fe6ed594a19d7fad",
            "messageTitle": "Fix merge error",
            "messageBody": "",
            "insertions": 44,
            "deletions": 9
          },
          {
            "hash": "fe57bd348967a9468bb692a0b6cf76d01fbc4096",
            "messageTitle": "Add automatic deducting",
            "messageBody": "",
            "insertions": 46,
            "deletions": 3
          }
        ]
      },
      {
        "insertions": 31,
        "deletions": 17,
        "date": "2019-10-17",
        "commitResults": [
          {
            "hash": "3df140f0746ba9ef8d4b8cb8c0e0020609ab9ec9",
            "messageTitle": "Fix sale button exception (#129)",
            "messageBody": "#130 solved",
            "insertions": 2,
            "deletions": 2
          },
          {
            "hash": "7749349cdd809dde4adb9d3320ec56a8605b78e4",
            "messageTitle": "Temp",
            "messageBody": "",
            "insertions": 2,
            "deletions": 3
          },
          {
            "hash": "b0f78f0c096ee185928a07571858641a2225457f",
            "messageTitle": "Add order creation date",
            "messageBody": "",
            "insertions": 27,
            "deletions": 12
          }
        ]
      },
      {
        "insertions": 120,
        "deletions": 70,
        "date": "2019-10-18",
        "commitResults": [
          {
            "hash": "bf5fc63e457058c0c56fb886618a2aefaddd014f",
            "messageTitle": "Add creation date for order",
            "messageBody": "",
            "insertions": 50,
            "deletions": 26
          },
          {
            "hash": "b6160e86d85c3812b7352f392b34b9f72afb5e7f",
            "messageTitle": "Fix error",
            "messageBody": "",
            "insertions": 0,
            "deletions": 8
          },
          {
            "hash": "1b4d302f384f36d4541110a2d0e4fa38376eb86e",
            "messageTitle": "Fix code quality",
            "messageBody": "",
            "insertions": 4,
            "deletions": 3
          },
          {
            "hash": "d3ddf8e21f164881c7372609a853b10f3ca7dfbe",
            "messageTitle": "Add creation date for order (#139)",
            "messageBody": "* Add creation date for order\r\n\r\n* Fix error\r\n\r\n* Fix code quality\r\n",
            "insertions": 38,
            "deletions": 25
          },
          {
            "hash": "b57c34b53140e37dcbd1986c241a8d3e7b20db7c",
            "messageTitle": "Fix code quality",
            "messageBody": "",
            "insertions": 1,
            "deletions": 2
          },
          {
            "hash": "d71e4ea3bfdaade4e598f112c58bec1f0c8e20b1",
            "messageTitle": "Update Developer Guide",
            "messageBody": "",
            "insertions": 13,
            "deletions": 2
          },
          {
            "hash": "70b8c0329e828bfbc7f63053745e3d5dd74c6c1b",
            "messageTitle": "Update DG (#140)",
            "messageBody": "* Add creation date for order\r\n\r\n* Fix error\r\n\r\n* Fix code quality\r\n\r\n* Fix code quality\r\n\r\n* Update Developer Guide\r\n",
            "insertions": 14,
            "deletions": 4
          }
        ]
      },
      {
        "insertions": 1942,
        "deletions": 226,
        "date": "2019-10-19",
        "commitResults": [
          {
            "hash": "aef527ea808a1821d2aefc98e403387209573b48",
            "messageTitle": "Update JavaDoc",
            "messageBody": "",
            "insertions": 75,
            "deletions": 51
          },
          {
            "hash": "36bee6ddf06d99be41500ca4fdb8bc352e92c1b5",
            "messageTitle": "Update JavaDoc",
            "messageBody": "",
            "insertions": 17,
            "deletions": 1
          },
          {
            "hash": "ffb8359bc84d114e703353f7c200cc291e70a50c",
            "messageTitle": "Add JavaDoc for order (#141)",
            "messageBody": "* Add creation date for order\r\n\r\n* Fix error\r\n\r\n* Fix code quality\r\n\r\n* Fix code quality\r\n\r\n* Update Developer Guide\r\n\r\n* Update JavaDoc\r\n\r\n* Update JavaDoc\r\n",
            "insertions": 92,
            "deletions": 52
          },
          {
            "hash": "3bb479c3831e9b82d7e3bf96506c8d17c92ea9dd",
            "messageTitle": "Temp",
            "messageBody": "",
            "insertions": 500,
            "deletions": 9
          },
          {
            "hash": "8aa0f9785499954887834b7b038d0a8054c07685",
            "messageTitle": "Implement basic storage",
            "messageBody": "",
            "insertions": 347,
            "deletions": 31
          },
          {
            "hash": "e6978302952551d2da98acbc7379a6076b1b3f36",
            "messageTitle": "Implement basic storage",
            "messageBody": "",
            "insertions": 37,
            "deletions": 26
          },
          {
            "hash": "b93b112e99734c65d8f164bb9c27dea5de3aea23",
            "messageTitle": "Implement Storage (#147)",
            "messageBody": "* Add creation date for order\r\n\r\n* Fix error\r\n\r\n* Fix code quality\r\n\r\n* Fix code quality\r\n\r\n* Update Developer Guide\r\n\r\n* Update JavaDoc\r\n\r\n* Update JavaDoc\r\n\r\n* Temp\r\n\r\n* Implement basic storage\r\n\r\n* Implement basic storage\r\n",
            "insertions": 874,
            "deletions": 56
          }
        ]
      },
      {
        "insertions": 237,
        "deletions": 106,
        "date": "2019-10-20",
        "commitResults": [
          {
            "hash": "51bfd6a026abd62fdb63c32364cc8e15df84e722",
            "messageTitle": "Temp",
            "messageBody": "",
            "insertions": 46,
            "deletions": 27
          },
          {
            "hash": "ccad9864bc5a88fa8c0914d904e7ce492fb2f0c3",
            "messageTitle": "Update JavaDoc Add Shortcut storage",
            "messageBody": "",
            "insertions": 191,
            "deletions": 79
          }
        ]
      },
      {
        "insertions": 160,
        "deletions": 22,
        "date": "2019-10-21",
        "commitResults": [
          {
            "hash": "0c5e37c95e1fd12e255285ea3ed7dbf11d52ea1f",
            "messageTitle": "Integrate Sales",
            "messageBody": "",
            "insertions": 14,
            "deletions": 8
          },
          {
            "hash": "0dcac3bac121e82b9fdc3889187b27b76dc06649",
            "messageTitle": "Add storage for sale",
            "messageBody": "",
            "insertions": 66,
            "deletions": 3
          },
          {
            "hash": "a34f49530ad524d5c9b1ec0e03ba1bcc6accf618",
            "messageTitle": "Integrate Sales and Order; Add storage for sales (#150)",
            "messageBody": "* Integrate Sales\r\n\r\n* Add storage for sale\r\n",
            "insertions": 80,
            "deletions": 11
          }
        ]
      },
      {
        "insertions": 167,
        "deletions": 64,
        "date": "2019-10-22",
        "commitResults": [
          {
            "hash": "abc85d7b2dad23ba7de4e28ff2bd62e3214445c4",
            "messageTitle": "Add test",
            "messageBody": "",
            "insertions": 167,
            "deletions": 64
          }
        ]
      },
      {
        "insertions": 548,
        "deletions": 619,
        "date": "2019-10-23",
        "commitResults": [
          {
            "hash": "65a684a91c2936980c7c7174a3deca6d66f9c7a2",
            "messageTitle": "Cleanup code",
            "messageBody": "",
            "insertions": 154,
            "deletions": 225
          },
          {
            "hash": "a1ae8bde2fe59e2c40334f68a290824d4deaf944",
            "messageTitle": "Cleanup code",
            "messageBody": "",
            "insertions": 44,
            "deletions": 60
          },
          {
            "hash": "06ddf00f50e60cbe7588c4bb7c8be18a0932c372",
            "messageTitle": "Cleanup imports (#162)",
            "messageBody": "* Integrate Sales\r\n\r\n* Add storage for sale\r\n\r\n* Add test\r\n\r\n* Cleanup code\r\n\r\n* Cleanup code\r\n",
            "insertions": 350,
            "deletions": 334
          }
        ]
      },
      {
        "insertions": 214,
        "deletions": 60,
        "date": "2019-10-24",
        "commitResults": [
          {
            "hash": "2a12834aae3b86c7fd33424c6397dbde5f33a056",
            "messageTitle": "Add new css",
            "messageBody": "",
            "insertions": 214,
            "deletions": 60
          }
        ]
      },
      {
        "insertions": 536,
        "deletions": 128,
        "date": "2019-10-25",
        "commitResults": [
          {
            "hash": "a585af4d40982bf63e4817d6bed8d95d39796bb3",
            "messageTitle": "Add order stats",
            "messageBody": "",
            "insertions": 257,
            "deletions": 61
          },
          {
            "hash": "a542ba8f0940cdab99457d92242871068ebe102d",
            "messageTitle": "Fix test",
            "messageBody": "",
            "insertions": 5,
            "deletions": 1
          },
          {
            "hash": "9ab28400710831ab9f1dc414a59527135e93c654",
            "messageTitle": "Add order stats (#170)",
            "messageBody": "* Add order stats\r\n\r\n* Fix test\r\n",
            "insertions": 262,
            "deletions": 62
          },
          {
            "hash": "7833befeb52fd7a6de400dcb58b6afd7f2eeb3b7",
            "messageTitle": "Fix parser bug",
            "messageBody": "",
            "insertions": 6,
            "deletions": 2
          },
          {
            "hash": "5e70167c19a6432632dbded4af7fde381a25f907",
            "messageTitle": "Fix parser bug (#178)",
            "messageBody": "* Add order stats\r\n\r\n* Fix test\r\n\r\n* Fix parser bug\r\n",
            "insertions": 6,
            "deletions": 2
          }
        ]
      },
      {
        "insertions": 405,
        "deletions": 56,
        "date": "2019-10-26",
        "commitResults": [
          {
            "hash": "f3f2c8c2f41d71555c57028373d8947503345bec",
            "messageTitle": "Fix index bug",
            "messageBody": "",
            "insertions": 402,
            "deletions": 55
          },
          {
            "hash": "c6dc3c23d29013396447510d99fde81a35b80e55",
            "messageTitle": "Fix bug",
            "messageBody": "",
            "insertions": 3,
            "deletions": 1
          }
        ]
      },
      {
        "insertions": 206,
        "deletions": 328,
        "date": "2019-10-27",
        "commitResults": [
          {
            "hash": "d977ad226002ee826ee9cee867621dd203a1cb08",
            "messageTitle": "Add icon on MainWindow",
            "messageBody": "",
            "insertions": 43,
            "deletions": 11
          },
          {
            "hash": "be535c137505f830b87b41bc908371d4e6afa575",
            "messageTitle": "Add AutoCompleter Test",
            "messageBody": "",
            "insertions": 163,
            "deletions": 317
          }
        ]
      },
      {
        "insertions": 173,
        "deletions": 331,
        "date": "2019-10-28",
        "commitResults": [
          {
            "hash": "5bc9e04faeb329005c4c748980150870b5a54ed5",
            "messageTitle": "Add AutoCompleter Test; Add missing icons (#190)",
            "messageBody": "* Add AutoCompleter Test\r\n\r\n* Add AutoCompleter Test\r\n",
            "insertions": 163,
            "deletions": 317
          },
          {
            "hash": "4f9828167fb34c976922452c2584483a81e526e6",
            "messageTitle": "Fix code quality",
            "messageBody": "",
            "insertions": 4,
            "deletions": 6
          },
          {
            "hash": "79a66988586847bcf685d022b32987d2565c4cdd",
            "messageTitle": "Fix code quality",
            "messageBody": "",
            "insertions": 1,
            "deletions": 1
          },
          {
            "hash": "6967d145e11da109038fba6e822a43440f391d50",
            "messageTitle": "Fix code quality (#191)",
            "messageBody": "* Add AutoCompleter Test\r\n\r\n* Add AutoCompleter Test\r\n\r\n* Fix code quality\r\n\r\n* Fix code quality\r\n",
            "insertions": 5,
            "deletions": 7
          }
        ]
      },
      {
        "insertions": 632,
        "deletions": 116,
        "date": "2019-10-29",
        "commitResults": [
          {
            "hash": "d8d05f747c995a91aae4d347c963a133872a80d2",
            "messageTitle": "Add sort order and filter order",
            "messageBody": "",
            "insertions": 316,
            "deletions": 58
          },
          {
            "hash": "da4c88ff7a437c0cc0f42e34c0f441d899b1888d",
            "messageTitle": "Add sort order and filter order (#195)",
            "messageBody": "* Add AutoCompleter Test\r\n\r\n* Add AutoCompleter Test\r\n\r\n* Fix code quality\r\n\r\n* Fix code quality\r\n\r\n* Add sort order and filter order\r\n",
            "insertions": 316,
            "deletions": 58
          }
        ]
      },
      {
        "insertions": 402,
        "deletions": 131,
        "date": "2019-10-30",
        "commitResults": [
          {
            "hash": "ca902f3dd312212d388e48b315321d0000733e00",
            "messageTitle": "Temporarily change upper limit to 50,000",
            "messageBody": "",
            "insertions": 2,
            "deletions": 2
          },
          {
            "hash": "26963a5851028b6f3755852c1c9bd880c3e6069f",
            "messageTitle": "Fix code quality",
            "messageBody": "",
            "insertions": 2,
            "deletions": 13
          },
          {
            "hash": "d9699216fec07e6aaeb5c6ce2b043c4fe5a983a0",
            "messageTitle": "Temporarily set upper limit to 50,000 (#201)",
            "messageBody": "* Add AutoCompleter Test\r\n\r\n* Add AutoCompleter Test\r\n\r\n* Fix code quality\r\n\r\n* Fix code quality\r\n\r\n* Add sort order and filter order\r\n\r\n* Temporarily change upper limit to 50,000\r\n\r\n* Fix code quality\r\n",
            "insertions": 128,
            "deletions": 32
          },
          {
            "hash": "b80d5c6c0f1c770a217ad6a67cf5441ab5b25648",
            "messageTitle": "Check naming",
            "messageBody": "",
            "insertions": 52,
            "deletions": 23
          },
          {
            "hash": "1c0cb586bdf4f2eedaecfd9001f7a3ae67d9f0ae",
            "messageTitle": "Add AutoComplete for Sale",
            "messageBody": "",
            "insertions": 46,
            "deletions": 1
          },
          {
            "hash": "730fd27c1530cbd0a7b2892a97ba017e1e041b40",
            "messageTitle": "Fix test",
            "messageBody": "",
            "insertions": 5,
            "deletions": 5
          },
          {
            "hash": "372735c4a0eceab27fb3b797fad69d18e4ba9639",
            "messageTitle": "Fix order show",
            "messageBody": "",
            "insertions": 5,
            "deletions": 0
          },
          {
            "hash": "62d9ba8be7008775728d86a4c506029c1a7c7069",
            "messageTitle": "Fix sale and product show",
            "messageBody": "",
            "insertions": 13,
            "deletions": 0
          },
          {
            "hash": "e803fcf9fab069c8f0b659f0d7d8821e943a7ae3",
            "messageTitle": "Add AutoComplete for sale and product; Fix show command bug(#203)",
            "messageBody": "* Add AutoCompleter Test\r\n\r\n* Add AutoCompleter Test\r\n\r\n* Fix code quality\r\n\r\n* Fix code quality\r\n\r\n* Add sort order and filter order\r\n\r\n* Temporarily change upper limit to 50,000\r\n\r\n* Fix code quality\r\n\r\n* Check naming\r\n\r\n* Add AutoComplete for Sale\r\n\r\n* Fix test\r\n\r\n* Fix order show\r\n\r\n* Fix sale and product show\r\n",
            "insertions": 138,
            "deletions": 47
          },
          {
            "hash": "efea07b331a30e12c80c98e4b6c2c5b869c84a60",
            "messageTitle": "Add Inv and Shopping css; Fix sale autocomplete bug",
            "messageBody": "",
            "insertions": 9,
            "deletions": 6
          },
          {
            "hash": "adb705d52a6af99b9949fd7ff9866241ab05aaed",
            "messageTitle": "Add Ui image (#211)",
            "messageBody": "",
            "insertions": 2,
            "deletions": 2
          }
        ]
      },
      {
        "insertions": 40,
        "deletions": 36,
        "date": "2019-10-31",
        "commitResults": [
          {
            "hash": "0275114861153688f0e44d17f96dc5c628d473aa",
            "messageTitle": "Fix bugs",
            "messageBody": "",
            "insertions": 36,
            "deletions": 23
          },
          {
            "hash": "ba77cdc1855e0f66925fc896920c83a4017034bb",
            "messageTitle": "Remove Gradle checkstyle",
            "messageBody": "",
            "insertions": 4,
            "deletions": 13
          }
        ]
      },
      {
        "insertions": 329,
        "deletions": 85,
        "date": "2019-11-01",
        "commitResults": [
          {
            "hash": "51fd4b4e00a9c71c21f2e6d5c465a6b66a9674de",
            "messageTitle": "Change icon (#220)",
            "messageBody": "",
            "insertions": 2,
            "deletions": 2
          },
          {
            "hash": "3474aa1731506080ec62d7f2cc80517818bf0421",
            "messageTitle": "Update gradle file",
            "messageBody": "",
            "insertions": 15,
            "deletions": 8
          },
          {
            "hash": "91360aca9c1d5b71b667b588aa44e653eff6fd5d",
            "messageTitle": "Fix time display bug",
            "messageBody": "",
            "insertions": 9,
            "deletions": 2
          },
          {
            "hash": "166cc4e39c64c9d40eedcbf73508d21710635625",
            "messageTitle": "Add exit",
            "messageBody": "",
            "insertions": 62,
            "deletions": 28
          },
          {
            "hash": "02192eeb8932129b6b365b78ba84264b1554677b",
            "messageTitle": "Add exit",
            "messageBody": "",
            "insertions": 75,
            "deletions": 3
          },
          {
            "hash": "b8a6e6ad1c25b10cef627bb9a6f5b4f300f27f24",
            "messageTitle": "Fix Codacy",
            "messageBody": "",
            "insertions": 4,
            "deletions": 2
          },
          {
            "hash": "a873f817cc9975f6e4fd641959b9b5f7f57bbbf1",
            "messageTitle": "Fix bugs from PE dry run (#248)",
            "messageBody": "* Change icon\r\n\r\n* Update gradle file\r\n\r\n* Fix time display bug\r\n\r\n* Add exit\r\n\r\n* Add exit\r\n\r\n* Fix Codacy\r\n",
            "insertions": 162,
            "deletions": 40
          }
        ]
      },
      {
        "insertions": 535,
        "deletions": 397,
        "date": "2019-11-02",
        "commitResults": [
          {
            "hash": "fefb7cc8c71ceb08ac061cc8299d13ecba65f0b8",
            "messageTitle": "Update Dev Guide. Order testing instructions",
            "messageBody": "",
            "insertions": 60,
            "deletions": 79
          },
          {
            "hash": "519579c2cafcf840b483e670f167891a3ce07e4b",
            "messageTitle": "Update css",
            "messageBody": "",
            "insertions": 0,
            "deletions": 75
          },
          {
            "hash": "1841a1499f5c34b25624789d6b1dd342daa7fb41",
            "messageTitle": "Codacy",
            "messageBody": "",
            "insertions": 20,
            "deletions": 19
          },
          {
            "hash": "fd82a350c182defd938ca2a95c4253ba262f79b6",
            "messageTitle": "Update DG (#250)",
            "messageBody": "* Change icon\r\n\r\n* Update gradle file\r\n\r\n* Fix time display bug\r\n\r\n* Add exit\r\n\r\n* Add exit\r\n\r\n* Fix Codacy\r\n\r\n* Update Dev Guide. Order testing instructions\r\n\r\n* Update css\r\n\r\n* Codacy\r\n",
            "insertions": 80,
            "deletions": 173
          },
          {
            "hash": "71c93ebfea9eb988fc6930929c9aab3f0bdc2532",
            "messageTitle": "Update test",
            "messageBody": "",
            "insertions": 375,
            "deletions": 51
          }
        ]
      },
      {
        "insertions": 375,
        "deletions": 51,
        "date": "2019-11-03",
        "commitResults": [
          {
            "hash": "804a6776ce94868ce9bd22e48293d80953fbcd99",
            "messageTitle": "Update DG Architecture and Logic section (#252)",
            "messageBody": "* Change icon\r\n\r\n* Update gradle file\r\n\r\n* Fix time display bug\r\n\r\n* Add exit\r\n\r\n* Add exit\r\n\r\n* Fix Codacy\r\n\r\n* Update Dev Guide. Order testing instructions\r\n\r\n* Update css\r\n\r\n* Codacy\r\n\r\n* Update test\r\n",
            "insertions": 375,
            "deletions": 51
          }
        ]
      },
      {
        "insertions": 55,
        "deletions": 39,
        "date": "2019-11-04",
        "commitResults": [
          {
            "hash": "db4f84cdc07d99cf5159700839c8ec18a9939cfd",
            "messageTitle": "Temporarily remove shortcut for PE",
            "messageBody": "",
            "insertions": 42,
            "deletions": 32
          },
          {
            "hash": "095592966309907c937d24b29bf922730e00629d",
            "messageTitle": "Update TimeParser",
            "messageBody": "",
            "insertions": 10,
            "deletions": 5
          },
          {
            "hash": "61b609e29d4964fe58d6517802e8c995b912ff0f",
            "messageTitle": "Use formal dates",
            "messageBody": "",
            "insertions": 3,
            "deletions": 2
          }
        ]
      },
      {
        "insertions": 116,
        "deletions": 73,
        "date": "2019-11-05",
        "commitResults": [
          {
            "hash": "02c8ed335a3c486416da6d85409af5caff572ef2",
            "messageTitle": "Use formal dates (#264)",
            "messageBody": "",
            "insertions": 116,
            "deletions": 73
          }
        ]
      }
    ],
    "liushiru": [
      {
        "insertions": 117,
        "deletions": 0,
        "date": "2019-09-23",
        "commitResults": [
          {
            "hash": "4c0120a79e7d39179e7ce642f05737a45ed6e4b3",
            "messageTitle": "trying out UI",
            "messageBody": "",
            "insertions": 117,
            "deletions": 0
          }
        ]
      },
      {
        "insertions": 641,
        "deletions": 63,
        "date": "2019-09-25",
        "commitResults": [
          {
            "hash": "4c82ea431499923ab830e311920d24db6915297e",
            "messageTitle": "Start Recipe UI, add Ingredient class",
            "messageBody": "",
            "insertions": 409,
            "deletions": 26
          },
          {
            "hash": "d811d7a552438699c2e14c104125e2f6a664fcb0",
            "messageTitle": "global impacts made to adjust UI",
            "messageBody": "",
            "insertions": 229,
            "deletions": 33
          },
          {
            "hash": "b1f4d0d91256e38a09f9a132305f860608749b76",
            "messageTitle": "moved recipe package to entities",
            "messageBody": "",
            "insertions": 3,
            "deletions": 4
          }
        ]
      },
      {
        "insertions": 50,
        "deletions": 6,
        "date": "2019-09-27",
        "commitResults": [
          {
            "hash": "fd89a09a9c1bd0cb913cd5c473db6c063cf4b6ff",
            "messageTitle": "add Recipe UI, ad .table-view css, merge",
            "messageBody": "",
            "insertions": 50,
            "deletions": 6
          }
        ]
      },
      {
        "insertions": 120,
        "deletions": 23,
        "date": "2019-09-28",
        "commitResults": [
          {
            "hash": "0fad8c88634168ad172ba53e9d183f85f5140b14",
            "messageTitle": "start Recipe Parsing",
            "messageBody": "",
            "insertions": 87,
            "deletions": 12
          },
          {
            "hash": "5bfdf958189a666f010ef2f344b6273be9f52bfe",
            "messageTitle": "adjusted RecipeShowPage UI",
            "messageBody": "",
            "insertions": 33,
            "deletions": 11
          }
        ]
      },
      {
        "insertions": 163,
        "deletions": 29,
        "date": "2019-10-01",
        "commitResults": [
          {
            "hash": "54418bff552d5096cb805d9f7d692182e00063f4",
            "messageTitle": "Learnt Parser",
            "messageBody": "",
            "insertions": 163,
            "deletions": 29
          }
        ]
      },
      {
        "insertions": 204,
        "deletions": 113,
        "date": "2019-10-02",
        "commitResults": [
          {
            "hash": "b73eb4891b8e19730c46d411b7150e932e1b811c",
            "messageTitle": "start recipe storage, can add basic component of a recipe",
            "messageBody": "",
            "insertions": 89,
            "deletions": 21
          },
          {
            "hash": "7bdd77f07c9aec47119ccf6093c61a3f94130a5b",
            "messageTitle": "add CodeReformatter.xml file",
            "messageBody": "",
            "insertions": 115,
            "deletions": 92
          }
        ]
      },
      {
        "insertions": 258,
        "deletions": 457,
        "date": "2019-10-08",
        "commitResults": [
          {
            "hash": "9a08f877fc72a6b055f8f10b96df4827379e6cf0",
            "messageTitle": "changed name",
            "messageBody": "",
            "insertions": 258,
            "deletions": 457
          }
        ]
      },
      {
        "insertions": 751,
        "deletions": 357,
        "date": "2019-10-09",
        "commitResults": [
          {
            "hash": "e192ddc57a964d996329d4c28e23ce5ee1011b69",
            "messageTitle": "add minimum product backend implementation",
            "messageBody": "",
            "insertions": 304,
            "deletions": 201
          },
          {
            "hash": "02ac66a4a957fd8c27c2a0cb26e38fa031a73a6d",
            "messageTitle": "refactor Recipe to Product",
            "messageBody": "",
            "insertions": 68,
            "deletions": 78
          },
          {
            "hash": "3673cc3198a35a22a2991fc9a84b1bdf8eeab77e",
            "messageTitle": "add edit product",
            "messageBody": "",
            "insertions": 131,
            "deletions": 20
          },
          {
            "hash": "8e8166ba5c37f91a6204c38f0f24a3d5b81f948e",
            "messageTitle": "need to refactor commons.product",
            "messageBody": "",
            "insertions": 130,
            "deletions": 0
          },
          {
            "hash": "6a6e037425817b4697732543d51567000b430366",
            "messageTitle": "add EditProductCommand related, left status",
            "messageBody": "",
            "insertions": 72,
            "deletions": 58
          },
          {
            "hash": "5aaf333226c44985fc05753deb6652d7df8d68fb",
            "messageTitle": "add input history feature",
            "messageBody": "",
            "insertions": 46,
            "deletions": 0
          }
        ]
      },
      {
        "insertions": 461,
        "deletions": 274,
        "date": "2019-10-13",
        "commitResults": [
          {
            "hash": "26a7dce2c6d3789c63140598dcb7327fe44679bf",
            "messageTitle": "Implement product features (#110)",
            "messageBody": "* add ingredient parser\r\n\r\n* add ingredient regex\r\n\r\n* basic auto complete text field\r\n\r\n* auto complete settle text, left positioning\r\n\r\n* add autoComplete\r\n\r\n* deal with log file\r\n\r\n* product edit, list status\r\n\r\n* clean up build.gradle\r\n\r\n* code quality check\r\n\r\n* code quality\r\n",
            "insertions": 461,
            "deletions": 274
          }
        ]
      },
      {
        "insertions": 272,
        "deletions": 159,
        "date": "2019-10-14",
        "commitResults": [
          {
            "hash": "a3db3d4426553b682b7310f3de98c8c091dcd20a",
            "messageTitle": "add ingredient list",
            "messageBody": "",
            "insertions": 197,
            "deletions": 58
          },
          {
            "hash": "6304bb43591376016504deae04a40fb442c29f52",
            "messageTitle": "build",
            "messageBody": "",
            "insertions": 75,
            "deletions": 101
          }
        ]
      },
      {
        "insertions": 223,
        "deletions": 143,
        "date": "2019-10-15",
        "commitResults": [
          {
            "hash": "e88f95c28fa44cc295bcc982636fd7948dc7b203",
            "messageTitle": "add ingredient parser",
            "messageBody": "",
            "insertions": 223,
            "deletions": 143
          }
        ]
      },
      {
        "insertions": 323,
        "deletions": 299,
        "date": "2019-10-16",
        "commitResults": [
          {
            "hash": "dc1ddb6464a341ca08d7d58dafc5469e99678534",
            "messageTitle": "build",
            "messageBody": "",
            "insertions": 2,
            "deletions": 73
          },
          {
            "hash": "73dd638b0739ebe4cab1569dff71cfb673e94c8a",
            "messageTitle": "add ingredient UI",
            "messageBody": "",
            "insertions": 182,
            "deletions": 2
          },
          {
            "hash": "8822e6f1140b1d3c498c085f8e91230b3a430034",
            "messageTitle": "add master split pane",
            "messageBody": "",
            "insertions": 139,
            "deletions": 224
          }
        ]
      },
      {
        "insertions": 52,
        "deletions": 39,
        "date": "2019-10-17",
        "commitResults": [
          {
            "hash": "e48ae195ce43940a870dcd47ebba009af3162cdf",
            "messageTitle": "add ingredient GUI",
            "messageBody": "",
            "insertions": 14,
            "deletions": 11
          },
          {
            "hash": "c365959941cd8b97a456c923b4a174e0078931f6",
            "messageTitle": "AddProductCommand verifies ingredient",
            "messageBody": "",
            "insertions": 38,
            "deletions": 28
          }
        ]
      },
      {
        "insertions": 229,
        "deletions": 85,
        "date": "2019-10-18",
        "commitResults": [
          {
            "hash": "3f4bacb3e6d2e194b2f8896df4cd314c734ca30a",
            "messageTitle": "divider",
            "messageBody": "",
            "insertions": 1,
            "deletions": 0
          },
          {
            "hash": "7eaa2f9c596a6f6912b7dd17b06b8ea3d4aaeb4f",
            "messageTitle": "show product",
            "messageBody": "",
            "insertions": 154,
            "deletions": 37
          },
          {
            "hash": "57f2726fd91b90b20901deda685a1cee331ddbbb",
            "messageTitle": "show ingredient",
            "messageBody": "",
            "insertions": 25,
            "deletions": 0
          },
          {
            "hash": "4ce46b52fbd5161ebe62d8994141aaafb331d175",
            "messageTitle": "product edit ingredient",
            "messageBody": "",
            "insertions": 38,
            "deletions": 42
          },
          {
            "hash": "495b7a40bb4d9cb91eecaf49b978c69eb6d4925d",
            "messageTitle": "fix code quality",
            "messageBody": "",
            "insertions": 11,
            "deletions": 6
          }
        ]
      },
      {
        "insertions": 100,
        "deletions": 14,
        "date": "2019-10-19",
        "commitResults": [
          {
            "hash": "9cc47fe4b58cec5395c336cad5c3a00a3a5661d5",
            "messageTitle": "delete product command",
            "messageBody": "",
            "insertions": 100,
            "deletions": 14
          }
        ]
      },
      {
        "insertions": 1,
        "deletions": 2,
        "date": "2019-10-20",
        "commitResults": [
          {
            "hash": "9542d89b013b8a8c1eaf673bb96f78f8bfc0c1a4",
            "messageTitle": "-",
            "messageBody": "",
            "insertions": 1,
            "deletions": 2
          }
        ]
      },
      {
        "insertions": 3,
        "deletions": 13,
        "date": "2019-10-23",
        "commitResults": [
          {
            "hash": "b2a4712699e059eb40e3140c4abe35cd7f4fa027",
            "messageTitle": "temp",
            "messageBody": "",
            "insertions": 3,
            "deletions": 2
          },
          {
            "hash": "d65f19f666a11b15a25bd802bc3528ee9c1cb977",
            "messageTitle": "build",
            "messageBody": "",
            "insertions": 0,
            "deletions": 11
          }
        ]
      },
      {
        "insertions": 49,
        "deletions": 136,
        "date": "2019-10-25",
        "commitResults": [
          {
            "hash": "7d562b2296f41054e142050ea3550f3390498d00",
            "messageTitle": "Capitalize Ingredient",
            "messageBody": "",
            "insertions": 29,
            "deletions": 119
          },
          {
            "hash": "c21ddae1751e790e0bb8c1467e7165ffe2f22b20",
            "messageTitle": "add auto completer for product",
            "messageBody": "",
            "insertions": 20,
            "deletions": 17
          }
        ]
      },
      {
        "insertions": 238,
        "deletions": 246,
        "date": "2019-10-26",
        "commitResults": [
          {
            "hash": "ee4fab6772c6529d8ba5c2a4a4e09f22290670bb",
            "messageTitle": "add addproduct exceptions",
            "messageBody": "",
            "insertions": 60,
            "deletions": 55
          },
          {
            "hash": "56aee2c27d5ba95b0a5d04da9df7fe8d47c68672",
            "messageTitle": "handle DeleteProductCommand exception",
            "messageBody": "",
            "insertions": 17,
            "deletions": 10
          },
          {
            "hash": "2c8641279a8aa7925277b2eaa5d1eb9859671fd7",
            "messageTitle": "handle DeleteProductCommand exception",
            "messageBody": "",
            "insertions": 1,
            "deletions": 1
          },
          {
            "hash": "ed9310e34644568273924c5b707c04c8434bde2e",
            "messageTitle": "handle product exception",
            "messageBody": "",
            "insertions": 15,
            "deletions": 18
          },
          {
            "hash": "43fe99e9c68d3082fa7d9b1813eb7ee3a4c9d054",
            "messageTitle": "handle status exception",
            "messageBody": "",
            "insertions": 17,
            "deletions": 8
          },
          {
            "hash": "cbaea4d3aded2776a497370ddec4a3d96b05877c",
            "messageTitle": "Let AddProductCommand Use ProductDescriptor",
            "messageBody": "",
            "insertions": 69,
            "deletions": 103
          },
          {
            "hash": "b8e3810e668e0173a02a8606e31804d8d9f5c14d",
            "messageTitle": "add prefix scope",
            "messageBody": "",
            "insertions": 23,
            "deletions": 27
          },
          {
            "hash": "949af229bfdf0a82c7ccd07544d8d22f1ea9f5da",
            "messageTitle": "code quality",
            "messageBody": "",
            "insertions": 27,
            "deletions": 22
          },
          {
            "hash": "cbb41616b945d8b8b7142185f36f186a73f95e47",
            "messageTitle": "support Productt undo redo",
            "messageBody": "",
            "insertions": 9,
            "deletions": 2
          }
        ]
      },
      {
        "insertions": 9,
        "deletions": 1,
        "date": "2019-10-27",
        "commitResults": [
          {
            "hash": "e83d328feff4b26b65e79bf415f7ee2111e6aa9d",
            "messageTitle": "product undo redo (#186)",
            "messageBody": "* support Productt undo redo\r\n\r\n* ignore data file\r\n",
            "insertions": 9,
            "deletions": 1
          }
        ]
      },
      {
        "insertions": 150,
        "deletions": 118,
        "date": "2019-10-29",
        "commitResults": [
          {
            "hash": "5afabbf11aadf2218065411808b5b2e5789698d6",
            "messageTitle": "refix empty product name bug",
            "messageBody": "",
            "insertions": 22,
            "deletions": 44
          },
          {
            "hash": "d2821b67d2ba8c8a36514b37aafa584816bad6d3",
            "messageTitle": "Product calculates default ingredient cost upon adding (#194)",
            "messageBody": "* support Productt undo redo\r\n\r\n* ignore data file\r\n\r\n* refix empty product name bug\r\n",
            "insertions": 52,
            "deletions": 44
          },
          {
            "hash": "23da8076a8cbc1e72a8684fa5b8fca97f301a73a",
            "messageTitle": "add test",
            "messageBody": "",
            "insertions": 51,
            "deletions": 9
          },
          {
            "hash": "ceb3fcca6783dc93d3ecc8025b0ebc3af404dd01",
            "messageTitle": "refix name empty bug",
            "messageBody": "",
            "insertions": 25,
            "deletions": 21
          }
        ]
      },
      {
        "insertions": 120,
        "deletions": 37,
        "date": "2019-10-30",
        "commitResults": [
          {
            "hash": "4e2d9bd61e5f96770649c32de1c24a8e94f5c03b",
            "messageTitle": "refix product cost",
            "messageBody": "",
            "insertions": 10,
            "deletions": 16
          },
          {
            "hash": "ddb6d34c9aae776cae98b815bd495d932c6874ac",
            "messageTitle": "EditProductCommand stays in the same page",
            "messageBody": "",
            "insertions": 3,
            "deletions": 5
          },
          {
            "hash": "b0d0ca6f2e398c6dc9e9d5e0d0b25b4a035b2e55",
            "messageTitle": "sync",
            "messageBody": "",
            "insertions": 4,
            "deletions": 4
          },
          {
            "hash": "3e44df6dc79ccc9acbde3196986df28eeb954534",
            "messageTitle": "Codacy",
            "messageBody": "",
            "insertions": 1,
            "deletions": 3
          },
          {
            "hash": "af3840161696b169ed75acfc52617a44686d1106",
            "messageTitle": "Add auto calculation of ingredient cost",
            "messageBody": "",
            "insertions": 10,
            "deletions": 7
          },
          {
            "hash": "ea7909044820f20b2ce62c66d24f4ce106d16ff1",
            "messageTitle": "Add SearchProductCommand",
            "messageBody": "",
            "insertions": 90,
            "deletions": 2
          },
          {
            "hash": "ab2290131260f9b345b08ecbad769a55db9d47bb",
            "messageTitle": "add SearchProductCommand to autoCompleter",
            "messageBody": "",
            "insertions": 2,
            "deletions": 0
          }
        ]
      },
      {
        "insertions": 38,
        "deletions": 8,
        "date": "2019-10-31",
        "commitResults": [
          {
            "hash": "f73f0b3aa95da313899623b2e0a10b5a5ca57323",
            "messageTitle": "search",
            "messageBody": "",
            "insertions": 38,
            "deletions": 8
          }
        ]
      },
      {
        "insertions": 13,
        "deletions": 4,
        "date": "2019-11-01",
        "commitResults": [
          {
            "hash": "b456285047476c2d055fac13b2a5efbac93b0705",
            "messageTitle": "change release name in build.gradle",
            "messageBody": "",
            "insertions": 2,
            "deletions": 2
          },
          {
            "hash": "37da6536916a7c9c52b9e17af7d60d4dfbfe01a2",
            "messageTitle": "handle inv edit duplicate names",
            "messageBody": "",
            "insertions": 11,
            "deletions": 2
          }
        ]
      },
      {
        "insertions": 1,
        "deletions": 1,
        "date": "2019-11-02",
        "commitResults": [
          {
            "hash": "5eee8ba2f5a616f52b46db899353a17b30c144d3",
            "messageTitle": "fix product capitalization bug",
            "messageBody": "",
            "insertions": 1,
            "deletions": 1
          }
        ]
      },
      {
        "insertions": 222,
        "deletions": 110,
        "date": "2019-11-03",
        "commitResults": [
          {
            "hash": "2312d7c57a950f620010052f3c9950dace713260",
            "messageTitle": "fix model.product emptyNameTest",
            "messageBody": "",
            "insertions": 10,
            "deletions": 13
          },
          {
            "hash": "c0386b012e12d9b6c04141c2193bb275d7de008f",
            "messageTitle": "add CommandTest",
            "messageBody": "",
            "insertions": 212,
            "deletions": 97
          }
        ]
      },
      {
        "insertions": 169,
        "deletions": 6,
        "date": "2019-11-04",
        "commitResults": [
          {
            "hash": "20cc558dd8db53db02b2211d788aecfb1e1ff999",
            "messageTitle": "add ProductCommandUtilTest.java",
            "messageBody": "",
            "insertions": 169,
            "deletions": 6
          }
        ]
      },
      {
        "insertions": 266,
        "deletions": 57,
        "date": "2019-11-05",
        "commitResults": [
          {
            "hash": "d871e6eda4e882741fc2b9c586b5ec2f7fef5f21",
            "messageTitle": "Add SortProductCommand",
            "messageBody": "",
            "insertions": 166,
            "deletions": 7
          },
          {
            "hash": "c22af9fe0bf997384b972901a9e05536e16a9dde",
            "messageTitle": "add Logger",
            "messageBody": "",
            "insertions": 59,
            "deletions": 37
          },
          {
            "hash": "fc14a33a6ecd0214e1ea9482cae33ded48b75362",
            "messageTitle": "add Singleton Pattern",
            "messageBody": "",
            "insertions": 26,
            "deletions": 4
          },
          {
            "hash": "3ac01f23d11a7547f9755b1af68dcfaedc52573e",
            "messageTitle": "build",
            "messageBody": "",
            "insertions": 12,
            "deletions": 0
          },
          {
            "hash": "5e775ea82e2c9f9568db93c9e49744ae58815a78",
            "messageTitle": "code quality",
            "messageBody": "",
            "insertions": 3,
            "deletions": 9
          }
        ]
      }
    ],
    "chekjun": [
      {
        "insertions": 646,
        "deletions": 11,
        "date": "2019-09-27",
        "commitResults": [
          {
            "hash": "8c35d92b3489a5e06f3171f0ecb5a25cd253ed10",
            "messageTitle": "Sales code added but not fully implemented yet.",
            "messageBody": "",
            "insertions": 290,
            "deletions": 6
          },
          {
            "hash": "c0423bf0ea8ab9e758d74e44182d232f840686fe",
            "messageTitle": "Added 2 more commands for Sale. No GUI implemented yet.",
            "messageBody": "",
            "insertions": 356,
            "deletions": 5
          }
        ]
      },
      {
        "insertions": 135,
        "deletions": 142,
        "date": "2019-10-01",
        "commitResults": [
          {
            "hash": "71b7c05cc3e94ed201dd88e8e5e708567f184957",
            "messageTitle": "Merged saleList into bakingList for easy serialization.",
            "messageBody": "",
            "insertions": 134,
            "deletions": 115
          },
          {
            "hash": "b6836c17800df1d071a003bd78e559d7c0708c4e",
            "messageTitle": "Cleaned up unused imports",
            "messageBody": "",
            "insertions": 1,
            "deletions": 27
          }
        ]
      },
      {
        "insertions": 222,
        "deletions": 5,
        "date": "2019-10-06",
        "commitResults": [
          {
            "hash": "381ba93c16ca64f9f11963a3ac578d430cb1f3d2",
            "messageTitle": "Designed salepage anchorpane",
            "messageBody": "",
            "insertions": 222,
            "deletions": 5
          }
        ]
      },
      {
        "insertions": 189,
        "deletions": 34,
        "date": "2019-10-09",
        "commitResults": [
          {
            "hash": "18a0137979985d8585a81f979279b07e3ce2401a",
            "messageTitle": "Did up sale page UI. Starting porting over sales to new parser system.",
            "messageBody": "",
            "insertions": 189,
            "deletions": 34
          }
        ]
      },
      {
        "insertions": 19,
        "deletions": 163,
        "date": "2019-10-10",
        "commitResults": [
          {
            "hash": "f7e59bcd61757676585819695e05cc35349d7139",
            "messageTitle": "Merged changes with master.",
            "messageBody": "",
            "insertions": 12,
            "deletions": 16
          },
          {
            "hash": "c7f1464724fdb9c3ea32669d6a58a07e5b5003aa",
            "messageTitle": "Fixed commit as per PR comments.",
            "messageBody": "",
            "insertions": 7,
            "deletions": 147
          }
        ]
      },
      {
        "insertions": 236,
        "deletions": 203,
        "date": "2019-10-12",
        "commitResults": [
          {
            "hash": "afacbf1d6f9e1a192f63ce07d23f9343a2376a25",
            "messageTitle": "Ported sale system to new logic. Still missing sale card design.",
            "messageBody": "",
            "insertions": 236,
            "deletions": 203
          }
        ]
      },
      {
        "insertions": 135,
        "deletions": 54,
        "date": "2019-10-13",
        "commitResults": [
          {
            "hash": "e1d6f3deef5cdda2b9816cdb1bdff1078d8c3706",
            "messageTitle": "Designed salecard with grid but no icon pictures yet.",
            "messageBody": "",
            "insertions": 135,
            "deletions": 54
          }
        ]
      },
      {
        "insertions": 313,
        "deletions": 42,
        "date": "2019-10-14",
        "commitResults": [
          {
            "hash": "690182b6640ec24413545cef71e554accdb65afc",
            "messageTitle": "Added add sale and edit sale command parsers. Basic GUI done without icons.",
            "messageBody": "",
            "insertions": 275,
            "deletions": 3
          },
          {
            "hash": "465f8bab37b68a22f98f5937358d560c40c80eff",
            "messageTitle": "Fixed duplicate method causing build failure.",
            "messageBody": "",
            "insertions": 0,
            "deletions": 4
          },
          {
            "hash": "8b4fa911b360534f96a15d63ccd583b73951b2c8",
            "messageTitle": "Removed some unused imports.",
            "messageBody": "",
            "insertions": 0,
            "deletions": 9
          },
          {
            "hash": "27fad8cc8acd602da039bd779429a02a5f9cca79",
            "messageTitle": "Removed more unused imports.",
            "messageBody": "",
            "insertions": 15,
            "deletions": 12
          },
          {
            "hash": "22390946b69cbd8e70a0ec6e0e990b3c0c484b1f",
            "messageTitle": "Clean up code quality",
            "messageBody": "",
            "insertions": 22,
            "deletions": 10
          },
          {
            "hash": "20a78162949334987b7124119583d54648b6a0ae",
            "messageTitle": "Cleaned up unused import.",
            "messageBody": "",
            "insertions": 1,
            "deletions": 4
          }
        ]
      },
      {
        "insertions": 56,
        "deletions": 26,
        "date": "2019-10-16",
        "commitResults": [
          {
            "hash": "aede13e3d8e54bf616462b7139a87bd2154b9fc8",
            "messageTitle": "SaleCard shows up in SalePage now. Tested working with command: \"sale add -desc DESCRIPTION -val -10.0 -at 10/10/2019 9:30 -rmk REMARKS\"",
            "messageBody": "",
            "insertions": 56,
            "deletions": 26
          }
        ]
      },
      {
        "insertions": 178,
        "deletions": 682,
        "date": "2019-10-21",
        "commitResults": [
          {
            "hash": "af926631476354e4236ac65e9834623e0665ecbf",
            "messageTitle": "Added classes to create Sale from Order and Shopping. (#149)",
            "messageBody": "* Removed old command parser and parser.\r\nTidied up SalePage and SaleCard GUI for inclusion of date filter.\r\n\r\n* Added classes to create Sale from completing Orders and buying Ingredients.\r\n\r\n* Added method to Complete Order to pass to Sale under Model and Model Manager.\r\n\r\n* Reverted spelling change to FIndOrderCommand because merge conflict.\r\n",
            "insertions": 178,
            "deletions": 682
          }
        ]
      },
      {
        "insertions": 251,
        "deletions": 100,
        "date": "2019-10-26",
        "commitResults": [
          {
            "hash": "1cc572763548aeca7fa7c766278a7ea47ddeb4bf",
            "messageTitle": "Sales can now be deleted. (#181)",
            "messageBody": "* Removed old command parser and parser.\r\nTidied up SalePage and SaleCard GUI for inclusion of date filter.\r\n\r\n* Added classes to create Sale from completing Orders and buying Ingredients.\r\n\r\n* Added method to Complete Order to pass to Sale under Model and Model Manager.\r\n\r\n* Reverted spelling change to FIndOrderCommand because merge conflict.\r\n\r\n* Merge https://github.com/AY1920S1-CS2113T-T12-3/main\r\n\r\n* Merge from https://github.com/AY1920S1-CS2113T-T12-3/main.git\r\n\r\n* Merge upstream\r\n\r\n* Remove Sale index bug fixed.\r\n\r\n* Removed filter on salepage\r\n\r\n* Added an AddSaleFromShopping method which creates sale from completing a purchase.\r\n",
            "insertions": 136,
            "deletions": 61
          },
          {
            "hash": "27fe8963753aec7b937ab730345f67e939664fc7",
            "messageTitle": "Header statistics now updates. Sales can now accommodate expenditure. (#185)",
            "messageBody": "* Removed old command parser and parser.\r\nTidied up SalePage and SaleCard GUI for inclusion of date filter.\r\n\r\n* Added classes to create Sale from completing Orders and buying Ingredients.\r\n\r\n* Added method to Complete Order to pass to Sale under Model and Model Manager.\r\n\r\n* Reverted spelling change to FIndOrderCommand because merge conflict.\r\n\r\n* Merge https://github.com/AY1920S1-CS2113T-T12-3/main\r\n\r\n* Merge from https://github.com/AY1920S1-CS2113T-T12-3/main.git\r\n\r\n* Merge upstream\r\n\r\n* Remove Sale index bug fixed.\r\n\r\n* Removed filter on salepage\r\n\r\n* Added an AddSaleFromShopping method which creates sale from completing a purchase.\r\n\r\n* Sales now accepts negative numbers. Add a -spend true to mark sales as expenditure.\r\nRevenue Cost Profit now updates accordingly.\r\n\r\n* Fixed corrupted data because of merge.\r\n\r\n* Fixed code quality.\r\n\r\n* Optimized imports.\r\n",
            "insertions": 115,
            "deletions": 39
          }
        ]
      },
      {
        "insertions": 253,
        "deletions": 12,
        "date": "2019-10-28",
        "commitResults": [
          {
            "hash": "15d9244a7798bd547e8fadb09a812e5d3306f3b4",
            "messageTitle": "Add edit command and filter command. (#189)",
            "messageBody": "* Removed old command parser and parser.\r\nTidied up SalePage and SaleCard GUI for inclusion of date filter.\r\n\r\n* Added classes to create Sale from completing Orders and buying Ingredients.\r\n\r\n* Added method to Complete Order to pass to Sale under Model and Model Manager.\r\n\r\n* Reverted spelling change to FIndOrderCommand because merge conflict.\r\n\r\n* Merge https://github.com/AY1920S1-CS2113T-T12-3/main\r\n\r\n* Merge from https://github.com/AY1920S1-CS2113T-T12-3/main.git\r\n\r\n* Merge upstream\r\n\r\n* Remove Sale index bug fixed.\r\n\r\n* Removed filter on salepage\r\n\r\n* Added an AddSaleFromShopping method which creates sale from completing a purchase.\r\n\r\n* Sales now accepts negative numbers. Add a -spend true to mark sales as expenditure.\r\nRevenue Cost Profit now updates accordingly.\r\n\r\n* Fixed corrupted data because of merge.\r\n\r\n* Fixed code quality.\r\n\r\n* Optimized imports.\r\n\r\n* Added Sale Edit command.\r\n\r\n* Added date filter to sale.\r\n\r\n* Fixed code quality.\r\n\r\n* Fixed missing import.\r\n",
            "insertions": 253,
            "deletions": 12
          }
        ]
      },
      {
        "insertions": 183,
        "deletions": 121,
        "date": "2019-10-30",
        "commitResults": [
          {
            "hash": "65052f9aa596af1d5a8814a2f2936189dec9d6c0",
            "messageTitle": "Add show command without status yet (#199)",
            "messageBody": "* Removed old command parser and parser.\r\nTidied up SalePage and SaleCard GUI for inclusion of date filter.\r\n\r\n* Added classes to create Sale from completing Orders and buying Ingredients.\r\n\r\n* Added method to Complete Order to pass to Sale under Model and Model Manager.\r\n\r\n* Reverted spelling change to FIndOrderCommand because merge conflict.\r\n\r\n* Merge https://github.com/AY1920S1-CS2113T-T12-3/main\r\n\r\n* Merge from https://github.com/AY1920S1-CS2113T-T12-3/main.git\r\n\r\n* Merge upstream\r\n\r\n* Remove Sale index bug fixed.\r\n\r\n* Removed filter on salepage\r\n\r\n* Added an AddSaleFromShopping method which creates sale from completing a purchase.\r\n\r\n* Sales now accepts negative numbers. Add a -spend true to mark sales as expenditure.\r\nRevenue Cost Profit now updates accordingly.\r\n\r\n* Fixed corrupted data because of merge.\r\n\r\n* Fixed code quality.\r\n\r\n* Optimized imports.\r\n\r\n* Added Sale Edit command.\r\n\r\n* Added date filter to sale.\r\n\r\n* Fixed code quality.\r\n\r\n* Fixed missing import.\r\n\r\n* Add show sale command.\r\n\r\n* Code quality\r\n",
            "insertions": 37,
            "deletions": 0
          },
          {
            "hash": "fc4b0d614cbb5b2a4c57e94cac1ed2ee351c06dc",
            "messageTitle": "Bug fixes and added indices and multiple deletes. (#210)",
            "messageBody": "* Removed old command parser and parser.\r\nTidied up SalePage and SaleCard GUI for inclusion of date filter.\r\n\r\n* Added classes to create Sale from completing Orders and buying Ingredients.\r\n\r\n* Added method to Complete Order to pass to Sale under Model and Model Manager.\r\n\r\n* Reverted spelling change to FIndOrderCommand because merge conflict.\r\n\r\n* Merge https://github.com/AY1920S1-CS2113T-T12-3/main\r\n\r\n* Merge from https://github.com/AY1920S1-CS2113T-T12-3/main.git\r\n\r\n* Merge upstream\r\n\r\n* Remove Sale index bug fixed.\r\n\r\n* Removed filter on salepage\r\n\r\n* Added an AddSaleFromShopping method which creates sale from completing a purchase.\r\n\r\n* Sales now accepts negative numbers. Add a -spend true to mark sales as expenditure.\r\nRevenue Cost Profit now updates accordingly.\r\n\r\n* Fixed corrupted data because of merge.\r\n\r\n* Fixed code quality.\r\n\r\n* Optimized imports.\r\n\r\n* Added Sale Edit command.\r\n\r\n* Added date filter to sale.\r\n\r\n* Fixed code quality.\r\n\r\n* Fixed missing import.\r\n\r\n* Add show sale command.\r\n\r\n* Code quality\r\n\r\n* Fixed conflict.\r\n\r\n* Fixed a bug where double negative makes cost become profit.\r\n\r\n* Added Index to SaleCard\r\n\r\n* Can delete multiple sale at once\r\n\r\n* Used the data file on github.\r\n",
            "insertions": 146,
            "deletions": 121
          }
        ]
      },
      {
        "insertions": 131,
        "deletions": 64,
        "date": "2019-11-01",
        "commitResults": [
          {
            "hash": "4d16871272d6756125119178e01690968339a96b",
            "messageTitle": "Exception handling to check input is correct type. (#221)",
            "messageBody": "* Removed old command parser and parser.\r\nTidied up SalePage and SaleCard GUI for inclusion of date filter.\r\n\r\n* Added classes to create Sale from completing Orders and buying Ingredients.\r\n\r\n* Added method to Complete Order to pass to Sale under Model and Model Manager.\r\n\r\n* Reverted spelling change to FIndOrderCommand because merge conflict.\r\n\r\n* Merge https://github.com/AY1920S1-CS2113T-T12-3/main\r\n\r\n* Merge from https://github.com/AY1920S1-CS2113T-T12-3/main.git\r\n\r\n* Merge upstream\r\n\r\n* Remove Sale index bug fixed.\r\n\r\n* Removed filter on salepage\r\n\r\n* Added an AddSaleFromShopping method which creates sale from completing a purchase.\r\n\r\n* Sales now accepts negative numbers. Add a -spend true to mark sales as expenditure.\r\nRevenue Cost Profit now updates accordingly.\r\n\r\n* Fixed corrupted data because of merge.\r\n\r\n* Fixed code quality.\r\n\r\n* Optimized imports.\r\n\r\n* Added Sale Edit command.\r\n\r\n* Added date filter to sale.\r\n\r\n* Fixed code quality.\r\n\r\n* Fixed missing import.\r\n\r\n* Add show sale command.\r\n\r\n* Code quality\r\n\r\n* Fixed conflict.\r\n\r\n* Fixed a bug where double negative makes cost become profit.\r\n\r\n* Added Index to SaleCard\r\n\r\n* Can delete multiple sale at once\r\n\r\n* Used the data file on github.\r\n\r\n* sale show now resets filter to show all sale and shows the correct number.\r\n\r\n* \"sale --\" no longer brings user to sale page.\r\n\r\n* Exception checking for wrong value and booleans now in place. Date is mm/dd/yyyy as of now.\r\n",
            "insertions": 131,
            "deletions": 64
          }
        ]
      },
      {
        "insertions": 13,
        "deletions": 3,
        "date": "2019-11-04",
        "commitResults": [
          {
            "hash": "a358e0913e75bdc290590d36f63c69b012cb12cd",
            "messageTitle": "Fixed null exception error which occur due to no handling. (#257)",
            "messageBody": "* Removed old command parser and parser.\r\nTidied up SalePage and SaleCard GUI for inclusion of date filter.\r\n\r\n* Added classes to create Sale from completing Orders and buying Ingredients.\r\n\r\n* Added method to Complete Order to pass to Sale under Model and Model Manager.\r\n\r\n* Reverted spelling change to FIndOrderCommand because merge conflict.\r\n\r\n* Merge https://github.com/AY1920S1-CS2113T-T12-3/main\r\n\r\n* Merge from https://github.com/AY1920S1-CS2113T-T12-3/main.git\r\n\r\n* Merge upstream\r\n\r\n* Remove Sale index bug fixed.\r\n\r\n* Removed filter on salepage\r\n\r\n* Added an AddSaleFromShopping method which creates sale from completing a purchase.\r\n\r\n* Sales now accepts negative numbers. Add a -spend true to mark sales as expenditure.\r\nRevenue Cost Profit now updates accordingly.\r\n\r\n* Fixed corrupted data because of merge.\r\n\r\n* Fixed code quality.\r\n\r\n* Optimized imports.\r\n\r\n* Added Sale Edit command.\r\n\r\n* Added date filter to sale.\r\n\r\n* Fixed code quality.\r\n\r\n* Fixed missing import.\r\n\r\n* Add show sale command.\r\n\r\n* Code quality\r\n\r\n* Fixed conflict.\r\n\r\n* Fixed a bug where double negative makes cost become profit.\r\n\r\n* Added Index to SaleCard\r\n\r\n* Can delete multiple sale at once\r\n\r\n* Used the data file on github.\r\n\r\n* sale show now resets filter to show all sale and shows the correct number.\r\n\r\n* \"sale --\" no longer brings user to sale page.\r\n\r\n* Exception checking for wrong value and booleans now in place. Date is mm/dd/yyyy as of now.\r\n\r\n* Fixed null exception error for filter.\r\n\r\n* Changed error message as tester asked.\r\n",
            "insertions": 13,
            "deletions": 3
          }
        ]
      }
    ],
    "eugenelim97": [
      {
        "insertions": 53,
        "deletions": 15,
        "date": "2019-09-27",
        "commitResults": [
          {
            "hash": "b40eb645f12be6d76f07231611f7dd8f9d0747d7",
            "messageTitle": "Add Basic UI for Inventory (#28)",
            "messageBody": "* Added About Us\r\n\r\n* Changed to about us to .adoc\r\n\r\n* Edited image names\r\n\r\n* updated java fx version\r\n\r\n* synced to repo\r\n\r\n* Updated Ui, abit buggy\r\n",
            "insertions": 53,
            "deletions": 15
          }
        ]
      },
      {
        "insertions": 136,
        "deletions": 48,
        "date": "2019-09-30",
        "commitResults": [
          {
            "hash": "7f0e58e4c6127cdb1eb4c1c19a08debe38b99a66",
            "messageTitle": "Updated InventoryPage UI and AboutUs (#56)",
            "messageBody": "* Added About Us\r\n\r\n* Changed to about us to .adoc\r\n\r\n* Edited image names\r\n\r\n* updated java fx version\r\n\r\n* synced to repo\r\n\r\n* Updated Ui, abit buggy\r\n\r\n* Updated InventoryPage UI\r\n\r\n* Updated Inventory UI\r\n\r\n* Added inventory and storage classes, and updated about us page\r\n",
            "insertions": 136,
            "deletions": 48
          }
        ]
      },
      {
        "insertions": 245,
        "deletions": 81,
        "date": "2019-10-02",
        "commitResults": [
          {
            "hash": "2bbde8ee05347af491abfa9b92af3f1f43c49f70",
            "messageTitle": "Added AddInventory command and it works, UI doesn\u0027t show yet",
            "messageBody": "",
            "insertions": 196,
            "deletions": 73
          },
          {
            "hash": "c7fd00eea69da9902f124e1d0eb7b3dfa5620836",
            "messageTitle": "Updated GUI to show inventory items, index column buggy",
            "messageBody": "",
            "insertions": 49,
            "deletions": 8
          }
        ]
      },
      {
        "insertions": 149,
        "deletions": 191,
        "date": "2019-10-14",
        "commitResults": [
          {
            "hash": "6c27d24e13aa261acedb90eaa69afb059da4ae7f",
            "messageTitle": "Updated Inventory to be Item",
            "messageBody": "",
            "insertions": 65,
            "deletions": 88
          },
          {
            "hash": "8d1bae1546748fcc7331c6b60f7ce20adf1b7a54",
            "messageTitle": "Amended changes with codacy review",
            "messageBody": "",
            "insertions": 16,
            "deletions": 14
          },
          {
            "hash": "2394cb71d3983eef0d931ba39d9b0b8ffce1846c",
            "messageTitle": "Updated Inventory to be Item (#115)",
            "messageBody": "* Updated Inventory to be Item\r\n\r\n* Amended changes with codacy review\r\n",
            "insertions": 68,
            "deletions": 89
          }
        ]
      },
      {
        "insertions": 133,
        "deletions": 20,
        "date": "2019-10-15",
        "commitResults": [
          {
            "hash": "426c19a7f2053bb4b1a78cbe203a378624879d20",
            "messageTitle": "added error message when duplicate inventoryItem is inputted",
            "messageBody": "",
            "insertions": 29,
            "deletions": 2
          },
          {
            "hash": "db965d136f1663abbe1ecbe9c3dde36231af456e",
            "messageTitle": "Added InventoryDelete command",
            "messageBody": "",
            "insertions": 104,
            "deletions": 18
          }
        ]
      },
      {
        "insertions": 1981,
        "deletions": 157,
        "date": "2019-10-16",
        "commitResults": [
          {
            "hash": "560b347ec57e840025c310959806850092b58c63",
            "messageTitle": "Added InventoryEdit Command and some exception handling",
            "messageBody": "",
            "insertions": 229,
            "deletions": 26
          },
          {
            "hash": "edb18c8696660a83935c094a7ad4cb8ac934f207",
            "messageTitle": "Added Shopping List UI",
            "messageBody": "",
            "insertions": 70,
            "deletions": 3
          },
          {
            "hash": "0a006bf3882839c69f71233d5935e247b2e1d7a1",
            "messageTitle": "Updated model with shopping list",
            "messageBody": "",
            "insertions": 112,
            "deletions": 25
          },
          {
            "hash": "9f104fcdc9838b6fbb10a2e2573f12543410c077",
            "messageTitle": "Added CRUD operations for shopping list",
            "messageBody": "",
            "insertions": 398,
            "deletions": 20
          },
          {
            "hash": "57a62e6a94c1f4b47b03bcc30360c8fda219cd82",
            "messageTitle": "Added CRUD operations for Inventory and Shopping Lists (#123)",
            "messageBody": "* Updated Inventory to be Item\r\n\r\n* Amended changes with codacy review\r\n\r\n* added error message when duplicate inventoryItem is inputted\r\n\r\n* Added InventoryDelete command\r\n\r\n* Added InventoryEdit Command and some exception handling\r\n\r\n* Added Shopping List UI\r\n\r\n* Updated model with shopping list\r\n\r\n* Added CRUD operations for shopping list\r\n",
            "insertions": 903,
            "deletions": 59
          },
          {
            "hash": "3be011b0add8c32877ac841b463b14aecac645ef",
            "messageTitle": "Added InventoryClear command",
            "messageBody": "",
            "insertions": 60,
            "deletions": 4
          },
          {
            "hash": "4b20c282a0a92425df504ffca25c7d29af111432",
            "messageTitle": "Added ShoppingListClear command",
            "messageBody": "",
            "insertions": 68,
            "deletions": 12
          },
          {
            "hash": "6d32fade7b211b9492aeb5021959cb61baf179c5",
            "messageTitle": "Added auto-capitalization + lowercase for inventory and shopping names",
            "messageBody": "",
            "insertions": 10,
            "deletions": 4
          },
          {
            "hash": "c5aa63d5807b66092119409ff18155c54911f537",
            "messageTitle": "Added Clear command for inventory and shopping lists (#125)",
            "messageBody": "* Updated Inventory to be Item\r\n\r\n* Amended changes with codacy review\r\n\r\n* added error message when duplicate inventoryItem is inputted\r\n\r\n* Added InventoryDelete command\r\n\r\n* Added InventoryEdit Command and some exception handling\r\n\r\n* Added Shopping List UI\r\n\r\n* Updated model with shopping list\r\n\r\n* Added CRUD operations for shopping list\r\n\r\n* Added InventoryClear command\r\n\r\n* Added ShoppingListClear command\r\n",
            "insertions": 131,
            "deletions": 4
          }
        ]
      },
      {
        "insertions": 465,
        "deletions": 134,
        "date": "2019-10-17",
        "commitResults": [
          {
            "hash": "7f7f5baf8b9561270d5c6015904818d11c929c8c",
            "messageTitle": "Added InventoryBuy command",
            "messageBody": "",
            "insertions": 138,
            "deletions": 36
          },
          {
            "hash": "a6c00ad2a019a4aaa674b40483a19cadb2f6ba2e",
            "messageTitle": "Added Model stuff for Orders implementation",
            "messageBody": "",
            "insertions": 27,
            "deletions": 1
          },
          {
            "hash": "181376053838d4a0f0ada2a0d9219bdef96d2448",
            "messageTitle": "Added Model code for Orders Implementation and InventoryBuy Command (#128)",
            "messageBody": "* Updated Inventory to be Item\r\n\r\n* Amended changes with codacy review\r\n\r\n* added error message when duplicate inventoryItem is inputted\r\n\r\n* Added InventoryDelete command\r\n\r\n* Added InventoryEdit Command and some exception handling\r\n\r\n* Added Shopping List UI\r\n\r\n* Updated model with shopping list\r\n\r\n* Added CRUD operations for shopping list\r\n\r\n* Added InventoryClear command\r\n\r\n* Added ShoppingListClear command\r\n\r\n* Added auto-capitalization + lowercase for inventory and shopping names\r\n\r\n* Added InventoryBuy command\r\n\r\n* Added Model stuff for Orders implementation\r\n",
            "insertions": 175,
            "deletions": 13
          },
          {
            "hash": "144cfe7c27fe4b9325c364b0b4cdbdec9cd5b6ef",
            "messageTitle": "Updated model for integration",
            "messageBody": "",
            "insertions": 21,
            "deletions": 19
          },
          {
            "hash": "c78f89638fe96f2e0442756747f4375cf14a7c09",
            "messageTitle": "Updated model (#133)",
            "messageBody": "",
            "insertions": 22,
            "deletions": 5
          },
          {
            "hash": "88a409442344ccc3f51469b54f11d3eeaea2c865",
            "messageTitle": "ShoppingBuy with multiple indexes (#135)",
            "messageBody": "* Updated model\r\n\r\n* checkstyle\r\n\r\n* Updated ShoppingBuy, can buy multiple indexes of ingredients\r\n",
            "insertions": 82,
            "deletions": 60
          }
        ]
      },
      {
        "insertions": 278,
        "deletions": 94,
        "date": "2019-10-22",
        "commitResults": [
          {
            "hash": "dc70392c4ad39e16783950253c1ee099bb48c8fa",
            "messageTitle": "Separated ShoppingList from Inventory (#158)",
            "messageBody": "* Updated model\r\n\r\n* checkstyle\r\n\r\n* Updated ShoppingBuy, can buy multiple indexes of ingredients\r\n\r\n* separated shoppinglist from inventory feature\r\n\r\n* Added ShoppingShow command\r\n\r\n* autocompleter with inv and shop commands\r\n",
            "insertions": 278,
            "deletions": 94
          }
        ]
      },
      {
        "insertions": 30,
        "deletions": 28,
        "date": "2019-10-23",
        "commitResults": [
          {
            "hash": "669588ea580be0bcdaec2907b77232cbebf4763c",
            "messageTitle": "added computation of total cost of shoppingBuy",
            "messageBody": "",
            "insertions": 15,
            "deletions": 14
          },
          {
            "hash": "9a4b0667104873f6e2c8ef7a872f3021f2f70eaa",
            "messageTitle": "Computation of totalCost in shoppingbuy (#163)",
            "messageBody": "* Updated model\r\n\r\n* checkstyle\r\n\r\n* Updated ShoppingBuy, can buy multiple indexes of ingredients\r\n\r\n* separated shoppinglist from inventory feature\r\n\r\n* Added ShoppingShow command\r\n\r\n* autocompleter with inv and shop commands\r\n\r\n* added computation of total cost of shoppingBuy\r\n",
            "insertions": 15,
            "deletions": 14
          }
        ]
      },
      {
        "insertions": 107,
        "deletions": 45,
        "date": "2019-10-24",
        "commitResults": [
          {
            "hash": "dccfbc0a5b0c7f3739f8b44d9c0ca26af8a755cf",
            "messageTitle": "added ListShoppingCommand",
            "messageBody": "",
            "insertions": 36,
            "deletions": 6
          },
          {
            "hash": "5442f2f5a406aec0f9f95e43dde76a5bf6dde5cb",
            "messageTitle": "Added exception for negative quantity",
            "messageBody": "",
            "insertions": 11,
            "deletions": 10
          },
          {
            "hash": "b5709c1143498478ad7f63b18c973f9c7c6fa28c",
            "messageTitle": "ingredient cost rounded off to 2dp",
            "messageBody": "",
            "insertions": 7,
            "deletions": 3
          },
          {
            "hash": "a83556eb0ec38f86591f27868be28ac0128dbbc0",
            "messageTitle": "Revert \"ingredient cost rounded off to 2dp\"",
            "messageBody": "This reverts commit b5709c1143498478ad7f63b18c973f9c7c6fa28c.\n",
            "insertions": 3,
            "deletions": 7
          },
          {
            "hash": "254d9d6302e1350a9e9f826ec11780a5898d5f4f",
            "messageTitle": "Revert \"Revert \"ingredient cost rounded off to 2dp\"\"",
            "messageBody": "This reverts commit a83556eb0ec38f86591f27868be28ac0128dbbc0.\n",
            "insertions": 7,
            "deletions": 3
          },
          {
            "hash": "588f422d0260656c01c7d2c1260b646ee4ce2f2c",
            "messageTitle": "quantity to 1dp and item totalcost to 2dp",
            "messageBody": "",
            "insertions": 13,
            "deletions": 4
          },
          {
            "hash": "300321fded45a5ee9992e7d199a6bd919bf5a0c6",
            "messageTitle": "removing magic number/string in parser",
            "messageBody": "",
            "insertions": 30,
            "deletions": 12
          }
        ]
      },
      {
        "insertions": 212,
        "deletions": 68,
        "date": "2019-10-25",
        "commitResults": [
          {
            "hash": "b63b3063b362ea6cf6bd49324b1d6d8cb907258c",
            "messageTitle": "GUI shows total cost and updates when change is made",
            "messageBody": "",
            "insertions": 53,
            "deletions": 16
          },
          {
            "hash": "4bc7d18fe15d9f93625684cba08151c2c3e0fc07",
            "messageTitle": "Add ListShopping Command, ShoppingList GUI, and exception handling (#168)",
            "messageBody": "* Updated model\r\n\r\n* checkstyle\r\n\r\n* Updated ShoppingBuy, can buy multiple indexes of ingredients\r\n\r\n* separated shoppinglist from inventory feature\r\n\r\n* Added ShoppingShow command\r\n\r\n* autocompleter with inv and shop commands\r\n\r\n* added computation of total cost of shoppingBuy\r\n\r\n* added ListShoppingCommand\r\n\r\n* Added exception for negative quantity\r\n\r\n* ingredient cost rounded off to 2dp\r\n\r\n* Revert \"ingredient cost rounded off to 2dp\"\r\n\r\nThis reverts commit b5709c1143498478ad7f63b18c973f9c7c6fa28c.\r\n\r\n* Revert \"Revert \"ingredient cost rounded off to 2dp\"\"\r\n\r\nThis reverts commit a83556eb0ec38f86591f27868be28ac0128dbbc0.\r\n\r\n* quantity to 1dp and item totalcost to 2dp\r\n\r\n* removing magic number/string in parser\r\n\r\n* GUI shows total cost and updates when change is made\r\n",
            "insertions": 150,
            "deletions": 49
          },
          {
            "hash": "9bb7bc2b01e49ce216ff6a4bdc145781385d78d2",
            "messageTitle": "integrate sales and shopping",
            "messageBody": "",
            "insertions": 9,
            "deletions": 3
          }
        ]
      },
      {
        "insertions": 40,
        "deletions": 17,
        "date": "2019-10-29",
        "commitResults": [
          {
            "hash": "b8865232326aa4100d4ff188f7e25f87e2a4a6fd",
            "messageTitle": "undo redo for inv commands",
            "messageBody": "",
            "insertions": 40,
            "deletions": 17
          }
        ]
      },
      {
        "insertions": 237,
        "deletions": 65,
        "date": "2019-10-30",
        "commitResults": [
          {
            "hash": "cf97006bdc67834d48783dfcc1578398e3bca7d7",
            "messageTitle": "undo redo for shop commands",
            "messageBody": "",
            "insertions": 56,
            "deletions": 22
          },
          {
            "hash": "8de392194e2dde2c0f5750286f79df874c289c77",
            "messageTitle": "added computeTotalCost in model",
            "messageBody": "",
            "insertions": 12,
            "deletions": 2
          },
          {
            "hash": "606fab440f889a4b54d9bafb3948c0b878b2d8b1",
            "messageTitle": "Upper limit of qty is 5000",
            "messageBody": "",
            "insertions": 8,
            "deletions": 0
          },
          {
            "hash": "b6afc32b87e165e3ed1323c5e84fd5c7754d54fe",
            "messageTitle": "Undo Redo for inv and shop commands (#200); Add computeTotalCost",
            "messageBody": "* undo redo for inv commands\r\n\r\n* undo redo for shop commands\r\n\r\n* added computeTotalCost in model\r\n\r\n* Upper limit of qty is 5000\r\n",
            "insertions": 116,
            "deletions": 41
          },
          {
            "hash": "27f89d8e06d0dff50e1a01e8c40742aeaf8a84bb",
            "messageTitle": "exception handling for inv and shop add commands (#209)",
            "messageBody": "",
            "insertions": 45,
            "deletions": 0
          }
        ]
      },
      {
        "insertions": 139,
        "deletions": 66,
        "date": "2019-11-01",
        "commitResults": [
          {
            "hash": "73899df9f67eee871a44117a0ba473a8104b4a52",
            "messageTitle": "Fixed bugs + exception handling (#219)",
            "messageBody": "* exception handling for inv and shop add commands\r\n\r\n* Shop and inv delete with multiple indices\r\n\r\n* exception handling for edit commands\r\n\r\n* fixed bugs\r\n",
            "insertions": 139,
            "deletions": 66
          }
        ]
      }
    ]
  },
  "authorFinalContributionMap": {
    "liujiajun": 7979,
    "liushiru": 2634,
    "chekjun": 1339,
    "eugenelim97": 1954
  },
  "authorFileTypeContributionMap": {
    "liujiajun": {
      "tests": 751,
      "functional": 7197,
      "other": 31
    },
    "liushiru": {
      "tests": 621,
      "functional": 2011,
      "other": 2
    },
    "chekjun": {
      "tests": 0,
      "functional": 1339
    },
    "eugenelim97": {
      "tests": 0,
      "functional": 1954
    }
  },
  "authorContributionVariance": {
    "liujiajun": 951740.9,
    "liushiru": 64835.555,
    "chekjun": 34853.55,
    "eugenelim97": 108647.87
  },
  "authorDisplayNameMap": {
    "liujiajun": "CS2113T-T12-3 LIU  . . JUN",
    "liushiru": "CS2113T-T12-3 LIU  . . IRU",
    "chekjun": "CS2113T-T12-3 LIM  . . JUN",
    "eugenelim97": "CS2113T-T12-3 LIM  . . ENE"
  }
}
