{
  "authorDailyContributionsMap": {
    "liujiajun": [
      {
        "insertions": 304,
        "deletions": 253,
        "date": "2019-09-22",
        "commitResults": [
          {
            "hash": "67526a23217f1bd710fc06e860a67faf44b9ef56",
            "messageTitle": "Add order list UI",
            "messageBody": "",
            "insertions": 257,
            "deletions": 32
          },
          {
            "hash": "8128176bd5376480ac8965639a14d7e5d5992348",
            "messageTitle": "Update parser to support duplicate parameters",
            "messageBody": "",
            "insertions": 47,
            "deletions": 221
          }
        ]
      },
      {
        "insertions": 516,
        "deletions": 502,
        "date": "2019-09-23",
        "commitResults": [
          {
            "hash": "41a28f7ea726a3665de9254863453b1e3d2c7766",
            "messageTitle": "Add AddOrderCommand",
            "messageBody": "",
            "insertions": 185,
            "deletions": 12
          },
          {
            "hash": "8712a8d40d557fe1572e4bde9003acfffd1e0b76",
            "messageTitle": "Update storage; Add StorageTest",
            "messageBody": "",
            "insertions": 176,
            "deletions": 389
          },
          {
            "hash": "0737042264df11e7d5ec00faa4712c60ba715b0d",
            "messageTitle": "Add delete command",
            "messageBody": "",
            "insertions": 155,
            "deletions": 101
          }
        ]
      },
      {
        "insertions": 176,
        "deletions": 38,
        "date": "2019-09-24",
        "commitResults": [
          {
            "hash": "51b6e464fa83652c00ec95f01cc4771b8d803755",
            "messageTitle": "Add Edit order command; Add CommandParser",
            "messageBody": "",
            "insertions": 162,
            "deletions": 24
          },
          {
            "hash": "950657214efd01e32bf2a5adbc06f8e93d16f7de",
            "messageTitle": "Create a new entities package",
            "messageBody": "",
            "insertions": 14,
            "deletions": 14
          }
        ]
      },
      {
        "insertions": 209,
        "deletions": 114,
        "date": "2019-09-25",
        "commitResults": [
          {
            "hash": "985a3dd1aa04b9bb72d99b75ea6522d181504093",
            "messageTitle": "Cleanup code",
            "messageBody": "",
            "insertions": 47,
            "deletions": 23
          },
          {
            "hash": "84da3a4cc35543faf667c7fec0c462e702bf9ffd",
            "messageTitle": "Add OrderTest",
            "messageBody": "",
            "insertions": 57,
            "deletions": 22
          },
          {
            "hash": "f11bf996066962a8a2c7f9bf177e1b666eb3562d",
            "messageTitle": "Add undo/redo for DeleteOrderCommand; Fix the problem that parser cannot parse single word input",
            "messageBody": "",
            "insertions": 93,
            "deletions": 34
          },
          {
            "hash": "8c80c5f98597a2237db39f990426584846ff1f6f",
            "messageTitle": "Add PrettyTime to parse date",
            "messageBody": "",
            "insertions": 12,
            "deletions": 35
          }
        ]
      },
      {
        "insertions": 380,
        "deletions": 66,
        "date": "2019-09-26",
        "commitResults": [
          {
            "hash": "530cc85af7cf99a179a330e3f1b9dac7ab293270",
            "messageTitle": "Add PrettyTime to parse date",
            "messageBody": "",
            "insertions": 8,
            "deletions": 2
          },
          {
            "hash": "057b8b93e90797bcd039f2b3b7316729f59db05c",
            "messageTitle": "Redesign UI",
            "messageBody": "",
            "insertions": 372,
            "deletions": 64
          }
        ]
      },
      {
        "insertions": 277,
        "deletions": 71,
        "date": "2019-09-27",
        "commitResults": [
          {
            "hash": "dcbaa64efe996cbec39ee7b772bef15c53a28e44",
            "messageTitle": "Separate MainWindow into sub windows",
            "messageBody": "",
            "insertions": 179,
            "deletions": 57
          },
          {
            "hash": "3d76a1da8377132786eb2ef78351f2ebc1f604f7",
            "messageTitle": "Add page skeletons for sales and inventory",
            "messageBody": "",
            "insertions": 78,
            "deletions": 14
          },
          {
            "hash": "4b4497aaf46c3b2ebc8be7c60769720bb0aa1d17",
            "messageTitle": "Add the missing SalesPage",
            "messageBody": "",
            "insertions": 20,
            "deletions": 0
          }
        ]
      },
      {
        "insertions": 480,
        "deletions": 145,
        "date": "2019-09-28",
        "commitResults": [
          {
            "hash": "d71c13393658c7d3de031893c5c9ec798b04db3d",
            "messageTitle": "Add CompleteOrderCommand",
            "messageBody": "",
            "insertions": 158,
            "deletions": 85
          },
          {
            "hash": "74cd6257ccfa70a0648cc75c63ee9fc226c502ac",
            "messageTitle": "Add ShortcutCommand",
            "messageBody": "",
            "insertions": 157,
            "deletions": 32
          },
          {
            "hash": "09a6daef4300be9f916a7471e58062fecf6bf889",
            "messageTitle": "Add Redo \u0026 Undo for ShortcutCommand",
            "messageBody": "",
            "insertions": 60,
            "deletions": 21
          },
          {
            "hash": "f47551a03706c83237bd929783cdf0a04b412e71",
            "messageTitle": "Add JavaDoc for classes in command package",
            "messageBody": "",
            "insertions": 105,
            "deletions": 7
          }
        ]
      },
      {
        "insertions": 106,
        "deletions": 656,
        "date": "2019-09-29",
        "commitResults": [
          {
            "hash": "64857a98140a984a621fc2d76c45361915074257",
            "messageTitle": "Update JavaDoc and cleanup duke code.",
            "messageBody": "",
            "insertions": 16,
            "deletions": 617
          },
          {
            "hash": "ae1b10dfdf19feb95ea96b6db290b6ee00a2e66d",
            "messageTitle": "Add batch operation support for adding, deleting and completing orders.",
            "messageBody": "",
            "insertions": 84,
            "deletions": 38
          },
          {
            "hash": "9f290a2c713363566aa188aa65ead3c11e5779e4",
            "messageTitle": "Fix one-based and zero-based index bug",
            "messageBody": "",
            "insertions": 6,
            "deletions": 1
          }
        ]
      },
      {
        "insertions": 94,
        "deletions": 62,
        "date": "2019-09-30",
        "commitResults": [
          {
            "hash": "2e480b3ab9b84849a2073b6c71f57117aa9fd66e",
            "messageTitle": "Refactor parser",
            "messageBody": "",
            "insertions": 47,
            "deletions": 45
          },
          {
            "hash": "d6979e08792dd15332407b3d1b1346a498bd0aec",
            "messageTitle": "Update delete command",
            "messageBody": "",
            "insertions": 46,
            "deletions": 16
          },
          {
            "hash": "0a586baaa3d52da4a5ffee3103dfd070c8cdccad",
            "messageTitle": "Fix unable to change remarks",
            "messageBody": "",
            "insertions": 1,
            "deletions": 1
          }
        ]
      },
      {
        "insertions": 721,
        "deletions": 230,
        "date": "2019-10-02",
        "commitResults": [
          {
            "hash": "cb5d88e0c09bc9ef11d144a7092906c2105fe361",
            "messageTitle": "Refactor Parser",
            "messageBody": "",
            "insertions": 718,
            "deletions": 226
          },
          {
            "hash": "81b3ca8cd94a74beef221bee30a750453a831f45",
            "messageTitle": "Update test",
            "messageBody": "",
            "insertions": 3,
            "deletions": 4
          }
        ]
      },
      {
        "insertions": 489,
        "deletions": 355,
        "date": "2019-10-03",
        "commitResults": [
          {
            "hash": "6b7fa5e419cf4264d93ec4d66df9dcb04fcfa057",
            "messageTitle": "Temp",
            "messageBody": "",
            "insertions": 52,
            "deletions": 25
          },
          {
            "hash": "379b350a038076f76f5e56317380b2bf201ff1e2",
            "messageTitle": "Fix json parse error",
            "messageBody": "",
            "insertions": 183,
            "deletions": 155
          },
          {
            "hash": "3ff4a30fae5f497fae1aa51e3634b70d0e787816",
            "messageTitle": "Fix json parse error",
            "messageBody": "",
            "insertions": 43,
            "deletions": 32
          },
          {
            "hash": "fa6806d551dee6dd47766e0d49804404cc5c71c2",
            "messageTitle": "Fix Json parse error (#81)",
            "messageBody": "",
            "insertions": 211,
            "deletions": 143
          }
        ]
      },
      {
        "insertions": 3686,
        "deletions": 2891,
        "date": "2019-10-05",
        "commitResults": [
          {
            "hash": "140ba991f74727cbcba416875725997884f4ba88",
            "messageTitle": "Add model and logic (Work in progress)",
            "messageBody": "",
            "insertions": 2298,
            "deletions": 1775
          },
          {
            "hash": "4dd7c3aae830aa9b5f819755edce45ae126f0e3e",
            "messageTitle": "Remove test",
            "messageBody": "",
            "insertions": 63,
            "deletions": 63
          },
          {
            "hash": "bd0ddcf832e68e8d807f512972f652652772c5d7",
            "messageTitle": "no message",
            "messageBody": "",
            "insertions": 14,
            "deletions": 0
          },
          {
            "hash": "297197a66901b4cc855b20c31f1e21ccc6a25115",
            "messageTitle": "Refactor model and logic",
            "messageBody": "",
            "insertions": 734,
            "deletions": 354
          },
          {
            "hash": "bde1e37a52e82b22608d5ffea6c403e2397d4918",
            "messageTitle": "Refactor UI (Order page, in progress)",
            "messageBody": "",
            "insertions": 50,
            "deletions": 28
          },
          {
            "hash": "2c129743f220261d82bbfb42ea37cbac5e2ba4ec",
            "messageTitle": "Fix UI error",
            "messageBody": "",
            "insertions": 70,
            "deletions": 157
          },
          {
            "hash": "abfa9af1169842a9a36628c736718541b5ee70cd",
            "messageTitle": "Add EditOrderCommand and Index class",
            "messageBody": "",
            "insertions": 457,
            "deletions": 514
          }
        ]
      },
      {
        "insertions": 335,
        "deletions": 211,
        "date": "2019-10-06",
        "commitResults": [
          {
            "hash": "a50116d5ecce7af123a4b32ce335cfb391ca972f",
            "messageTitle": "Add JavaDoc",
            "messageBody": "",
            "insertions": 200,
            "deletions": 207
          },
          {
            "hash": "039751f4f7930c054cb3c51d8f2eea4f29a8e615",
            "messageTitle": "Add abstract list class",
            "messageBody": "",
            "insertions": 135,
            "deletions": 4
          }
        ]
      },
      {
        "insertions": 697,
        "deletions": 215,
        "date": "2019-10-07",
        "commitResults": [
          {
            "hash": "1d548e34441b306fb543e748bf66ddcf574c2837",
            "messageTitle": "Add Ingredient and Product class",
            "messageBody": "",
            "insertions": 580,
            "deletions": 206
          },
          {
            "hash": "019b15beee4092f60f5cddf38179140156ba6b45",
            "messageTitle": "Fix create new Product bug",
            "messageBody": "",
            "insertions": 5,
            "deletions": 0
          },
          {
            "hash": "9f5c1c109c95a49ff1d23ca929f5e48cc9507390",
            "messageTitle": "Add ExecuteShortcutCommand",
            "messageBody": "",
            "insertions": 112,
            "deletions": 9
          }
        ]
      },
      {
        "insertions": 97,
        "deletions": 63,
        "date": "2019-10-08",
        "commitResults": [
          {
            "hash": "872efa021a919b698520dbc8a69c18619392beeb",
            "messageTitle": "Fix code quality",
            "messageBody": "",
            "insertions": 32,
            "deletions": 39
          },
          {
            "hash": "020a6be22e9f4a8b706084b766629887ceebd6bb",
            "messageTitle": "Fix code quality",
            "messageBody": "",
            "insertions": 65,
            "deletions": 24
          }
        ]
      },
      {
        "insertions": 70,
        "deletions": 92,
        "date": "2019-10-09",
        "commitResults": [
          {
            "hash": "1611b217732c889a930d053fafda04c6647c28be",
            "messageTitle": "Fix code format issues",
            "messageBody": "",
            "insertions": 70,
            "deletions": 92
          }
        ]
      },
      {
        "insertions": 150,
        "deletions": 136,
        "date": "2019-10-10",
        "commitResults": [
          {
            "hash": "24ca98d68bbb5de4bb6c48c0999e3396b90aaf2f",
            "messageTitle": "Integrate Product in Order commands",
            "messageBody": "",
            "insertions": 100,
            "deletions": 92
          },
          {
            "hash": "85fc476665f77bc89dbd4a5d99f7a6d24d6a19c9",
            "messageTitle": "Add Item class",
            "messageBody": "",
            "insertions": 50,
            "deletions": 44
          }
        ]
      },
      {
        "insertions": 274,
        "deletions": 207,
        "date": "2019-10-11",
        "commitResults": [
          {
            "hash": "5849e865a02b726b776af2de7bc98732c0777fcf",
            "messageTitle": "Fix import",
            "messageBody": "",
            "insertions": 86,
            "deletions": 73
          },
          {
            "hash": "8efba6fef33b57c391a8ae76f921d9e28cee24d9",
            "messageTitle": "Fix code quality",
            "messageBody": "",
            "insertions": 76,
            "deletions": 101
          },
          {
            "hash": "2466c905b0e72c3441c15e7b7e0a6a1ca972dad0",
            "messageTitle": "Add CompleteOrderCommand",
            "messageBody": "",
            "insertions": 112,
            "deletions": 33
          }
        ]
      },
      {
        "insertions": 822,
        "deletions": 403,
        "date": "2019-10-12",
        "commitResults": [
          {
            "hash": "6fa2bd9af75a6af925c2a12c23be38378069e112",
            "messageTitle": "Add DeleteOrderCommand",
            "messageBody": "",
            "insertions": 74,
            "deletions": 95
          },
          {
            "hash": "9df155ff3a4675551946c33a21d7e404fde116e7",
            "messageTitle": "Implement Undo and Redo commands",
            "messageBody": "",
            "insertions": 270,
            "deletions": 70
          },
          {
            "hash": "5157e2819c38da6e1e1078f72ab5c87c04ede70a",
            "messageTitle": "Support Undo and Redo message",
            "messageBody": "",
            "insertions": 78,
            "deletions": 36
          },
          {
            "hash": "10d3537c41c18745f28745b1fc9c0fead755cc6c",
            "messageTitle": "Add dummy DeleteOrderCommand",
            "messageBody": "",
            "insertions": 4,
            "deletions": 33
          },
          {
            "hash": "859ec426966eb399a5c8746400b0570d14272a10",
            "messageTitle": "Implement basic AutoComplete feature",
            "messageBody": "",
            "insertions": 192,
            "deletions": 53
          },
          {
            "hash": "5a4f1a0e88c4401e3c4d33ab5023a7dd9cf35ce3",
            "messageTitle": "Add JavaDoc",
            "messageBody": "",
            "insertions": 3,
            "deletions": 0
          },
          {
            "hash": "4e9fd5c9d6e6dbea1438ea5727979a1c381c04f7",
            "messageTitle": "Support switching between suggestions by pressing Tab",
            "messageBody": "",
            "insertions": 201,
            "deletions": 116
          }
        ]
      },
      {
        "insertions": 237,
        "deletions": 117,
        "date": "2019-10-13",
        "commitResults": [
          {
            "hash": "463a203a981fb2a48c6ebc0b4564905f71a59ca2",
            "messageTitle": "Fix Autocompleter crush when undefined word is present",
            "messageBody": "",
            "insertions": 3,
            "deletions": 0
          },
          {
            "hash": "dd2a0e8287a89aba2568c898d7a0c5619bea1ce0",
            "messageTitle": "Fix AutoCompleter crush on spaces (#111)",
            "messageBody": "",
            "insertions": 48,
            "deletions": 38
          },
          {
            "hash": "ea758d9255f1c25aa8eb01b8da958a92c3ada7ea",
            "messageTitle": "Integrate Order and Product",
            "messageBody": "",
            "insertions": 109,
            "deletions": 71
          },
          {
            "hash": "c507c53459020519c163a2a9bc71b9336c601bba",
            "messageTitle": "Fix code quality",
            "messageBody": "",
            "insertions": 77,
            "deletions": 8
          }
        ]
      },
      {
        "insertions": 202,
        "deletions": 93,
        "date": "2019-10-14",
        "commitResults": [
          {
            "hash": "21efaa7efea733b475bc832323ae9c8b83f17fc5",
            "messageTitle": "Refactor parser to use Stream (#117)",
            "messageBody": "* Update AutoCompleter\r\n\r\n* Refactor parser to use Stream\r\n\r\n* Reomve Log file\r\n\r\n* Add Developer Guide template\r\n",
            "insertions": 202,
            "deletions": 93
          }
        ]
      }
    ],
    "liushiru": [
      {
        "insertions": 117,
        "deletions": 0,
        "date": "2019-09-23",
        "commitResults": [
          {
            "hash": "4c0120a79e7d39179e7ce642f05737a45ed6e4b3",
            "messageTitle": "trying out UI",
            "messageBody": "",
            "insertions": 117,
            "deletions": 0
          }
        ]
      },
      {
        "insertions": 641,
        "deletions": 63,
        "date": "2019-09-25",
        "commitResults": [
          {
            "hash": "4c82ea431499923ab830e311920d24db6915297e",
            "messageTitle": "Start Recipe UI, add Ingredient class",
            "messageBody": "",
            "insertions": 409,
            "deletions": 26
          },
          {
            "hash": "d811d7a552438699c2e14c104125e2f6a664fcb0",
            "messageTitle": "global impacts made to adjust UI",
            "messageBody": "",
            "insertions": 229,
            "deletions": 33
          },
          {
            "hash": "b1f4d0d91256e38a09f9a132305f860608749b76",
            "messageTitle": "moved recipe package to entities",
            "messageBody": "",
            "insertions": 3,
            "deletions": 4
          }
        ]
      },
      {
        "insertions": 50,
        "deletions": 6,
        "date": "2019-09-27",
        "commitResults": [
          {
            "hash": "fd89a09a9c1bd0cb913cd5c473db6c063cf4b6ff",
            "messageTitle": "add Recipe UI, ad .table-view css, merge",
            "messageBody": "",
            "insertions": 50,
            "deletions": 6
          }
        ]
      },
      {
        "insertions": 120,
        "deletions": 23,
        "date": "2019-09-28",
        "commitResults": [
          {
            "hash": "0fad8c88634168ad172ba53e9d183f85f5140b14",
            "messageTitle": "start Recipe Parsing",
            "messageBody": "",
            "insertions": 87,
            "deletions": 12
          },
          {
            "hash": "5bfdf958189a666f010ef2f344b6273be9f52bfe",
            "messageTitle": "adjusted RecipeShowPage UI",
            "messageBody": "",
            "insertions": 33,
            "deletions": 11
          }
        ]
      },
      {
        "insertions": 163,
        "deletions": 29,
        "date": "2019-10-01",
        "commitResults": [
          {
            "hash": "54418bff552d5096cb805d9f7d692182e00063f4",
            "messageTitle": "Learnt Parser",
            "messageBody": "",
            "insertions": 163,
            "deletions": 29
          }
        ]
      },
      {
        "insertions": 204,
        "deletions": 113,
        "date": "2019-10-02",
        "commitResults": [
          {
            "hash": "b73eb4891b8e19730c46d411b7150e932e1b811c",
            "messageTitle": "start recipe storage, can add basic component of a recipe",
            "messageBody": "",
            "insertions": 89,
            "deletions": 21
          },
          {
            "hash": "7bdd77f07c9aec47119ccf6093c61a3f94130a5b",
            "messageTitle": "add CodeReformatter.xml file",
            "messageBody": "",
            "insertions": 115,
            "deletions": 92
          }
        ]
      },
      {
        "insertions": 258,
        "deletions": 457,
        "date": "2019-10-08",
        "commitResults": [
          {
            "hash": "9a08f877fc72a6b055f8f10b96df4827379e6cf0",
            "messageTitle": "changed name",
            "messageBody": "",
            "insertions": 258,
            "deletions": 457
          }
        ]
      },
      {
        "insertions": 751,
        "deletions": 357,
        "date": "2019-10-09",
        "commitResults": [
          {
            "hash": "e192ddc57a964d996329d4c28e23ce5ee1011b69",
            "messageTitle": "add minimum product backend implementation",
            "messageBody": "",
            "insertions": 304,
            "deletions": 201
          },
          {
            "hash": "02ac66a4a957fd8c27c2a0cb26e38fa031a73a6d",
            "messageTitle": "refactor Recipe to Product",
            "messageBody": "",
            "insertions": 68,
            "deletions": 78
          },
          {
            "hash": "3673cc3198a35a22a2991fc9a84b1bdf8eeab77e",
            "messageTitle": "add edit product",
            "messageBody": "",
            "insertions": 131,
            "deletions": 20
          },
          {
            "hash": "8e8166ba5c37f91a6204c38f0f24a3d5b81f948e",
            "messageTitle": "need to refactor commons.product",
            "messageBody": "",
            "insertions": 130,
            "deletions": 0
          },
          {
            "hash": "6a6e037425817b4697732543d51567000b430366",
            "messageTitle": "add EditProductCommand related, left status",
            "messageBody": "",
            "insertions": 72,
            "deletions": 58
          },
          {
            "hash": "5aaf333226c44985fc05753deb6652d7df8d68fb",
            "messageTitle": "add input history feature",
            "messageBody": "",
            "insertions": 46,
            "deletions": 0
          }
        ]
      },
      {
        "insertions": 461,
        "deletions": 274,
        "date": "2019-10-13",
        "commitResults": [
          {
            "hash": "26a7dce2c6d3789c63140598dcb7327fe44679bf",
            "messageTitle": "Implement product features (#110)",
            "messageBody": "* add ingredient parser\r\n\r\n* add ingredient regex\r\n\r\n* basic auto complete text field\r\n\r\n* auto complete settle text, left positioning\r\n\r\n* add autoComplete\r\n\r\n* deal with log file\r\n\r\n* product edit, list status\r\n\r\n* clean up build.gradle\r\n\r\n* code quality check\r\n\r\n* code quality\r\n",
            "insertions": 461,
            "deletions": 274
          }
        ]
      },
      {
        "insertions": 272,
        "deletions": 159,
        "date": "2019-10-14",
        "commitResults": [
          {
            "hash": "a3db3d4426553b682b7310f3de98c8c091dcd20a",
            "messageTitle": "add ingredient list",
            "messageBody": "",
            "insertions": 197,
            "deletions": 58
          },
          {
            "hash": "6304bb43591376016504deae04a40fb442c29f52",
            "messageTitle": "build",
            "messageBody": "",
            "insertions": 75,
            "deletions": 101
          }
        ]
      }
    ],
    "chekjun": [
      {
        "insertions": 646,
        "deletions": 11,
        "date": "2019-09-27",
        "commitResults": [
          {
            "hash": "8c35d92b3489a5e06f3171f0ecb5a25cd253ed10",
            "messageTitle": "Sales code added but not fully implemented yet.",
            "messageBody": "",
            "insertions": 290,
            "deletions": 6
          },
          {
            "hash": "c0423bf0ea8ab9e758d74e44182d232f840686fe",
            "messageTitle": "Added 2 more commands for Sale. No GUI implemented yet.",
            "messageBody": "",
            "insertions": 356,
            "deletions": 5
          }
        ]
      },
      {
        "insertions": 135,
        "deletions": 142,
        "date": "2019-10-01",
        "commitResults": [
          {
            "hash": "71b7c05cc3e94ed201dd88e8e5e708567f184957",
            "messageTitle": "Merged saleList into bakingList for easy serialization.",
            "messageBody": "",
            "insertions": 134,
            "deletions": 115
          },
          {
            "hash": "b6836c17800df1d071a003bd78e559d7c0708c4e",
            "messageTitle": "Cleaned up unused imports",
            "messageBody": "",
            "insertions": 1,
            "deletions": 27
          }
        ]
      },
      {
        "insertions": 222,
        "deletions": 5,
        "date": "2019-10-06",
        "commitResults": [
          {
            "hash": "381ba93c16ca64f9f11963a3ac578d430cb1f3d2",
            "messageTitle": "Designed salepage anchorpane",
            "messageBody": "",
            "insertions": 222,
            "deletions": 5
          }
        ]
      },
      {
        "insertions": 189,
        "deletions": 34,
        "date": "2019-10-09",
        "commitResults": [
          {
            "hash": "18a0137979985d8585a81f979279b07e3ce2401a",
            "messageTitle": "Did up sale page UI. Starting porting over sales to new parser system.",
            "messageBody": "",
            "insertions": 189,
            "deletions": 34
          }
        ]
      },
      {
        "insertions": 19,
        "deletions": 163,
        "date": "2019-10-10",
        "commitResults": [
          {
            "hash": "f7e59bcd61757676585819695e05cc35349d7139",
            "messageTitle": "Merged changes with master.",
            "messageBody": "",
            "insertions": 12,
            "deletions": 16
          },
          {
            "hash": "c7f1464724fdb9c3ea32669d6a58a07e5b5003aa",
            "messageTitle": "Fixed commit as per PR comments.",
            "messageBody": "",
            "insertions": 7,
            "deletions": 147
          }
        ]
      },
      {
        "insertions": 236,
        "deletions": 203,
        "date": "2019-10-12",
        "commitResults": [
          {
            "hash": "afacbf1d6f9e1a192f63ce07d23f9343a2376a25",
            "messageTitle": "Ported sale system to new logic. Still missing sale card design.",
            "messageBody": "",
            "insertions": 236,
            "deletions": 203
          }
        ]
      },
      {
        "insertions": 135,
        "deletions": 54,
        "date": "2019-10-13",
        "commitResults": [
          {
            "hash": "e1d6f3deef5cdda2b9816cdb1bdff1078d8c3706",
            "messageTitle": "Designed salecard with grid but no icon pictures yet.",
            "messageBody": "",
            "insertions": 135,
            "deletions": 54
          }
        ]
      },
      {
        "insertions": 313,
        "deletions": 42,
        "date": "2019-10-14",
        "commitResults": [
          {
            "hash": "690182b6640ec24413545cef71e554accdb65afc",
            "messageTitle": "Added add sale and edit sale command parsers. Basic GUI done without icons.",
            "messageBody": "",
            "insertions": 275,
            "deletions": 3
          },
          {
            "hash": "465f8bab37b68a22f98f5937358d560c40c80eff",
            "messageTitle": "Fixed duplicate method causing build failure.",
            "messageBody": "",
            "insertions": 0,
            "deletions": 4
          },
          {
            "hash": "8b4fa911b360534f96a15d63ccd583b73951b2c8",
            "messageTitle": "Removed some unused imports.",
            "messageBody": "",
            "insertions": 0,
            "deletions": 9
          },
          {
            "hash": "27fad8cc8acd602da039bd779429a02a5f9cca79",
            "messageTitle": "Removed more unused imports.",
            "messageBody": "",
            "insertions": 15,
            "deletions": 12
          },
          {
            "hash": "22390946b69cbd8e70a0ec6e0e990b3c0c484b1f",
            "messageTitle": "Clean up code quality",
            "messageBody": "",
            "insertions": 22,
            "deletions": 10
          },
          {
            "hash": "20a78162949334987b7124119583d54648b6a0ae",
            "messageTitle": "Cleaned up unused import.",
            "messageBody": "",
            "insertions": 1,
            "deletions": 4
          }
        ]
      }
    ],
    "eugenelim97": [
      {
        "insertions": 53,
        "deletions": 15,
        "date": "2019-09-27",
        "commitResults": [
          {
            "hash": "b40eb645f12be6d76f07231611f7dd8f9d0747d7",
            "messageTitle": "Add Basic UI for Inventory (#28)",
            "messageBody": "* Added About Us\r\n\r\n* Changed to about us to .adoc\r\n\r\n* Edited image names\r\n\r\n* updated java fx version\r\n\r\n* synced to repo\r\n\r\n* Updated Ui, abit buggy\r\n",
            "insertions": 53,
            "deletions": 15
          }
        ]
      },
      {
        "insertions": 136,
        "deletions": 48,
        "date": "2019-09-30",
        "commitResults": [
          {
            "hash": "7f0e58e4c6127cdb1eb4c1c19a08debe38b99a66",
            "messageTitle": "Updated InventoryPage UI and AboutUs (#56)",
            "messageBody": "* Added About Us\r\n\r\n* Changed to about us to .adoc\r\n\r\n* Edited image names\r\n\r\n* updated java fx version\r\n\r\n* synced to repo\r\n\r\n* Updated Ui, abit buggy\r\n\r\n* Updated InventoryPage UI\r\n\r\n* Updated Inventory UI\r\n\r\n* Added inventory and storage classes, and updated about us page\r\n",
            "insertions": 136,
            "deletions": 48
          }
        ]
      },
      {
        "insertions": 245,
        "deletions": 81,
        "date": "2019-10-02",
        "commitResults": [
          {
            "hash": "2bbde8ee05347af491abfa9b92af3f1f43c49f70",
            "messageTitle": "Added AddInventory command and it works, UI doesn\u0027t show yet",
            "messageBody": "",
            "insertions": 196,
            "deletions": 73
          },
          {
            "hash": "c7fd00eea69da9902f124e1d0eb7b3dfa5620836",
            "messageTitle": "Updated GUI to show inventory items, index column buggy",
            "messageBody": "",
            "insertions": 49,
            "deletions": 8
          }
        ]
      },
      {
        "insertions": 68,
        "deletions": 89,
        "date": "2019-10-14",
        "commitResults": [
          {
            "hash": "2394cb71d3983eef0d931ba39d9b0b8ffce1846c",
            "messageTitle": "Updated Inventory to be Item (#115)",
            "messageBody": "* Updated Inventory to be Item\r\n\r\n* Amended changes with codacy review\r\n",
            "insertions": 68,
            "deletions": 89
          }
        ]
      }
    ]
  },
  "authorFinalContributionMap": {
    "liujiajun": 5524,
    "liushiru": 1321,
    "chekjun": 859,
    "eugenelim97": 282
  },
  "authorFileTypeContributionMap": {
    "liujiajun": {
      "tests": 67,
      "functional": 5455,
      "other": 2
    },
    "liushiru": {
      "tests": 12,
      "functional": 1307,
      "other": 2
    },
    "chekjun": {
      "tests": 0,
      "functional": 859
    },
    "eugenelim97": {
      "tests": 0,
      "functional": 282
    }
  },
  "authorContributionVariance": {
    "liujiajun": 1604453.4,
    "liushiru": 95191.84,
    "chekjun": 30270.92,
    "eugenelim97": 6120.651
  },
  "authorDisplayNameMap": {
    "liujiajun": "CS2113T-T12-3 LIU  . . JUN",
    "liushiru": "CS2113T-T12-3 LIU  . . IRU",
    "chekjun": "CS2113T-T12-3 LIM  . . JUN",
    "eugenelim97": "CS2113T-T12-3 LIM  . . ENE"
  }
}
