{
  "authorDailyContributionsMap": {
    "gowgos5": [
      {
        "insertions": 6,
        "deletions": 4,
        "date": "2019-09-24",
        "commitResults": [
          {
            "hash": "701b14aeb2738f3e89b55864e0a53a43d53a50d6",
            "messageTitle": "Fix Junit test to work with new B-Extensions",
            "messageBody": "",
            "insertions": 6,
            "deletions": 4
          }
        ]
      },
      {
        "insertions": 31,
        "deletions": 52,
        "date": "2019-09-28",
        "commitResults": [
          {
            "hash": "ca9072b3cdef5ae16e899ecb509ad78ac0fa8231",
            "messageTitle": "Make code style enhancements",
            "messageBody": "",
            "insertions": 31,
            "deletions": 51
          },
          {
            "hash": "6bca4f08f01d4a2042e29f26ddc27487b07520ab",
            "messageTitle": "Remove unused import",
            "messageBody": "",
            "insertions": 0,
            "deletions": 1
          }
        ]
      },
      {
        "insertions": 16,
        "deletions": 4,
        "date": "2019-10-06",
        "commitResults": [
          {
            "hash": "1d09aadf16bc09fde88e72d844adf578c36da1ce",
            "messageTitle": "Send coverage data to coveralls.io",
            "messageBody": "",
            "insertions": 4,
            "deletions": 0
          },
          {
            "hash": "60a13d6767f5206ed50b77d605c86ce3973de84a",
            "messageTitle": "Change from Cobetura to Jacoco",
            "messageBody": "",
            "insertions": 12,
            "deletions": 4
          }
        ]
      },
      {
        "insertions": 2,
        "deletions": 0,
        "date": "2019-10-09",
        "commitResults": [
          {
            "hash": "5ef4fb8a5f164e9c0657911972133a0099186d4c",
            "messageTitle": "Add GSON library",
            "messageBody": "",
            "insertions": 2,
            "deletions": 0
          }
        ]
      },
      {
        "insertions": 263,
        "deletions": 520,
        "date": "2019-10-10",
        "commitResults": [
          {
            "hash": "90f5737f0e01bcea0615a076b925cfa662ba8ebb",
            "messageTitle": "Start JavaFX integration by changing main class",
            "messageBody": "",
            "insertions": 2,
            "deletions": 2
          },
          {
            "hash": "215a7c0252596130884ce1040be916abfeb9f3f6",
            "messageTitle": "Add interfacing GUI",
            "messageBody": "",
            "insertions": 51,
            "deletions": 18
          },
          {
            "hash": "02bb44fbaa635631b7ec18336483793237ac7c69",
            "messageTitle": "Change Duke to DukeGui (GUI version)",
            "messageBody": "",
            "insertions": 50,
            "deletions": 121
          },
          {
            "hash": "68e0c5778ba70b6b0d16adadc42bb274cb9c53dc",
            "messageTitle": "Edit DukeCore to work with GUI",
            "messageBody": "",
            "insertions": 14,
            "deletions": 11
          },
          {
            "hash": "30757b545fe1f003f2137987420db3565f219a8b",
            "messageTitle": "Add Launcher class for launching application",
            "messageBody": "",
            "insertions": 17,
            "deletions": 8
          },
          {
            "hash": "4c16cc4d17ee4ec965f4d2f2897b3ba57229be3d",
            "messageTitle": "Remove clashing tests temporarily",
            "messageBody": "",
            "insertions": 43,
            "deletions": 43
          },
          {
            "hash": "b71c448550e9e2990e39681d3071f750f6513efe",
            "messageTitle": "Remove unused variable",
            "messageBody": "",
            "insertions": 0,
            "deletions": 2
          },
          {
            "hash": "4bc6b035eb70e603dafb24a56e832e37fbefe068",
            "messageTitle": "Revert \"New parser\"",
            "messageBody": "",
            "insertions": 86,
            "deletions": 315
          }
        ]
      },
      {
        "insertions": 699,
        "deletions": 363,
        "date": "2019-10-15",
        "commitResults": [
          {
            "hash": "8d031ef89be5b51c2fb4d7c77c8b1a1bb35e1008",
            "messageTitle": "Add UiElement abstract class",
            "messageBody": "",
            "insertions": 87,
            "deletions": 0
          },
          {
            "hash": "b7303c0cdfea3dabb054879709ba6b080f060495",
            "messageTitle": "Revert \"New parser component\"",
            "messageBody": "",
            "insertions": 570,
            "deletions": 328
          },
          {
            "hash": "ec677e66714b891bff9c232e08245191dd377a70",
            "messageTitle": "Update UiElement and add Javadoc",
            "messageBody": "",
            "insertions": 29,
            "deletions": 22
          },
          {
            "hash": "cea92b18a830b30e8d39aef8a4b014cc2a6053ed",
            "messageTitle": "Rename to UiComponent",
            "messageBody": "",
            "insertions": 13,
            "deletions": 13
          }
        ]
      },
      {
        "insertions": 616,
        "deletions": 380,
        "date": "2019-10-16",
        "commitResults": [
          {
            "hash": "23b965f171c7bc0b251214fb70e607d1e754ab10",
            "messageTitle": "Add UiManager to manage UI",
            "messageBody": "",
            "insertions": 75,
            "deletions": 0
          },
          {
            "hash": "61409ebc6395af9681a4a5024102cfe391e11bca",
            "messageTitle": "Complete basic form of UI",
            "messageBody": "",
            "insertions": 534,
            "deletions": 373
          },
          {
            "hash": "02a17e276182c1f23b241c5323ca573b71d8c7a6",
            "messageTitle": "Fix checkstyle violations",
            "messageBody": "",
            "insertions": 6,
            "deletions": 6
          },
          {
            "hash": "671b8456f61eff640b90abfe10012b82e17306c2",
            "messageTitle": "Change file path",
            "messageBody": "",
            "insertions": 1,
            "deletions": 1
          }
        ]
      },
      {
        "insertions": 139,
        "deletions": 38,
        "date": "2019-10-17",
        "commitResults": [
          {
            "hash": "db597f1bd137dea82df69f414ef33bed48297f1c",
            "messageTitle": "Dr. Duke v1.2",
            "messageBody": "",
            "insertions": 1,
            "deletions": 1
          },
          {
            "hash": "15839627cbafb5f7167c323362f11e6e387299fb",
            "messageTitle": "Add feature to add patient",
            "messageBody": "",
            "insertions": 138,
            "deletions": 37
          }
        ]
      },
      {
        "insertions": 368,
        "deletions": 580,
        "date": "2019-10-19",
        "commitResults": [
          {
            "hash": "4d475c138ff64f8ba35d63ca153f0a7953bfe914",
            "messageTitle": "Refactor UiComponent.java",
            "messageBody": "",
            "insertions": 17,
            "deletions": 42
          },
          {
            "hash": "3b0ef2cdd11559147f062d1cb86dc388b384a7f5",
            "messageTitle": "Add emphasis for JavaDocs",
            "messageBody": "",
            "insertions": 1,
            "deletions": 1
          },
          {
            "hash": "8314fafc68bc8b51a219c3ae887229bc20e095b5",
            "messageTitle": "Rename UiComponent.java to UiElement.java",
            "messageBody": "",
            "insertions": 10,
            "deletions": 10
          },
          {
            "hash": "8226f90cad86c1d2d1de8586627608eb987b1170",
            "messageTitle": "Refactor Ui.java",
            "messageBody": "",
            "insertions": 9,
            "deletions": 5
          },
          {
            "hash": "bd69f0d2bf2aa63b6db25dcfed4dc7873119f367",
            "messageTitle": "Refactor UiManager.java",
            "messageBody": "",
            "insertions": 53,
            "deletions": 38
          },
          {
            "hash": "ebe8ec7dce0b4077b626642669cfc8b23c75a70f",
            "messageTitle": "Set proper access specifiers for UiElement.java",
            "messageBody": "",
            "insertions": 3,
            "deletions": 3
          },
          {
            "hash": "55436499a1fd93f426fb32a7dccf769fdc67e459",
            "messageTitle": "Refactor MainWindow.java",
            "messageBody": "",
            "insertions": 32,
            "deletions": 45
          },
          {
            "hash": "f6324c11b80d048281304dece512e1ac5a2cd0d3",
            "messageTitle": "Refactor UiMessage.java",
            "messageBody": "",
            "insertions": 10,
            "deletions": 19
          },
          {
            "hash": "328bba484483da61e66810961f9783e54463545a",
            "messageTitle": "Update ICON_APPLICATION",
            "messageBody": "",
            "insertions": 2,
            "deletions": 3
          },
          {
            "hash": "1030bf81098c68dfa6e3aa3dd52974ee0d030752",
            "messageTitle": "Fix MainWindow.fxml",
            "messageBody": "",
            "insertions": 3,
            "deletions": 3
          },
          {
            "hash": "d346eb6cdb9b55c38c9691a8c76aa85c5874fa89",
            "messageTitle": "Refactor CommandWindow.java",
            "messageBody": "",
            "insertions": 80,
            "deletions": 74
          },
          {
            "hash": "d9269e30c4c355dee46ee91cebeb905d11d72f4c",
            "messageTitle": "Delete Gui.java",
            "messageBody": "",
            "insertions": 4,
            "deletions": 109
          },
          {
            "hash": "393e91173b8aaf753e5c7c665b2f8977e74463ef",
            "messageTitle": "Refactor MessageBox to extend from UiElement",
            "messageBody": "",
            "insertions": 40,
            "deletions": 44
          },
          {
            "hash": "3413073f3748caf852ce39cc65448a164ceb5056",
            "messageTitle": "Refactor DukeCore.java",
            "messageBody": "",
            "insertions": 23,
            "deletions": 18
          },
          {
            "hash": "d39efa3006cbe1b00af71a1abf4221f751886de6",
            "messageTitle": "Refactor DukeCore.java",
            "messageBody": "",
            "insertions": 1,
            "deletions": 1
          },
          {
            "hash": "6027a84d98963f0059dcae5e90aa1dfc397ccee8",
            "messageTitle": "Rename package from duke.gui to duke.ui",
            "messageBody": "",
            "insertions": 12,
            "deletions": 12
          },
          {
            "hash": "f6f3cd5affd538af1c94c16987dd7dd9d6f51997",
            "messageTitle": "Refactor PatientWindow.java",
            "messageBody": "",
            "insertions": 4,
            "deletions": 4
          },
          {
            "hash": "58632b848ca5871a66ac8bc574560eea763e5283",
            "messageTitle": "Refactor HomeWindow.java",
            "messageBody": "",
            "insertions": 56,
            "deletions": 29
          },
          {
            "hash": "849753269a87d52466445ea78931ee798df30cf7",
            "messageTitle": "Fix checkstyle violation",
            "messageBody": "",
            "insertions": 1,
            "deletions": 1
          },
          {
            "hash": "ac48442493250681c132080c627245f9d194698a",
            "messageTitle": "Fix checkstyle violations",
            "messageBody": "",
            "insertions": 4,
            "deletions": 8
          },
          {
            "hash": "9b2a287da5c6fbadfb6bd9a8f24faee153b9c973",
            "messageTitle": "Delete unused Ui file",
            "messageBody": "",
            "insertions": 0,
            "deletions": 103
          },
          {
            "hash": "e50727dd9072fe0f3ac6658f7809d263ca4c6496",
            "messageTitle": "Move messages to CommandWindow.java",
            "messageBody": "",
            "insertions": 3,
            "deletions": 8
          }
        ]
      }
    ],
    "aquohn": [
      {
        "insertions": 3,
        "deletions": 9,
        "date": "2019-09-23",
        "commitResults": [
          {
            "hash": "df7f7af9002ab55d221666f3f1913b39ea6e3104",
            "messageTitle": "Add DOT file and SVG for Phase 2 class diagrams",
            "messageBody": "",
            "insertions": 3,
            "deletions": 9
          }
        ]
      },
      {
        "insertions": 9,
        "deletions": 8,
        "date": "2019-09-24",
        "commitResults": [
          {
            "hash": "23535a6c1b58edd4da35d55613f75588acb6f7ea",
            "messageTitle": "Fix recurring task failing JUnit test",
            "messageBody": "",
            "insertions": 9,
            "deletions": 8
          }
        ]
      },
      {
        "insertions": 72,
        "deletions": 28,
        "date": "2019-10-02",
        "commitResults": [
          {
            "hash": "b2932f860b11d968a891b842c9f942eb0373724c",
            "messageTitle": "Change parse function for ArgCommand",
            "messageBody": "",
            "insertions": 12,
            "deletions": 13
          },
          {
            "hash": "fa7f4d7c77892be769b71755f17c4870e6865fd3",
            "messageTitle": "Setup basic parser function",
            "messageBody": "",
            "insertions": 7,
            "deletions": 3
          },
          {
            "hash": "a343253073772babad8a8bc4431fb13180cc2181",
            "messageTitle": "Add auxiliary parser functions",
            "messageBody": "",
            "insertions": 53,
            "deletions": 12
          }
        ]
      },
      {
        "insertions": 295,
        "deletions": 239,
        "date": "2019-10-03",
        "commitResults": [
          {
            "hash": "aff70c969cacadd5fb4657e8af64cc7801435d97",
            "messageTitle": "Update gradle build file to build cross-platform jars",
            "messageBody": "",
            "insertions": 18,
            "deletions": 5
          },
          {
            "hash": "ce1a9343cd72473706118355354ae896a21a16aa",
            "messageTitle": "Add complain function",
            "messageBody": "",
            "insertions": 58,
            "deletions": 19
          },
          {
            "hash": "1e453430d537c98a3e973c6a5ea795930f0edd70",
            "messageTitle": "Move parsing to Parser class",
            "messageBody": "",
            "insertions": 70,
            "deletions": 80
          },
          {
            "hash": "26797348c3f39a93fdfa4763b36bb118126aa4f5",
            "messageTitle": "Remove complaint, add Command.getHelp() and DukeHelpException",
            "messageBody": "Moving towards a model of throwing an error as soon as it is encountered, and added support for Exceptions that include relevant user guide excerpts in their error messages.\n",
            "insertions": 28,
            "deletions": 14
          },
          {
            "hash": "e1560e630a86f8ff14ab5b29f4f7f7e5532652eb",
            "messageTitle": "Replace DukeContext with DukeCore",
            "messageBody": "",
            "insertions": 121,
            "deletions": 121
          }
        ]
      },
      {
        "insertions": 246,
        "deletions": 92,
        "date": "2019-10-09",
        "commitResults": [
          {
            "hash": "c7b5ef73a442df0d0ef07cb69b8f6156d1f68d3a",
            "messageTitle": "Create FSM for argument parsing and handler function for base state",
            "messageBody": "",
            "insertions": 67,
            "deletions": 14
          },
          {
            "hash": "d70a7f18a281201444e623072ad94f9bc0e8ab7f",
            "messageTitle": "Replace currParse with private members",
            "messageBody": "",
            "insertions": 75,
            "deletions": 43
          },
          {
            "hash": "7a5d976251fea20db66e18f19572605371381796",
            "messageTitle": "Add handleString to Parser",
            "messageBody": "",
            "insertions": 10,
            "deletions": 2
          },
          {
            "hash": "8972ac8ce316a5fa4ed8e92b4031a4a6f1d38ba3",
            "messageTitle": "Add addSwitch function",
            "messageBody": "",
            "insertions": 30,
            "deletions": 12
          },
          {
            "hash": "9f0a7515484103569b3c8b55243b36c4bebc2153",
            "messageTitle": "Update Parser to allow newlines",
            "messageBody": "",
            "insertions": 12,
            "deletions": 5
          },
          {
            "hash": "b1eed7d95c8fb01ac5db306f146f1ea169079078",
            "messageTitle": "Complete first version of new Parser",
            "messageBody": "",
            "insertions": 11,
            "deletions": 8
          },
          {
            "hash": "54238a15d114cf2ac0d821f33d28ca220849910d",
            "messageTitle": "Add DoctorCommand",
            "messageBody": "",
            "insertions": 41,
            "deletions": 8
          }
        ]
      },
      {
        "insertions": 77,
        "deletions": 76,
        "date": "2019-10-10",
        "commitResults": [
          {
            "hash": "ac928abd07b6c66177b3a9bf7b3a6f0f02830f9d",
            "messageTitle": "Fix Command name extraction",
            "messageBody": "",
            "insertions": 13,
            "deletions": 55
          },
          {
            "hash": "ef73871f7f01f159792b69637e3d9cacd6e5945e",
            "messageTitle": "Add reset for ElementBuilder",
            "messageBody": "",
            "insertions": 3,
            "deletions": 1
          },
          {
            "hash": "7b8274110518639aa47b65eb541a9faff9a6f380",
            "messageTitle": "Fix parsing for argument",
            "messageBody": "",
            "insertions": 23,
            "deletions": 7
          },
          {
            "hash": "32316508080099998ff65669c601d6f91ff9f3a6",
            "messageTitle": "Fix first version of parser class",
            "messageBody": "",
            "insertions": 15,
            "deletions": 6
          },
          {
            "hash": "04cfb4b21ed02ab6e6e995d32ff112d4b527563c",
            "messageTitle": "Fix checkstyle violations",
            "messageBody": "",
            "insertions": 13,
            "deletions": 6
          },
          {
            "hash": "1489cef38df1d424ad46ffb54e5905bd011fb9a0",
            "messageTitle": "Add escape requirement for quotes and hyphens in arguments",
            "messageBody": "",
            "insertions": 10,
            "deletions": 1
          }
        ]
      },
      {
        "insertions": 18,
        "deletions": 225,
        "date": "2019-10-14",
        "commitResults": [
          {
            "hash": "c1293a0792d42df765363385e2ad3d51201fb881",
            "messageTitle": "Delete broken tests",
            "messageBody": "",
            "insertions": 0,
            "deletions": 200
          },
          {
            "hash": "5fae6c4f85d1b0c246062d41e736f5c6f7d57c7d",
            "messageTitle": "Add testPrint functions to DoctorCommand",
            "messageBody": "",
            "insertions": 12,
            "deletions": 11
          },
          {
            "hash": "2af95c8edf43337fa1652221ff4a6278ef1f70c4",
            "messageTitle": "Comment out ParserTest",
            "messageBody": "",
            "insertions": 3,
            "deletions": 11
          },
          {
            "hash": "295bf68b20e5c87cd11f9d993d8c0f06e9ac74df",
            "messageTitle": "Update UG on rules for spaces",
            "messageBody": "",
            "insertions": 2,
            "deletions": 2
          },
          {
            "hash": "062cf257d77d68b9da2db6bb30685ed980954d56",
            "messageTitle": "Fix checkstyle violations",
            "messageBody": "",
            "insertions": 1,
            "deletions": 1
          }
        ]
      },
      {
        "insertions": 941,
        "deletions": 656,
        "date": "2019-10-15",
        "commitResults": [
          {
            "hash": "1d17f70d92f654759414fc5512fe3cdee61f7c4f",
            "messageTitle": "Clean import",
            "messageBody": "",
            "insertions": 3,
            "deletions": 23
          },
          {
            "hash": "83fc62952bac69e8a19a00d6db8e12abd7955ea2",
            "messageTitle": "Add disambiguation function",
            "messageBody": "",
            "insertions": 22,
            "deletions": 0
          },
          {
            "hash": "df456ea711ff15e0741b384695d9feea1e39e7fb",
            "messageTitle": "Create separate CommandHelpers file",
            "messageBody": "",
            "insertions": 30,
            "deletions": 20
          },
          {
            "hash": "a3705de3ee77418e39c208d7a3ab87d8cbb566a6",
            "messageTitle": "Design autocomplete and autocorrect mechanism",
            "messageBody": "",
            "insertions": 21,
            "deletions": 2
          },
          {
            "hash": "096609f8ed7457d60044c36015688195a3150dae",
            "messageTitle": "Use static initialization for class fields",
            "messageBody": "",
            "insertions": 16,
            "deletions": 13
          },
          {
            "hash": "3e333101a1447f12973168701ed885fa4dd58268",
            "messageTitle": "Update static fields in ArgCommand",
            "messageBody": "",
            "insertions": 12,
            "deletions": 9
          },
          {
            "hash": "d226f19c356559442b4362161cd4248a1a8ccc73",
            "messageTitle": "Add getters and setters",
            "messageBody": "",
            "insertions": 24,
            "deletions": 7
          },
          {
            "hash": "b4a5d54500b0ef2a07d6ecc37269689887c7d097",
            "messageTitle": "Merge pull request #118 from JacobToresson/GsonStorage",
            "messageBody": "Gson Storage and associated Junit tests",
            "insertions": 249,
            "deletions": 6
          },
          {
            "hash": "bdc5de82dfedca1804db2698beeb636a7bcecceb",
            "messageTitle": "Revert \"Merge pull request #118 from JacobToresson/GsonStorage\"",
            "messageBody": "This reverts commit 44fb2b2a3605d1e883cd6bdfc075a21e19354f05, reversing\nchanges made to 96985763192767418b3f10936462cc542bdb7177.\n",
            "insertions": 10,
            "deletions": 249
          },
          {
            "hash": "1314186820cae96759aa5fea50d3b0857246e76c",
            "messageTitle": "Revert bad merge",
            "messageBody": "",
            "insertions": 550,
            "deletions": 303
          },
          {
            "hash": "2a5b27a9c9f5b61e191f574c503a8038839769da",
            "messageTitle": "Fix checkstyle violations",
            "messageBody": "",
            "insertions": 1,
            "deletions": 1
          },
          {
            "hash": "2b34cca0e6529500a261fb170ba0206b131778fa",
            "messageTitle": "Clean import",
            "messageBody": "",
            "insertions": 3,
            "deletions": 23
          }
        ]
      },
      {
        "insertions": 725,
        "deletions": 1251,
        "date": "2019-10-16",
        "commitResults": [
          {
            "hash": "e730deed258013054dfd945afc257fc05a75af57",
            "messageTitle": "Merge pull request #118 from JacobToresson/GsonStorage",
            "messageBody": "Gson Storage and associated Junit tests",
            "insertions": 249,
            "deletions": 6
          },
          {
            "hash": "c7e8195bf7cf2c13b5ffe13454e3b272588fe6bf",
            "messageTitle": "Modify ArgCommand member access and add getters",
            "messageBody": "",
            "insertions": 6,
            "deletions": 2
          },
          {
            "hash": "14bec4f9d2369700280299964307f741d8db41d9",
            "messageTitle": "Implement static initialization for the commandMap",
            "messageBody": "",
            "insertions": 12,
            "deletions": 6
          },
          {
            "hash": "69b3619caba978e5487a324257d9236ba51966a7",
            "messageTitle": "Implement getters for CmdArgLevel and emptyArgMsg",
            "messageBody": "",
            "insertions": 10,
            "deletions": 11
          },
          {
            "hash": "055a9609fe7a424e7c76435ef1a4af8f8e857d6e",
            "messageTitle": "Update DeleteCommand to new format",
            "messageBody": "",
            "insertions": 10,
            "deletions": 4
          },
          {
            "hash": "d97f6bd2d86198400bc170a0facbdc09a936a1c4",
            "messageTitle": "Create switchTree field",
            "messageBody": "",
            "insertions": 13,
            "deletions": 3
          },
          {
            "hash": "c730f4f21079795892a45eeb206b5e465611c20c",
            "messageTitle": "Begin implementing static switchInit",
            "messageBody": "",
            "insertions": 27,
            "deletions": 9
          },
          {
            "hash": "b11e021a9d11f3da19e4755efc8beed8a92035e8",
            "messageTitle": "Begin implementing aliases vararg for autocorrect",
            "messageBody": "",
            "insertions": 11,
            "deletions": 5
          },
          {
            "hash": "9a7bc85fa758a531cdd5cc0ab070dfe1cad5abbf",
            "messageTitle": "Complete static data structure initialization function",
            "messageBody": "",
            "insertions": 18,
            "deletions": 4
          },
          {
            "hash": "c1d21a9ddfffedcd21a57995423d5aa9bee075c9",
            "messageTitle": "Remove trees from ArgCommands",
            "messageBody": "",
            "insertions": 2,
            "deletions": 4
          },
          {
            "hash": "daca7f04248e67348c0a8d54e7781c28ec5bb975",
            "messageTitle": "Implement methods for static parameter access",
            "messageBody": "",
            "insertions": 31,
            "deletions": 17
          },
          {
            "hash": "d73d0b9e336cf9a3c08b0c1f57ccf61bf64d5038",
            "messageTitle": "Apply new Command format to DeleteCommand",
            "messageBody": "",
            "insertions": 46,
            "deletions": 7
          },
          {
            "hash": "20e57f61c3b6b591416228256b407fcf69d6b251",
            "messageTitle": "Remove obselete MultiArgCommand",
            "messageBody": "",
            "insertions": 9,
            "deletions": 42
          },
          {
            "hash": "a93a7e748c1c29cdf0fb61b903f1d6faaa3a4a93",
            "messageTitle": "Adapt some old commands to new system",
            "messageBody": "",
            "insertions": 64,
            "deletions": 5
          },
          {
            "hash": "dde8391b972b90002ea862219168be62a25b825c",
            "messageTitle": "Delete obsolete time-focused commands",
            "messageBody": "",
            "insertions": 0,
            "deletions": 454
          },
          {
            "hash": "18ff311bbb34a171d2b63dc04030f5c3e94d3cf0",
            "messageTitle": "Update NewToDoCommand",
            "messageBody": "",
            "insertions": 38,
            "deletions": 6
          },
          {
            "hash": "a350e9bc9d07f7e2af0921208bc7c69457ccf573",
            "messageTitle": "Delete obsolete ViewCommand",
            "messageBody": "",
            "insertions": 0,
            "deletions": 33
          },
          {
            "hash": "da6ccc6a6e530bb1037a8309d3b578be01945f1c",
            "messageTitle": "Fix runtime errors from illegal casts",
            "messageBody": "",
            "insertions": 14,
            "deletions": 12
          },
          {
            "hash": "12b89ab1b5e8262ce1c05d8ca161286c379de9ed",
            "messageTitle": "Update NewPatientCommand constructor and Cmd",
            "messageBody": "",
            "insertions": 51,
            "deletions": 30
          },
          {
            "hash": "9271187d739184d415015616e96753628bc94e8c",
            "messageTitle": "Add fields in NewPatientCommand",
            "messageBody": "",
            "insertions": 2,
            "deletions": 1
          },
          {
            "hash": "799d18a9b5e8ee0e88249846f3d1c1c9b7469c47",
            "messageTitle": "Clean up DukeCore initialization",
            "messageBody": "",
            "insertions": 10,
            "deletions": 19
          },
          {
            "hash": "880bb8aca65591489ecba5f1fc89671175e01c85",
            "messageTitle": "Remove obsolete commands",
            "messageBody": "",
            "insertions": 0,
            "deletions": 487
          },
          {
            "hash": "82e77cd75e0d70f75187a99b90af2d359b27396f",
            "messageTitle": "Rename \u0027task\u0027 to \u0027data\u0027 and complete NewPatientCommand",
            "messageBody": "",
            "insertions": 99,
            "deletions": 84
          },
          {
            "hash": "e7a5896397e7efe389742299d66dc3818a21d763",
            "messageTitle": "Resolve null pointer exception",
            "messageBody": "",
            "insertions": 3,
            "deletions": 0
          }
        ]
      },
      {
        "insertions": 480,
        "deletions": 523,
        "date": "2019-10-17",
        "commitResults": [
          {
            "hash": "521ef723f068949e0f7637767bf8db75f6f3d671",
            "messageTitle": "Add plan for switches to ArgCommand",
            "messageBody": "",
            "insertions": 8,
            "deletions": 0
          },
          {
            "hash": "b6a4a820b3856da568b510c919b87aef42876a53",
            "messageTitle": "Create switch class",
            "messageBody": "",
            "insertions": 23,
            "deletions": 4
          },
          {
            "hash": "e6b969ca2bfb2af9230aa98998bafd4a437f069e",
            "messageTitle": "Update switch class",
            "messageBody": "",
            "insertions": 14,
            "deletions": 5
          },
          {
            "hash": "77e76bca65f170c2368a16868f3bb4b02b952066",
            "messageTitle": "Move initSwitches to ArgCommandSpec",
            "messageBody": "",
            "insertions": 65,
            "deletions": 3
          },
          {
            "hash": "525d30135d2441684ae7af216061e4333099a6e7",
            "messageTitle": "Update ArgCommand",
            "messageBody": "",
            "insertions": 24,
            "deletions": 56
          },
          {
            "hash": "dae0e41a187506ed09d8fb2647e0e9bb05acf7ba",
            "messageTitle": "Remove old static initialization",
            "messageBody": "",
            "insertions": 3,
            "deletions": 34
          },
          {
            "hash": "1b990ff2a649012134da240aaf8730ad9aa078ca",
            "messageTitle": "Implement NewPatientSpec",
            "messageBody": "",
            "insertions": 48,
            "deletions": 60
          },
          {
            "hash": "5b1d2b1cba3544d82b404f92848b8b2f8df0a52a",
            "messageTitle": "Add PatientFind command",
            "messageBody": "",
            "insertions": 64,
            "deletions": 142
          },
          {
            "hash": "4812201fcfbfab6b824392b7e13f4051bde523c5",
            "messageTitle": "Fix obsolete usages",
            "messageBody": "",
            "insertions": 7,
            "deletions": 8
          },
          {
            "hash": "046cf740dde85d6ad966cc6d9423d0de9977dc3d",
            "messageTitle": "Update command validity checks",
            "messageBody": "",
            "insertions": 14,
            "deletions": 10
          },
          {
            "hash": "9d60e5fe39313d47af3c572092ab9a9097629db0",
            "messageTitle": "Implement switch autocompletion",
            "messageBody": "",
            "insertions": 17,
            "deletions": 12
          },
          {
            "hash": "b94cb2290241039d93b70f774cee14f874a082fa",
            "messageTitle": "Fix optional switch check",
            "messageBody": "",
            "insertions": 8,
            "deletions": 4
          },
          {
            "hash": "c08355350ae46d22be8979fa046d33cd4c707948",
            "messageTitle": "Fix checkstyle violations",
            "messageBody": "",
            "insertions": 68,
            "deletions": 47
          },
          {
            "hash": "f24cff1d77166fd951afbc206a6077353ea1eb44",
            "messageTitle": "Fix remaining checkstyle violations",
            "messageBody": "",
            "insertions": 4,
            "deletions": 3
          },
          {
            "hash": "714ea2ccb77edcf57f8b81f13f41889e9e5bd32e",
            "messageTitle": "Create",
            "messageBody": "",
            "insertions": 2,
            "deletions": 3
          },
          {
            "hash": "fbe466e6ff8de67e89047eb1d8d2dbc1271d5fe6",
            "messageTitle": "Complete UML for commands",
            "messageBody": "",
            "insertions": 0,
            "deletions": 1
          },
          {
            "hash": "1bcfce8fcf242a0e8bd8b156a598dd42f04313ba",
            "messageTitle": "Use custom enums for Parser",
            "messageBody": "",
            "insertions": 17,
            "deletions": 8
          },
          {
            "hash": "550ebb240926207377722c2f6acee296e1b394a7",
            "messageTitle": "Begin transitioning to use of reflection for Command constructors",
            "messageBody": "",
            "insertions": 29,
            "deletions": 12
          },
          {
            "hash": "655ddda4ad5b9b8b41f5873d609d3ce1916b1e82",
            "messageTitle": "Realised that reflection is terrible",
            "messageBody": "",
            "insertions": 7,
            "deletions": 1
          },
          {
            "hash": "8e11017c25adc4cb64d523068128291abfc5a073",
            "messageTitle": "Revert to use of enums",
            "messageBody": "",
            "insertions": 13,
            "deletions": 36
          },
          {
            "hash": "20b8659b8e0866afe1303c252fbd2a91f4650364",
            "messageTitle": "Implement Commands class to differentiate commands",
            "messageBody": "",
            "insertions": 29,
            "deletions": 70
          },
          {
            "hash": "a030e5e4bcdf7456510808468547fe9d6d72447a",
            "messageTitle": "Set up test commands class",
            "messageBody": "",
            "insertions": 16,
            "deletions": 4
          }
        ]
      },
      {
        "insertions": 119,
        "deletions": 45,
        "date": "2019-10-18",
        "commitResults": [
          {
            "hash": "963aec3bf9f44f75c023df211cb670a49e115095",
            "messageTitle": "Update DG",
            "messageBody": "",
            "insertions": 1,
            "deletions": 1
          },
          {
            "hash": "596c90bcc918b4a2efc4e71f0f41b2ef4327082f",
            "messageTitle": "Fix checkstyle violations",
            "messageBody": "",
            "insertions": 10,
            "deletions": 2
          },
          {
            "hash": "685e3a16856ba6ab2936fbabf39c607ef4afe79f",
            "messageTitle": "Fix checkstyle violations",
            "messageBody": "",
            "insertions": 22,
            "deletions": 6
          },
          {
            "hash": "b28431a9f71a6729d51895b18c49d6486475af67",
            "messageTitle": "Create mocks package for mock classes",
            "messageBody": "",
            "insertions": 57,
            "deletions": 23
          },
          {
            "hash": "bd40744af1882838321a9f959534f7bd02527e65",
            "messageTitle": "Add assertions to initSwitch",
            "messageBody": "",
            "insertions": 9,
            "deletions": 4
          },
          {
            "hash": "5bc523def7195dc24f09e63f3425f3f82cb14a6a",
            "messageTitle": "Add CommandTest for full switch names",
            "messageBody": "",
            "insertions": 7,
            "deletions": 1
          },
          {
            "hash": "f31743baf5f0f67bd1ba0da5159c0d0e6e1fe83c",
            "messageTitle": "Fix bugs and checkstyle violations",
            "messageBody": "",
            "insertions": 11,
            "deletions": 7
          },
          {
            "hash": "0ab19723c3030395c1395f9636b02ec4232285f5",
            "messageTitle": "Fix checkstyle violations",
            "messageBody": "",
            "insertions": 2,
            "deletions": 1
          }
        ]
      }
    ],
    "JacobToresson": [
      {
        "insertions": 46,
        "deletions": 0,
        "date": "2019-10-06",
        "commitResults": [
          {
            "hash": "5289b931a2b5bf5bf16792aeb64c8d12652b5ad4",
            "messageTitle": "Creating ReadJSON and CreateJSON",
            "messageBody": "",
            "insertions": 46,
            "deletions": 0
          }
        ]
      },
      {
        "insertions": 23,
        "deletions": 46,
        "date": "2019-10-09",
        "commitResults": [
          {
            "hash": "027a89b1f154e97e9c11dd5ea3c29ca481183f40",
            "messageTitle": "GSON restart - decided to use another library",
            "messageBody": "",
            "insertions": 1,
            "deletions": 43
          },
          {
            "hash": "d9bd51fd8753022510da608d8d44d1504b3ef226",
            "messageTitle": "Creating Gson files",
            "messageBody": "",
            "insertions": 22,
            "deletions": 3
          }
        ]
      },
      {
        "insertions": 72,
        "deletions": 29,
        "date": "2019-10-10",
        "commitResults": [
          {
            "hash": "e288995b4d18f0ed7d4c1a00cb59a8a5a6ec7475",
            "messageTitle": "Fixed checkstyle errors",
            "messageBody": "",
            "insertions": 3,
            "deletions": 4
          },
          {
            "hash": "e80a0cd4bbcbcaa3648638137d68b41f5ae6d171",
            "messageTitle": "more check fixes",
            "messageBody": "",
            "insertions": 7,
            "deletions": 21
          },
          {
            "hash": "010ddff8854c60252bfeb35600b76d71126b1b36",
            "messageTitle": "no message",
            "messageBody": "",
            "insertions": 0,
            "deletions": 3
          },
          {
            "hash": "54988dd91ec85b4052c2dc33b9a8f6a14190638b",
            "messageTitle": "Setting up a foundation for storing patients with JSON",
            "messageBody": "",
            "insertions": 61,
            "deletions": 0
          },
          {
            "hash": "63466d514fc21e0ca3320e49127b58096df7d59f",
            "messageTitle": "Creating a foundation for storing patients using JSON",
            "messageBody": "",
            "insertions": 1,
            "deletions": 1
          }
        ]
      },
      {
        "insertions": 0,
        "deletions": 2,
        "date": "2019-10-13",
        "commitResults": [
          {
            "hash": "4ac823724afe5ec5cc464369c30fdaa8f593804d",
            "messageTitle": "Update DukeLauncher.java",
            "messageBody": "",
            "insertions": 0,
            "deletions": 1
          },
          {
            "hash": "a4940c843249196f6fd4584a518db8c26486d09e",
            "messageTitle": "Update Storage.java",
            "messageBody": "",
            "insertions": 0,
            "deletions": 1
          }
        ]
      },
      {
        "insertions": 1,
        "deletions": 0,
        "date": "2019-10-16",
        "commitResults": [
          {
            "hash": "e212dbf8c648e1ef7ab59a1b258ca35f56aa8a84",
            "messageTitle": "Update build.gradle",
            "messageBody": "",
            "insertions": 1,
            "deletions": 0
          }
        ]
      }
    ],
    "JeremyKwok": [
      {
        "insertions": 687,
        "deletions": 104,
        "date": "2019-10-08",
        "commitResults": [
          {
            "hash": "55638aa698cd79fc3d5d949fe1b818f1a631a6ac",
            "messageTitle": "DukeObject: Highest level of abstraction for all DukeObjects",
            "messageBody": "",
            "insertions": 45,
            "deletions": 0
          },
          {
            "hash": "8d7dffd341486b3e9f82dc2a4bf6d7b3ab6af384",
            "messageTitle": "DukeDate: Abstraction for storing of data for treatment and evidence",
            "messageBody": "",
            "insertions": 38,
            "deletions": 0
          },
          {
            "hash": "77805adef11eb2bf568d67b28fd1a3fd45cf5591",
            "messageTitle": "Evidence: Abstraction of Observation and Result",
            "messageBody": "",
            "insertions": 30,
            "deletions": 0
          },
          {
            "hash": "62e10a7fada15b075bc35d732aaf6a0fb7a37116",
            "messageTitle": "Treatment: Abstraction for different forms of treatment",
            "messageBody": "",
            "insertions": 47,
            "deletions": 0
          },
          {
            "hash": "dacc59563abed96096a7bc693c796a527cf76598",
            "messageTitle": "Impression: Initial Impression object todo toString methods",
            "messageBody": "",
            "insertions": 158,
            "deletions": 0
          },
          {
            "hash": "d83f6f436e97cce9d604f508a6d4558cc8781777",
            "messageTitle": "Patient: initial Patient object todo getters, setters, toString methods",
            "messageBody": "",
            "insertions": 155,
            "deletions": 0
          },
          {
            "hash": "d329db633ddb1e8b55b3592a5f28418b9672c1b6",
            "messageTitle": "Javadoc: Updated to fulfil checkstyle requirements",
            "messageBody": "",
            "insertions": 87,
            "deletions": 93
          },
          {
            "hash": "3b6b1889808bf605041b02e030fef975917b4667",
            "messageTitle": "DukeObjects: Added Getter and Setters",
            "messageBody": "",
            "insertions": 126,
            "deletions": 11
          },
          {
            "hash": "a11bc6e76c5001d463fbab045b54d7029728fe07",
            "messageTitle": "Patient: Placed Todo comment in discharge function body",
            "messageBody": "",
            "insertions": 1,
            "deletions": 0
          }
        ]
      },
      {
        "insertions": 299,
        "deletions": 10,
        "date": "2019-10-09",
        "commitResults": [
          {
            "hash": "176bad1caa4dff865abc4e238e933ff7b2de99a5",
            "messageTitle": "Observation: initial Observation object, getters, setters",
            "messageBody": "",
            "insertions": 59,
            "deletions": 0
          },
          {
            "hash": "6260411336e5620fa2c3a0001d38d2247ad5186d",
            "messageTitle": "Result: initial Result object, getters, setters",
            "messageBody": "",
            "insertions": 48,
            "deletions": 0
          },
          {
            "hash": "4757739b9213dad911fca57979b3cc9fce08b652",
            "messageTitle": "Observation: Modified documentation to follow standard",
            "messageBody": "",
            "insertions": 5,
            "deletions": 5
          },
          {
            "hash": "30cd43179eb841e044b38d111eed34a22b9d4b7a",
            "messageTitle": "Observation: Modified documentation to follow standard",
            "messageBody": "",
            "insertions": 5,
            "deletions": 5
          },
          {
            "hash": "f57636953d40b667ecfa74fe1d48ab087143024b",
            "messageTitle": "Investigation: initial Investigation Object, getter and setters",
            "messageBody": "",
            "insertions": 64,
            "deletions": 0
          },
          {
            "hash": "31ac69ace2498f8e43316fefccb3df3bfa8dc58c",
            "messageTitle": "Medicine: initial Medicine Object, getter and setters",
            "messageBody": "",
            "insertions": 70,
            "deletions": 0
          },
          {
            "hash": "77e1fdc5eb37995047f4cf4940adb50d0f041fa3",
            "messageTitle": "Plan: intial Plan Object, getters and setters",
            "messageBody": "",
            "insertions": 48,
            "deletions": 0
          }
        ]
      },
      {
        "insertions": 245,
        "deletions": 71,
        "date": "2019-10-16",
        "commitResults": [
          {
            "hash": "34fab78fc6ae50ad155d2379ae449e20818bda8c",
            "messageTitle": "GsonStorage: returns the map when loadPatientHashMap is called",
            "messageBody": "",
            "insertions": 104,
            "deletions": 1
          },
          {
            "hash": "6e02501f7a5362165ac852bdab69363493faf771",
            "messageTitle": "PatientMap: initial PatientMapp class",
            "messageBody": "",
            "insertions": 7,
            "deletions": 14
          },
          {
            "hash": "dbdad96a21e441ff20c69dfe6189a922f4ea4a0e",
            "messageTitle": "PatientMap: Added function to get a particular patient",
            "messageBody": "",
            "insertions": 18,
            "deletions": 1
          },
          {
            "hash": "f8f050bdcd19f071e7ec042baf3ae92b966d893b",
            "messageTitle": "Patient: Convert bedNo from int to string",
            "messageBody": "",
            "insertions": 3,
            "deletions": 3
          },
          {
            "hash": "c54a9c6d8b4276fcabdb6c6f8a361c5e2461e8ca",
            "messageTitle": "Patient-bedNo: modified storage of patients to use bedNo as key",
            "messageBody": "",
            "insertions": 28,
            "deletions": 18
          },
          {
            "hash": "333a0e12600285d1bb70c21493abe72ce901eebb",
            "messageTitle": "DukeDate Impression: use tabs to store information of links in the name",
            "messageBody": "",
            "insertions": 6,
            "deletions": 6
          },
          {
            "hash": "5298a7db5fdbeb037d4a9daf89d28740a43111b9",
            "messageTitle": "DukeData: FixCircularReferencing",
            "messageBody": "DukeData Result Evidence: Overload constructor to accept String impressions\n",
            "insertions": 46,
            "deletions": 10
          },
          {
            "hash": "d603a14aaec5f27e18e31425ae30b74890af98cf",
            "messageTitle": "DukeData Evidence Result: protected access for overloaded string constructor",
            "messageBody": "",
            "insertions": 3,
            "deletions": 3
          },
          {
            "hash": "8f44eb47ff5c758bbaee7c6a99a18141f3c290ef",
            "messageTitle": "DukeData Result: Fix JavaDoc",
            "messageBody": "",
            "insertions": 14,
            "deletions": 14
          },
          {
            "hash": "e7409ee1d8d2002efd25f765eba4294f6b031b10",
            "messageTitle": "GsonStorageTest: Fix impression constructor to use the patient object",
            "messageBody": "",
            "insertions": 1,
            "deletions": 1
          },
          {
            "hash": "845549a36915046d4af6d87a7c82c5ec0f2bc0c7",
            "messageTitle": "DukeData DukeOject: Update setImpression to update the name of the Impression when the Impression tagged to is switched. Allow update of setName for DukeData",
            "messageBody": "",
            "insertions": 15,
            "deletions": 0
          }
        ]
      },
      {
        "insertions": 19,
        "deletions": 11,
        "date": "2019-10-17",
        "commitResults": [
          {
            "hash": "f52b168638448da0e08bce9a0bb867e3fbf634c0",
            "messageTitle": "PatientMap: Change HashMap to ObservableMap",
            "messageBody": "",
            "insertions": 19,
            "deletions": 11
          }
        ]
      }
    ]
  },
  "authorFinalContributionMap": {
    "gowgos5": 1171,
    "aquohn": 914,
    "JacobToresson": 1,
    "JeremyKwok": 1042
  },
  "authorFileTypeContributionMap": {
    "gowgos5": {
      "tests": 135,
      "functional": 1018,
      "other": 18
    },
    "aquohn": {
      "tests": 132,
      "functional": 766,
      "other": 16
    },
    "JacobToresson": {
      "tests": 0,
      "functional": 0,
      "other": 1
    },
    "JeremyKwok": {
      "tests": 16,
      "functional": 1026
    }
  },
  "authorContributionVariance": {
    "gowgos5": 106761.38,
    "aquohn": 230395.31,
    "JacobToresson": 532.04034,
    "JeremyKwok": 25855.783
  },
  "authorDisplayNameMap": {
    "gowgos5": "CS2113-T14-1 PAN  . . NON",
    "aquohn": "CS2113-T14-1 JOH  . . ONG",
    "JacobToresson": "CS2113-T14-1 TOR  . . UEL",
    "JeremyKwok": "CS2113-T14-1 KWO  . . EMY"
  }
}
