{
  "authorDailyContributionsMap": {
    "TehZiHuai": [
      {
        "insertions": 305,
        "deletions": 68,
        "date": "2019-09-24",
        "commitResults": [
          {
            "hash": "d62b62ebdb717622501797e48bf1a1ea64276049",
            "messageTitle": "intermediate step to recurring lists",
            "messageBody": "",
            "insertions": 121,
            "deletions": 20
          },
          {
            "hash": "11c9ec7d0d23b8d308993a10616a8c6f318e920a",
            "messageTitle": "seperate lists for recurring tasks created",
            "messageBody": "",
            "insertions": 151,
            "deletions": 29
          },
          {
            "hash": "84481b16674b7e58d128f54f46d45745bb055641",
            "messageTitle": "cleanup on current code base",
            "messageBody": "",
            "insertions": 33,
            "deletions": 19
          }
        ]
      },
      {
        "insertions": 557,
        "deletions": 327,
        "date": "2019-09-25",
        "commitResults": [
          {
            "hash": "78054fb2ea775735b1aabf014a4b3ede3f0aea89",
            "messageTitle": "Revert \"Add Snooze function\"",
            "messageBody": "",
            "insertions": 22,
            "deletions": 173
          },
          {
            "hash": "e800e4df0420f028b452a02ff300167295d5a930",
            "messageTitle": "renew structure for recurring tasks, can load and write recurring tasks",
            "messageBody": "",
            "insertions": 213,
            "deletions": 124
          },
          {
            "hash": "3a587bfbdffa200dc45601ae20b2f0fb0b3da760",
            "messageTitle": "added recurrence",
            "messageBody": "",
            "insertions": 4,
            "deletions": 0
          },
          {
            "hash": "f0ed8fc51ee559b54a4a0af0f18e53361f98ba55",
            "messageTitle": "added recurrence",
            "messageBody": "",
            "insertions": 179,
            "deletions": 5
          },
          {
            "hash": "a7d44cfb3a7638717aa3c1f637c90562fa2ec81e",
            "messageTitle": "no message",
            "messageBody": "",
            "insertions": 0,
            "deletions": 1
          },
          {
            "hash": "40381ea812c1c04859900bb778cbcc7cc05feaef",
            "messageTitle": "no message",
            "messageBody": "",
            "insertions": 1,
            "deletions": 0
          },
          {
            "hash": "7ff1b5389a766ff9352a414f3d9e3ec5bdcdb046",
            "messageTitle": "no message",
            "messageBody": "",
            "insertions": 111,
            "deletions": 4
          },
          {
            "hash": "cb40b4e530711ee166dd803a1fb5cdfc7b4ec480",
            "messageTitle": "no message",
            "messageBody": "",
            "insertions": 1,
            "deletions": 1
          },
          {
            "hash": "bb1c2c8cf21eded597c622fb9aec5cef1d104269",
            "messageTitle": "Cleanup on merge process",
            "messageBody": "",
            "insertions": 6,
            "deletions": 11
          },
          {
            "hash": "854e09886c444604731c6145e20d0e79a6986586",
            "messageTitle": "Fixed bug in logic for RecurHandler class",
            "messageBody": "",
            "insertions": 7,
            "deletions": 8
          },
          {
            "hash": "e46be6929a259a932f14619da6dcb59fe64ee868",
            "messageTitle": "Added JAR support",
            "messageBody": "",
            "insertions": 8,
            "deletions": 0
          },
          {
            "hash": "6b4a2e958aee33e9a712d86930a314c3aaae15b1",
            "messageTitle": "Added checkstyle",
            "messageBody": "",
            "insertions": 5,
            "deletions": 0
          }
        ]
      },
      {
        "insertions": 292,
        "deletions": 180,
        "date": "2019-09-26",
        "commitResults": [
          {
            "hash": "f736c3f51854f11f91e191900333f777f4e64773",
            "messageTitle": "Added JavaDoc for Recurring task type classes Added JavaDoc for Duke, Parser, RecurHandler, Storage and Ui Added Cleanup on RecurHandler",
            "messageBody": "",
            "insertions": 292,
            "deletions": 180
          }
        ]
      },
      {
        "insertions": 127,
        "deletions": 158,
        "date": "2019-10-03",
        "commitResults": [
          {
            "hash": "408e1ab8952a02ff2380018cf4986f7affe104f5",
            "messageTitle": "minor change to javadocs",
            "messageBody": "",
            "insertions": 4,
            "deletions": 12
          },
          {
            "hash": "1d57370f089f03b3f822822fa676f483c932de41",
            "messageTitle": "minor bug fixes, updated some javadocs",
            "messageBody": "",
            "insertions": 31,
            "deletions": 32
          },
          {
            "hash": "cbdacc6c45135fd58c3f8ac2ba9ce4ed3efe938c",
            "messageTitle": "Added javadoc for CheckAnomaly, refactor unused functions out",
            "messageBody": "",
            "insertions": 18,
            "deletions": 35
          },
          {
            "hash": "4a5e879e52530ccecfd0339e86f1e4112207475e",
            "messageTitle": "changed name to RoomShareto align with project. final commit for B-extension: B-RecurringTasks",
            "messageBody": "",
            "insertions": 71,
            "deletions": 71
          },
          {
            "hash": "7a6ddcf8b33bcfd6fc3305e071a2ec364c992979",
            "messageTitle": "minor bug fix to find operations",
            "messageBody": "",
            "insertions": 3,
            "deletions": 8
          }
        ]
      },
      {
        "insertions": 36,
        "deletions": 12,
        "date": "2019-10-10",
        "commitResults": [
          {
            "hash": "48c716079ab34ba1b68a00439bb009d59447db7b",
            "messageTitle": "Added Reorder function",
            "messageBody": "",
            "insertions": 36,
            "deletions": 12
          }
        ]
      },
      {
        "insertions": 222,
        "deletions": 44,
        "date": "2019-10-11",
        "commitResults": [
          {
            "hash": "86c0e68c366d95f6e15529a92bf4094f18e0fdb3",
            "messageTitle": "minor fix to Ui flow",
            "messageBody": "",
            "insertions": 5,
            "deletions": 5
          },
          {
            "hash": "8b2555922379256f7bb8d0fbbbef0b6a0166cfe3",
            "messageTitle": "Added a HelpMode to explain the functions better Added a Mode package Refactored Recurring tasks into a mode called RecurringMode",
            "messageBody": "",
            "insertions": 217,
            "deletions": 39
          }
        ]
      },
      {
        "insertions": 301,
        "deletions": 300,
        "date": "2019-10-15",
        "commitResults": [
          {
            "hash": "a284834f1754c54e117721657b2a99be04be8959",
            "messageTitle": "Added report functionality",
            "messageBody": "",
            "insertions": 287,
            "deletions": 280
          },
          {
            "hash": "02f6319a4eda6717f2fad19414427a2e0061a862",
            "messageTitle": "added JUnit testing",
            "messageBody": "",
            "insertions": 4,
            "deletions": 3
          },
          {
            "hash": "295756bc9b3b3a658b614abce5d3ee05b5ba874d",
            "messageTitle": "Corrected JUnit Testing",
            "messageBody": "",
            "insertions": 10,
            "deletions": 17
          }
        ]
      },
      {
        "insertions": 571,
        "deletions": 1114,
        "date": "2019-10-17",
        "commitResults": [
          {
            "hash": "1b79214b434acdebd35c55efd5573ff63455bb91",
            "messageTitle": "Bugfix for storage, tempdelete and fixed duration",
            "messageBody": "",
            "insertions": 109,
            "deletions": 72
          },
          {
            "hash": "00eb31f78402695122f476201e470ad4a8c8db55",
            "messageTitle": "Major restructure of Roomshare One line command has been added Refactor of various methods, including Storage, RecurHandler",
            "messageBody": "",
            "insertions": 241,
            "deletions": 951
          },
          {
            "hash": "cfc356a3b155697f182b31286b578e3209638950",
            "messageTitle": "Added a fixed duration setting to Assignment and Meetings",
            "messageBody": "",
            "insertions": 221,
            "deletions": 91
          }
        ]
      },
      {
        "insertions": 124,
        "deletions": 530,
        "date": "2019-10-18",
        "commitResults": [
          {
            "hash": "ea22c831a49c422ae146738f8efcf45b1227aaf5",
            "messageTitle": "major cleanup of redundant functions and methods",
            "messageBody": "",
            "insertions": 120,
            "deletions": 528
          },
          {
            "hash": "dbc1c41a77aaac6d2612d1219a7a7da2b50372fe",
            "messageTitle": "bugfix for snooze command",
            "messageBody": "",
            "insertions": 2,
            "deletions": 2
          },
          {
            "hash": "6497f71223b4a16b382304575b473749ae1df42d",
            "messageTitle": "ensured that adding tasks with priority will be immediately sorted",
            "messageBody": "",
            "insertions": 2,
            "deletions": 0
          }
        ]
      },
      {
        "insertions": 11,
        "deletions": 4,
        "date": "2019-10-22",
        "commitResults": [
          {
            "hash": "6873a468a58ae41620b218b6fc884ab287ca9d7b",
            "messageTitle": "fixed storage error in reading from file",
            "messageBody": "",
            "insertions": 5,
            "deletions": 3
          },
          {
            "hash": "c2b7af72fd4a805e9c5164b6eb983d53c5421fb3",
            "messageTitle": "fixed bug in exiting roomshare",
            "messageBody": "",
            "insertions": 6,
            "deletions": 1
          }
        ]
      },
      {
        "insertions": 7,
        "deletions": 14,
        "date": "2019-10-23",
        "commitResults": [
          {
            "hash": "d4e060202f0bbfe0c7743e2d07e0a856091ee9e5",
            "messageTitle": "changed logo to a more pleasing look",
            "messageBody": "",
            "insertions": 7,
            "deletions": 14
          }
        ]
      }
    ],
    "benitokun123": [
      {
        "insertions": 168,
        "deletions": 2,
        "date": "2019-09-24",
        "commitResults": [
          {
            "hash": "346b47ec2f1db312d77ec518d7ad1a19bd8d7cd0",
            "messageTitle": "Added snooze function",
            "messageBody": "",
            "insertions": 168,
            "deletions": 2
          }
        ]
      },
      {
        "insertions": 64,
        "deletions": 44,
        "date": "2019-09-25",
        "commitResults": [
          {
            "hash": "3c3d826d1b9bd5f5fac662037e8997a96d3b6e05",
            "messageTitle": "Added Snooze function - 2",
            "messageBody": "",
            "insertions": 44,
            "deletions": 42
          },
          {
            "hash": "d0457018b3c07c29291c29ed51f819a8f2d20a71",
            "messageTitle": "Added Snooze function-3",
            "messageBody": "",
            "insertions": 20,
            "deletions": 2
          }
        ]
      },
      {
        "insertions": 70,
        "deletions": 7,
        "date": "2019-09-30",
        "commitResults": [
          {
            "hash": "966740437b4f33464b0014adc247dfff26d10c3d",
            "messageTitle": "Added Snooze function - 2 Re-edited",
            "messageBody": "",
            "insertions": 70,
            "deletions": 7
          }
        ]
      },
      {
        "insertions": 2,
        "deletions": 2,
        "date": "2019-10-03",
        "commitResults": [
          {
            "hash": "2624c22dba687be2faaadbda279d6218b0b95ab2",
            "messageTitle": "edit style",
            "messageBody": "",
            "insertions": 2,
            "deletions": 2
          }
        ]
      },
      {
        "insertions": 54,
        "deletions": 19,
        "date": "2019-10-04",
        "commitResults": [
          {
            "hash": "1310f706b7ecacc5bd7f5e71492553f5a3030b70",
            "messageTitle": "enable range base for delete and done",
            "messageBody": "",
            "insertions": 53,
            "deletions": 17
          },
          {
            "hash": "e4dc413391952aed4c948628cc106a6a226f61d7",
            "messageTitle": "enable range base for delete and done",
            "messageBody": "",
            "insertions": 1,
            "deletions": 2
          }
        ]
      },
      {
        "insertions": 8,
        "deletions": 5,
        "date": "2019-10-10",
        "commitResults": [
          {
            "hash": "e86688dd8bd3b42308789f9dc3bae1560c85a988",
            "messageTitle": "Add temporary storage for deleted tasks",
            "messageBody": "",
            "insertions": 8,
            "deletions": 5
          }
        ]
      },
      {
        "insertions": 184,
        "deletions": 186,
        "date": "2019-10-15",
        "commitResults": [
          {
            "hash": "33cd64f2052d1db664f57603242d0e94c8d661e5",
            "messageTitle": "Fix checkstyle issues for Roomshare.java",
            "messageBody": "",
            "insertions": 184,
            "deletions": 186
          }
        ]
      },
      {
        "insertions": 129,
        "deletions": 131,
        "date": "2019-10-17",
        "commitResults": [
          {
            "hash": "03ab10e33331410fcba2c0b136822c4c44576dad",
            "messageTitle": "remove overriding snooze methos",
            "messageBody": "",
            "insertions": 91,
            "deletions": 66
          },
          {
            "hash": "63686be381754b398c9a5e1125a943158f82ee85",
            "messageTitle": "remove overriding snooze method - 2",
            "messageBody": "",
            "insertions": 38,
            "deletions": 65
          }
        ]
      },
      {
        "insertions": 178,
        "deletions": 202,
        "date": "2019-10-19",
        "commitResults": [
          {
            "hash": "3467956c5209f73f4dba98090583efc928a7b3e6",
            "messageTitle": "Clean up some styling issues in code",
            "messageBody": "",
            "insertions": 57,
            "deletions": 62
          },
          {
            "hash": "ae42eb0abd97b27dccd71717e5be48ede6f5e456",
            "messageTitle": "major standardization for Storage format",
            "messageBody": "",
            "insertions": 121,
            "deletions": 140
          }
        ]
      },
      {
        "insertions": 166,
        "deletions": 155,
        "date": "2019-10-20",
        "commitResults": [
          {
            "hash": "c83e42cf8d78efa3b13accb595196f967b41144d",
            "messageTitle": "Clean up TaskCreator.java for compatibility with Storage.java and better readability",
            "messageBody": "",
            "insertions": 80,
            "deletions": 106
          },
          {
            "hash": "1aa337121527b2c8b83b1c142588ec6baf1bd362",
            "messageTitle": "Handle more possible exceptions for TaskCreator.java",
            "messageBody": "",
            "insertions": 55,
            "deletions": 25
          },
          {
            "hash": "921472c79b3990d89e5aae391fe07537bab8437f",
            "messageTitle": "more error handling for task creator",
            "messageBody": "",
            "insertions": 25,
            "deletions": 15
          },
          {
            "hash": "feab5bb17449f9037defdeecff8fe94950069317",
            "messageTitle": "add exception for check anomaly in task creator",
            "messageBody": "",
            "insertions": 6,
            "deletions": 9
          }
        ]
      },
      {
        "insertions": 28,
        "deletions": 41,
        "date": "2019-10-22",
        "commitResults": [
          {
            "hash": "3877b306098f327383afca9bb0a561f1b9b9d07d",
            "messageTitle": "change snooze to 1 line command",
            "messageBody": "",
            "insertions": 21,
            "deletions": 35
          },
          {
            "hash": "7f612203391469e0bac93980e290ee9e27818944",
            "messageTitle": "attempt to fix write problem",
            "messageBody": "",
            "insertions": 7,
            "deletions": 6
          }
        ]
      },
      {
        "insertions": 260,
        "deletions": 110,
        "date": "2019-10-23",
        "commitResults": [
          {
            "hash": "f6c13db7be8566f10bc9c8139752d6f1cb37122b",
            "messageTitle": "adding ability to infer from key word like \"tomorrow, tmr, today, next monday, next fri\" when user add a new task",
            "messageBody": "",
            "insertions": 130,
            "deletions": 17
          },
          {
            "hash": "070baabf81bf8c7c0fd877d0427771b24f2cec36",
            "messageTitle": "Major refactor on exception hadling",
            "messageBody": "",
            "insertions": 130,
            "deletions": 93
          }
        ]
      },
      {
        "insertions": 63,
        "deletions": 63,
        "date": "2019-10-24",
        "commitResults": [
          {
            "hash": "def4ebe8bda2642ca84510d2db577f94320be39d",
            "messageTitle": "refactor naming convention of the project",
            "messageBody": "",
            "insertions": 56,
            "deletions": 56
          },
          {
            "hash": "b9e0211ed7e0151e60bec4939d64f9de690466c1",
            "messageTitle": "fix small bug of parsing date format",
            "messageBody": "",
            "insertions": 7,
            "deletions": 7
          }
        ]
      },
      {
        "insertions": 393,
        "deletions": 127,
        "date": "2019-10-26",
        "commitResults": [
          {
            "hash": "4e343b0de43ad7fbcc773d923a257b5237bdf4c2",
            "messageTitle": "further modularization of methods in TaskCreator.java",
            "messageBody": "",
            "insertions": 306,
            "deletions": 112
          },
          {
            "hash": "e17dc8879abd647f210fb1a66736401e67439866",
            "messageTitle": "add function to update tasks",
            "messageBody": "",
            "insertions": 87,
            "deletions": 15
          }
        ]
      }
    ],
    "tyeryan": [
      {
        "insertions": 64,
        "deletions": 2,
        "date": "2019-09-23",
        "commitResults": [
          {
            "hash": "3d71229fe6c154f7bd9c0b54ac9a09d845e11ec3",
            "messageTitle": "Completed fixed tasks duration",
            "messageBody": "",
            "insertions": 64,
            "deletions": 2
          }
        ]
      },
      {
        "insertions": 13,
        "deletions": 9,
        "date": "2019-09-24",
        "commitResults": [
          {
            "hash": "95e7ce92028e7f206f4a935fd44b1bb613535ce5",
            "messageTitle": "Complete Fixed d",
            "messageBody": "",
            "insertions": 1,
            "deletions": 2
          },
          {
            "hash": "2a58026d4b904df95fa6059f96a18716e054d5a6",
            "messageTitle": "Changed parser",
            "messageBody": "changed getDescriptionwithDate \u0026 added  getDate",
            "insertions": 12,
            "deletions": 7
          }
        ]
      },
      {
        "insertions": 122,
        "deletions": 51,
        "date": "2019-10-01",
        "commitResults": [
          {
            "hash": "906a374a8d10946ca438df7803956de6093cb971",
            "messageTitle": "Added duration to events",
            "messageBody": "",
            "insertions": 109,
            "deletions": 47
          },
          {
            "hash": "9903aa37ad5f3cf2b82281311d9a0e3482a67f8f",
            "messageTitle": "Fixed time unit bug",
            "messageBody": "",
            "insertions": 13,
            "deletions": 4
          }
        ]
      },
      {
        "insertions": 138,
        "deletions": 136,
        "date": "2019-10-03",
        "commitResults": [
          {
            "hash": "70832102e3d75a5799c8c4ea664e53813c72845f",
            "messageTitle": "Added comment",
            "messageBody": "",
            "insertions": 1,
            "deletions": 0
          },
          {
            "hash": "1f4443ca4bf504e2b51bf55f22c92a7929a7b597",
            "messageTitle": "Added javaDoc comments for fixed duration",
            "messageBody": "",
            "insertions": 60,
            "deletions": 46
          },
          {
            "hash": "ba69cc45494b9034c30f85cbfccc60e8c6d76f74",
            "messageTitle": "Change format of fixed duration",
            "messageBody": "",
            "insertions": 11,
            "deletions": 11
          },
          {
            "hash": "858e15ada1d232a97c0a2479dbfa57993a4f99b2",
            "messageTitle": "Added constants",
            "messageBody": "",
            "insertions": 6,
            "deletions": 3
          },
          {
            "hash": "16a2d93c98653dff3bcaa82f8b11a2d1589133f0",
            "messageTitle": "Revert \"Added javaDoc for fixed duration\"",
            "messageBody": "",
            "insertions": 60,
            "deletions": 76
          }
        ]
      },
      {
        "insertions": 9,
        "deletions": 5,
        "date": "2019-10-10",
        "commitResults": [
          {
            "hash": "8e649828587995af8e7c659a90484fde916866ce",
            "messageTitle": "Changed formatting",
            "messageBody": "",
            "insertions": 9,
            "deletions": 5
          }
        ]
      },
      {
        "insertions": 199,
        "deletions": 71,
        "date": "2019-10-12",
        "commitResults": [
          {
            "hash": "c53b9f19f98d15122903a4bcb7fb7e6428447d98",
            "messageTitle": "Added Assigning feature to Todo, event and deadline",
            "messageBody": "",
            "insertions": 172,
            "deletions": 22
          },
          {
            "hash": "1dae0c2a901774b211c92d1867ee32150ec6eb3a",
            "messageTitle": "Added JavaDoc comments for task",
            "messageBody": "",
            "insertions": 27,
            "deletions": 49
          }
        ]
      },
      {
        "insertions": 71,
        "deletions": 0,
        "date": "2019-10-17",
        "commitResults": [
          {
            "hash": "dea766a931ee7d9d326a9f72e367f9d128537ef6",
            "messageTitle": "Fixed Duration and TaskList JUnit test",
            "messageBody": "",
            "insertions": 71,
            "deletions": 0
          }
        ]
      },
      {
        "insertions": 106,
        "deletions": 36,
        "date": "2019-10-19",
        "commitResults": [
          {
            "hash": "95dbe7a1e02669847fd1f2ac8028dd2c22bbdbed",
            "messageTitle": "Added reminder with beep to meeting with fixed duration",
            "messageBody": "",
            "insertions": 95,
            "deletions": 25
          },
          {
            "hash": "a5bd12e02f5c2cfe546148e51de93550794a26ae",
            "messageTitle": "Updated help file",
            "messageBody": "",
            "insertions": 11,
            "deletions": 11
          }
        ]
      },
      {
        "insertions": 111,
        "deletions": 22,
        "date": "2019-10-20",
        "commitResults": [
          {
            "hash": "11b6cc3221da88209428d36e0cd77478f74959d1",
            "messageTitle": "added paritial leave class",
            "messageBody": "",
            "insertions": 111,
            "deletions": 22
          }
        ]
      },
      {
        "insertions": 64,
        "deletions": 6,
        "date": "2019-10-21",
        "commitResults": [
          {
            "hash": "1941130e4b4f4e608042ab72920c1ec7e8390f1e",
            "messageTitle": "Auto stash before merge of \"master\" and \"origin/master\"",
            "messageBody": "",
            "insertions": 19,
            "deletions": 6
          },
          {
            "hash": "e291e83061aef8580a2efc9bc46808dba32c92db",
            "messageTitle": "Added progress bar",
            "messageBody": "only when calling the list command and start of program",
            "insertions": 45,
            "deletions": 0
          }
        ]
      },
      {
        "insertions": 91,
        "deletions": 32,
        "date": "2019-10-22",
        "commitResults": [
          {
            "hash": "d447a1f5d1de67fb587401f4596bd4a214183fbc",
            "messageTitle": "Auto stash before merge of \"master\" and \"origin/master\"",
            "messageBody": "",
            "insertions": 91,
            "deletions": 32
          }
        ]
      },
      {
        "insertions": 165,
        "deletions": 109,
        "date": "2019-10-24",
        "commitResults": [
          {
            "hash": "f71a58c51c23c23b8e145f875ce6ad3d216040d7",
            "messageTitle": "Added leave task type w/ storage",
            "messageBody": "",
            "insertions": 165,
            "deletions": 109
          }
        ]
      },
      {
        "insertions": 46,
        "deletions": 4,
        "date": "2019-10-25",
        "commitResults": [
          {
            "hash": "88f8ee3f59350a3663509c12cba967bb31e8246d",
            "messageTitle": "Updated UI to keep displaying list",
            "messageBody": "",
            "insertions": 46,
            "deletions": 4
          }
        ]
      }
    ],
    "calebtay": [
      {
        "insertions": 83,
        "deletions": 28,
        "date": "2019-09-21",
        "commitResults": [
          {
            "hash": "a870f9b536a910c18b8e0a75f8418e310e3cbdad",
            "messageTitle": "Added Tasktype enum",
            "messageBody": "",
            "insertions": 16,
            "deletions": 10
          },
          {
            "hash": "7a948a4c4f085c799427d07047de5f840713be09",
            "messageTitle": "Added Savetype enum",
            "messageBody": "",
            "insertions": 11,
            "deletions": 4
          },
          {
            "hash": "c6fbc62f3038796a4cffcc3a516a9ec680b8cd34",
            "messageTitle": "Check for Time clashes",
            "messageBody": "",
            "insertions": 56,
            "deletions": 14
          }
        ]
      },
      {
        "insertions": 28,
        "deletions": 17,
        "date": "2019-10-01",
        "commitResults": [
          {
            "hash": "b35f5b64e19e6307bc25b2d0986d6cee1947e98b",
            "messageTitle": "Check for Time clashes",
            "messageBody": "",
            "insertions": 28,
            "deletions": 11
          },
          {
            "hash": "8a53b54cde39fbab165ede6915cb376ce420f0ec",
            "messageTitle": "Remove clash",
            "messageBody": "",
            "insertions": 0,
            "deletions": 6
          }
        ]
      },
      {
        "insertions": 74,
        "deletions": 24,
        "date": "2019-10-02",
        "commitResults": [
          {
            "hash": "9b50464fb4e70c76cf4f068ee392befc900bfc8c",
            "messageTitle": "B-DetectAnomalies",
            "messageBody": "",
            "insertions": 74,
            "deletions": 24
          }
        ]
      },
      {
        "insertions": 110,
        "deletions": 30,
        "date": "2019-10-03",
        "commitResults": [
          {
            "hash": "f846aa082efa6b44f514bbda27c50afe048f81eb",
            "messageTitle": "Save \u0026 load duration added",
            "messageBody": "",
            "insertions": 110,
            "deletions": 30
          }
        ]
      },
      {
        "insertions": 82,
        "deletions": 1,
        "date": "2019-10-04",
        "commitResults": [
          {
            "hash": "700feb29236a42a829371f17997df081c07681a0",
            "messageTitle": "Started implementing priority system",
            "messageBody": "",
            "insertions": 82,
            "deletions": 1
          }
        ]
      },
      {
        "insertions": 194,
        "deletions": 56,
        "date": "2019-10-05",
        "commitResults": [
          {
            "hash": "2d353e7b607d93ecb5c02f15d5daa6e479036f69",
            "messageTitle": "Added Priority System for tasks as well as save and load functions",
            "messageBody": "",
            "insertions": 194,
            "deletions": 56
          }
        ]
      },
      {
        "insertions": 127,
        "deletions": 265,
        "date": "2019-10-14",
        "commitResults": [
          {
            "hash": "5f15f51250dcf97dc53a22e3c3ca684ba77b5225",
            "messageTitle": "JUnit Testing added for CheckAnomaly, Task, RoomShareException",
            "messageBody": "",
            "insertions": 127,
            "deletions": 265
          }
        ]
      },
      {
        "insertions": 85,
        "deletions": 9,
        "date": "2019-10-15",
        "commitResults": [
          {
            "hash": "0e70d3a5a20e2cc6172440f546a3bd451d3ae1b1",
            "messageTitle": "Split up tests for TaskTest",
            "messageBody": "",
            "insertions": 64,
            "deletions": 4
          },
          {
            "hash": "0700307c77ba328235357e59e81ae54f8e364131",
            "messageTitle": "Tested Test classes",
            "messageBody": "",
            "insertions": 17,
            "deletions": 1
          },
          {
            "hash": "5d5e0b5973f80943ccfc908443dea9b8a2a46fe8",
            "messageTitle": "Tested Test classes",
            "messageBody": "",
            "insertions": 4,
            "deletions": 4
          }
        ]
      },
      {
        "insertions": 40,
        "deletions": 45,
        "date": "2019-10-16",
        "commitResults": [
          {
            "hash": "07b06da94d204d97024bb00fac7218480ce8e154",
            "messageTitle": "Fixed RoomShareExceptionTest, Task_Test, CheckAnomalyException",
            "messageBody": "",
            "insertions": 40,
            "deletions": 45
          }
        ]
      },
      {
        "insertions": 13,
        "deletions": 5,
        "date": "2019-10-17",
        "commitResults": [
          {
            "hash": "9fb1639a2c30339f396bc81b2f0bbb152096e3af",
            "messageTitle": "Fixed RoomShareExceptionTest, Task_Test, CheckAnomalyException",
            "messageBody": "",
            "insertions": 10,
            "deletions": 2
          },
          {
            "hash": "ce82ba48b6810d95ef79423d32263614f74c7030",
            "messageTitle": "Fixed CheckAnomalyException",
            "messageBody": "",
            "insertions": 3,
            "deletions": 3
          }
        ]
      },
      {
        "insertions": 16,
        "deletions": 1,
        "date": "2019-10-18",
        "commitResults": [
          {
            "hash": "bccdba4637d5d62e104711fec4a9e8bb9e4bf03e",
            "messageTitle": "Fixed CheckAnomalyException",
            "messageBody": "",
            "insertions": 16,
            "deletions": 1
          }
        ]
      },
      {
        "insertions": 262,
        "deletions": 233,
        "date": "2019-10-19",
        "commitResults": [
          {
            "hash": "cde4daca7f18929fc2da56d0448070fdf07ffb74",
            "messageTitle": "Refactored CheckAnomaly",
            "messageBody": "",
            "insertions": 187,
            "deletions": 204
          },
          {
            "hash": "8ab5832108b0d3601d8d11df86960a616311a9c8",
            "messageTitle": "Added subtasks to loadfile and list function prints subtasks along with tasks.",
            "messageBody": "",
            "insertions": 75,
            "deletions": 29
          }
        ]
      },
      {
        "insertions": 123,
        "deletions": 93,
        "date": "2019-10-20",
        "commitResults": [
          {
            "hash": "a6fa2a15e4a0880a48e780c0074ba0bc81bae779",
            "messageTitle": "Refactored Check Anomaly",
            "messageBody": "",
            "insertions": 28,
            "deletions": 26
          },
          {
            "hash": "a58ba887cd956ddb25d82857879945ccf522d8d8",
            "messageTitle": "Fixed bug in CheckAnomaly",
            "messageBody": "",
            "insertions": 47,
            "deletions": 42
          },
          {
            "hash": "e61af82199424125ca26c12d1cc129f1b622c21a",
            "messageTitle": "Fixed bug in CheckAnomaly",
            "messageBody": "",
            "insertions": 48,
            "deletions": 25
          }
        ]
      },
      {
        "insertions": 143,
        "deletions": 48,
        "date": "2019-10-25",
        "commitResults": [
          {
            "hash": "2ca8c53928b0ad23730e0242d296c222b8078919",
            "messageTitle": "Fixed bug in CheckAnomaly",
            "messageBody": "",
            "insertions": 46,
            "deletions": 20
          },
          {
            "hash": "587fc4791ee5c485b9e5d95dfc63179503245caa",
            "messageTitle": "Added sort mode and ability to sort based on priority, alphabetical order and deadline",
            "messageBody": "",
            "insertions": 77,
            "deletions": 21
          },
          {
            "hash": "14f5a0b9b4df42701c231e0d9371e50c798841ba",
            "messageTitle": "Added comments for sorting function",
            "messageBody": "",
            "insertions": 20,
            "deletions": 7
          }
        ]
      }
    ]
  },
  "authorFinalContributionMap": {
    "TehZiHuai": 726,
    "benitokun123": 868,
    "tyeryan": 416,
    "calebtay": 639
  },
  "authorFileTypeContributionMap": {
    "TehZiHuai": {
      "tests": 27,
      "functional": 684,
      "other": 15
    },
    "benitokun123": {
      "tests": 10,
      "functional": 858
    },
    "tyeryan": {
      "tests": 70,
      "functional": 346
    },
    "calebtay": {
      "tests": 148,
      "functional": 491
    }
  },
  "authorContributionVariance": {
    "TehZiHuai": 115139.04,
    "benitokun123": 19569.86,
    "tyeryan": 6801.4795,
    "calebtay": 13130.077
  },
  "authorDisplayNameMap": {
    "TehZiHuai": "CS2113T-F14-3 TEH  . . UAI",
    "benitokun123": "CS2113T-F14-3 TRA  . . ONG",
    "tyeryan": "CS2113T-F14-3 TAY  . . YAN",
    "calebtay": "CS2113T-F14-3 TAY  . . LEB"
  }
}
