{
  "authorDailyContributionsMap": {
    "Alex-Teo": [
      {
        "insertions": 56,
        "deletions": 5,
        "date": "2019-10-03",
        "commitResults": [
          {
            "hash": "57143c534a79ef4fe67bd50e7555f939cebf7d62",
            "messageTitle": "Add Booking and Items class",
            "messageBody": "",
            "insertions": 23,
            "deletions": 5
          },
          {
            "hash": "7360b471ef434dc17b4c7c924812512df34a253c",
            "messageTitle": "Add Booking and Items class",
            "messageBody": "",
            "insertions": 33,
            "deletions": 0
          }
        ]
      },
      {
        "insertions": 47,
        "deletions": 1,
        "date": "2019-10-06",
        "commitResults": [
          {
            "hash": "5b22e70ac85084ec0fd8f36b0b3445207af0f26d",
            "messageTitle": "Add Faciity Class",
            "messageBody": "",
            "insertions": 47,
            "deletions": 1
          }
        ]
      },
      {
        "insertions": 56,
        "deletions": 39,
        "date": "2019-10-07",
        "commitResults": [
          {
            "hash": "bda4f3e42d14504954d61d6b2b7cec9ea0ddb029",
            "messageTitle": "Add Faciity, Admin, EventSpace and Users classes",
            "messageBody": "",
            "insertions": 45,
            "deletions": 17
          },
          {
            "hash": "5c8b8e9528f6321313fbb4b6a57dcc3295457646",
            "messageTitle": "Remove User and Admin classes",
            "messageBody": "",
            "insertions": 0,
            "deletions": 20
          },
          {
            "hash": "611892d91993336493a04ceaa2083f5f34f82a9a",
            "messageTitle": "Change Facility class",
            "messageBody": "",
            "insertions": 11,
            "deletions": 2
          }
        ]
      },
      {
        "insertions": 43,
        "deletions": 9,
        "date": "2019-10-09",
        "commitResults": [
          {
            "hash": "654d1d54beaf83824d8f9c1804218bbb1b038810",
            "messageTitle": "Add AddBookingCommand",
            "messageBody": "",
            "insertions": 43,
            "deletions": 9
          }
        ]
      },
      {
        "insertions": 45,
        "deletions": 21,
        "date": "2019-10-10",
        "commitResults": [
          {
            "hash": "c40ca84d519e575374e8e256a520419b0820c7cb",
            "messageTitle": "Adding AddBookingCommand with exceptions",
            "messageBody": "",
            "insertions": 45,
            "deletions": 21
          }
        ]
      },
      {
        "insertions": 138,
        "deletions": 17,
        "date": "2019-10-13",
        "commitResults": [
          {
            "hash": "194c41d804a66fae5e606be1047d039ed9a36ae2",
            "messageTitle": "Add AddBookingCommand V2",
            "messageBody": "",
            "insertions": 138,
            "deletions": 17
          }
        ]
      },
      {
        "insertions": 76,
        "deletions": 38,
        "date": "2019-10-14",
        "commitResults": [
          {
            "hash": "3b6b35936d84583b25783cb6ef72a9403f2337c2",
            "messageTitle": "Add AddBookingCommand V3",
            "messageBody": "",
            "insertions": 17,
            "deletions": 8
          },
          {
            "hash": "ada5902f0d7d9012429165ce1f2bde9975fa4227",
            "messageTitle": "Add AddBookingCommand V4",
            "messageBody": "",
            "insertions": 59,
            "deletions": 30
          }
        ]
      },
      {
        "insertions": 206,
        "deletions": 52,
        "date": "2019-10-20",
        "commitResults": [
          {
            "hash": "0ac93edd869157b9f7785a409cad8892d8f115fc",
            "messageTitle": "Add EditBookingCommand",
            "messageBody": "",
            "insertions": 206,
            "deletions": 52
          }
        ]
      },
      {
        "insertions": 192,
        "deletions": 46,
        "date": "2019-10-21",
        "commitResults": [
          {
            "hash": "6429293fba1669f759b89d54136273046420f7d8",
            "messageTitle": "Add ApproveCommand and RejectCommand",
            "messageBody": "",
            "insertions": 182,
            "deletions": 46
          },
          {
            "hash": "50098dbef5c59c4077ec82cd4d5aa84bf9699240",
            "messageTitle": "Add ApproveCommand and RejectCommand",
            "messageBody": "",
            "insertions": 2,
            "deletions": 0
          },
          {
            "hash": "6afeaeea72df98526a46f0ec57b889e82dd897b0",
            "messageTitle": "Add (temp) ListRoomCommand",
            "messageBody": "",
            "insertions": 8,
            "deletions": 0
          }
        ]
      },
      {
        "insertions": 89,
        "deletions": 53,
        "date": "2019-10-22",
        "commitResults": [
          {
            "hash": "0fd3e318b260a4e1bbe7a5467b0595e61f75938a",
            "messageTitle": "Add Javadoc comments to booking related classes",
            "messageBody": "",
            "insertions": 81,
            "deletions": 53
          },
          {
            "hash": "3ef90810c16f148a59cdcce56cb844b6efb6a909",
            "messageTitle": "Add authors to classes",
            "messageBody": "",
            "insertions": 8,
            "deletions": 0
          }
        ]
      },
      {
        "insertions": 379,
        "deletions": 91,
        "date": "2019-10-27",
        "commitResults": [
          {
            "hash": "2f051d74d735444483146907accc62fcbe941ff8",
            "messageTitle": "Add listbooking for monthly and daily commands, and travis support",
            "messageBody": "",
            "insertions": 233,
            "deletions": 25
          },
          {
            "hash": "84f118bdecd4ce1aed881a1cb9a5a87e5a8e93d5",
            "messageTitle": "Updated according to checkstyle",
            "messageBody": "",
            "insertions": 144,
            "deletions": 66
          },
          {
            "hash": "ea52580e377bc2c154dee06aa95ed5cca9b965ea",
            "messageTitle": "Author add",
            "messageBody": "",
            "insertions": 2,
            "deletions": 0
          }
        ]
      },
      {
        "insertions": 22,
        "deletions": 70,
        "date": "2019-10-28",
        "commitResults": [
          {
            "hash": "63c91817d58c26ebd6fea382056170e7b870a181",
            "messageTitle": "Add test cases",
            "messageBody": "",
            "insertions": 22,
            "deletions": 70
          }
        ]
      },
      {
        "insertions": 247,
        "deletions": 117,
        "date": "2019-10-29",
        "commitResults": [
          {
            "hash": "d431a33e749bd48290756832c2f6932130f2adff",
            "messageTitle": "Add exit ability",
            "messageBody": "",
            "insertions": 3,
            "deletions": 0
          },
          {
            "hash": "d02362a3393ef9f9204003ab16ff3841c2c51824",
            "messageTitle": "Made changes to DateTime",
            "messageBody": "",
            "insertions": 16,
            "deletions": 17
          },
          {
            "hash": "631b7de0b0059a9a263c5d36483cb19b23b2bfad",
            "messageTitle": "Merge branch \u0027master\u0027 of https://github.com/AY1920S1-CS2113T-W12-3/main into AY1920S1-CS2113T-W12-3-master",
            "messageBody": "                                      # Conflicts:\n                                      #\t.travis.yml\n                                      #\tdata/roomlist.txt\n                                      #\tsrc/main/java/booking/Booking.java\n                                      #\tsrc/test/java/AddBookingTest1.java\n                                      Conflicts settled\n",
            "insertions": 110,
            "deletions": 29
          },
          {
            "hash": "3c72b90504a27335f44cbcd252138e18d70039c0",
            "messageTitle": "checkstyle correction",
            "messageBody": "",
            "insertions": 115,
            "deletions": 66
          },
          {
            "hash": "f01d5c633f5fbfbdc4def1056e729820647cf3fb",
            "messageTitle": "checkstyle and Test correction",
            "messageBody": "",
            "insertions": 3,
            "deletions": 5
          }
        ]
      },
      {
        "insertions": 159,
        "deletions": 27,
        "date": "2019-10-31",
        "commitResults": [
          {
            "hash": "e311c624a2845e2e7264cdd656f832ca2aae3fdd",
            "messageTitle": "Fix ListMonth and ListYear Commands,",
            "messageBody": "",
            "insertions": 159,
            "deletions": 27
          }
        ]
      },
      {
        "insertions": 281,
        "deletions": 106,
        "date": "2019-11-06",
        "commitResults": [
          {
            "hash": "c04d7b8a43cb854b7c5dd2571e0fb62c72154b87",
            "messageTitle": "Fix checkstyle",
            "messageBody": "",
            "insertions": 274,
            "deletions": 97
          },
          {
            "hash": "68ef998b4475c5f86e878cbb1ce4b6c54306f312",
            "messageTitle": "fixed changes",
            "messageBody": "",
            "insertions": 7,
            "deletions": 9
          }
        ]
      },
      {
        "insertions": 291,
        "deletions": 116,
        "date": "2019-11-08",
        "commitResults": [
          {
            "hash": "f7e3d6f518788e46a2b4cc92b8b1975fcadc896c",
            "messageTitle": "Added storagemanager",
            "messageBody": "",
            "insertions": 230,
            "deletions": 91
          },
          {
            "hash": "1edb8910e854b326b0b785093738f72a19526e16",
            "messageTitle": "Fixed ListDay and checkBooking",
            "messageBody": "",
            "insertions": 61,
            "deletions": 25
          }
        ]
      }
    ],
    "zkchang97": [
      {
        "insertions": 84,
        "deletions": 0,
        "date": "2019-10-01",
        "commitResults": [
          {
            "hash": "1252b7dfa3c31d24dd532e09e60f6f010610a0a5",
            "messageTitle": "B-DoAfterTasks: Adds ability to add tasks that need to be done after a specified task/time.",
            "messageBody": "",
            "insertions": 84,
            "deletions": 0
          }
        ]
      },
      {
        "insertions": 162,
        "deletions": 8,
        "date": "2019-10-14",
        "commitResults": [
          {
            "hash": "51a669627725af58ac614c22e69b1fee663c54f7",
            "messageTitle": "Adds RoomList functions",
            "messageBody": "",
            "insertions": 162,
            "deletions": 8
          }
        ]
      },
      {
        "insertions": 37,
        "deletions": 26,
        "date": "2019-10-16",
        "commitResults": [
          {
            "hash": "ba69396bbac02a68a3cba91a4e7e4fb8080267a8",
            "messageTitle": "Edits RoomCommand.java, adds comment lines for clarity",
            "messageBody": "",
            "insertions": 37,
            "deletions": 26
          }
        ]
      },
      {
        "insertions": 5,
        "deletions": 5,
        "date": "2019-10-17",
        "commitResults": [
          {
            "hash": "06fc71338e9a212552426a9528a6e3b264902191",
            "messageTitle": "Edits RoomCommand.java, adds comment lines for clarity",
            "messageBody": "",
            "insertions": 5,
            "deletions": 5
          }
        ]
      },
      {
        "insertions": 9,
        "deletions": 2,
        "date": "2019-10-20",
        "commitResults": [
          {
            "hash": "e9d0baef4e99eb7e2677afeb2703884ad45a66a4",
            "messageTitle": "Adds ListRoomCommand.java to list the rooms available for booking",
            "messageBody": "",
            "insertions": 9,
            "deletions": 2
          }
        ]
      },
      {
        "insertions": 23,
        "deletions": 0,
        "date": "2019-10-21",
        "commitResults": [
          {
            "hash": "9952fadbeedfb678bdea3e50eea6cafe315279d6",
            "messageTitle": "Merge remote-tracking branch \u0027upstream/master\u0027",
            "messageBody": "# Conflicts:\n#\tsrc/main/java/booking/BookingList.java\n#\tsrc/main/java/command/Command.java\n#\tsrc/main/java/control/Parser.java\n#\tsrc/main/java/room/RoomList.java\n",
            "insertions": 23,
            "deletions": 0
          }
        ]
      },
      {
        "insertions": 96,
        "deletions": 43,
        "date": "2019-10-22",
        "commitResults": [
          {
            "hash": "dfe0977f3871b4a0346f7d44b83df99cc2e132d1",
            "messageTitle": "Fixed AddRoom functions Merge remote-tracking branch \u0027upstream/master\u0027",
            "messageBody": "# Conflicts:\n#\tsrc/main/java/booking/BookingList.java\n#\tsrc/main/java/command/Command.java\n#\tsrc/main/java/control/Parser.java\n#\tsrc/main/java/room/RoomList.java\n",
            "insertions": 24,
            "deletions": 18
          },
          {
            "hash": "4b5aba4c00aa51d7cb0aa6482c8867a9615d998b",
            "messageTitle": "Adds JavaDoc for Room commands",
            "messageBody": "",
            "insertions": 67,
            "deletions": 23
          },
          {
            "hash": "4e6e7e9b21d5b33785d4ebc791cbf9747ba19bb3",
            "messageTitle": "Adds JavaDoc for AddRoom.java",
            "messageBody": "",
            "insertions": 5,
            "deletions": 2
          }
        ]
      },
      {
        "insertions": 69,
        "deletions": 4,
        "date": "2019-10-28",
        "commitResults": [
          {
            "hash": "a8556fff50f9e8ee490d797cbc5307542419cc4d",
            "messageTitle": "Adds JavaDoc for AddRoom.java",
            "messageBody": "",
            "insertions": 53,
            "deletions": 4
          },
          {
            "hash": "fc604256ba20f478362be5391c9805c84a94c7bf",
            "messageTitle": "Adds JavaDoc for DeleteRoomCommand.java",
            "messageBody": "",
            "insertions": 16,
            "deletions": 0
          }
        ]
      },
      {
        "insertions": 92,
        "deletions": 36,
        "date": "2019-10-29",
        "commitResults": [
          {
            "hash": "0f90e47be9477436b95d8cbef8f69113ceb99a15",
            "messageTitle": "Changed formatting to add rooms",
            "messageBody": "",
            "insertions": 89,
            "deletions": 31
          },
          {
            "hash": "0dcb9760237fa15ff978923187f49d05b01ec2ea",
            "messageTitle": "Adds constants",
            "messageBody": "",
            "insertions": 3,
            "deletions": 5
          }
        ]
      },
      {
        "insertions": 5,
        "deletions": 2,
        "date": "2019-10-30",
        "commitResults": [
          {
            "hash": "1a9a375a6bbe18f4a98d87fcd8be36e3f4eb6abb",
            "messageTitle": "Adds author labels",
            "messageBody": "",
            "insertions": 5,
            "deletions": 2
          }
        ]
      },
      {
        "insertions": 43,
        "deletions": 1,
        "date": "2019-11-03",
        "commitResults": [
          {
            "hash": "377732b0692f7dd0b416c230ea585975419d169d",
            "messageTitle": "Adds help list",
            "messageBody": "",
            "insertions": 43,
            "deletions": 1
          }
        ]
      },
      {
        "insertions": 21,
        "deletions": 21,
        "date": "2019-11-05",
        "commitResults": [
          {
            "hash": "e8d2eb357a05312c8f29da6aab38a303f6ce4c33",
            "messageTitle": "Adds help list",
            "messageBody": "",
            "insertions": 12,
            "deletions": 12
          },
          {
            "hash": "3705fe7b8fbecb51f92fb2be893e717f57e86d09",
            "messageTitle": "Adds help command list",
            "messageBody": "",
            "insertions": 9,
            "deletions": 9
          }
        ]
      },
      {
        "insertions": 102,
        "deletions": 42,
        "date": "2019-11-06",
        "commitResults": [
          {
            "hash": "551ccccf1ba0b6dc7b7fe51a0b5a73fe82310d47",
            "messageTitle": "Edit Checkstyle",
            "messageBody": "",
            "insertions": 102,
            "deletions": 42
          }
        ]
      }
    ],
    "wyinnnn": [
      {
        "insertions": 91,
        "deletions": 0,
        "date": "2019-10-02",
        "commitResults": [
          {
            "hash": "afaba7fac64c199fe06fbf2b06e724d6f8690dde",
            "messageTitle": "B-DoWithinPeriodTasks: Adds ability that allows user to input period of time a task should be completed within",
            "messageBody": "",
            "insertions": 91,
            "deletions": 0
          }
        ]
      },
      {
        "insertions": 129,
        "deletions": 1,
        "date": "2019-10-23",
        "commitResults": [
          {
            "hash": "6133fe8de39696dd1b366a7f2fafda356a2f325a",
            "messageTitle": "Merge remote-tracking branch \u0027remotes/upstream/master\u0027",
            "messageBody": "# Conflicts:\n#\tsrc/main/java/Parser.java\n",
            "insertions": 129,
            "deletions": 1
          }
        ]
      },
      {
        "insertions": 119,
        "deletions": 44,
        "date": "2019-10-29",
        "commitResults": [
          {
            "hash": "179ab99ec11c664d83bcbf834dce1a27c996373e",
            "messageTitle": "added Inventory",
            "messageBody": "",
            "insertions": 119,
            "deletions": 44
          }
        ]
      }
    ],
    "AmosChan97": [
      {
        "insertions": 123,
        "deletions": 83,
        "date": "2019-09-26",
        "commitResults": [
          {
            "hash": "0535acee6e24d2d9afbcd58abb36282d238608b4",
            "messageTitle": "some refactoring",
            "messageBody": "",
            "insertions": 26,
            "deletions": 26
          },
          {
            "hash": "489347814d33d8f46b1c3ee8ce4fc1fa5a756c27",
            "messageTitle": "Edit for checkstyle",
            "messageBody": "",
            "insertions": 97,
            "deletions": 57
          }
        ]
      },
      {
        "insertions": 176,
        "deletions": 66,
        "date": "2019-09-27",
        "commitResults": [
          {
            "hash": "42197d4e2b2d353d6ea59056ff64350e0fd6b0a5",
            "messageTitle": "made developer guide",
            "messageBody": "",
            "insertions": 105,
            "deletions": 37
          },
          {
            "hash": "b70e3e1208e89e2ca77501b09c4a9b3aae3ecda1",
            "messageTitle": "fixed FixedDuration",
            "messageBody": "",
            "insertions": 31,
            "deletions": 8
          },
          {
            "hash": "7e323828303ab92ac3ba4b4435c4d6d14e293604",
            "messageTitle": "B-ViewSchedules",
            "messageBody": "",
            "insertions": 40,
            "deletions": 21
          }
        ]
      },
      {
        "insertions": 139,
        "deletions": 60,
        "date": "2019-10-01",
        "commitResults": [
          {
            "hash": "e06a4503da6cc68589b48485bccc9fce005531fc",
            "messageTitle": "B-FindFreeTimes",
            "messageBody": "",
            "insertions": 81,
            "deletions": 14
          },
          {
            "hash": "753fc1575d2cd415b664013669b94515d4b638c5",
            "messageTitle": "B-FindFreeTimes",
            "messageBody": "",
            "insertions": 8,
            "deletions": 0
          },
          {
            "hash": "0ef71056a1079c83c4f617ac2b6c1209c83a1db3",
            "messageTitle": "B-FindFreeTimes",
            "messageBody": "",
            "insertions": 29,
            "deletions": 41
          },
          {
            "hash": "c6beb5196262ef73dab914ef158af25992e432d4",
            "messageTitle": "B-FindFreeTimes",
            "messageBody": "",
            "insertions": 4,
            "deletions": 4
          },
          {
            "hash": "6fb9a89defd52dedf624a31f0572adef152574b6",
            "messageTitle": "B-FindFreeTimes",
            "messageBody": "",
            "insertions": 17,
            "deletions": 1
          }
        ]
      },
      {
        "insertions": 105,
        "deletions": 174,
        "date": "2019-10-02",
        "commitResults": [
          {
            "hash": "2fa0cefd21189e05fe083ff75fb194806fa3ec81",
            "messageTitle": "B-Snooze",
            "messageBody": "",
            "insertions": 75,
            "deletions": 156
          },
          {
            "hash": "ab267dab77c69b3dbdbb8a6c7dcdfaaf328aff0b",
            "messageTitle": "B-Snooze",
            "messageBody": "",
            "insertions": 5,
            "deletions": 2
          },
          {
            "hash": "63cc97555024fbd965d40c561cc8ae1a030c8a58",
            "messageTitle": "B-Snooze",
            "messageBody": "",
            "insertions": 25,
            "deletions": 16
          }
        ]
      },
      {
        "insertions": 270,
        "deletions": 48,
        "date": "2019-10-08",
        "commitResults": [
          {
            "hash": "38959a3c5b79329f84665d55e40ae286f7ad0bae",
            "messageTitle": "Implemented GUI",
            "messageBody": "",
            "insertions": 270,
            "deletions": 48
          }
        ]
      },
      {
        "insertions": 46,
        "deletions": 40,
        "date": "2019-10-09",
        "commitResults": [
          {
            "hash": "8569c27d1e22686201f23ba43c50c5d7a9e6abc4",
            "messageTitle": "Implemented GUI",
            "messageBody": "",
            "insertions": 46,
            "deletions": 40
          }
        ]
      },
      {
        "insertions": 172,
        "deletions": 3,
        "date": "2019-10-10",
        "commitResults": [
          {
            "hash": "44737aff4216b17b9c7c24dedc3c6822c2d13505",
            "messageTitle": "Changes to GUI",
            "messageBody": "",
            "insertions": 172,
            "deletions": 3
          }
        ]
      },
      {
        "insertions": 14,
        "deletions": 40,
        "date": "2019-10-14",
        "commitResults": [
          {
            "hash": "e10aa521f3fa16299be4cc1b0de4fa0c1276218c",
            "messageTitle": "Changes to GUI",
            "messageBody": "",
            "insertions": 14,
            "deletions": 16
          },
          {
            "hash": "fd617883f93fcf6baa24d0407848df7efafdcaf0",
            "messageTitle": "Changes to GUI",
            "messageBody": "",
            "insertions": 0,
            "deletions": 24
          }
        ]
      },
      {
        "insertions": 190,
        "deletions": 958,
        "date": "2019-10-15",
        "commitResults": [
          {
            "hash": "7c686cc071033579b5b4445f9ea633d03d63cd2c",
            "messageTitle": "Add Booking Command",
            "messageBody": "",
            "insertions": 152,
            "deletions": 942
          },
          {
            "hash": "50055eecfa73717ca4cb81be7e5b78a84e26aa3c",
            "messageTitle": "Merge changes",
            "messageBody": "",
            "insertions": 4,
            "deletions": 6
          },
          {
            "hash": "b192fa9caeba1dd446a98853cf22d79cab391670",
            "messageTitle": "List Bookings",
            "messageBody": "",
            "insertions": 34,
            "deletions": 10
          }
        ]
      },
      {
        "insertions": 69,
        "deletions": 7,
        "date": "2019-10-22",
        "commitResults": [
          {
            "hash": "2e5879abd93e995cdbb329d0d2d33af5ac70d813",
            "messageTitle": "List Bookings",
            "messageBody": "",
            "insertions": 0,
            "deletions": 1
          },
          {
            "hash": "57f22be821d15d3c4d7e1e638d7fd55ed69155e2",
            "messageTitle": "List Bookings",
            "messageBody": "",
            "insertions": 13,
            "deletions": 5
          },
          {
            "hash": "ac3d7c087b6a59a8d6662bc9c97973efc78cdd29",
            "messageTitle": "Delete Bookings",
            "messageBody": "",
            "insertions": 50,
            "deletions": 0
          },
          {
            "hash": "54c9d55b7fae3df25a3ebf6cba8c3346ba647119",
            "messageTitle": "Delete Bookings",
            "messageBody": "",
            "insertions": 6,
            "deletions": 1
          }
        ]
      },
      {
        "insertions": 2,
        "deletions": 0,
        "date": "2019-10-23",
        "commitResults": [
          {
            "hash": "cb2e5a7ecb48a3ab3a0b767306a488b4673b50a7",
            "messageTitle": "Delete Bookings",
            "messageBody": "",
            "insertions": 2,
            "deletions": 0
          }
        ]
      },
      {
        "insertions": 241,
        "deletions": 786,
        "date": "2019-10-25",
        "commitResults": [
          {
            "hash": "8cab8bd263ca58370084941f592e0b8614719f78",
            "messageTitle": "ListCommand",
            "messageBody": "",
            "insertions": 241,
            "deletions": 786
          }
        ]
      },
      {
        "insertions": 55,
        "deletions": 106,
        "date": "2019-10-28",
        "commitResults": [
          {
            "hash": "b3ac6e503c636389890f08878f3d653a75074f57",
            "messageTitle": "fixed storage for bookings",
            "messageBody": "",
            "insertions": 55,
            "deletions": 106
          }
        ]
      },
      {
        "insertions": 160,
        "deletions": 56,
        "date": "2019-10-30",
        "commitResults": [
          {
            "hash": "4abab3903f61f5221e0be64a6a618e5ef62b4c10",
            "messageTitle": "minor changes to fxml and commands",
            "messageBody": "",
            "insertions": 12,
            "deletions": 8
          },
          {
            "hash": "924ccb49794b7335a3b8f07c736c12e03987ee3d",
            "messageTitle": "GUI for ListRoom command",
            "messageBody": "",
            "insertions": 148,
            "deletions": 48
          }
        ]
      },
      {
        "insertions": 97,
        "deletions": 109,
        "date": "2019-10-31",
        "commitResults": [
          {
            "hash": "7a99385ec0bafa881a313dac2ba31d6add596281",
            "messageTitle": "edit, reject and approve",
            "messageBody": "",
            "insertions": 72,
            "deletions": 93
          },
          {
            "hash": "e41a2462c2906e46132b744aa4943fa0c3044dd0",
            "messageTitle": "travis",
            "messageBody": "",
            "insertions": 1,
            "deletions": 5
          },
          {
            "hash": "f0f62c0490b7e84b5e93bb5ad8b3e09f282bde50",
            "messageTitle": "updated Storage",
            "messageBody": "",
            "insertions": 16,
            "deletions": 3
          },
          {
            "hash": "be289a99b00d7cc61a517f6bc3a852b4d3de0f6f",
            "messageTitle": "updated Storage",
            "messageBody": "",
            "insertions": 8,
            "deletions": 8
          }
        ]
      },
      {
        "insertions": 137,
        "deletions": 49,
        "date": "2019-11-04",
        "commitResults": [
          {
            "hash": "4ae8636d7dbf5dad9a26263178f2d472153b8edf",
            "messageTitle": "Current User Label and Approved By Box",
            "messageBody": "",
            "insertions": 137,
            "deletions": 49
          }
        ]
      },
      {
        "insertions": 21,
        "deletions": 30,
        "date": "2019-11-05",
        "commitResults": [
          {
            "hash": "a5afa0a8f2a0bdec36a46e679bc48da6df0c8b06",
            "messageTitle": "Approve GUI",
            "messageBody": "",
            "insertions": 7,
            "deletions": 5
          },
          {
            "hash": "cc7edda69cdd758b37e5dbbcc2f637704a7c3ebf",
            "messageTitle": "Allowance for spaces",
            "messageBody": "",
            "insertions": 14,
            "deletions": 25
          }
        ]
      },
      {
        "insertions": 64,
        "deletions": 29,
        "date": "2019-11-07",
        "commitResults": [
          {
            "hash": "711b6f6b3ac6218ee31155c62809da75dedcb7be",
            "messageTitle": "Allow some live updates Prevent not logged in from approving or rejecting bookings",
            "messageBody": "",
            "insertions": 64,
            "deletions": 29
          }
        ]
      },
      {
        "insertions": 26,
        "deletions": 28,
        "date": "2019-11-08",
        "commitResults": [
          {
            "hash": "2c2dfdd9af9e5257b1059107d1965c9e54b1f46e",
            "messageTitle": "Add borders for RoomListBox",
            "messageBody": "",
            "insertions": 8,
            "deletions": 10
          },
          {
            "hash": "6046827417a6966c71c36affa4f9f3d37c08ab25",
            "messageTitle": "Removed commented lines",
            "messageBody": "",
            "insertions": 0,
            "deletions": 14
          },
          {
            "hash": "3aca854dc94b021ae880665670b7ced75f57abeb",
            "messageTitle": "default rooms",
            "messageBody": "",
            "insertions": 4,
            "deletions": 2
          },
          {
            "hash": "6c1768a9b7673cc2a3633731bd4d75f0ad8b7e17",
            "messageTitle": "checkBooking",
            "messageBody": "",
            "insertions": 14,
            "deletions": 2
          }
        ]
      }
    ],
    "AmirAzhar": [
      {
        "insertions": 212,
        "deletions": 22,
        "date": "2019-10-01",
        "commitResults": [
          {
            "hash": "ab1065cf691167ed135660593cd8f0f8910c46c6",
            "messageTitle": "Add B-RecurringTasks",
            "messageBody": "",
            "insertions": 212,
            "deletions": 22
          }
        ]
      },
      {
        "insertions": 175,
        "deletions": 19,
        "date": "2019-10-09",
        "commitResults": [
          {
            "hash": "732a6dcb9a1304ee4a77373e156e537260f6ac61",
            "messageTitle": "Create 1) Command: CreateAccountCommand \u0026 LoginCommand 2) User: Login \u0026 User",
            "messageBody": "",
            "insertions": 175,
            "deletions": 19
          }
        ]
      },
      {
        "insertions": 58,
        "deletions": 13,
        "date": "2019-10-22",
        "commitResults": [
          {
            "hash": "149a42d177d1a376d40be78367716a494602424c",
            "messageTitle": "Create LogoutCommand",
            "messageBody": "",
            "insertions": 58,
            "deletions": 13
          }
        ]
      },
      {
        "insertions": 410,
        "deletions": 187,
        "date": "2019-10-31",
        "commitResults": [
          {
            "hash": "39fb3b1f4eb52b95e1159e14d10ec53b18387592",
            "messageTitle": "Create AddUserCommand, RemoveUserCommand, LoginCommand, LogoutCommand Update User Package",
            "messageBody": "",
            "insertions": 394,
            "deletions": 183
          },
          {
            "hash": "a19fe9ff6024806442a51f08950b3680e37393d4",
            "messageTitle": "Change format for storage initializing",
            "messageBody": "",
            "insertions": 16,
            "deletions": 4
          }
        ]
      },
      {
        "insertions": 35,
        "deletions": 31,
        "date": "2019-11-02",
        "commitResults": [
          {
            "hash": "5cd741e973673b169db10e3d100ff8521b3ce820",
            "messageTitle": "Fix bugs with user commands: - unable logout - ability to login when already logged in - username accepts spaces - remove case-sensitive issue for username",
            "messageBody": "",
            "insertions": 35,
            "deletions": 31
          }
        ]
      },
      {
        "insertions": 5,
        "deletions": 6,
        "date": "2019-11-09",
        "commitResults": [
          {
            "hash": "68c99f87d51d5ae53bcb0cb208fcaa2be2986fa9",
            "messageTitle": "Fix bugs with RemoveUserCommand: - ability to remove usernames that are made up of more than one word, separated by spaces - minor code adjustments",
            "messageBody": "",
            "insertions": 5,
            "deletions": 6
          }
        ]
      },
      {
        "insertions": 150,
        "deletions": 52,
        "date": "2019-11-10",
        "commitResults": [
          {
            "hash": "dfcf194b323597af6aa89febea9468d22f0375b5",
            "messageTitle": "Minor code fixes and add test cases",
            "messageBody": "",
            "insertions": 109,
            "deletions": 20
          },
          {
            "hash": "dd3947fc6cd2033a72fbadd5cdfcf38350e6c6b9",
            "messageTitle": "Minor code fixes",
            "messageBody": "",
            "insertions": 41,
            "deletions": 32
          }
        ]
      }
    ]
  },
  "authorFinalContributionMap": {
    "Alex-Teo": 1345,
    "zkchang97": 445,
    "wyinnnn": 205,
    "AmosChan97": 1026,
    "AmirAzhar": 586
  },
  "authorFileTypeContributionMap": {
    "Alex-Teo": {
      "tests": 168,
      "functional": 1177
    },
    "zkchang97": {
      "tests": 0,
      "functional": 445
    },
    "wyinnnn": {
      "tests": 0,
      "functional": 205
    },
    "AmosChan97": {
      "tests": 16,
      "functional": 986,
      "other": 24
    },
    "AmirAzhar": {
      "tests": 89,
      "functional": 497
    }
  },
  "authorContributionVariance": {
    "Alex-Teo": 14150.326,
    "zkchang97": 1743.9637,
    "wyinnnn": 958.0136,
    "AmosChan97": 48134.7,
    "AmirAzhar": 9059.839
  },
  "authorDisplayNameMap": {
    "Alex-Teo": "CS2113T-W12-3 ALE  . . JIE",
    "zkchang97": "CS2113T-W12-3 CHA  . . KAI",
    "wyinnnn": "CS2113T-W12-3 CHE  . . YIN",
    "AmosChan97": "CS2113T-W12-3 CHA  . . MOS",
    "AmirAzhar": "CS2113T-W12-3 AMI  . . ZAN"
  }
}
