{
  "authorDailyContributionsMap": {
    "AjeyAshok": [
      {
        "insertions": 2,
        "deletions": 0,
        "date": "2019-10-03",
        "commitResults": [
          {
            "hash": "6816a5066ff897cdfbe6de04df46882516436ddf",
            "messageTitle": "Change in Fixed Duration, needs review",
            "messageBody": "",
            "insertions": 2,
            "deletions": 0
          }
        ]
      },
      {
        "insertions": 44,
        "deletions": 7,
        "date": "2019-10-16",
        "commitResults": [
          {
            "hash": "42760646bfb3628237755a2501756cc9508ee4fa",
            "messageTitle": "Created HELP command list",
            "messageBody": "",
            "insertions": 42,
            "deletions": 2
          },
          {
            "hash": "0e0e04cfcd6aac37826b2eecc75e46f00b54d364",
            "messageTitle": "Changes done to task after review",
            "messageBody": "",
            "insertions": 2,
            "deletions": 5
          }
        ]
      },
      {
        "insertions": 95,
        "deletions": 1,
        "date": "2019-10-23",
        "commitResults": [
          {
            "hash": "1a330fe7964e8422cf22da18a2dc3eaeed8bf186",
            "messageTitle": "Monthly overall spending",
            "messageBody": "",
            "insertions": 95,
            "deletions": 1
          }
        ]
      },
      {
        "insertions": 26,
        "deletions": 22,
        "date": "2019-10-24",
        "commitResults": [
          {
            "hash": "734930db7ffb6225eaba5d495b44a263b02a9c33",
            "messageTitle": "Monthly expenditure updated",
            "messageBody": "",
            "insertions": 21,
            "deletions": 17
          },
          {
            "hash": "154efa54f83e325fed80eceffda8d4413f225239",
            "messageTitle": "Monthly expenditure with minor changes to function calls",
            "messageBody": "",
            "insertions": 5,
            "deletions": 5
          }
        ]
      },
      {
        "insertions": 60,
        "deletions": 5,
        "date": "2019-10-30",
        "commitResults": [
          {
            "hash": "e34c49df04b66995ae01b1a2d7b80b609a8fc7d9",
            "messageTitle": "Yearlyexpenditure added",
            "messageBody": "",
            "insertions": 56,
            "deletions": 5
          },
          {
            "hash": "955230dcb534bb0e6b375e1c14ee233e87e9db8f",
            "messageTitle": "Minor checkstyle changes",
            "messageBody": "",
            "insertions": 4,
            "deletions": 0
          }
        ]
      },
      {
        "insertions": 2,
        "deletions": 2,
        "date": "2019-10-31",
        "commitResults": [
          {
            "hash": "e2f9a4847e98ba38a9c3a2aa571e2145702d614c",
            "messageTitle": "Update CommandGetSpendingByYear.java",
            "messageBody": "",
            "insertions": 1,
            "deletions": 1
          },
          {
            "hash": "7bc52c135e49a116a0a6d0de4cfea388caedd69c",
            "messageTitle": "Update CommandGetSpendingByYear.java",
            "messageBody": "",
            "insertions": 1,
            "deletions": 1
          }
        ]
      },
      {
        "insertions": 69,
        "deletions": 32,
        "date": "2019-11-03",
        "commitResults": [
          {
            "hash": "825a60246b9799c98c06b3e9caf034b71dcf50bf",
            "messageTitle": "Added changes to help command",
            "messageBody": "",
            "insertions": 69,
            "deletions": 32
          }
        ]
      },
      {
        "insertions": 96,
        "deletions": 26,
        "date": "2019-11-04",
        "commitResults": [
          {
            "hash": "a7cf9c4f60a210cf849e72caf9484307bb09fb7a",
            "messageTitle": "Changes done to CommandHelp after reviews",
            "messageBody": "",
            "insertions": 9,
            "deletions": 10
          },
          {
            "hash": "d24d4851b9ffa59af56937644d847e34a9838628",
            "messageTitle": "Added exceptions to expenditure",
            "messageBody": "",
            "insertions": 85,
            "deletions": 14
          },
          {
            "hash": "d9056cfb5d92a23eca93920b174a1fe4c56a627e",
            "messageTitle": "Added exceptions to expenditure with $ sign",
            "messageBody": "",
            "insertions": 2,
            "deletions": 2
          }
        ]
      },
      {
        "insertions": 123,
        "deletions": 61,
        "date": "2019-11-05",
        "commitResults": [
          {
            "hash": "390d77076540fc2bebba8fb4914e776c847fadbb",
            "messageTitle": "Made changes after reviewing comments",
            "messageBody": "",
            "insertions": 9,
            "deletions": 9
          },
          {
            "hash": "d09ad5573aaf65dba143778bb8f4e47c7abb598c",
            "messageTitle": "Added expendday \u0026 checkstyle done",
            "messageBody": "",
            "insertions": 51,
            "deletions": 10
          },
          {
            "hash": "2df26d071fbba6a14e53f9d1512f6956ec889c04",
            "messageTitle": "Added function to help to find explanation for specific commands by user and prevent invalid input by user",
            "messageBody": "",
            "insertions": 63,
            "deletions": 42
          }
        ]
      },
      {
        "insertions": 2,
        "deletions": 5,
        "date": "2019-11-06",
        "commitResults": [
          {
            "hash": "18b534ea1cea8d3023b91f2ca97ae4915f6337b3",
            "messageTitle": "Provides the current date for expendedday",
            "messageBody": "",
            "insertions": 2,
            "deletions": 5
          }
        ]
      }
    ],
    "Mudaafi": [
      {
        "insertions": 135,
        "deletions": 66,
        "date": "2019-09-23",
        "commitResults": [
          {
            "hash": "4a402e1a1a84621fe888f5da10b3c7bf1522ea75",
            "messageTitle": "Fixed an issue where user input containing invalid CommandType/TaskTypes were being added onto the user\u0027s to do list",
            "messageBody": "Signed-off-by: Mudaafi \u003cSleepyUndergrad@gmail.com\u003e\n",
            "insertions": 6,
            "deletions": 7
          },
          {
            "hash": "e54897c77445f6b776a7230fa6e9026a063dca0e",
            "messageTitle": "Made the Main Task Class abstract.",
            "messageBody": "Signed-off-by: Mudaafi \u003cSleepyUndergrad@gmail.com\u003e\n",
            "insertions": 5,
            "deletions": 4
          },
          {
            "hash": "771d3ff9d4178c9fd75cddefbef7ef8fd5a0b3d3",
            "messageTitle": "Added setters and getters for the Task Class and updated the code to match.",
            "messageBody": "Signed-off-by: Mudaafi \u003cSleepyUndergrad@gmail.com\u003e\n",
            "insertions": 124,
            "deletions": 55
          }
        ]
      },
      {
        "insertions": 221,
        "deletions": 233,
        "date": "2019-10-10",
        "commitResults": [
          {
            "hash": "351df1feff6ef84a0e16847ef17b96b24b055b38",
            "messageTitle": "Adjusted the code architecture to match the one in the DG.",
            "messageBody": "Classes Interpreter and Executor created to run as (sort-of) interfaces for Interpreter Layer (Parser) and Executor Layer (Command \u0026 Task).\n\nSigned-off-by: Mudaafi \u003cSleepyUndergrad@gmail.com\u003e\n",
            "insertions": 221,
            "deletions": 233
          }
        ]
      },
      {
        "insertions": 442,
        "deletions": 27,
        "date": "2019-10-15",
        "commitResults": [
          {
            "hash": "7e5c755ae92ac8852dd61005bfc202c7a7d6f202",
            "messageTitle": "Created two Classes to aid in financial tracking: Wallet, Receipt",
            "messageBody": "Wallet contains current balance and Receipts.\n\nReceipts are past transactions that are recorded by the Users.\n\nSigned-off-by: Mudaafi \u003cSleepyUndergrad@gmail.com\u003e\n",
            "insertions": 213,
            "deletions": 0
          },
          {
            "hash": "3af35bbfcb179b9fa9355ee61f4d9e667c4f1e1d",
            "messageTitle": "Created IncomeReceipt Class as a subclass of Receipt to track money flowing in without duplicating methods.",
            "messageBody": "Created ReceiptTracker to keep track of transactions.\n\nTODO: Create JUnit tests for both classes.\nSigned-off-by: Mudaafi \u003cSleepyUndergrad@gmail.com\u003e\n",
            "insertions": 229,
            "deletions": 27
          }
        ]
      },
      {
        "insertions": 680,
        "deletions": 58,
        "date": "2019-10-16",
        "commitResults": [
          {
            "hash": "deba7af32d8f31f0fe0310a5f63b1c0d12e333a6",
            "messageTitle": "ReceiptTracker Class:  - Added Method \"updateTotalCashSpent\" which essentially updates the totalCashSpent property of the ReceiptTracker object by summing up all Receipts stored in it.  - Added Method \"getCashSpentByTag\" which checks the Folders for the totalCashSpent property of a particular tag. If folder doesn\u0027t exist, initialize it.",
            "messageBody": "Added JUnit Tests for all methods.\n\nSigned-off-by: Mudaafi \u003cSleepyUndergrad@gmail.com\u003e\n",
            "insertions": 207,
            "deletions": 3
          },
          {
            "hash": "b6ed864a18a0a617bb4c394269ff4d3296f0f43a",
            "messageTitle": "Amended Checkstyle Violations.",
            "messageBody": "Signed-off-by: Mudaafi \u003cSleepyUndergrad@gmail.com\u003e\n",
            "insertions": 10,
            "deletions": 6
          },
          {
            "hash": "7ca802dde65269161c72c392571fc7cd65212a17",
            "messageTitle": "getCashSpentByTag no longer initializes a Folder if it doesn\u0027t exist. Instead it will simply sum up all the receipts it finds. This was done so that it more closely resembles a \u0027getter\u0027 method.",
            "messageBody": "Signed-off-by: Mudaafi \u003cSleepyUndergrad@gmail.com\u003e\n",
            "insertions": 12,
            "deletions": 13
          },
          {
            "hash": "7fb4f93438f87e119e5b7d97b171068565cdd890",
            "messageTitle": "Adjusted the code to support taking in the Wallet Class for Commands.",
            "messageBody": "Signed-off-by: Mudaafi \u003cSleepyUndergrad@gmail.com\u003e\n",
            "insertions": 80,
            "deletions": 7
          },
          {
            "hash": "9e84b2ea12070f271e182bda55c4c70e4456ee6e",
            "messageTitle": "Adjusted the code to support taking in the Wallet Class for Commands.",
            "messageBody": "Signed-off-by: Mudaafi \u003cSleepyUndergrad@gmail.com\u003e\n",
            "insertions": 80,
            "deletions": 7
          },
          {
            "hash": "5f5639023a525b6d930eb1e59532171509f32c73",
            "messageTitle": "Adjusted the code to support taking in the Wallet Class for Commands.",
            "messageBody": "Signed-off-by: Mudaafi \u003cSleepyUndergrad@gmail.com\u003e\n",
            "insertions": 80,
            "deletions": 7
          },
          {
            "hash": "26aacf17aa58d4f97dca05db0e14218c048c5d9b",
            "messageTitle": "Changed the JavaDoc for printReceipts",
            "messageBody": "",
            "insertions": 1,
            "deletions": 1
          },
          {
            "hash": "9a18f3391a14a8cbd43173994a9924a8d3e3f0d0",
            "messageTitle": "Amended a grammatical error.",
            "messageBody": "",
            "insertions": 1,
            "deletions": 1
          },
          {
            "hash": "fdb6d445b125bef42c11c61228a5404e1dc4eb29",
            "messageTitle": "Added functionality that shows User\u0027s Balance upon start up.",
            "messageBody": "Added CommandDisplayBalance which prints the Users Balance.\n\n-- JUnit Testing included\n\nSigned-off-by: Mudaafi \u003cSleepyUndergrad@gmail.com\u003e\n",
            "insertions": 92,
            "deletions": 1
          },
          {
            "hash": "217297d996152122947ad07c6d2e7563894c15b8",
            "messageTitle": "Fixed a bug where addReceipt under the Wallet Class was calling the wrong method, resulting in receipts that were added to not automatically update the totalCashSpent property.",
            "messageBody": "Adjusted the JUnit Test for Wallet Class to test this bug.\n\nSigned-off-by: Mudaafi \u003cSleepyUndergrad@gmail.com\u003e\n",
            "insertions": 15,
            "deletions": 5
          },
          {
            "hash": "35e7a248bd4da1dcf988c89f36181a61137e2794",
            "messageTitle": "Added the CommandDisplayExpenditure which allows the User to get the total expenses from all the receipts.  - JUnit Testing included.",
            "messageBody": "Signed-off-by: Mudaafi \u003cSleepyUndergrad@gmail.com\u003e\n",
            "insertions": 79,
            "deletions": 0
          },
          {
            "hash": "76a46d12851b1423404a61949944e8c2f04f89fb",
            "messageTitle": "Added the required functionality to Ui to display the User\u0027s balance and expenditure upon start up.",
            "messageBody": "Signed-off-by: Mudaafi \u003cSleepyUndergrad@gmail.com\u003e\n",
            "insertions": 20,
            "deletions": 7
          },
          {
            "hash": "de2fdc9a883f0dd9aab1e69126a96fcb350b4f1c",
            "messageTitle": "Added a JavaDoc for printUserExpenses.",
            "messageBody": "Signed-off-by: Mudaafi \u003cSleepyUndergrad@gmail.com\u003e\n",
            "insertions": 3,
            "deletions": 0
          }
        ]
      },
      {
        "insertions": 8,
        "deletions": 5,
        "date": "2019-10-17",
        "commitResults": [
          {
            "hash": "34f9777c96db816a0027589668180b9c595e287f",
            "messageTitle": "Initialized the proper commandType property",
            "messageBody": "",
            "insertions": 2,
            "deletions": 1
          },
          {
            "hash": "de3fdea8a971c078f9e35d5f7c7bd0b8b45ef06b",
            "messageTitle": "Fixed a bug found in CommandAddReceiptTest.java",
            "messageBody": "Signed-off-by: Mudaafi \u003cSleepyUndergrad@gmail.com\u003e\n",
            "insertions": 6,
            "deletions": 4
          }
        ]
      },
      {
        "insertions": 285,
        "deletions": 582,
        "date": "2019-10-18",
        "commitResults": [
          {
            "hash": "eaa9a5560ec877f336505664254e90a6abc9e996",
            "messageTitle": "Removed Dependency for Parse method: parseTaskType. This eases the developing workflow as Parser should only have 3 main types of methods when it comes to parsing for user input: 1) parseForCommandType 2) parseForPrimaryInput 3) parseForFlags",
            "messageBody": "Signed-off-by: Mudaafi \u003cSleepyUndergrad@gmail.com\u003e\n",
            "insertions": 44,
            "deletions": 47
          },
          {
            "hash": "1b40e595f575551b5cc5351918662ad9d622678c",
            "messageTitle": "Adjusted Parser method parseCommandType.",
            "messageBody": "Signed-off-by: Mudaafi \u003cSleepyUndergrad@gmail.com\u003e\n",
            "insertions": 7,
            "deletions": 22
          },
          {
            "hash": "32be630feb5b18ffad80cfe8624ccf69f787b8d2",
            "messageTitle": "Added Parser Methods: parseForPrimaryInput, parseForFlag",
            "messageBody": "-- JUnit Tests included\n\nSigned-off-by: Mudaafi \u003cSleepyUndergrad@gmail.com\u003e\n",
            "insertions": 60,
            "deletions": 0
          },
          {
            "hash": "cbfbd7b51b5a30c0d6d393d1640a7eae62b82040",
            "messageTitle": "Amended CommandAddIncomeReceipt and CommandAddSpendingReceipt to make use of new Parser Functionality. Fixed some bugs as well.",
            "messageBody": "Changed Date types to LocalDate.\n\nSigned-off-by: Mudaafi \u003cSleepyUndergrad@gmail.com\u003e\n",
            "insertions": 107,
            "deletions": 415
          },
          {
            "hash": "ec983772ae6650643458660e64ed350cf3fa1165",
            "messageTitle": "Amended method name in Parser: parseForFlags -\u003e parseForFlag",
            "messageBody": "Signed-off-by: Mudaafi \u003cSleepyUndergrad@gmail.com\u003e\n",
            "insertions": 12,
            "deletions": 11
          },
          {
            "hash": "06c5e08078dc2717298a8d89b8f715977f485ed7",
            "messageTitle": "Streamlined Executor Method createCommand from a series of switch-case statements to a try-catch block which requires no updates with each new Command created.",
            "messageBody": "Updated All Commands to match this update.\n\nConstructors of all Commands must take in the userInput as a String.\n\nSigned-off-by: Mudaafi \u003cSleepyUndergrad@gmail.com\u003e\n",
            "insertions": 55,
            "deletions": 87
          }
        ]
      },
      {
        "insertions": 11,
        "deletions": 14,
        "date": "2019-10-24",
        "commitResults": [
          {
            "hash": "469358c479a808970bdc44e7479d9e57872c070a",
            "messageTitle": "Update CommandGetSpendingByMonth.java",
            "messageBody": "",
            "insertions": 4,
            "deletions": 7
          },
          {
            "hash": "5337b34f91ade6160f77ce012e27dd4aaf2ad3e7",
            "messageTitle": "Update CommandGetSpendingByMonth.java",
            "messageBody": "Changed a few variable names",
            "insertions": 3,
            "deletions": 3
          },
          {
            "hash": "0b82bd9df3ca3c8aef4c56dcddfe12904520d0f2",
            "messageTitle": "Update CommandGetSpendingByMonth.java",
            "messageBody": "",
            "insertions": 1,
            "deletions": 1
          },
          {
            "hash": "9974b75c134c81eb38b159fec29f77a68d834f9e",
            "messageTitle": "Update CommandListTag.java",
            "messageBody": "",
            "insertions": 3,
            "deletions": 3
          }
        ]
      },
      {
        "insertions": 57,
        "deletions": 17,
        "date": "2019-10-31",
        "commitResults": [
          {
            "hash": "aa1a345ff2432eb1a071d62cffa1f15b0469c15d",
            "messageTitle": "Amended the bug-fix",
            "messageBody": "this.commandType suffices as the commandType property was defined in initialization.",
            "insertions": 1,
            "deletions": 1
          },
          {
            "hash": "a0f0dcb35fe88debbf8f53bcc6c703e0fea523dd",
            "messageTitle": "Fixed a bug in commandHelp.",
            "messageBody": "Signed-off-by: Mudaafi \u003cSleepyUndergrad@gmail.com\u003e\n",
            "insertions": 49,
            "deletions": 10
          },
          {
            "hash": "6258ee898399d329155c10b17e91da5221e4bb7b",
            "messageTitle": "Last Minute Bugfixes!",
            "messageBody": "Signed-off-by: Mudaafi \u003cSleepyUndergrad@gmail.com\u003e\n",
            "insertions": 7,
            "deletions": 6
          }
        ]
      },
      {
        "insertions": 4,
        "deletions": 0,
        "date": "2019-11-02",
        "commitResults": [
          {
            "hash": "986cbc05887ccdfe7febb81a68b3f8d4bd3593e3",
            "messageTitle": "Fixed the Parser Bug where it will incorrectly read Commands that are similar to other Commands (i.e. interpreting _LIST_ instead of _LISTMY_)",
            "messageBody": "Duke now also prints out the Command Executed by the user.\n\nSigned-off-by: Mudaafi \u003cSleepyUndergrad@gmail.com\u003e\n",
            "insertions": 4,
            "deletions": 0
          }
        ]
      },
      {
        "insertions": 5,
        "deletions": 1,
        "date": "2019-11-04",
        "commitResults": [
          {
            "hash": "88214299145d5f0f401ab079054cc68baf70279b",
            "messageTitle": "Fix import java.util.* issue",
            "messageBody": "",
            "insertions": 5,
            "deletions": 1
          }
        ]
      }
    ],
    "sallysohyun": [
      {
        "insertions": 28,
        "deletions": 1,
        "date": "2019-10-16",
        "commitResults": [
          {
            "hash": "51bf77ee8f791622546603a3c3f6c3dbe0b7e7d7",
            "messageTitle": "B-recurring",
            "messageBody": "",
            "insertions": 28,
            "deletions": 1
          }
        ]
      },
      {
        "insertions": 280,
        "deletions": 1,
        "date": "2019-10-17",
        "commitResults": [
          {
            "hash": "ee979f16a7b7b4b83e5fdbcac9531665ba7d5864",
            "messageTitle": "no message",
            "messageBody": "",
            "insertions": 280,
            "deletions": 1
          }
        ]
      },
      {
        "insertions": 237,
        "deletions": 2,
        "date": "2019-10-18",
        "commitResults": [
          {
            "hash": "50d42dd996fdd54a373bcd8b593ac159912ee65d",
            "messageTitle": "no message",
            "messageBody": "",
            "insertions": 235,
            "deletions": 0
          },
          {
            "hash": "4d9c5ceab4b3c5437a22dc3a6cd95ee82ecc3007",
            "messageTitle": "no message",
            "messageBody": "",
            "insertions": 2,
            "deletions": 2
          }
        ]
      },
      {
        "insertions": 17,
        "deletions": 35,
        "date": "2019-10-23",
        "commitResults": [
          {
            "hash": "b8e7e930f18f8b0d920db0041b6a6ab1668a8e59",
            "messageTitle": ".",
            "messageBody": "",
            "insertions": 15,
            "deletions": 28
          },
          {
            "hash": "4595562fa1c689fd83c444d71e33c5a1caf4ca28",
            "messageTitle": "no message",
            "messageBody": "",
            "insertions": 2,
            "deletions": 7
          }
        ]
      },
      {
        "insertions": 233,
        "deletions": 20,
        "date": "2019-10-31",
        "commitResults": [
          {
            "hash": "068df45b520e3a334d81eb1a25bf1d14ad09adf6",
            "messageTitle": "no message",
            "messageBody": "",
            "insertions": 233,
            "deletions": 20
          }
        ]
      }
    ],
    "priyan-coder": [
      {
        "insertions": 46,
        "deletions": 18,
        "date": "2019-10-03",
        "commitResults": [
          {
            "hash": "4751d80f239da778cd03310f86807658d842f8c7",
            "messageTitle": "added some more testing",
            "messageBody": "",
            "insertions": 28,
            "deletions": 0
          },
          {
            "hash": "ee1e7a895552d1285de115474236fdb71228bbc6",
            "messageTitle": "I realised some long winded route, so i remove it under CommandQueue",
            "messageBody": "",
            "insertions": 18,
            "deletions": 18
          }
        ]
      },
      {
        "insertions": 39,
        "deletions": 56,
        "date": "2019-10-16",
        "commitResults": [
          {
            "hash": "f70efaea4c46ec1565e7ddc1a0782b42313043b6",
            "messageTitle": "added setbalance feature for user to set wallet balance",
            "messageBody": "",
            "insertions": 37,
            "deletions": 52
          },
          {
            "hash": "4d155f4e27129b11659563fd093d8bba03455bf1",
            "messageTitle": "corrected the mistakes as pointed out!",
            "messageBody": "Also removed an additional bug i found with the parsing",
            "insertions": 2,
            "deletions": 3
          },
          {
            "hash": "83d5d9012d5d7c6158df203653a12433308c7595",
            "messageTitle": "removed extra line",
            "messageBody": "",
            "insertions": 0,
            "deletions": 1
          }
        ]
      },
      {
        "insertions": 187,
        "deletions": 27,
        "date": "2019-10-23",
        "commitResults": [
          {
            "hash": "e46f7f26161138a53f1f73a620ea2691aa615c0e",
            "messageTitle": "Added gson but nothing works right now. Will be working on reconfiguring first",
            "messageBody": "",
            "insertions": 132,
            "deletions": 1
          },
          {
            "hash": "e59f2c98a4e0bb86635d68162451a458f3e757e4",
            "messageTitle": "Still refactoring api call",
            "messageBody": "",
            "insertions": 26,
            "deletions": 19
          },
          {
            "hash": "34d23d10a9e2ab2500848948cd1a8c37336b96bb",
            "messageTitle": "added the feature of currency conversion. But just going to document and do a little reorganisation first",
            "messageBody": "",
            "insertions": 29,
            "deletions": 7
          }
        ]
      },
      {
        "insertions": 179,
        "deletions": 145,
        "date": "2019-10-24",
        "commitResults": [
          {
            "hash": "06e90e16968da57211e676981663611d48e048a5",
            "messageTitle": "halfway through documentation",
            "messageBody": "",
            "insertions": 46,
            "deletions": 6
          },
          {
            "hash": "904c080f63dd57f91467c0d8bd1e7e282183f802",
            "messageTitle": "Finished the currency converter",
            "messageBody": "",
            "insertions": 85,
            "deletions": 57
          },
          {
            "hash": "0f14339a96b404bf870a7af64d283b0232574a27",
            "messageTitle": "changes to this.description and javadoc",
            "messageBody": "",
            "insertions": 4,
            "deletions": 2
          },
          {
            "hash": "92628e11c04f58a869af1bad461357a7dad24395",
            "messageTitle": "added more review of javadoc and refactored method name",
            "messageBody": "",
            "insertions": 3,
            "deletions": 7
          },
          {
            "hash": "92ed5462d9eaf308840bde8128f6c6c515a00f78",
            "messageTitle": "added more refactoring of code",
            "messageBody": "",
            "insertions": 16,
            "deletions": 16
          },
          {
            "hash": "76b1cfc8c9e8cbc582f28f99da882f20d6f2f200",
            "messageTitle": "added the required changes",
            "messageBody": "",
            "insertions": 24,
            "deletions": 24
          },
          {
            "hash": "3aafac415855463c195cd486fb8b781ef539d023",
            "messageTitle": "removed duplicate getbalance codes and also refactored currency convert abit more",
            "messageBody": "",
            "insertions": 1,
            "deletions": 33
          }
        ]
      },
      {
        "insertions": 40,
        "deletions": 5,
        "date": "2019-10-25",
        "commitResults": [
          {
            "hash": "0edd9c88800b965d1505269219ed4bb53e29127e",
            "messageTitle": "halfway through restructuring api",
            "messageBody": "",
            "insertions": 40,
            "deletions": 5
          }
        ]
      },
      {
        "insertions": 161,
        "deletions": 82,
        "date": "2019-10-26",
        "commitResults": [
          {
            "hash": "cb80acce2ff0b7742068599451a80ea1548551ea",
            "messageTitle": "trying to refactor api but sill some errors",
            "messageBody": "",
            "insertions": 26,
            "deletions": 8
          },
          {
            "hash": "adbc0fdcfa06297298305ac2db37e5129ef86f54",
            "messageTitle": "need to refactor if the from is EUR",
            "messageBody": "",
            "insertions": 5,
            "deletions": 7
          },
          {
            "hash": "efdc186e1ba13bf566b7bc66496c66c4542dbc8e",
            "messageTitle": "okay now everything works as per required",
            "messageBody": "",
            "insertions": 96,
            "deletions": 34
          },
          {
            "hash": "ebacd06c68ba4540a601dbf21d85d5b437053bb8",
            "messageTitle": "Done with refactoring the api for currency",
            "messageBody": "",
            "insertions": 34,
            "deletions": 33
          }
        ]
      },
      {
        "insertions": 210,
        "deletions": 66,
        "date": "2019-10-27",
        "commitResults": [
          {
            "hash": "37d7a6bdfcb36aae97f2a359c4ec531fafa35e67",
            "messageTitle": "adding the weather feature",
            "messageBody": "",
            "insertions": 59,
            "deletions": 1
          },
          {
            "hash": "64056c271a69c13b3ecb9c2ff72fb5dc100db2da",
            "messageTitle": "Halfway into implementing weather api",
            "messageBody": "",
            "insertions": 28,
            "deletions": 7
          },
          {
            "hash": "bfc464ace517e1aa7ac3fe79ab1beca5249747db",
            "messageTitle": "done with three quarter of the implementation",
            "messageBody": "",
            "insertions": 31,
            "deletions": 8
          },
          {
            "hash": "6005dfb33bd6c90dd8db97e15f609411b8585fa7",
            "messageTitle": "okay almost there",
            "messageBody": "",
            "insertions": 15,
            "deletions": 2
          },
          {
            "hash": "625fa7a7cec66b85daaf0ccb08406d4bb1809445",
            "messageTitle": "feature succesfully implemented",
            "messageBody": "",
            "insertions": 50,
            "deletions": 41
          },
          {
            "hash": "4372d8f052a1bf3721eb550ae83660f6dcc9aa63",
            "messageTitle": "halfway into documentation",
            "messageBody": "",
            "insertions": 27,
            "deletions": 7
          }
        ]
      },
      {
        "insertions": 18,
        "deletions": 14,
        "date": "2019-10-28",
        "commitResults": [
          {
            "hash": "2f154e4c4e521e43435f1adc51d1162acfb2ff27",
            "messageTitle": "Finished documentation and checkstyle",
            "messageBody": "",
            "insertions": 18,
            "deletions": 14
          }
        ]
      },
      {
        "insertions": 6,
        "deletions": 5,
        "date": "2019-10-31",
        "commitResults": [
          {
            "hash": "83988a0551576724006c27ee8ccd1aa8e0760dc1",
            "messageTitle": "updated as request on the formatting",
            "messageBody": "",
            "insertions": 5,
            "deletions": 4
          },
          {
            "hash": "5ab9b3cb6bb193b33655444efcb0c40fe30e1b1d",
            "messageTitle": "fixed the minor bug due to typo in listmy",
            "messageBody": "",
            "insertions": 1,
            "deletions": 1
          }
        ]
      },
      {
        "insertions": 85,
        "deletions": 51,
        "date": "2019-11-01",
        "commitResults": [
          {
            "hash": "0a195b1cb7b56efc3738d3d0bb0c8127e83ca050",
            "messageTitle": "managed to add more exceptions and now we handle it",
            "messageBody": "",
            "insertions": 30,
            "deletions": 9
          },
          {
            "hash": "512761d181452ea4713911d5910dc9749b37c274",
            "messageTitle": "added proper exceptions which can handle null api",
            "messageBody": "",
            "insertions": 42,
            "deletions": 33
          },
          {
            "hash": "81c2030f428744e155c390ec4bb77565dc5956db",
            "messageTitle": "added more documentation and fixing checkstyle",
            "messageBody": "",
            "insertions": 11,
            "deletions": 4
          },
          {
            "hash": "94d17659165b40978be97789c8b4a338718041ff",
            "messageTitle": "left with just one error on checkstyle. need advice",
            "messageBody": "",
            "insertions": 2,
            "deletions": 5
          }
        ]
      },
      {
        "insertions": 68,
        "deletions": 43,
        "date": "2019-11-02",
        "commitResults": [
          {
            "hash": "008e0837a815ce1f77b477495661947c0df30131",
            "messageTitle": "managed to handle some exceptions",
            "messageBody": "",
            "insertions": 40,
            "deletions": 21
          },
          {
            "hash": "78737223567edb8aa566eb993879d2b7c6fc6bf5",
            "messageTitle": "managed to debug uppercase issue for country code",
            "messageBody": "",
            "insertions": 18,
            "deletions": 14
          },
          {
            "hash": "88d5c22d4a5f70f896754a18fa97d54a565cee2c",
            "messageTitle": "finished handling most exceptions",
            "messageBody": "",
            "insertions": 7,
            "deletions": 5
          },
          {
            "hash": "d1e7f67b4b67808804886134d4440e47253a079e",
            "messageTitle": "finished checkstyle",
            "messageBody": "",
            "insertions": 3,
            "deletions": 3
          }
        ]
      },
      {
        "insertions": 78,
        "deletions": 91,
        "date": "2019-11-03",
        "commitResults": [
          {
            "hash": "f309db75c58383ee796858f7c39f7455dcbf79d3",
            "messageTitle": "added changes to format under description",
            "messageBody": "",
            "insertions": 1,
            "deletions": 1
          },
          {
            "hash": "31453aebcff67207f4be87deaa9f81dbd13c2924",
            "messageTitle": "removed unnecessary try catch block for toStr and fromStr",
            "messageBody": "",
            "insertions": 8,
            "deletions": 17
          },
          {
            "hash": "759de6a1b1c4ca3867099b750c223f6882f29f56",
            "messageTitle": "tried removing try catch for amount str, program doesnt crash but support for user is better as i return null",
            "messageBody": "",
            "insertions": 2,
            "deletions": 2
          },
          {
            "hash": "01701accc9ffe59cc4a207e636e0348ad281d578",
            "messageTitle": "refined error message thrown from convert currency method",
            "messageBody": "",
            "insertions": 1,
            "deletions": 1
          },
          {
            "hash": "511a8b61177d7e46e7be5666c3aa1bb5b591088d",
            "messageTitle": "removed unnecessary spacing",
            "messageBody": "",
            "insertions": 0,
            "deletions": 1
          },
          {
            "hash": "52e0971420b42a2b7738c1c8e086e15cf6e15ae9",
            "messageTitle": "resolved checkstyle issues with currencyConverter",
            "messageBody": "",
            "insertions": 1,
            "deletions": 1
          },
          {
            "hash": "2b000c64a04654b0fb5b69065da1a8d0fc148d27",
            "messageTitle": "fixed the current temperature to average temperature",
            "messageBody": "",
            "insertions": 1,
            "deletions": 1
          },
          {
            "hash": "2317f646d158c7fb9fa898f103120c4693d0633b",
            "messageTitle": "refactored error handling",
            "messageBody": "",
            "insertions": 9,
            "deletions": 6
          },
          {
            "hash": "5b2ecc6e50668a4c922834f7c9b670fa54dbfb92",
            "messageTitle": "okay now removed one unnecessary try catch block",
            "messageBody": "",
            "insertions": 6,
            "deletions": 9
          },
          {
            "hash": "05708d2d2a21d9626da52dc5f88c8551baedeb1f",
            "messageTitle": "removed one more useless try catch",
            "messageBody": "",
            "insertions": 17,
            "deletions": 19
          },
          {
            "hash": "d89d87753ba66df0a872fe1f5977284668afc561",
            "messageTitle": "removed one more try catch which deemed to be useless",
            "messageBody": "",
            "insertions": 19,
            "deletions": 22
          },
          {
            "hash": "dd6b538548110c9a48d3a9ba4fc4c290cd8ec5d8",
            "messageTitle": "refactored access modifiers",
            "messageBody": "",
            "insertions": 3,
            "deletions": 4
          },
          {
            "hash": "5782202d98fc89ffa28837fe1463b858ea4223ac",
            "messageTitle": "refactoring is completed and all done",
            "messageBody": "",
            "insertions": 0,
            "deletions": 2
          },
          {
            "hash": "2852c3ac966024ebd3e31ab7e838f7e812179869",
            "messageTitle": "added new logo",
            "messageBody": "",
            "insertions": 10,
            "deletions": 5
          }
        ]
      },
      {
        "insertions": 2,
        "deletions": 2,
        "date": "2019-11-04",
        "commitResults": [
          {
            "hash": "e95dd65637af963d84d1b71f50e1422efe409d66",
            "messageTitle": "refactored the try catch already for amountStr and everything works perfect",
            "messageBody": "",
            "insertions": 1,
            "deletions": 1
          },
          {
            "hash": "ad245a7520de30f84fef49d86d6baaf96faab3fb",
            "messageTitle": "changed access modifiers",
            "messageBody": "",
            "insertions": 1,
            "deletions": 1
          }
        ]
      },
      {
        "insertions": 118,
        "deletions": 115,
        "date": "2019-11-05",
        "commitResults": [
          {
            "hash": "085265dfc1d9d3bd00a758c3323901ea87dfd1c4",
            "messageTitle": "refactored Date to LocalDate in Task Class and Command Reminder",
            "messageBody": "",
            "insertions": 19,
            "deletions": 20
          },
          {
            "hash": "80974a7eadffc9cecd9e00b9507739acdc228311",
            "messageTitle": "refactoring commandschedule",
            "messageBody": "",
            "insertions": 6,
            "deletions": 5
          },
          {
            "hash": "c117f34196bf7f4d80f4ce43ee9100a4b3df65c1",
            "messageTitle": "refactored command schedule",
            "messageBody": "",
            "insertions": 13,
            "deletions": 30
          },
          {
            "hash": "e8eb5b86fc2f2d976ddac8a4dd512b2831b41a72",
            "messageTitle": "refactored command schedule and command reminder but now deadline shows errors",
            "messageBody": "",
            "insertions": 12,
            "deletions": 12
          },
          {
            "hash": "71a559884ff5af14f1539e554f79f5fa367ebed8",
            "messageTitle": "refactored deadline",
            "messageBody": "",
            "insertions": 30,
            "deletions": 10
          },
          {
            "hash": "3b7f6fc76d5348f4f4bf0887abdd89b871ba5ea7",
            "messageTitle": "refactored todo",
            "messageBody": "",
            "insertions": 31,
            "deletions": 34
          },
          {
            "hash": "2b447b799f5b50a5ec772ca49c55921fd1787fc2",
            "messageTitle": "refactored reminder, schedule, todo, deadline to make the date and time formatting",
            "messageBody": "",
            "insertions": 7,
            "deletions": 4
          }
        ]
      }
    ],
    "Araavinds": [
      {
        "insertions": 30,
        "deletions": 5,
        "date": "2019-10-16",
        "commitResults": [
          {
            "hash": "cb7d89dfffc39f5b1edf8f04d0449c40f7c92d6b",
            "messageTitle": "Added functionality for listing receipts",
            "messageBody": "",
            "insertions": 30,
            "deletions": 5
          }
        ]
      },
      {
        "insertions": 128,
        "deletions": 25,
        "date": "2019-10-23",
        "commitResults": [
          {
            "hash": "8c282b2c0470d25609f8fdbab4fcfee66a91e1fa",
            "messageTitle": "Added descriptions and commandtype in each command class except commandSort",
            "messageBody": "",
            "insertions": 72,
            "deletions": 3
          },
          {
            "hash": "591cfe7aa2457928cc11dda54905fb400d6c35fb",
            "messageTitle": "Update CommandBlank.java",
            "messageBody": "",
            "insertions": 1,
            "deletions": 1
          },
          {
            "hash": "93ccb6c951fe071650d8fc414b04d8719a357d3a",
            "messageTitle": "Update CommandBye.java",
            "messageBody": "",
            "insertions": 1,
            "deletions": 1
          },
          {
            "hash": "e4299e8f4be4f03dd8318d9593e99c1b12ae3361",
            "messageTitle": "Update CommandList.java",
            "messageBody": "",
            "insertions": 1,
            "deletions": 1
          },
          {
            "hash": "766502f2b30f60a208eabbac56915b864224c784",
            "messageTitle": "Update CommandQueue.java",
            "messageBody": "",
            "insertions": 1,
            "deletions": 1
          },
          {
            "hash": "cd28b5a016d529e07102c12b540f75fba5688d6b",
            "messageTitle": "Added new commandtype ListTag that extends commandlist",
            "messageBody": "",
            "insertions": 35,
            "deletions": 3
          },
          {
            "hash": "a068438bbcf5c3c46ab2c07ffc2c668af6097733",
            "messageTitle": "Added new command to list based on tag",
            "messageBody": "",
            "insertions": 4,
            "deletions": 3
          },
          {
            "hash": "15d7ea80e71881df99d4cc2f2c1ceb11db6971b5",
            "messageTitle": "Added new command to list based on tag",
            "messageBody": "",
            "insertions": 13,
            "deletions": 12
          }
        ]
      },
      {
        "insertions": 0,
        "deletions": 29,
        "date": "2019-10-24",
        "commitResults": [
          {
            "hash": "2bd2c44b84678068b3b0830fb52af101e807c91c",
            "messageTitle": "Removed CommandSort",
            "messageBody": "",
            "insertions": 0,
            "deletions": 29
          }
        ]
      },
      {
        "insertions": 60,
        "deletions": 16,
        "date": "2019-10-30",
        "commitResults": [
          {
            "hash": "2a13d782193f87004c69c36017490dff89a6d9e7",
            "messageTitle": "Added command to list receipts based on month /year",
            "messageBody": "",
            "insertions": 55,
            "deletions": 0
          },
          {
            "hash": "8b2eafc7874429e2e712ac6a12844634f0b2a1ef",
            "messageTitle": "Update CommandListMonYear.java",
            "messageBody": "",
            "insertions": 2,
            "deletions": 13
          },
          {
            "hash": "62d451f857b023edc86744cdd7650ca1a097013b",
            "messageTitle": "Update CommandListMonYear.java",
            "messageBody": "",
            "insertions": 3,
            "deletions": 3
          }
        ]
      },
      {
        "insertions": 64,
        "deletions": 44,
        "date": "2019-11-01",
        "commitResults": [
          {
            "hash": "46c4bb743f2af3c6cd54538b4908efb71b097833",
            "messageTitle": "Refactored command listByMonYear to DateList that lists out the receipts for a particular date",
            "messageBody": "",
            "insertions": 64,
            "deletions": 44
          }
        ]
      },
      {
        "insertions": 19,
        "deletions": 13,
        "date": "2019-11-02",
        "commitResults": [
          {
            "hash": "c9dd8b5f2d58da1ec0d272f785bd248bee6e51a8",
            "messageTitle": "Refactored command listtag to command taglist and added documentation to methods in receipt and receipt tracker classes",
            "messageBody": "",
            "insertions": 19,
            "deletions": 13
          }
        ]
      },
      {
        "insertions": 183,
        "deletions": 16,
        "date": "2019-11-04",
        "commitResults": [
          {
            "hash": "8bb20c9fc4f0065eca0e4ba5399c19fffbcc7533",
            "messageTitle": "Added simple arithmetic command line based functionalities",
            "messageBody": "",
            "insertions": 179,
            "deletions": 1
          },
          {
            "hash": "45b31b8d3e1bdc779b1ad1c2e6bb8985cd767582",
            "messageTitle": "Update CommandAdd.java",
            "messageBody": "",
            "insertions": 1,
            "deletions": 12
          },
          {
            "hash": "94963b69915740ada205d2ac22ad534dcb161517",
            "messageTitle": "Update CommandDiv.java",
            "messageBody": "",
            "insertions": 1,
            "deletions": 1
          },
          {
            "hash": "fedc7c80800d9249bacd5ab91905f399c245e7e2",
            "messageTitle": "Update CommandMul.java",
            "messageBody": "",
            "insertions": 1,
            "deletions": 1
          },
          {
            "hash": "7008ab4d307070e28863c175624bfdb15945da7d",
            "messageTitle": "Update CommandSub.java",
            "messageBody": "",
            "insertions": 1,
            "deletions": 1
          }
        ]
      }
    ]
  },
  "authorFinalContributionMap": {
    "AjeyAshok": 373,
    "Mudaafi": 1705,
    "sallysohyun": 337,
    "priyan-coder": 633,
    "Araavinds": 388
  },
  "authorFileTypeContributionMap": {
    "AjeyAshok": {
      "tests": 0,
      "functional": 373
    },
    "Mudaafi": {
      "tests": 426,
      "functional": 1279
    },
    "sallysohyun": {
      "tests": 105,
      "functional": 232
    },
    "priyan-coder": {
      "tests": 0,
      "functional": 632,
      "other": 1
    },
    "Araavinds": {
      "tests": 0,
      "functional": 388
    }
  },
  "authorContributionVariance": {
    "AjeyAshok": 1436.5469,
    "Mudaafi": 33961.555,
    "sallysohyun": 4002.524,
    "priyan-coder": 7116.698,
    "Araavinds": 1596.6304
  },
  "authorDisplayNameMap": {
    "AjeyAshok": "CS2113T-F09-1 RAV  . . HOK",
    "Mudaafi": "CS2113T-F09-1 AHM  . . DIN",
    "sallysohyun": "CS2113T-F09-1 PAR  . . YUN",
    "priyan-coder": "CS2113T-F09-1 RAJ  . . YAN",
    "Araavinds": "CS2113T-F09-1 SEN  . . IND"
  }
}
