{
  "authorDailyContributionsMap": {
    "Krazzen": [
      {
        "insertions": 200,
        "deletions": 33,
        "date": "2019-10-01",
        "commitResults": [
          {
            "hash": "12f1901fee50a58c664c24ad0051e984d2e3dc94",
            "messageTitle": "B-DetectAnomalies(Modified)",
            "messageBody": "",
            "insertions": 37,
            "deletions": 15
          },
          {
            "hash": "64f284b10374e5a43c1dce66ca3c9d9d5d72027e",
            "messageTitle": "B-TentativeScheduling",
            "messageBody": "",
            "insertions": 132,
            "deletions": 10
          },
          {
            "hash": "bcdb4c81613df96336c95e319f644bcd220bb99b",
            "messageTitle": "B-TentativeScheduling",
            "messageBody": "",
            "insertions": 31,
            "deletions": 8
          }
        ]
      },
      {
        "insertions": 78,
        "deletions": 8,
        "date": "2019-10-08",
        "commitResults": [
          {
            "hash": "12fbc3a0f7b2d05310d9e941108ecfd82ce4c3d5",
            "messageTitle": "Lookup table added, change format of deadline input",
            "messageBody": "",
            "insertions": 78,
            "deletions": 8
          }
        ]
      },
      {
        "insertions": 26,
        "deletions": 75,
        "date": "2019-10-12",
        "commitResults": [
          {
            "hash": "2b30d76b3077af9b326e6fdef16c52ac1dab5a5d",
            "messageTitle": "Edit lookup table format",
            "messageBody": "",
            "insertions": 0,
            "deletions": 32
          },
          {
            "hash": "116a0111e0845e6440f8130c46caad2f68aeb938",
            "messageTitle": "Edit lookup table format Edit entry of deadline to include modcode",
            "messageBody": "",
            "insertions": 13,
            "deletions": 38
          },
          {
            "hash": "0d21560ec0dc973ae31226f54e1492853b65dcfb",
            "messageTitle": "Change add deadline command format to include date or academic date",
            "messageBody": "",
            "insertions": 13,
            "deletions": 5
          }
        ]
      },
      {
        "insertions": 83,
        "deletions": 95,
        "date": "2019-10-13",
        "commitResults": [
          {
            "hash": "43b5afd2873da0c8cf984bd86b306ab50ad40bb4",
            "messageTitle": "Change add event to accommodate both acad week and normal date",
            "messageBody": "",
            "insertions": 11,
            "deletions": 2
          },
          {
            "hash": "e9fead296fe5b3e850eebfb9349e8d01aad5669c",
            "messageTitle": "Change add event to accommodate both acad week and normal date Edited delete command for event and deadline",
            "messageBody": "",
            "insertions": 69,
            "deletions": 34
          },
          {
            "hash": "4c0f587f941f8b7df1161d1d74c459003666abae",
            "messageTitle": "Change add event to accommodate both acad week and normal date Edited delete command for event and deadline Remove TentativeSchedule",
            "messageBody": "",
            "insertions": 3,
            "deletions": 59
          }
        ]
      },
      {
        "insertions": 2,
        "deletions": 0,
        "date": "2019-10-14",
        "commitResults": [
          {
            "hash": "cee576ba379da5bc8c7465f768fdc22268bf3d85",
            "messageTitle": "Exception displayed in Alertbox",
            "messageBody": "",
            "insertions": 2,
            "deletions": 0
          }
        ]
      },
      {
        "insertions": 28,
        "deletions": 20,
        "date": "2019-10-15",
        "commitResults": [
          {
            "hash": "85e67b4e780024732768c73e591c8a3ee1a9cc10",
            "messageTitle": "Added in exception messages, fixed add/delete bug",
            "messageBody": "",
            "insertions": 28,
            "deletions": 20
          }
        ]
      },
      {
        "insertions": 133,
        "deletions": 19,
        "date": "2019-10-19",
        "commitResults": [
          {
            "hash": "b5b1a712b90130cdbb7089c6b70af5fd896b524a",
            "messageTitle": "Add slashes in parser input Add filtercommand Modcode all change to upper",
            "messageBody": "",
            "insertions": 87,
            "deletions": 15
          },
          {
            "hash": "f1ddfce3677233638c160a3eeb7858d253c82498",
            "messageTitle": "Added help command",
            "messageBody": "",
            "insertions": 46,
            "deletions": 4
          }
        ]
      },
      {
        "insertions": 3,
        "deletions": 2,
        "date": "2019-10-21",
        "commitResults": [
          {
            "hash": "904c4b06d7ca882e3016fb619c8b08696fe68a63",
            "messageTitle": "Fix lookup table add help command",
            "messageBody": "",
            "insertions": 3,
            "deletions": 2
          }
        ]
      },
      {
        "insertions": 450,
        "deletions": 45,
        "date": "2019-10-24",
        "commitResults": [
          {
            "hash": "877e97999908b9ae826b99014cb01e1f047cbad5",
            "messageTitle": "Fix filter command",
            "messageBody": "",
            "insertions": 173,
            "deletions": 36
          },
          {
            "hash": "f55aa669a147ce4ee6a28d8dd2844b995e7537fb",
            "messageTitle": "added individual parse for Add,Delete,Recur,Workload",
            "messageBody": "",
            "insertions": 277,
            "deletions": 9
          }
        ]
      },
      {
        "insertions": 204,
        "deletions": 367,
        "date": "2019-10-25",
        "commitResults": [
          {
            "hash": "f1d54f9fcf63c66c8efc7360afd45b3ff2cb25b8",
            "messageTitle": "Remove snooze Updated Add command Update individual parser",
            "messageBody": "",
            "insertions": 76,
            "deletions": 329
          },
          {
            "hash": "1fff9d717133679effeb2153030513ce72ad7a79",
            "messageTitle": "Remove snooze Updated Add command Update individual parser",
            "messageBody": "",
            "insertions": 19,
            "deletions": 0
          },
          {
            "hash": "0dfb2c6a964e7fe9a75756e96de9510ca71cccb0",
            "messageTitle": "Merge Parser",
            "messageBody": "",
            "insertions": 26,
            "deletions": 19
          },
          {
            "hash": "3de40b4c98d8b9f9ca3ea5d930acfa251a6cbfe2",
            "messageTitle": "Fixed Parser",
            "messageBody": "",
            "insertions": 11,
            "deletions": 10
          },
          {
            "hash": "831aead4060c1eea2d365ae0cb14dc8ae9194439",
            "messageTitle": "Add modcode checker",
            "messageBody": "",
            "insertions": 72,
            "deletions": 9
          }
        ]
      }
    ],
    "lionlim97": [
      {
        "insertions": 343,
        "deletions": 52,
        "date": "2019-09-23",
        "commitResults": [
          {
            "hash": "9d9feb9471da8bb9f60b7f221a84aa5ec3e71d22",
            "messageTitle": "Change GUI",
            "messageBody": "",
            "insertions": 343,
            "deletions": 52
          }
        ]
      },
      {
        "insertions": 413,
        "deletions": 243,
        "date": "2019-09-24",
        "commitResults": [
          {
            "hash": "e979ac86dae1564c4327d9d6cba09237ea45ab88",
            "messageTitle": "Change GUI",
            "messageBody": "",
            "insertions": 413,
            "deletions": 243
          }
        ]
      },
      {
        "insertions": 247,
        "deletions": 91,
        "date": "2019-09-29",
        "commitResults": [
          {
            "hash": "67240a0eeb61efd6a91e4338aae74f2fd51c1a77",
            "messageTitle": "Change data saving method",
            "messageBody": "",
            "insertions": 206,
            "deletions": 83
          },
          {
            "hash": "ef39032e67be3065e2cb13c4a4db5187d13dc051",
            "messageTitle": "Fix delete and list commands",
            "messageBody": "",
            "insertions": 41,
            "deletions": 8
          }
        ]
      },
      {
        "insertions": 41,
        "deletions": 32,
        "date": "2019-09-30",
        "commitResults": [
          {
            "hash": "0775667f1a41a944eb693d0d0b71a9723e8fe014",
            "messageTitle": "Add autosave and initialise datepicker",
            "messageBody": "",
            "insertions": 40,
            "deletions": 31
          },
          {
            "hash": "f48f82722763186373286e3d4b2a1e48df8182e9",
            "messageTitle": "Fix fxml load error",
            "messageBody": "",
            "insertions": 1,
            "deletions": 1
          }
        ]
      },
      {
        "insertions": 212,
        "deletions": 256,
        "date": "2019-10-01",
        "commitResults": [
          {
            "hash": "85e8ad56004ebe3dc5f8a783beefc4add76535a3",
            "messageTitle": "Minor documentation \u0026 remind command fix, add auto-save feature for delete command",
            "messageBody": "",
            "insertions": 146,
            "deletions": 210
          },
          {
            "hash": "551b75c2965c7d5c3001fba74204ef777c77444b",
            "messageTitle": "Minor documentation fix",
            "messageBody": "",
            "insertions": 7,
            "deletions": 8
          },
          {
            "hash": "04f43eb118509463423b9a74881ee7acd9fe0fa5",
            "messageTitle": "Update gradle to create cross-platform JARS",
            "messageBody": "",
            "insertions": 13,
            "deletions": 0
          },
          {
            "hash": "2034b9a3fad92895a4c6860d72c87d5039db7f1c",
            "messageTitle": "Update test for remind command",
            "messageBody": "",
            "insertions": 25,
            "deletions": 13
          },
          {
            "hash": "1d3b3813826e629366454237f75ed3427eaace43",
            "messageTitle": "Fix merging issue",
            "messageBody": "",
            "insertions": 5,
            "deletions": 21
          },
          {
            "hash": "092258cc13f59c60e01cb65ebd1268a136155163",
            "messageTitle": "Fix merging issue",
            "messageBody": "",
            "insertions": 16,
            "deletions": 4
          }
        ]
      },
      {
        "insertions": 173,
        "deletions": 119,
        "date": "2019-10-07",
        "commitResults": [
          {
            "hash": "86ceb17cecb6fe5a36ed52efb0c3205d7e0be5f9",
            "messageTitle": "Change GUI",
            "messageBody": "",
            "insertions": 173,
            "deletions": 119
          }
        ]
      },
      {
        "insertions": 8,
        "deletions": 11,
        "date": "2019-10-09",
        "commitResults": [
          {
            "hash": "97c32cb7f3b73dba1651f59025624f206b2a2342",
            "messageTitle": "Fix merge and user input bug",
            "messageBody": "",
            "insertions": 8,
            "deletions": 11
          }
        ]
      },
      {
        "insertions": 52,
        "deletions": 91,
        "date": "2019-10-11",
        "commitResults": [
          {
            "hash": "4b54201f30260b12cbac429e6e9dd86092b55181",
            "messageTitle": "Change storage saving",
            "messageBody": "",
            "insertions": 52,
            "deletions": 91
          }
        ]
      },
      {
        "insertions": 104,
        "deletions": 143,
        "date": "2019-10-12",
        "commitResults": [
          {
            "hash": "8338958b0d9fbc672ed590a0bce3837784b437aa",
            "messageTitle": "Remove modcode from deadline class",
            "messageBody": "",
            "insertions": 4,
            "deletions": 44
          },
          {
            "hash": "414d7fc191358efbb42dba483759ddf4b5cd4cd9",
            "messageTitle": "Convert ArrayList to HashMap and remove todo in command",
            "messageBody": "",
            "insertions": 100,
            "deletions": 99
          }
        ]
      },
      {
        "insertions": 325,
        "deletions": 191,
        "date": "2019-10-15",
        "commitResults": [
          {
            "hash": "6af29ad7da49c2d6e356c01ce95964621e7b5f3e",
            "messageTitle": "Add notification and storage component to remind",
            "messageBody": "",
            "insertions": 304,
            "deletions": 150
          },
          {
            "hash": "faee6de3ae7142e339716adac33099eaa35a7484",
            "messageTitle": "Fix remindCommand list bugs",
            "messageBody": "",
            "insertions": 21,
            "deletions": 41
          }
        ]
      },
      {
        "insertions": 115,
        "deletions": 62,
        "date": "2019-10-20",
        "commitResults": [
          {
            "hash": "074ae0777291dd70dcb4db28866b012a92775f7d",
            "messageTitle": "Change second key of hashmap from date and time to date",
            "messageBody": "",
            "insertions": 108,
            "deletions": 40
          },
          {
            "hash": "3f6b63ee6ce1829fed9caf7b24e7b30d1f4ba97c",
            "messageTitle": "Change Task to abstract",
            "messageBody": "",
            "insertions": 7,
            "deletions": 22
          }
        ]
      },
      {
        "insertions": 201,
        "deletions": 90,
        "date": "2019-10-21",
        "commitResults": [
          {
            "hash": "5b9e1e0dd69383141319167d2a160f6041dcc096",
            "messageTitle": "Update RemindCommand",
            "messageBody": "",
            "insertions": 201,
            "deletions": 90
          }
        ]
      },
      {
        "insertions": 202,
        "deletions": 110,
        "date": "2019-10-22",
        "commitResults": [
          {
            "hash": "bda4d254f384d9942ec61b04bda359e72892ad32",
            "messageTitle": "Add logging to Reminder, ReminderCommand, Storage, Parser, Duke \u0026 MainWindow",
            "messageBody": "",
            "insertions": 185,
            "deletions": 103
          },
          {
            "hash": "eb0ac17753036d70becfad2bea7e6234c4aa77db",
            "messageTitle": "Add documentation to Reminder and Storage.",
            "messageBody": "",
            "insertions": 17,
            "deletions": 7
          }
        ]
      },
      {
        "insertions": 64,
        "deletions": 10,
        "date": "2019-10-24",
        "commitResults": [
          {
            "hash": "0ffe7524765c56943903c91a809873ab2b688b96",
            "messageTitle": "Add parser package and main parser. Fix FindFreeTimesCommand issue.",
            "messageBody": "",
            "insertions": 64,
            "deletions": 10
          }
        ]
      },
      {
        "insertions": 168,
        "deletions": 58,
        "date": "2019-10-25",
        "commitResults": [
          {
            "hash": "a93dc85049096b96963b489535f5513c986c6ffa",
            "messageTitle": "Update remind parser",
            "messageBody": "",
            "insertions": 69,
            "deletions": 15
          },
          {
            "hash": "6319f3f2850cdea4316085d591803d3adac4aaaa",
            "messageTitle": "Add DukeExceptions package",
            "messageBody": "",
            "insertions": 65,
            "deletions": 19
          },
          {
            "hash": "43ca1f986c5a155c3b0cb781bdb1b3706c148cfc",
            "messageTitle": "Add more duke exception",
            "messageBody": "",
            "insertions": 23,
            "deletions": 12
          },
          {
            "hash": "afa877769d8fffb8d8cafee8887644bcd6dc8ca5",
            "messageTitle": "Change exception name",
            "messageBody": "",
            "insertions": 11,
            "deletions": 12
          }
        ]
      }
    ],
    "0325961": [
      {
        "insertions": 220,
        "deletions": 32,
        "date": "2019-09-30",
        "commitResults": [
          {
            "hash": "b259581fe67a1c29faa3071d6c83a27054808599",
            "messageTitle": "Add B-DoWithinPeriodTasks (with checkstyle)",
            "messageBody": "",
            "insertions": 220,
            "deletions": 32
          }
        ]
      },
      {
        "insertions": 59,
        "deletions": 48,
        "date": "2019-10-01",
        "commitResults": [
          {
            "hash": "176af14fcc0ecede8a2ab09aa6e4c262668f0250",
            "messageTitle": "Add B-DoWithinPeriodTasks after command line restructuring (with checkstyle)",
            "messageBody": "",
            "insertions": 59,
            "deletions": 48
          }
        ]
      },
      {
        "insertions": 85,
        "deletions": 73,
        "date": "2019-10-08",
        "commitResults": [
          {
            "hash": "6712f72d58c7c73cc58f023898f46fa61589015c",
            "messageTitle": "Add Progress Bar (version 1)",
            "messageBody": "",
            "insertions": 85,
            "deletions": 73
          }
        ]
      },
      {
        "insertions": 52,
        "deletions": 39,
        "date": "2019-10-11",
        "commitResults": [
          {
            "hash": "13536efb17c2de41f0a77aee08f5f23978d859f0",
            "messageTitle": "Add Progress Bar (version 2)",
            "messageBody": "",
            "insertions": 52,
            "deletions": 39
          }
        ]
      },
      {
        "insertions": 135,
        "deletions": 681,
        "date": "2019-10-15",
        "commitResults": [
          {
            "hash": "6aaed54c782d8533285d77126536557af685f8f0",
            "messageTitle": "Add Progress Indicator (version 2)",
            "messageBody": "",
            "insertions": 94,
            "deletions": 647
          },
          {
            "hash": "9f07ff77b2efcb3a8deda6326da4a87fa4df833c",
            "messageTitle": "Add Progress Indicator (verson 2.1)",
            "messageBody": "",
            "insertions": 41,
            "deletions": 34
          }
        ]
      },
      {
        "insertions": 28,
        "deletions": 4,
        "date": "2019-10-20",
        "commitResults": [
          {
            "hash": "a98c3ce7fe848d66a12ec1eae7454e529e3f96a7",
            "messageTitle": "Fix Progress Indicator bug",
            "messageBody": "",
            "insertions": 3,
            "deletions": 4
          },
          {
            "hash": "da06a1d76be0bc3b34bbc0b6ac0421cf46113377",
            "messageTitle": "Add Quote Of The Day Feature",
            "messageBody": "",
            "insertions": 25,
            "deletions": 0
          }
        ]
      },
      {
        "insertions": 89,
        "deletions": 44,
        "date": "2019-10-24",
        "commitResults": [
          {
            "hash": "da36b758889b7dd344b0f9d2f2dc8813e9da5c2e",
            "messageTitle": "Update Progress Indicator to new format",
            "messageBody": "",
            "insertions": 89,
            "deletions": 44
          }
        ]
      },
      {
        "insertions": 226,
        "deletions": 76,
        "date": "2019-10-25",
        "commitResults": [
          {
            "hash": "c0a048b45d2348e1d821f2e4da8bc2b2dfeadae1",
            "messageTitle": "Add ShowPreviousCommand (v1.1)",
            "messageBody": "",
            "insertions": 226,
            "deletions": 76
          }
        ]
      },
      {
        "insertions": 127,
        "deletions": 21,
        "date": "2019-10-26",
        "commitResults": [
          {
            "hash": "50a690100d355fa8977d8b608a49a655c7dc99f2",
            "messageTitle": "Add RetrievePreviousCommand (v1.1)",
            "messageBody": "",
            "insertions": 83,
            "deletions": 5
          },
          {
            "hash": "1852d9bc5c19a8a0fc2f5e9f06a0fa5ad8e3a355",
            "messageTitle": "Update ShowPreviousCommand (v1.2)",
            "messageBody": "",
            "insertions": 33,
            "deletions": 16
          },
          {
            "hash": "a534e44c19791e2bb1460a9b164d32a2b121e3d6",
            "messageTitle": "Fix Retrieve Previous Command bug",
            "messageBody": "",
            "insertions": 11,
            "deletions": 0
          }
        ]
      },
      {
        "insertions": 41,
        "deletions": 29,
        "date": "2019-10-27",
        "commitResults": [
          {
            "hash": "e2aaf91213887b9d4b4850737383866f03895af8",
            "messageTitle": "Update ShowPreviousCommand (v1.3)",
            "messageBody": "",
            "insertions": 41,
            "deletions": 29
          }
        ]
      }
    ],
    "darrenoje": [
      {
        "insertions": 110,
        "deletions": 52,
        "date": "2019-10-01",
        "commitResults": [
          {
            "hash": "6ddd35b75a55dc1413012ecb7e5219dab30636ca",
            "messageTitle": "Add from and to for event time",
            "messageBody": "",
            "insertions": 110,
            "deletions": 52
          }
        ]
      },
      {
        "insertions": 40,
        "deletions": 17,
        "date": "2019-10-08",
        "commitResults": [
          {
            "hash": "452b7b96696b067692e9c3006e1e362750d9e3a6",
            "messageTitle": "Change input of event and add method for module code",
            "messageBody": "",
            "insertions": 40,
            "deletions": 17
          }
        ]
      },
      {
        "insertions": 148,
        "deletions": 44,
        "date": "2019-10-14",
        "commitResults": [
          {
            "hash": "c201e357756a7284020ab1d2f34d74718c2ff99e",
            "messageTitle": "Add RecurringCommand",
            "messageBody": "",
            "insertions": 89,
            "deletions": 4
          },
          {
            "hash": "79dc0be7a0079f2ebf69eaa9b01065769cbb0187",
            "messageTitle": "Fix bugs for RecurringCommand",
            "messageBody": "",
            "insertions": 59,
            "deletions": 40
          }
        ]
      },
      {
        "insertions": 1,
        "deletions": 1,
        "date": "2019-10-15",
        "commitResults": [
          {
            "hash": "aaabacc2fdd433cc94fb5fdd3562ef9fec063d8a",
            "messageTitle": "Update Ui message for RecurringCommand",
            "messageBody": "",
            "insertions": 1,
            "deletions": 1
          }
        ]
      },
      {
        "insertions": 143,
        "deletions": 10,
        "date": "2019-10-21",
        "commitResults": [
          {
            "hash": "313c83df97c9199112ba074b50ac84652d2587c8",
            "messageTitle": "Add show recommended weekly workload command",
            "messageBody": "",
            "insertions": 143,
            "deletions": 10
          }
        ]
      },
      {
        "insertions": 144,
        "deletions": 2,
        "date": "2019-10-24",
        "commitResults": [
          {
            "hash": "2500dba7eb4ab711574b247ad8f6127c8a91d229",
            "messageTitle": "Add DateTimeParser",
            "messageBody": "",
            "insertions": 144,
            "deletions": 2
          }
        ]
      },
      {
        "insertions": 81,
        "deletions": 113,
        "date": "2019-10-25",
        "commitResults": [
          {
            "hash": "ada886de416df4c2a651ef83de60ed5f784044ad",
            "messageTitle": "Fix RecurParse and recurringEventParse in DateTimeParser",
            "messageBody": "",
            "insertions": 54,
            "deletions": 33
          },
          {
            "hash": "af444f64cf8b0a6d059bf752d6153d8aad589b25",
            "messageTitle": "Fix WorkloadParse",
            "messageBody": "",
            "insertions": 8,
            "deletions": 14
          },
          {
            "hash": "b9319f4238775b2c1727e2ae39fc08cd196eccdf",
            "messageTitle": "Update RecurringCommand",
            "messageBody": "",
            "insertions": 19,
            "deletions": 66
          }
        ]
      }
    ],
    "hwbjerry": [
      {
        "insertions": 537,
        "deletions": 151,
        "date": "2019-09-27",
        "commitResults": [
          {
            "hash": "1f593297edc639731ce6330816d45ebecc8715c0",
            "messageTitle": "Add B-FixedDurationTasks (v1.0)",
            "messageBody": "",
            "insertions": 537,
            "deletions": 151
          }
        ]
      },
      {
        "insertions": 205,
        "deletions": 113,
        "date": "2019-09-30",
        "commitResults": [
          {
            "hash": "ffb2a5b9a6b19baa01d0f5fdf9e42aba88a0a907",
            "messageTitle": "Add B-FixedDurationTasks (with checkstyle)",
            "messageBody": "",
            "insertions": 205,
            "deletions": 113
          }
        ]
      },
      {
        "insertions": 874,
        "deletions": 905,
        "date": "2019-10-01",
        "commitResults": [
          {
            "hash": "e19bcf8337dc2817be4a709e52e4f69d96096591",
            "messageTitle": "Add B-FixedDurationTasks after command line restructuring (with checkstyle)",
            "messageBody": "",
            "insertions": 255,
            "deletions": 199
          },
          {
            "hash": "73e5a6b8479f361f91e61d8d59c22bc06b97f1c8",
            "messageTitle": "Revert \"B-FixedDurationTasks post command line restructuring (with checkstyle)\"",
            "messageBody": "",
            "insertions": 255,
            "deletions": 406
          },
          {
            "hash": "8c9a28368c99b8c3a2a291dfb15d02357e348b9c",
            "messageTitle": "Add B-FixedDurationTasks after command line restructuring (with checkstyle) v2.0",
            "messageBody": "",
            "insertions": 332,
            "deletions": 254
          },
          {
            "hash": "b866ff6419ded16623beb7bcd792ff69c5f364b3",
            "messageTitle": "Milestone v1.1 after command line restructuring (with checkstyle)",
            "messageBody": "",
            "insertions": 32,
            "deletions": 46
          }
        ]
      },
      {
        "insertions": 178,
        "deletions": 19,
        "date": "2019-10-08",
        "commitResults": [
          {
            "hash": "164ad8fcaad3a36e3fc33a445f5abc4b9f0f5d1d",
            "messageTitle": "Add GridPane ListView refreshing and currentWeek Label update",
            "messageBody": "",
            "insertions": 178,
            "deletions": 19
          }
        ]
      },
      {
        "insertions": 54,
        "deletions": 18,
        "date": "2019-10-10",
        "commitResults": [
          {
            "hash": "e41e1c4a98906b2119dc1cc3a391278be1966e11",
            "messageTitle": "Add GridPane ListView week selection update",
            "messageBody": "",
            "insertions": 54,
            "deletions": 18
          }
        ]
      },
      {
        "insertions": 10,
        "deletions": 6,
        "date": "2019-10-11",
        "commitResults": [
          {
            "hash": "2f3becdaf77d952593828a64a2bd6de546b329ae",
            "messageTitle": "Add Lookup.txt data restructured",
            "messageBody": "",
            "insertions": 10,
            "deletions": 6
          }
        ]
      },
      {
        "insertions": 218,
        "deletions": 452,
        "date": "2019-10-15",
        "commitResults": [
          {
            "hash": "43b8a11c8b1d7cf9c06efd89ad9e0b1e3281795a",
            "messageTitle": "Add LiveUpdate (Version 2)",
            "messageBody": "",
            "insertions": 198,
            "deletions": 433
          },
          {
            "hash": "119e764e7932026b9ffd4868111e90366fd8af0e",
            "messageTitle": "Add LiveUpdate (Version 2.1)",
            "messageBody": "",
            "insertions": 20,
            "deletions": 19
          }
        ]
      },
      {
        "insertions": 283,
        "deletions": 370,
        "date": "2019-10-22",
        "commitResults": [
          {
            "hash": "f07c6ce7f35a403ddf988613ca4597360bdac94f",
            "messageTitle": "Add findFreeTimes feature",
            "messageBody": "",
            "insertions": 283,
            "deletions": 370
          }
        ]
      },
      {
        "insertions": 283,
        "deletions": 300,
        "date": "2019-10-24",
        "commitResults": [
          {
            "hash": "f6ffbcfb2090eaac4cff58d2424d5504a5d304f9",
            "messageTitle": "Update LookupTable methods",
            "messageBody": "",
            "insertions": 39,
            "deletions": 56
          },
          {
            "hash": "ebbe6ff41f6f513ecb2d2aeaa6db8590064f0f2b",
            "messageTitle": "Unstage findFreeTimesCommand",
            "messageBody": "",
            "insertions": 0,
            "deletions": 244
          },
          {
            "hash": "db01ed038a705b222ee0e39d543a30288ae3615a",
            "messageTitle": "Stage FindFreeTimesCommand",
            "messageBody": "",
            "insertions": 244,
            "deletions": 0
          }
        ]
      },
      {
        "insertions": 308,
        "deletions": 89,
        "date": "2019-10-25",
        "commitResults": [
          {
            "hash": "071a229601aef34c779330b520a7f5a4c04d9adf",
            "messageTitle": "Add FindFreeTimesParse",
            "messageBody": "",
            "insertions": 73,
            "deletions": 6
          },
          {
            "hash": "a555e6a5eb9c55d085a7c34692492d8f84549af3",
            "messageTitle": "Add DoneParse and Update DoneCommand",
            "messageBody": "",
            "insertions": 235,
            "deletions": 83
          }
        ]
      },
      {
        "insertions": 231,
        "deletions": 3,
        "date": "2019-10-26",
        "commitResults": [
          {
            "hash": "47d5ec4d098b7f9f82661155e168634f8e79c1bb",
            "messageTitle": "Add WeekCommand (v1.1)",
            "messageBody": "",
            "insertions": 231,
            "deletions": 3
          }
        ]
      },
      {
        "insertions": 220,
        "deletions": 358,
        "date": "2019-10-27",
        "commitResults": [
          {
            "hash": "e226d7d47e2cfa89603fc253ab7cb4fceb1c2ca7",
            "messageTitle": "Add WeekCommand (v1.1)",
            "messageBody": "",
            "insertions": 29,
            "deletions": 257
          },
          {
            "hash": "fb28384d6cd2069488f35238001e4f5bb1d165d9",
            "messageTitle": "Update FindFreeTimesCommand (v1.2)",
            "messageBody": "",
            "insertions": 191,
            "deletions": 101
          }
        ]
      }
    ]
  },
  "authorFinalContributionMap": {
    "Krazzen": 630,
    "lionlim97": 1172,
    "0325961": 668,
    "darrenoje": 378,
    "hwbjerry": 1088
  },
  "authorFileTypeContributionMap": {
    "Krazzen": {
      "tests": 21,
      "functional": 608,
      "other": 1
    },
    "lionlim97": {
      "tests": 20,
      "functional": 1136,
      "other": 16
    },
    "0325961": {
      "tests": 0,
      "functional": 668
    },
    "darrenoje": {
      "tests": 2,
      "functional": 376
    },
    "hwbjerry": {
      "tests": 73,
      "functional": 1015
    }
  },
  "authorContributionVariance": {
    "Krazzen": 16363.8125,
    "lionlim97": 30953.963,
    "0325961": 21366.541,
    "darrenoje": 3419.9258,
    "hwbjerry": 121927.26
  },
  "authorDisplayNameMap": {
    "Krazzen": "CS2113T-W12-4 YAN  . .  ZE",
    "lionlim97": "CS2113T-W12-4 LIM  . . NEL",
    "0325961": "CS2113T-W12-4 MIC  . . ING",
    "darrenoje": "CS2113T-W12-4 DAR  . . ONG",
    "hwbjerry": "CS2113T-W12-4 HO   . . RRY"
  }
}
