{
  "authorDailyContributionsMap": {
    "Krazzen": [
      {
        "insertions": 200,
        "deletions": 33,
        "date": "2019-10-01",
        "commitResults": [
          {
            "hash": "12f1901fee50a58c664c24ad0051e984d2e3dc94",
            "messageTitle": "B-DetectAnomalies(Modified)",
            "messageBody": "",
            "insertions": 37,
            "deletions": 15
          },
          {
            "hash": "64f284b10374e5a43c1dce66ca3c9d9d5d72027e",
            "messageTitle": "B-TentativeScheduling",
            "messageBody": "",
            "insertions": 132,
            "deletions": 10
          },
          {
            "hash": "bcdb4c81613df96336c95e319f644bcd220bb99b",
            "messageTitle": "B-TentativeScheduling",
            "messageBody": "",
            "insertions": 31,
            "deletions": 8
          }
        ]
      },
      {
        "insertions": 78,
        "deletions": 8,
        "date": "2019-10-08",
        "commitResults": [
          {
            "hash": "12fbc3a0f7b2d05310d9e941108ecfd82ce4c3d5",
            "messageTitle": "Lookup table added, change format of deadline input",
            "messageBody": "",
            "insertions": 78,
            "deletions": 8
          }
        ]
      },
      {
        "insertions": 13,
        "deletions": 70,
        "date": "2019-10-12",
        "commitResults": [
          {
            "hash": "2b30d76b3077af9b326e6fdef16c52ac1dab5a5d",
            "messageTitle": "Edit lookup table format",
            "messageBody": "",
            "insertions": 0,
            "deletions": 32
          },
          {
            "hash": "116a0111e0845e6440f8130c46caad2f68aeb938",
            "messageTitle": "Edit lookup table format Edit entry of deadline to include modcode",
            "messageBody": "",
            "insertions": 13,
            "deletions": 38
          }
        ]
      }
    ],
    "lionlim97": [
      {
        "insertions": 343,
        "deletions": 52,
        "date": "2019-09-23",
        "commitResults": [
          {
            "hash": "9d9feb9471da8bb9f60b7f221a84aa5ec3e71d22",
            "messageTitle": "Change GUI",
            "messageBody": "",
            "insertions": 343,
            "deletions": 52
          }
        ]
      },
      {
        "insertions": 413,
        "deletions": 243,
        "date": "2019-09-24",
        "commitResults": [
          {
            "hash": "e979ac86dae1564c4327d9d6cba09237ea45ab88",
            "messageTitle": "Change GUI",
            "messageBody": "",
            "insertions": 413,
            "deletions": 243
          }
        ]
      },
      {
        "insertions": 247,
        "deletions": 91,
        "date": "2019-09-29",
        "commitResults": [
          {
            "hash": "67240a0eeb61efd6a91e4338aae74f2fd51c1a77",
            "messageTitle": "Change data saving method",
            "messageBody": "",
            "insertions": 206,
            "deletions": 83
          },
          {
            "hash": "ef39032e67be3065e2cb13c4a4db5187d13dc051",
            "messageTitle": "Fix delete and list commands",
            "messageBody": "",
            "insertions": 41,
            "deletions": 8
          }
        ]
      },
      {
        "insertions": 41,
        "deletions": 32,
        "date": "2019-09-30",
        "commitResults": [
          {
            "hash": "0775667f1a41a944eb693d0d0b71a9723e8fe014",
            "messageTitle": "Add autosave and initialise datepicker",
            "messageBody": "",
            "insertions": 40,
            "deletions": 31
          },
          {
            "hash": "f48f82722763186373286e3d4b2a1e48df8182e9",
            "messageTitle": "Fix fxml load error",
            "messageBody": "",
            "insertions": 1,
            "deletions": 1
          }
        ]
      },
      {
        "insertions": 212,
        "deletions": 256,
        "date": "2019-10-01",
        "commitResults": [
          {
            "hash": "85e8ad56004ebe3dc5f8a783beefc4add76535a3",
            "messageTitle": "Minor documentation \u0026 remind command fix, add auto-save feature for delete command",
            "messageBody": "",
            "insertions": 146,
            "deletions": 210
          },
          {
            "hash": "551b75c2965c7d5c3001fba74204ef777c77444b",
            "messageTitle": "Minor documentation fix",
            "messageBody": "",
            "insertions": 7,
            "deletions": 8
          },
          {
            "hash": "04f43eb118509463423b9a74881ee7acd9fe0fa5",
            "messageTitle": "Update gradle to create cross-platform JARS",
            "messageBody": "",
            "insertions": 13,
            "deletions": 0
          },
          {
            "hash": "2034b9a3fad92895a4c6860d72c87d5039db7f1c",
            "messageTitle": "Update test for remind command",
            "messageBody": "",
            "insertions": 25,
            "deletions": 13
          },
          {
            "hash": "1d3b3813826e629366454237f75ed3427eaace43",
            "messageTitle": "Fix merging issue",
            "messageBody": "",
            "insertions": 5,
            "deletions": 21
          },
          {
            "hash": "092258cc13f59c60e01cb65ebd1268a136155163",
            "messageTitle": "Fix merging issue",
            "messageBody": "",
            "insertions": 16,
            "deletions": 4
          }
        ]
      },
      {
        "insertions": 173,
        "deletions": 119,
        "date": "2019-10-07",
        "commitResults": [
          {
            "hash": "86ceb17cecb6fe5a36ed52efb0c3205d7e0be5f9",
            "messageTitle": "Change GUI",
            "messageBody": "",
            "insertions": 173,
            "deletions": 119
          }
        ]
      },
      {
        "insertions": 8,
        "deletions": 11,
        "date": "2019-10-09",
        "commitResults": [
          {
            "hash": "97c32cb7f3b73dba1651f59025624f206b2a2342",
            "messageTitle": "Fix merge and user input bug",
            "messageBody": "",
            "insertions": 8,
            "deletions": 11
          }
        ]
      },
      {
        "insertions": 52,
        "deletions": 91,
        "date": "2019-10-11",
        "commitResults": [
          {
            "hash": "4b54201f30260b12cbac429e6e9dd86092b55181",
            "messageTitle": "Change storage saving",
            "messageBody": "",
            "insertions": 52,
            "deletions": 91
          }
        ]
      },
      {
        "insertions": 104,
        "deletions": 143,
        "date": "2019-10-12",
        "commitResults": [
          {
            "hash": "8338958b0d9fbc672ed590a0bce3837784b437aa",
            "messageTitle": "Remove modcode from deadline class",
            "messageBody": "",
            "insertions": 4,
            "deletions": 44
          },
          {
            "hash": "414d7fc191358efbb42dba483759ddf4b5cd4cd9",
            "messageTitle": "Convert ArrayList to HashMap and remove todo in command",
            "messageBody": "",
            "insertions": 100,
            "deletions": 99
          }
        ]
      }
    ],
    "0325961": [
      {
        "insertions": 220,
        "deletions": 32,
        "date": "2019-09-30",
        "commitResults": [
          {
            "hash": "b259581fe67a1c29faa3071d6c83a27054808599",
            "messageTitle": "Add B-DoWithinPeriodTasks (with checkstyle)",
            "messageBody": "",
            "insertions": 220,
            "deletions": 32
          }
        ]
      },
      {
        "insertions": 59,
        "deletions": 48,
        "date": "2019-10-01",
        "commitResults": [
          {
            "hash": "176af14fcc0ecede8a2ab09aa6e4c262668f0250",
            "messageTitle": "Add B-DoWithinPeriodTasks after command line restructuring (with checkstyle)",
            "messageBody": "",
            "insertions": 59,
            "deletions": 48
          }
        ]
      },
      {
        "insertions": 85,
        "deletions": 73,
        "date": "2019-10-08",
        "commitResults": [
          {
            "hash": "6712f72d58c7c73cc58f023898f46fa61589015c",
            "messageTitle": "Add Progress Bar (version 1)",
            "messageBody": "",
            "insertions": 85,
            "deletions": 73
          }
        ]
      },
      {
        "insertions": 52,
        "deletions": 39,
        "date": "2019-10-11",
        "commitResults": [
          {
            "hash": "13536efb17c2de41f0a77aee08f5f23978d859f0",
            "messageTitle": "Add Progress Bar (version 2)",
            "messageBody": "",
            "insertions": 52,
            "deletions": 39
          }
        ]
      }
    ],
    "darrenoje": [
      {
        "insertions": 110,
        "deletions": 52,
        "date": "2019-10-01",
        "commitResults": [
          {
            "hash": "6ddd35b75a55dc1413012ecb7e5219dab30636ca",
            "messageTitle": "Add from and to for event time",
            "messageBody": "",
            "insertions": 110,
            "deletions": 52
          }
        ]
      },
      {
        "insertions": 40,
        "deletions": 17,
        "date": "2019-10-08",
        "commitResults": [
          {
            "hash": "452b7b96696b067692e9c3006e1e362750d9e3a6",
            "messageTitle": "Change input of event and add method for module code",
            "messageBody": "",
            "insertions": 40,
            "deletions": 17
          }
        ]
      }
    ],
    "hwbjerry": [
      {
        "insertions": 537,
        "deletions": 151,
        "date": "2019-09-27",
        "commitResults": [
          {
            "hash": "1f593297edc639731ce6330816d45ebecc8715c0",
            "messageTitle": "Add B-FixedDurationTasks (v1.0)",
            "messageBody": "",
            "insertions": 537,
            "deletions": 151
          }
        ]
      },
      {
        "insertions": 205,
        "deletions": 113,
        "date": "2019-09-30",
        "commitResults": [
          {
            "hash": "ffb2a5b9a6b19baa01d0f5fdf9e42aba88a0a907",
            "messageTitle": "Add B-FixedDurationTasks (with checkstyle)",
            "messageBody": "",
            "insertions": 205,
            "deletions": 113
          }
        ]
      },
      {
        "insertions": 874,
        "deletions": 905,
        "date": "2019-10-01",
        "commitResults": [
          {
            "hash": "e19bcf8337dc2817be4a709e52e4f69d96096591",
            "messageTitle": "Add B-FixedDurationTasks after command line restructuring (with checkstyle)",
            "messageBody": "",
            "insertions": 255,
            "deletions": 199
          },
          {
            "hash": "73e5a6b8479f361f91e61d8d59c22bc06b97f1c8",
            "messageTitle": "Revert \"B-FixedDurationTasks post command line restructuring (with checkstyle)\"",
            "messageBody": "",
            "insertions": 255,
            "deletions": 406
          },
          {
            "hash": "8c9a28368c99b8c3a2a291dfb15d02357e348b9c",
            "messageTitle": "Add B-FixedDurationTasks after command line restructuring (with checkstyle) v2.0",
            "messageBody": "",
            "insertions": 332,
            "deletions": 254
          },
          {
            "hash": "b866ff6419ded16623beb7bcd792ff69c5f364b3",
            "messageTitle": "Milestone v1.1 after command line restructuring (with checkstyle)",
            "messageBody": "",
            "insertions": 32,
            "deletions": 46
          }
        ]
      },
      {
        "insertions": 178,
        "deletions": 19,
        "date": "2019-10-08",
        "commitResults": [
          {
            "hash": "164ad8fcaad3a36e3fc33a445f5abc4b9f0f5d1d",
            "messageTitle": "Add GridPane ListView refreshing and currentWeek Label update",
            "messageBody": "",
            "insertions": 178,
            "deletions": 19
          }
        ]
      },
      {
        "insertions": 54,
        "deletions": 18,
        "date": "2019-10-10",
        "commitResults": [
          {
            "hash": "e41e1c4a98906b2119dc1cc3a391278be1966e11",
            "messageTitle": "Add GridPane ListView week selection update",
            "messageBody": "",
            "insertions": 54,
            "deletions": 18
          }
        ]
      },
      {
        "insertions": 10,
        "deletions": 6,
        "date": "2019-10-11",
        "commitResults": [
          {
            "hash": "2f3becdaf77d952593828a64a2bd6de546b329ae",
            "messageTitle": "Add Lookup.txt data restructured",
            "messageBody": "",
            "insertions": 10,
            "deletions": 6
          }
        ]
      }
    ]
  },
  "authorFinalContributionMap": {
    "Krazzen": 149,
    "lionlim97": 956,
    "0325961": 332,
    "darrenoje": 94,
    "hwbjerry": 878
  },
  "authorFileTypeContributionMap": {
    "Krazzen": {
      "tests": 5,
      "functional": 144
    },
    "lionlim97": {
      "tests": 25,
      "functional": 917,
      "other": 14
    },
    "0325961": {
      "tests": 89,
      "functional": 243
    },
    "darrenoje": {
      "tests": 14,
      "functional": 80
    },
    "hwbjerry": {
      "tests": 73,
      "functional": 805
    }
  },
  "authorContributionVariance": {
    "Krazzen": 2783.1082,
    "lionlim97": 35336.246,
    "0325961": 4154.322,
    "darrenoje": 1241.4983,
    "hwbjerry": 152507.02
  },
  "authorDisplayNameMap": {
    "Krazzen": "CS2113T-W12-4 YAN  . .  ZE",
    "lionlim97": "CS2113T-W12-4 LIM  . . NEL",
    "0325961": "CS2113T-W12-4 MIC  . . ING",
    "darrenoje": "CS2113T-W12-4 DAR  . . ONG",
    "hwbjerry": "CS2113T-W12-4 HO   . . RRY"
  }
}
