{
  "authorDailyContributionsMap": {
    "carrieng0323852": [
      {
        "insertions": 294,
        "deletions": 0,
        "date": "2019-10-09",
        "commitResults": [
          {
            "hash": "6de491ceef3928f2aee4c704c61bf130199effa0",
            "messageTitle": "adding parser and command package and uncompleted exceptions (#94)",
            "messageBody": "* adding parser and command package and uncompleted exceptions\r\n\r\n* photo\r\n",
            "insertions": 294,
            "deletions": 0
          }
        ]
      },
      {
        "insertions": 240,
        "deletions": 49,
        "date": "2019-10-16",
        "commitResults": [
          {
            "hash": "50a724cd2a76e142a914c8ade12b35a89ef05988",
            "messageTitle": "updated parser and exceptions (#104)",
            "messageBody": "* adding parser and command package and uncompleted exceptions\r\n\r\n* photo\r\n\r\n* updated parser and exceptions\r\n\r\n* updated parser and exceptions\r\n\r\n* updated parser and exceptions and removal of accidental log file\r\n\r\n* updated\r\n",
            "insertions": 240,
            "deletions": 49
          }
        ]
      },
      {
        "insertions": 174,
        "deletions": 1,
        "date": "2019-10-23",
        "commitResults": [
          {
            "hash": "cc4821b52491454d4d2ece4131d5923db6f56823",
            "messageTitle": "dg (#131)",
            "messageBody": "* adding parser and command package and uncompleted exceptions\r\n\r\n* photo\r\n\r\n* updated parser and exceptions\r\n\r\n* updated parser and exceptions\r\n\r\n* updated parser and exceptions and removal of accidental log file\r\n\r\n* updated\r\n\r\n* ignore\r\n\r\n* dg\r\n\r\n* dg\r\n\r\n* dg\r\n\r\n* dgcd\r\n\r\n* dg\r\n\r\n* dg\r\n",
            "insertions": 174,
            "deletions": 1
          }
        ]
      }
    ],
    "nwjbrandon": [
      {
        "insertions": 6,
        "deletions": 2948,
        "date": "2019-10-01",
        "commitResults": [
          {
            "hash": "227b2056a54a16c40e7609c769909e8e374ad441",
            "messageTitle": "morph code (#24)",
            "messageBody": "",
            "insertions": 6,
            "deletions": 2948
          }
        ]
      },
      {
        "insertions": 266,
        "deletions": 29,
        "date": "2019-10-03",
        "commitResults": [
          {
            "hash": "eacf31aab3ef3f67b9befbe0a5f2d91e6547f05e",
            "messageTitle": "setup javafx and the test cases",
            "messageBody": "",
            "insertions": 262,
            "deletions": 24
          },
          {
            "hash": "fb3a6e037c042a97220b137bc005e75c49e493c6",
            "messageTitle": "remove unnecessary files",
            "messageBody": "",
            "insertions": 4,
            "deletions": 5
          }
        ]
      },
      {
        "insertions": 393,
        "deletions": 198,
        "date": "2019-10-04",
        "commitResults": [
          {
            "hash": "3306ab37aab891abbdca260c49deeefd232274e1",
            "messageTitle": "Change scenes (#78)",
            "messageBody": "* create functionality to change scenes\r\n\r\n* change names of the buttons and labels\r\n\r\n* add sound features\r\n\r\n* add music and images\r\n\r\n* add scene build from gluon\r\n\r\n* fix bug in the music player\r\n\r\n* update test case\r\n\r\n* fix test cases\r\n\r\n* fix bug in test case\r\n\r\n* change to home scene\r\n",
            "insertions": 393,
            "deletions": 198
          }
        ]
      },
      {
        "insertions": 381,
        "deletions": 84,
        "date": "2019-10-05",
        "commitResults": [
          {
            "hash": "92513787310bab1d6e60c25bd41648e26f2cf044",
            "messageTitle": "Bg (#81)",
            "messageBody": "* bg cover img\r\n\r\n* customize img\r\n\r\n* implement pdf writer\r\n\r\n* remove pdf\r\n\r\n* add keyevents\r\n\r\n* clean up code base\r\n\r\n* fix bug in the scene transition\r\n\r\n* fix test cases\r\n",
            "insertions": 381,
            "deletions": 84
          }
        ]
      },
      {
        "insertions": 1175,
        "deletions": 506,
        "date": "2019-10-08",
        "commitResults": [
          {
            "hash": "d43f19c1184006faea23ad35f215a539dd6258d4",
            "messageTitle": "Scenes (#85)",
            "messageBody": "* add toggle volume feature\r\n\r\n* add all scenes\r\n\r\n* add different scenes\r\n\r\n* fix scene transition bug\r\n\r\n* configure scenes flow\r\n\r\n* add animation stopper when scene change\r\n",
            "insertions": 616,
            "deletions": 9
          },
          {
            "hash": "89b02c996affaa2aa5a3ed23b7eec90df6be1d34",
            "messageTitle": "create function to change scene",
            "messageBody": "",
            "insertions": 105,
            "deletions": 110
          },
          {
            "hash": "ae897efd1cfc5377235692fe4b49a7a72ae6b434",
            "messageTitle": "fix checkstyle issue",
            "messageBody": "",
            "insertions": 1,
            "deletions": 1
          },
          {
            "hash": "2711b320344ffb17d66a707d103e23df9fc2c72c",
            "messageTitle": "fix test case",
            "messageBody": "",
            "insertions": 6,
            "deletions": 23
          },
          {
            "hash": "b13183b709b25db3063195554ba7beeb25026a73",
            "messageTitle": "Create method to handle scene change (#88)",
            "messageBody": "* create function to change scene\r\n\r\n* fix checkstyle issue\r\n\r\n* fix test case\r\n",
            "insertions": 102,
            "deletions": 98
          },
          {
            "hash": "324515415a2fa7e5b885793c16b79743349fb191",
            "messageTitle": "home scene done",
            "messageBody": "",
            "insertions": 55,
            "deletions": 13
          },
          {
            "hash": "cd95d0a963e219ecd0c1598e2fe7ee793d81b2b2",
            "messageTitle": "update scenes to home transition",
            "messageBody": "",
            "insertions": 43,
            "deletions": 53
          },
          {
            "hash": "d5fc277b1e9f1fce47561010d70ee7066ce2945b",
            "messageTitle": "update quiz scene",
            "messageBody": "",
            "insertions": 66,
            "deletions": 64
          },
          {
            "hash": "36eed6ab5a9bdcc4dbb257d52e5764da18d2c050",
            "messageTitle": "update styling",
            "messageBody": "",
            "insertions": 17,
            "deletions": 11
          },
          {
            "hash": "157e69670e6ab815cc91beab0d3140ce0c61ba2d",
            "messageTitle": "Update home scene (#90)",
            "messageBody": "* create function to change scene\r\n\r\n* fix checkstyle issue\r\n\r\n* fix test case\r\n\r\n* home scene done\r\n\r\n* update scenes to home transition\r\n\r\n* update quiz scene\r\n\r\n* update styling\r\n",
            "insertions": 164,
            "deletions": 124
          }
        ]
      },
      {
        "insertions": 211,
        "deletions": 164,
        "date": "2019-10-09",
        "commitResults": [
          {
            "hash": "9ce886939ce6b1245de653415095ad85592d644c",
            "messageTitle": "complete end scene",
            "messageBody": "",
            "insertions": 53,
            "deletions": 52
          },
          {
            "hash": "78b1361f7181f6489e40e2f9b34830d690931129",
            "messageTitle": "update the girls scene",
            "messageBody": "",
            "insertions": 47,
            "deletions": 55
          },
          {
            "hash": "5dd26a9f937a42a071d56862be18b01c64de7aa7",
            "messageTitle": "complete girl scene",
            "messageBody": "",
            "insertions": 21,
            "deletions": 1
          },
          {
            "hash": "213b9206152c7b488636d148962e30b0a1eb3b86",
            "messageTitle": "add options to select girls in girls scene",
            "messageBody": "",
            "insertions": 15,
            "deletions": 3
          },
          {
            "hash": "2c3cdbae3a9999e0022e82d599c83ad97acf9ee1",
            "messageTitle": "complete the date scene",
            "messageBody": "",
            "insertions": 69,
            "deletions": 53
          },
          {
            "hash": "eeb5f5e354879c4134b0acca89f82b41eaefddc2",
            "messageTitle": "fix checkstyle errors",
            "messageBody": "",
            "insertions": 6,
            "deletions": 0
          }
        ]
      },
      {
        "insertions": 366,
        "deletions": 254,
        "date": "2019-10-10",
        "commitResults": [
          {
            "hash": "fa2750884c07473f82fba916b8ebecc3ae7a66c6",
            "messageTitle": "Ui refactor (#97)",
            "messageBody": "* refactor change scene code\r\n\r\n* refactor display ui initialize code\r\n\r\n* ignore log files\r\n",
            "insertions": 366,
            "deletions": 254
          }
        ]
      },
      {
        "insertions": 417,
        "deletions": 50,
        "date": "2019-10-13",
        "commitResults": [
          {
            "hash": "aa9972e55d155f2f1a4d191f80e44895a9d02197",
            "messageTitle": "Complete Review Scene (#98)",
            "messageBody": "* refactor change scene code\r\n\r\n* refactor display ui initialize code\r\n\r\n* ignore log files\r\n\r\n* update javafx for review scene\r\n\r\n* add scrollpane\r\n\r\n* set scroll pane transparent\r\n\r\n* set up the animation for review scene\r\n\r\n* stack text on circle\r\n\r\n* animate the swaps\r\n\r\n* animate visualgo not complete\r\n\r\n* animate without moving x and y\r\n\r\n* fix bug in animation\r\n\r\n* refactor review scene code\r\n\r\n* add queue system for review questions\r\n\r\n* finish animation for sorting\r\n\r\n* finish review scene\r\n\r\n* fix issue\r\n",
            "insertions": 417,
            "deletions": 50
          }
        ]
      },
      {
        "insertions": 13,
        "deletions": 4,
        "date": "2019-10-16",
        "commitResults": [
          {
            "hash": "bf86ba014dba609482f80190e4502e88f55dca70",
            "messageTitle": "fix checkstyle issue",
            "messageBody": "",
            "insertions": 13,
            "deletions": 4
          }
        ]
      },
      {
        "insertions": 1430,
        "deletions": 2814,
        "date": "2019-10-22",
        "commitResults": [
          {
            "hash": "af59806cee89a5eb4fff92c3f754a78cb08838b3",
            "messageTitle": "Final contribution by me (#111)",
            "messageBody": "* make the jar runnable\r\n\r\n* refactor home scene\r\n\r\n* resolve issue with data type\r\n\r\n* comment code for music controller\r\n\r\n* resolve bug in the focus\r\n\r\n* refactor end scene\r\n\r\n* comment end scene\r\n\r\n* matthew code\r\n",
            "insertions": 568,
            "deletions": 58
          },
          {
            "hash": "76479b0c788c8565db91130fcfe6f8aae143b086",
            "messageTitle": "Fix bugs (#113)",
            "messageBody": "* Revert \"Final contribution by me (#111)\"\r\n\r\nrevert changes\r\nThis reverts commit af59806cee89a5eb4fff92c3f754a78cb08838b3.\r\n\r\n* fix packages\r\n",
            "insertions": 64,
            "deletions": 570
          },
          {
            "hash": "08c02e894fb562ea955b2bb92e62aded87ee2aed",
            "messageTitle": "migrate code to new version (#114)",
            "messageBody": "* Revert \"Final contribution by me (#111)\"\r\n\r\nrevert changes\r\nThis reverts commit af59806cee89a5eb4fff92c3f754a78cb08838b3.\r\n\r\n* fix packages\r\n\r\n* fix styling issues\r\n\r\n* add splash screen\r\n\r\n* random music\r\n\r\n* remove unnecessary files\r\n\r\n* jar file music\r\n\r\n* refactor code\r\n",
            "insertions": 145,
            "deletions": 1462
          },
          {
            "hash": "d66890cba2098480b67c681974226777d8d33091",
            "messageTitle": "Nwjbrandon (#115)",
            "messageBody": "* Revert \"Final contribution by me (#111)\"\r\n\r\nrevert changes\r\nThis reverts commit af59806cee89a5eb4fff92c3f754a78cb08838b3.\r\n\r\n* fix packages\r\n\r\n* fix styling issues\r\n\r\n* add splash screen\r\n\r\n* random music\r\n\r\n* remove unnecessary files\r\n\r\n* jar file music\r\n\r\n* refactor code\r\n\r\n* fix comments and test\r\n",
            "insertions": 60,
            "deletions": 118
          },
          {
            "hash": "02d519ee266e64d3bc938603b8d9ecd0370c9290",
            "messageTitle": "Print to pdf command (#118)",
            "messageBody": "* Revert \"Final contribution by me (#111)\"\r\n\r\nrevert changes\r\nThis reverts commit af59806cee89a5eb4fff92c3f754a78cb08838b3.\r\n\r\n* fix packages\r\n\r\n* fix styling issues\r\n\r\n* add splash screen\r\n\r\n* random music\r\n\r\n* remove unnecessary files\r\n\r\n* jar file music\r\n\r\n* refactor code\r\n\r\n* fix comments and test\r\n\r\n* fix splashscreen\r\n\r\n* print command done\r\n\r\n* bypass issue with runtime error\r\n\r\n* fix checkstyle\r\n\r\n* fix english\r\n\r\n* fix conflicts bug\r\n",
            "insertions": 116,
            "deletions": 53
          },
          {
            "hash": "d1243e960502f1151078fcadf17eafd46f52294f",
            "messageTitle": "Integerate Storage Code (#119)",
            "messageBody": "* Revert \"Final contribution by me (#111)\"\r\n\r\nrevert changes\r\nThis reverts commit af59806cee89a5eb4fff92c3f754a78cb08838b3.\r\n\r\n* fix packages\r\n\r\n* fix styling issues\r\n\r\n* add splash screen\r\n\r\n* random music\r\n\r\n* remove unnecessary files\r\n\r\n* jar file music\r\n\r\n* refactor code\r\n\r\n* fix comments and test\r\n\r\n* fix splashscreen\r\n\r\n* print command done\r\n\r\n* bypass issue with runtime error\r\n\r\n* fix checkstyle\r\n\r\n* fix english\r\n\r\n* fix english\r\n\r\n* remove unused imports\r\n\r\n* fix conflicts bug\r\n\r\n* exit properly\r\n\r\n* integrate shan code\r\n\r\n* fix Vbox height\r\n",
            "insertions": 126,
            "deletions": 41
          },
          {
            "hash": "c4321da98221307fb3132d95b446bf0f4e14c39a",
            "messageTitle": "Add more commands (#120)",
            "messageBody": "* Revert \"Final contribution by me (#111)\"\r\n\r\nrevert changes\r\nThis reverts commit af59806cee89a5eb4fff92c3f754a78cb08838b3.\r\n\r\n* fix packages\r\n\r\n* fix styling issues\r\n\r\n* add splash screen\r\n\r\n* random music\r\n\r\n* remove unnecessary files\r\n\r\n* jar file music\r\n\r\n* refactor code\r\n\r\n* fix comments and test\r\n\r\n* fix splashscreen\r\n\r\n* print command done\r\n\r\n* bypass issue with runtime error\r\n\r\n* fix checkstyle\r\n\r\n* fix english\r\n\r\n* fix english\r\n\r\n* remove unused imports\r\n\r\n* fix conflicts bug\r\n\r\n* exit properly\r\n\r\n* integrate shan code\r\n\r\n* fix Vbox height\r\n\r\n* results command\r\n\r\n* refactor code\r\n\r\n* fix checkstyle\r\n\r\n* fix checkstyle\r\n",
            "insertions": 159,
            "deletions": 472
          },
          {
            "hash": "06a6df5d97b6e52df1839afa720112eec30b049d",
            "messageTitle": "Add undo feature and print user stats feature (#121)",
            "messageBody": "* Revert \"Final contribution by me (#111)\"\r\n\r\nrevert changes\r\nThis reverts commit af59806cee89a5eb4fff92c3f754a78cb08838b3.\r\n\r\n* fix packages\r\n\r\n* fix styling issues\r\n\r\n* add splash screen\r\n\r\n* random music\r\n\r\n* remove unnecessary files\r\n\r\n* jar file music\r\n\r\n* refactor code\r\n\r\n* fix comments and test\r\n\r\n* fix splashscreen\r\n\r\n* print command done\r\n\r\n* bypass issue with runtime error\r\n\r\n* fix checkstyle\r\n\r\n* fix english\r\n\r\n* fix english\r\n\r\n* remove unused imports\r\n\r\n* fix conflicts bug\r\n\r\n* exit properly\r\n\r\n* integrate shan code\r\n\r\n* fix Vbox height\r\n\r\n* results command\r\n\r\n* refactor code\r\n\r\n* fix checkstyle\r\n\r\n* fix checkstyle\r\n\r\n* history command added\r\n\r\n* print user report\r\n\r\n* added undo chat feature\r\n\r\n* fix checkstyle\r\n",
            "insertions": 192,
            "deletions": 40
          }
        ]
      },
      {
        "insertions": 565,
        "deletions": 402,
        "date": "2019-10-23",
        "commitResults": [
          {
            "hash": "87c3398f115b6b91fdc734f389f770020f1f1055",
            "messageTitle": "Clear command, back command, auto response (#122)",
            "messageBody": "* Revert \"Final contribution by me (#111)\"\r\n\r\nrevert changes\r\nThis reverts commit af59806cee89a5eb4fff92c3f754a78cb08838b3.\r\n\r\n* fix packages\r\n\r\n* fix styling issues\r\n\r\n* add splash screen\r\n\r\n* random music\r\n\r\n* remove unnecessary files\r\n\r\n* jar file music\r\n\r\n* refactor code\r\n\r\n* fix comments and test\r\n\r\n* fix splashscreen\r\n\r\n* print command done\r\n\r\n* bypass issue with runtime error\r\n\r\n* fix checkstyle\r\n\r\n* fix english\r\n\r\n* fix english\r\n\r\n* remove unused imports\r\n\r\n* fix conflicts bug\r\n\r\n* exit properly\r\n\r\n* integrate shan code\r\n\r\n* fix Vbox height\r\n\r\n* results command\r\n\r\n* refactor code\r\n\r\n* fix checkstyle\r\n\r\n* fix checkstyle\r\n\r\n* history command added\r\n\r\n* print user report\r\n\r\n* added undo chat feature\r\n\r\n* fix checkstyle\r\n\r\n* refactor quiz\r\n\r\n* add clear command\r\n\r\n* add back command\r\n\r\n* fix checkstyle\r\n\r\n* fix comments\r\n",
            "insertions": 193,
            "deletions": 98
          },
          {
            "hash": "56a9f859d652794dd699f864d079167a5f3124f6",
            "messageTitle": "restructure code (#123)",
            "messageBody": "* Revert \"Final contribution by me (#111)\"\r\n\r\nrevert changes\r\nThis reverts commit af59806cee89a5eb4fff92c3f754a78cb08838b3.\r\n\r\n* fix packages\r\n\r\n* fix styling issues\r\n\r\n* add splash screen\r\n\r\n* random music\r\n\r\n* remove unnecessary files\r\n\r\n* jar file music\r\n\r\n* refactor code\r\n\r\n* fix comments and test\r\n\r\n* fix splashscreen\r\n\r\n* print command done\r\n\r\n* bypass issue with runtime error\r\n\r\n* fix checkstyle\r\n\r\n* fix english\r\n\r\n* fix english\r\n\r\n* remove unused imports\r\n\r\n* fix conflicts bug\r\n\r\n* exit properly\r\n\r\n* integrate shan code\r\n\r\n* fix Vbox height\r\n\r\n* results command\r\n\r\n* refactor code\r\n\r\n* fix checkstyle\r\n\r\n* fix checkstyle\r\n\r\n* history command added\r\n\r\n* print user report\r\n\r\n* added undo chat feature\r\n\r\n* fix checkstyle\r\n\r\n* refactor quiz\r\n\r\n* add clear command\r\n\r\n* add back command\r\n\r\n* fix checkstyle\r\n\r\n* fix comments\r\n\r\n* restructure code\r\n\r\n* delete command enum\r\n",
            "insertions": 132,
            "deletions": 293
          },
          {
            "hash": "9b2bba8dc2e82a0611d8cfdbf578468d65013f6a",
            "messageTitle": "Nwjbrandon3 (#128)",
            "messageBody": "* Revert \"Final contribution by me (#111)\"\r\n\r\nrevert changes\r\nThis reverts commit af59806cee89a5eb4fff92c3f754a78cb08838b3.\r\n\r\n* fix packages\r\n\r\n* more commands\r\n",
            "insertions": 137,
            "deletions": 10
          },
          {
            "hash": "fd5555bfea4fa7e5ef361ed392bd3e7575c45371",
            "messageTitle": "Add commands and tests (#129)",
            "messageBody": "* Revert \"Final contribution by me (#111)\"\r\n\r\nrevert changes\r\nThis reverts commit af59806cee89a5eb4fff92c3f754a78cb08838b3.\r\n\r\n* fix packages\r\n\r\n* more commands\r\n\r\n* add commands and test cases\r\n\r\n* add back the history statement\r\n\r\n* fix checkstyle issue for test\r\n\r\n* fix test cases\r\n\r\n* fix tests\r\n",
            "insertions": 103,
            "deletions": 1
          }
        ]
      }
    ],
    "sevenmatt7": [
      {
        "insertions": 56,
        "deletions": 13,
        "date": "2019-10-07",
        "commitResults": [
          {
            "hash": "b58dd7a94d7e6f17fbe72f59b1bf574a4b4bfe6a",
            "messageTitle": "GUI able to accept basic commands (#84)",
            "messageBody": "* Updated the user stories in dev guide\r\n\r\n* Added v2.0 feature to UserGuide\r\n\r\n* Final commit for v1.1\r\n\r\n* Updated user guide with new commands\r\n\r\n* Changed profile picture to png\r\n\r\n* Change to gradle file\r\n\r\n* GUI able to accept basic commands\r\n\r\n* Fixed checkstyle issues\r\n\r\n* Fixed checkstyle issues\r\n\r\n* Fixed conflict\r\n\r\n* Fixed test\r\n",
            "insertions": 56,
            "deletions": 13
          }
        ]
      },
      {
        "insertions": 49,
        "deletions": 33,
        "date": "2019-10-08",
        "commitResults": [
          {
            "hash": "33ea38f5cebfc6d7faffb8f0c99ea8c3b3c52073",
            "messageTitle": "GUI able to display questions now (#87)",
            "messageBody": "* Updated the user stories in dev guide\r\n\r\n* Added v2.0 feature to UserGuide\r\n\r\n* Final commit for v1.1\r\n\r\n* Updated user guide with new commands\r\n\r\n* Changed profile picture to png\r\n\r\n* Change to gradle file\r\n\r\n* GUI able to accept basic commands\r\n\r\n* Fixed checkstyle issues\r\n\r\n* Fixed checkstyle issues\r\n\r\n* Fixed conflict\r\n\r\n* Fixed test\r\n\r\n* Program now able to display generated questions in GUI\r\n\r\n* Fixed checkstyle issues\r\n",
            "insertions": 49,
            "deletions": 33
          }
        ]
      },
      {
        "insertions": 60,
        "deletions": 33,
        "date": "2019-10-16",
        "commitResults": [
          {
            "hash": "4a9530083f1126064d36c59c966645811e3a7383",
            "messageTitle": "Quiz scene has working flow  (#101)",
            "messageBody": "* Updated the user stories in dev guide\r\n\r\n* Added v2.0 feature to UserGuide\r\n\r\n* Final commit for v1.1\r\n\r\n* Updated user guide with new commands\r\n\r\n* Changed profile picture to png\r\n\r\n* Change to gradle file\r\n\r\n* GUI able to accept basic commands\r\n\r\n* Fixed checkstyle issues\r\n\r\n* Fixed checkstyle issues\r\n\r\n* Fixed conflict\r\n\r\n* Fixed test\r\n\r\n* Program now able to display generated questions in GUI\r\n\r\n* Fixed checkstyle issues\r\n\r\n* Test quiz layout\r\n\r\n* Quiz scene has a working flow\r\n\r\n* Fixed checkstyle issues\r\n\r\n* Deleted redundant code\r\n",
            "insertions": 60,
            "deletions": 33
          }
        ]
      },
      {
        "insertions": 900,
        "deletions": 873,
        "date": "2019-10-21",
        "commitResults": [
          {
            "hash": "615fc76b074cc39f065cfd851052abac4aba7ffb",
            "messageTitle": "Updated codebase organisation and UI revamp (#108)",
            "messageBody": "* Updated the user stories in dev guide\r\n\r\n* Added v2.0 feature to UserGuide\r\n\r\n* Final commit for v1.1\r\n\r\n* Updated user guide with new commands\r\n\r\n* Changed profile picture to png\r\n\r\n* Change to gradle file\r\n\r\n* GUI able to accept basic commands\r\n\r\n* Fixed checkstyle issues\r\n\r\n* Fixed checkstyle issues\r\n\r\n* Fixed conflict\r\n\r\n* Fixed test\r\n\r\n* Program now able to display generated questions in GUI\r\n\r\n* Fixed checkstyle issues\r\n\r\n* Test quiz layout\r\n\r\n* Quiz scene has a working flow\r\n\r\n* Fixed checkstyle issues\r\n\r\n* Deleted redundant code\r\n\r\n* Fixed exception\r\n\r\n* Deleted redundant command classes and modified Parser\r\n\r\n* Final commit before creating new branch\r\n\r\n* Completed part 1 of GUI tut\r\n\r\n* Finished part 2 of GUI tut\r\n\r\n* Finished part 3 of GUI tut\r\n\r\n* Finished the echo function for GUI\r\n\r\n* Quiz function working\r\n\r\n* Added progress bar at the side\r\n\r\n* Added JavaDoc comments\r\n\r\n* Updated organisation and program can run\r\n\r\n* Fixed checkstyle issues\r\n\r\n* Fixed branch conflict\r\n",
            "insertions": 900,
            "deletions": 873
          }
        ]
      },
      {
        "insertions": 205,
        "deletions": 32,
        "date": "2019-10-22",
        "commitResults": [
          {
            "hash": "9e9ea62eaf11bd4d1bfb85158567feb0fb6bc410",
            "messageTitle": "Repackaged the src folder (#112)",
            "messageBody": "* Updated the user stories in dev guide\r\n\r\n* Added v2.0 feature to UserGuide\r\n\r\n* Final commit for v1.1\r\n\r\n* Updated user guide with new commands\r\n\r\n* Changed profile picture to png\r\n\r\n* Change to gradle file\r\n\r\n* GUI able to accept basic commands\r\n\r\n* Fixed checkstyle issues\r\n\r\n* Fixed checkstyle issues\r\n\r\n* Fixed conflict\r\n\r\n* Fixed test\r\n\r\n* Program now able to display generated questions in GUI\r\n\r\n* Fixed checkstyle issues\r\n\r\n* Test quiz layout\r\n\r\n* Quiz scene has a working flow\r\n\r\n* Fixed checkstyle issues\r\n\r\n* Deleted redundant code\r\n\r\n* Fixed exception\r\n\r\n* Deleted redundant command classes and modified Parser\r\n\r\n* Final commit before creating new branch\r\n\r\n* Completed part 1 of GUI tut\r\n\r\n* Finished part 2 of GUI tut\r\n\r\n* Finished part 3 of GUI tut\r\n\r\n* Finished the echo function for GUI\r\n\r\n* Quiz function working\r\n\r\n* Added progress bar at the side\r\n\r\n* Added JavaDoc comments\r\n\r\n* Updated organisation and program can run\r\n\r\n* Fixed checkstyle issues\r\n\r\n* Fixed branch conflict\r\n\r\n* Styled the containers using inline CSS\r\n\r\n* Repackaged everything in the codebase\r\n",
            "insertions": 197,
            "deletions": 26
          },
          {
            "hash": "3300b4fee7bc78c1951de48aa402b41e8fb90aad",
            "messageTitle": "Developer Guide (60% done) (#117)",
            "messageBody": "* Updated the user stories in dev guide\r\n\r\n* Added v2.0 feature to UserGuide\r\n\r\n* Final commit for v1.1\r\n\r\n* Updated user guide with new commands\r\n\r\n* Changed profile picture to png\r\n\r\n* Change to gradle file\r\n\r\n* GUI able to accept basic commands\r\n\r\n* Fixed checkstyle issues\r\n\r\n* Fixed checkstyle issues\r\n\r\n* Fixed conflict\r\n\r\n* Fixed test\r\n\r\n* Program now able to display generated questions in GUI\r\n\r\n* Fixed checkstyle issues\r\n\r\n* Test quiz layout\r\n\r\n* Quiz scene has a working flow\r\n\r\n* Fixed checkstyle issues\r\n\r\n* Deleted redundant code\r\n\r\n* Fixed exception\r\n\r\n* Deleted redundant command classes and modified Parser\r\n\r\n* Final commit before creating new branch\r\n\r\n* Completed part 1 of GUI tut\r\n\r\n* Finished part 2 of GUI tut\r\n\r\n* Finished part 3 of GUI tut\r\n\r\n* Finished the echo function for GUI\r\n\r\n* Quiz function working\r\n\r\n* Added progress bar at the side\r\n\r\n* Added JavaDoc comments\r\n\r\n* Updated organisation and program can run\r\n\r\n* Fixed checkstyle issues\r\n\r\n* Fixed branch conflict\r\n\r\n* Styled the containers using inline CSS\r\n\r\n* Repackaged everything in the codebase\r\n\r\n* Developer Guide revamped without diagrams yet\r\n\r\n* Developer Guide title change\r\n\r\n* Added more sections to Developer Guide\r\n\r\n* Fixed checkstyle issues\r\n",
            "insertions": 8,
            "deletions": 6
          }
        ]
      },
      {
        "insertions": 213,
        "deletions": 38,
        "date": "2019-10-23",
        "commitResults": [
          {
            "hash": "49fae782327be4e060d0dc3451e7508a14e490ec",
            "messageTitle": "Implemented Setup and Help Commands (#126)",
            "messageBody": "* Updated the user stories in dev guide\r\n\r\n* Added v2.0 feature to UserGuide\r\n\r\n* Final commit for v1.1\r\n\r\n* Updated user guide with new commands\r\n\r\n* Changed profile picture to png\r\n\r\n* Change to gradle file\r\n\r\n* GUI able to accept basic commands\r\n\r\n* Fixed checkstyle issues\r\n\r\n* Fixed checkstyle issues\r\n\r\n* Fixed conflict\r\n\r\n* Fixed test\r\n\r\n* Program now able to display generated questions in GUI\r\n\r\n* Fixed checkstyle issues\r\n\r\n* Test quiz layout\r\n\r\n* Quiz scene has a working flow\r\n\r\n* Fixed checkstyle issues\r\n\r\n* Deleted redundant code\r\n\r\n* Fixed exception\r\n\r\n* Deleted redundant command classes and modified Parser\r\n\r\n* Final commit before creating new branch\r\n\r\n* Completed part 1 of GUI tut\r\n\r\n* Finished part 2 of GUI tut\r\n\r\n* Finished part 3 of GUI tut\r\n\r\n* Finished the echo function for GUI\r\n\r\n* Quiz function working\r\n\r\n* Added progress bar at the side\r\n\r\n* Added JavaDoc comments\r\n\r\n* Updated organisation and program can run\r\n\r\n* Fixed checkstyle issues\r\n\r\n* Fixed branch conflict\r\n\r\n* Styled the containers using inline CSS\r\n\r\n* Repackaged everything in the codebase\r\n\r\n* Developer Guide revamped without diagrams yet\r\n\r\n* Developer Guide title change\r\n\r\n* Added more sections to Developer Guide\r\n\r\n* Fixed checkstyle issues\r\n\r\n* Bug fixes\r\n\r\n* Implemented full setup process\r\n\r\n* progress bar fix\r\n\r\n* Implemented help command and changed user guide\r\n\r\n* Deleted redundant functions\r\n\r\n* Fixed checkstyle issues and added EXP gain\r\n\r\n* Fixed more checkstyle issues\r\n",
            "insertions": 213,
            "deletions": 38
          }
        ]
      }
    ],
    "therealcs1010": [
      {
        "insertions": 1072,
        "deletions": 0,
        "date": "2019-10-04",
        "commitResults": [
          {
            "hash": "7ba9d17725f416cb9f70977789956231d42f4539",
            "messageTitle": "Added in Chapter 1 (#79)",
            "messageBody": "* Added the User Guide Features\r\n\r\n* Fixed formatting and added new chapters.\r\n\r\n* Removed the nasty files\r\n\r\n* Added Chapter 1\r\n",
            "insertions": 337,
            "deletions": 0
          },
          {
            "hash": "162df568fcf4f0304eef4683c7b6889b25edef08",
            "messageTitle": "Added in another chapter. (#80)",
            "messageBody": "* Added the User Guide Features\r\n\r\n* Fixed formatting and added new chapters.\r\n\r\n* Removed the nasty files\r\n\r\n* Added Chapter 1\r\n\r\n* Added in chapter on linked list and did some refactoring.\r\n",
            "insertions": 735,
            "deletions": 0
          }
        ]
      },
      {
        "insertions": 134,
        "deletions": 188,
        "date": "2019-10-08",
        "commitResults": [
          {
            "hash": "bb77f1ab35d5950e8c55bba3deb09c98a5863cbc",
            "messageTitle": "Editted the chapter sorting file and included in a new question class",
            "messageBody": "",
            "insertions": 67,
            "deletions": 94
          },
          {
            "hash": "cc68434b18be69b1fa75f975534eab67cbf43116",
            "messageTitle": "Added in the new Question Class and editted the ChapterSorting (#86)",
            "messageBody": "* Added the User Guide Features\r\n\r\n* Fixed formatting and added new chapters.\r\n\r\n* Removed the nasty files\r\n\r\n* Added Chapter 1\r\n\r\n* Added in chapter on linked list and did some refactoring.\r\n\r\n* Fix stuff\r\n\r\n* Editted the chapter sorting file and included in a new question class\r\n",
            "insertions": 67,
            "deletions": 94
          }
        ]
      },
      {
        "insertions": 3,
        "deletions": 1,
        "date": "2019-10-09",
        "commitResults": [
          {
            "hash": "8849a7fbf4cd0ca144f8a3e05d2453dfc59fb48e",
            "messageTitle": "Updated stuff",
            "messageBody": "",
            "insertions": 3,
            "deletions": 1
          }
        ]
      },
      {
        "insertions": 77,
        "deletions": 42,
        "date": "2019-10-15",
        "commitResults": [
          {
            "hash": "9f6eeb3119450a98829e23b314cc46a65bd6591c",
            "messageTitle": "Added in the ReviewModel for sorting chapter",
            "messageBody": "",
            "insertions": 30,
            "deletions": 22
          },
          {
            "hash": "f660caf9ab9b2a3cb5527c0c2ed242dda21c87ba",
            "messageTitle": "Fixed comments",
            "messageBody": "",
            "insertions": 9,
            "deletions": 2
          },
          {
            "hash": "ad291cafc54f9712b0fbc7c180c61aa55ed95ba8",
            "messageTitle": "Added in the model answer (#100)",
            "messageBody": "* Added the User Guide Features\r\n\r\n* Fixed formatting and added new chapters.\r\n\r\n* Removed the nasty files\r\n\r\n* Added Chapter 1\r\n\r\n* Added in chapter on linked list and did some refactoring.\r\n\r\n* Fix stuff\r\n\r\n* Editted the chapter sorting file and included in a new question class\r\n\r\n* Updated stuff\r\n\r\n* Added in the ReviewModel for sorting chapter\r\n\r\n* Fixed comments\r\n",
            "insertions": 38,
            "deletions": 18
          }
        ]
      },
      {
        "insertions": 169,
        "deletions": 86,
        "date": "2019-10-18",
        "commitResults": [
          {
            "hash": "3f154c251628901af65ee485e61192741ef13753",
            "messageTitle": "Added new stuff",
            "messageBody": "",
            "insertions": 5,
            "deletions": 1
          },
          {
            "hash": "92a1ed354d047a0e54e5ae1e630f98ca2876b42e",
            "messageTitle": "Added in the storage option",
            "messageBody": "",
            "insertions": 164,
            "deletions": 85
          }
        ]
      },
      {
        "insertions": 81,
        "deletions": 109,
        "date": "2019-10-23",
        "commitResults": [
          {
            "hash": "9cbb9c584df17d22a6a2a647e27c1032478ba2b9",
            "messageTitle": "Changed ChapterLinked List (#124)",
            "messageBody": "",
            "insertions": 81,
            "deletions": 109
          }
        ]
      }
    ],
    "modakshantanu": [
      {
        "insertions": 12,
        "deletions": 0,
        "date": "2019-10-02",
        "commitResults": [
          {
            "hash": "d452a508ac7debec47b536f81eedd72498296030",
            "messageTitle": "Added other empty classes",
            "messageBody": "",
            "insertions": 12,
            "deletions": 0
          }
        ]
      },
      {
        "insertions": 115,
        "deletions": 0,
        "date": "2019-10-08",
        "commitResults": [
          {
            "hash": "06672adcec8870959331b71711266d438adbcd6d",
            "messageTitle": "Add UserStats class (#89)",
            "messageBody": "* Add userStats class with get functions\r\n\r\n* Added methods to update\r\n\r\n* Added comments\r\n\r\n* Fix error\r\n\r\n* Fix error\r\n",
            "insertions": 115,
            "deletions": 0
          }
        ]
      },
      {
        "insertions": 150,
        "deletions": 46,
        "date": "2019-10-16",
        "commitResults": [
          {
            "hash": "57520b6e3438c6386af935776083a4416d027a5c",
            "messageTitle": "Add more functionality of UserStats (#102)",
            "messageBody": "* Add userStats class with get functions\r\n\r\n* Added methods to update\r\n\r\n* Added comments\r\n\r\n* Fix error\r\n\r\n* Fix error\r\n\r\n* Added more funcions to UserStats, split out the ChapterStat class\r\n\r\n* Fix checkstyle\r\n\r\n* Fix checkstyle\r\n",
            "insertions": 150,
            "deletions": 46
          }
        ]
      },
      {
        "insertions": 207,
        "deletions": 4,
        "date": "2019-10-21",
        "commitResults": [
          {
            "hash": "ff51c1f0f3695a799947c55027e5605f33846f9a",
            "messageTitle": "Refactor UserStats, ChapterStat, and write test cases :O. (#110)",
            "messageBody": "* Add userStats class with get functions\r\n\r\n* Added methods to update\r\n\r\n* Added comments\r\n\r\n* Fix error\r\n\r\n* Fix error\r\n\r\n* Added more funcions to UserStats, split out the ChapterStat class\r\n\r\n* Fix checkstyle\r\n\r\n* Fix checkstyle\r\n\r\n* Add template for dev guide design documentation\r\n\r\n* Fix checkstyle (even though it is already fine??\r\n\r\n* Revert \"Fix checkstyle (even though it is already fine??\"\r\n\r\nThis reverts commit 51fc18330eab78b39fa5badcecbc874b6995d780.\r\n\r\n* Add toString to ChapterStat\r\n\r\n* Add recalculateStats method in UserStats\r\n\r\n* Refactor UserStats and ChapterStat, and add test cases for ChapterStat\r\n\r\n* Fix checkstyle\r\n\r\n* Fix checkstyle\r\n",
            "insertions": 207,
            "deletions": 4
          }
        ]
      },
      {
        "insertions": 280,
        "deletions": 25,
        "date": "2019-10-22",
        "commitResults": [
          {
            "hash": "f3a8d67e67105d1448d2c8c96eb14c10cdc61d71",
            "messageTitle": "Integrated storage stuff (#116)",
            "messageBody": "* Add userStats class with get functions\r\n\r\n* Added methods to update\r\n\r\n* Added comments\r\n\r\n* Fix error\r\n\r\n* Fix error\r\n\r\n* Added more funcions to UserStats, split out the ChapterStat class\r\n\r\n* Fix checkstyle\r\n\r\n* Fix checkstyle\r\n\r\n* Add template for dev guide design documentation\r\n\r\n* Fix checkstyle (even though it is already fine??\r\n\r\n* Revert \"Fix checkstyle (even though it is already fine??\"\r\n\r\nThis reverts commit 51fc18330eab78b39fa5badcecbc874b6995d780.\r\n\r\n* Add toString to ChapterStat\r\n\r\n* Add recalculateStats method in UserStats\r\n\r\n* Refactor UserStats and ChapterStat, and add test cases for ChapterStat\r\n\r\n* Fix checkstyle\r\n\r\n* Fix checkstyle\r\n\r\n* Improve test cases for ChapterStat\r\n\r\n* Added tests for UserStats\r\n\r\n* Delete Chapter1 class\r\n\r\n* Halfway done with UserStorage\r\n\r\n* Storage done with testing\r\n\r\n* Checked ma style\r\n\r\n* Fix checkstyle, edit checkstyle.xml\r\n\r\n* edit checkstyle.xml\r\n",
            "insertions": 280,
            "deletions": 25
          }
        ]
      }
    ]
  },
  "authorFinalContributionMap": {
    "carrieng0323852": 543,
    "nwjbrandon": 1235,
    "sevenmatt7": 437,
    "therealcs1010": 818,
    "modakshantanu": 602
  },
  "authorFileTypeContributionMap": {
    "carrieng0323852": {
      "tests": 0,
      "functional": 543
    },
    "nwjbrandon": {
      "tests": 131,
      "functional": 947,
      "other": 157
    },
    "sevenmatt7": {
      "tests": 0,
      "functional": 437
    },
    "therealcs1010": {
      "tests": 0,
      "functional": 818
    },
    "modakshantanu": {
      "tests": 267,
      "functional": 335
    }
  },
  "authorContributionVariance": {
    "carrieng0323852": 5550.636,
    "nwjbrandon": 818949.0,
    "sevenmatt7": 93717.6,
    "therealcs1010": 37924.867,
    "modakshantanu": 5090.9106
  },
  "authorDisplayNameMap": {
    "carrieng0323852": "CS2113T-T09-3 NG   . . RIE",
    "nwjbrandon": "CS2113T-T09-3 NG   . . DON",
    "sevenmatt7": "CS2113T-T09-3 MAT  . . IRI",
    "therealcs1010": "CS2113T-T09-3 SIM  . . JIE",
    "modakshantanu": "CS2113T-T09-3 MOD  . . RAT"
  }
}
