{
  "authorDailyContributionsMap": {
    "carrieng0323852": [
      {
        "insertions": 294,
        "deletions": 0,
        "date": "2019-10-09",
        "commitResults": [
          {
            "hash": "6de491ceef3928f2aee4c704c61bf130199effa0",
            "messageTitle": "adding parser and command package and uncompleted exceptions (#94)",
            "messageBody": "* adding parser and command package and uncompleted exceptions\r\n\r\n* photo\r\n",
            "insertions": 294,
            "deletions": 0
          }
        ]
      },
      {
        "insertions": 240,
        "deletions": 49,
        "date": "2019-10-16",
        "commitResults": [
          {
            "hash": "50a724cd2a76e142a914c8ade12b35a89ef05988",
            "messageTitle": "updated parser and exceptions (#104)",
            "messageBody": "* adding parser and command package and uncompleted exceptions\r\n\r\n* photo\r\n\r\n* updated parser and exceptions\r\n\r\n* updated parser and exceptions\r\n\r\n* updated parser and exceptions and removal of accidental log file\r\n\r\n* updated\r\n",
            "insertions": 240,
            "deletions": 49
          }
        ]
      }
    ],
    "nwjbrandon": [
      {
        "insertions": 6,
        "deletions": 2948,
        "date": "2019-10-01",
        "commitResults": [
          {
            "hash": "227b2056a54a16c40e7609c769909e8e374ad441",
            "messageTitle": "morph code (#24)",
            "messageBody": "",
            "insertions": 6,
            "deletions": 2948
          }
        ]
      },
      {
        "insertions": 266,
        "deletions": 29,
        "date": "2019-10-03",
        "commitResults": [
          {
            "hash": "eacf31aab3ef3f67b9befbe0a5f2d91e6547f05e",
            "messageTitle": "setup javafx and the test cases",
            "messageBody": "",
            "insertions": 262,
            "deletions": 24
          },
          {
            "hash": "fb3a6e037c042a97220b137bc005e75c49e493c6",
            "messageTitle": "remove unnecessary files",
            "messageBody": "",
            "insertions": 4,
            "deletions": 5
          }
        ]
      },
      {
        "insertions": 393,
        "deletions": 198,
        "date": "2019-10-04",
        "commitResults": [
          {
            "hash": "3306ab37aab891abbdca260c49deeefd232274e1",
            "messageTitle": "Change scenes (#78)",
            "messageBody": "* create functionality to change scenes\r\n\r\n* change names of the buttons and labels\r\n\r\n* add sound features\r\n\r\n* add music and images\r\n\r\n* add scene build from gluon\r\n\r\n* fix bug in the music player\r\n\r\n* update test case\r\n\r\n* fix test cases\r\n\r\n* fix bug in test case\r\n\r\n* change to home scene\r\n",
            "insertions": 393,
            "deletions": 198
          }
        ]
      },
      {
        "insertions": 381,
        "deletions": 84,
        "date": "2019-10-05",
        "commitResults": [
          {
            "hash": "92513787310bab1d6e60c25bd41648e26f2cf044",
            "messageTitle": "Bg (#81)",
            "messageBody": "* bg cover img\r\n\r\n* customize img\r\n\r\n* implement pdf writer\r\n\r\n* remove pdf\r\n\r\n* add keyevents\r\n\r\n* clean up code base\r\n\r\n* fix bug in the scene transition\r\n\r\n* fix test cases\r\n",
            "insertions": 381,
            "deletions": 84
          }
        ]
      },
      {
        "insertions": 1175,
        "deletions": 506,
        "date": "2019-10-08",
        "commitResults": [
          {
            "hash": "d43f19c1184006faea23ad35f215a539dd6258d4",
            "messageTitle": "Scenes (#85)",
            "messageBody": "* add toggle volume feature\r\n\r\n* add all scenes\r\n\r\n* add different scenes\r\n\r\n* fix scene transition bug\r\n\r\n* configure scenes flow\r\n\r\n* add animation stopper when scene change\r\n",
            "insertions": 616,
            "deletions": 9
          },
          {
            "hash": "89b02c996affaa2aa5a3ed23b7eec90df6be1d34",
            "messageTitle": "create function to change scene",
            "messageBody": "",
            "insertions": 105,
            "deletions": 110
          },
          {
            "hash": "ae897efd1cfc5377235692fe4b49a7a72ae6b434",
            "messageTitle": "fix checkstyle issue",
            "messageBody": "",
            "insertions": 1,
            "deletions": 1
          },
          {
            "hash": "2711b320344ffb17d66a707d103e23df9fc2c72c",
            "messageTitle": "fix test case",
            "messageBody": "",
            "insertions": 6,
            "deletions": 23
          },
          {
            "hash": "b13183b709b25db3063195554ba7beeb25026a73",
            "messageTitle": "Create method to handle scene change (#88)",
            "messageBody": "* create function to change scene\r\n\r\n* fix checkstyle issue\r\n\r\n* fix test case\r\n",
            "insertions": 102,
            "deletions": 98
          },
          {
            "hash": "324515415a2fa7e5b885793c16b79743349fb191",
            "messageTitle": "home scene done",
            "messageBody": "",
            "insertions": 55,
            "deletions": 13
          },
          {
            "hash": "cd95d0a963e219ecd0c1598e2fe7ee793d81b2b2",
            "messageTitle": "update scenes to home transition",
            "messageBody": "",
            "insertions": 43,
            "deletions": 53
          },
          {
            "hash": "d5fc277b1e9f1fce47561010d70ee7066ce2945b",
            "messageTitle": "update quiz scene",
            "messageBody": "",
            "insertions": 66,
            "deletions": 64
          },
          {
            "hash": "36eed6ab5a9bdcc4dbb257d52e5764da18d2c050",
            "messageTitle": "update styling",
            "messageBody": "",
            "insertions": 17,
            "deletions": 11
          },
          {
            "hash": "157e69670e6ab815cc91beab0d3140ce0c61ba2d",
            "messageTitle": "Update home scene (#90)",
            "messageBody": "* create function to change scene\r\n\r\n* fix checkstyle issue\r\n\r\n* fix test case\r\n\r\n* home scene done\r\n\r\n* update scenes to home transition\r\n\r\n* update quiz scene\r\n\r\n* update styling\r\n",
            "insertions": 164,
            "deletions": 124
          }
        ]
      },
      {
        "insertions": 211,
        "deletions": 164,
        "date": "2019-10-09",
        "commitResults": [
          {
            "hash": "9ce886939ce6b1245de653415095ad85592d644c",
            "messageTitle": "complete end scene",
            "messageBody": "",
            "insertions": 53,
            "deletions": 52
          },
          {
            "hash": "78b1361f7181f6489e40e2f9b34830d690931129",
            "messageTitle": "update the girls scene",
            "messageBody": "",
            "insertions": 47,
            "deletions": 55
          },
          {
            "hash": "5dd26a9f937a42a071d56862be18b01c64de7aa7",
            "messageTitle": "complete girl scene",
            "messageBody": "",
            "insertions": 21,
            "deletions": 1
          },
          {
            "hash": "213b9206152c7b488636d148962e30b0a1eb3b86",
            "messageTitle": "add options to select girls in girls scene",
            "messageBody": "",
            "insertions": 15,
            "deletions": 3
          },
          {
            "hash": "2c3cdbae3a9999e0022e82d599c83ad97acf9ee1",
            "messageTitle": "complete the date scene",
            "messageBody": "",
            "insertions": 69,
            "deletions": 53
          },
          {
            "hash": "eeb5f5e354879c4134b0acca89f82b41eaefddc2",
            "messageTitle": "fix checkstyle errors",
            "messageBody": "",
            "insertions": 6,
            "deletions": 0
          }
        ]
      },
      {
        "insertions": 366,
        "deletions": 254,
        "date": "2019-10-10",
        "commitResults": [
          {
            "hash": "fa2750884c07473f82fba916b8ebecc3ae7a66c6",
            "messageTitle": "Ui refactor (#97)",
            "messageBody": "* refactor change scene code\r\n\r\n* refactor display ui initialize code\r\n\r\n* ignore log files\r\n",
            "insertions": 366,
            "deletions": 254
          }
        ]
      },
      {
        "insertions": 417,
        "deletions": 50,
        "date": "2019-10-13",
        "commitResults": [
          {
            "hash": "aa9972e55d155f2f1a4d191f80e44895a9d02197",
            "messageTitle": "Complete Review Scene (#98)",
            "messageBody": "* refactor change scene code\r\n\r\n* refactor display ui initialize code\r\n\r\n* ignore log files\r\n\r\n* update javafx for review scene\r\n\r\n* add scrollpane\r\n\r\n* set scroll pane transparent\r\n\r\n* set up the animation for review scene\r\n\r\n* stack text on circle\r\n\r\n* animate the swaps\r\n\r\n* animate visualgo not complete\r\n\r\n* animate without moving x and y\r\n\r\n* fix bug in animation\r\n\r\n* refactor review scene code\r\n\r\n* add queue system for review questions\r\n\r\n* finish animation for sorting\r\n\r\n* finish review scene\r\n\r\n* fix issue\r\n",
            "insertions": 417,
            "deletions": 50
          }
        ]
      },
      {
        "insertions": 13,
        "deletions": 4,
        "date": "2019-10-16",
        "commitResults": [
          {
            "hash": "bf86ba014dba609482f80190e4502e88f55dca70",
            "messageTitle": "fix checkstyle issue",
            "messageBody": "",
            "insertions": 13,
            "deletions": 4
          }
        ]
      }
    ],
    "sevenmatt7": [
      {
        "insertions": 56,
        "deletions": 13,
        "date": "2019-10-07",
        "commitResults": [
          {
            "hash": "b58dd7a94d7e6f17fbe72f59b1bf574a4b4bfe6a",
            "messageTitle": "GUI able to accept basic commands (#84)",
            "messageBody": "* Updated the user stories in dev guide\r\n\r\n* Added v2.0 feature to UserGuide\r\n\r\n* Final commit for v1.1\r\n\r\n* Updated user guide with new commands\r\n\r\n* Changed profile picture to png\r\n\r\n* Change to gradle file\r\n\r\n* GUI able to accept basic commands\r\n\r\n* Fixed checkstyle issues\r\n\r\n* Fixed checkstyle issues\r\n\r\n* Fixed conflict\r\n\r\n* Fixed test\r\n",
            "insertions": 56,
            "deletions": 13
          }
        ]
      },
      {
        "insertions": 49,
        "deletions": 33,
        "date": "2019-10-08",
        "commitResults": [
          {
            "hash": "33ea38f5cebfc6d7faffb8f0c99ea8c3b3c52073",
            "messageTitle": "GUI able to display questions now (#87)",
            "messageBody": "* Updated the user stories in dev guide\r\n\r\n* Added v2.0 feature to UserGuide\r\n\r\n* Final commit for v1.1\r\n\r\n* Updated user guide with new commands\r\n\r\n* Changed profile picture to png\r\n\r\n* Change to gradle file\r\n\r\n* GUI able to accept basic commands\r\n\r\n* Fixed checkstyle issues\r\n\r\n* Fixed checkstyle issues\r\n\r\n* Fixed conflict\r\n\r\n* Fixed test\r\n\r\n* Program now able to display generated questions in GUI\r\n\r\n* Fixed checkstyle issues\r\n",
            "insertions": 49,
            "deletions": 33
          }
        ]
      },
      {
        "insertions": 60,
        "deletions": 33,
        "date": "2019-10-16",
        "commitResults": [
          {
            "hash": "4a9530083f1126064d36c59c966645811e3a7383",
            "messageTitle": "Quiz scene has working flow  (#101)",
            "messageBody": "* Updated the user stories in dev guide\r\n\r\n* Added v2.0 feature to UserGuide\r\n\r\n* Final commit for v1.1\r\n\r\n* Updated user guide with new commands\r\n\r\n* Changed profile picture to png\r\n\r\n* Change to gradle file\r\n\r\n* GUI able to accept basic commands\r\n\r\n* Fixed checkstyle issues\r\n\r\n* Fixed checkstyle issues\r\n\r\n* Fixed conflict\r\n\r\n* Fixed test\r\n\r\n* Program now able to display generated questions in GUI\r\n\r\n* Fixed checkstyle issues\r\n\r\n* Test quiz layout\r\n\r\n* Quiz scene has a working flow\r\n\r\n* Fixed checkstyle issues\r\n\r\n* Deleted redundant code\r\n",
            "insertions": 60,
            "deletions": 33
          }
        ]
      }
    ],
    "therealcs1010": [
      {
        "insertions": 1072,
        "deletions": 0,
        "date": "2019-10-04",
        "commitResults": [
          {
            "hash": "7ba9d17725f416cb9f70977789956231d42f4539",
            "messageTitle": "Added in Chapter 1 (#79)",
            "messageBody": "* Added the User Guide Features\r\n\r\n* Fixed formatting and added new chapters.\r\n\r\n* Removed the nasty files\r\n\r\n* Added Chapter 1\r\n",
            "insertions": 337,
            "deletions": 0
          },
          {
            "hash": "162df568fcf4f0304eef4683c7b6889b25edef08",
            "messageTitle": "Added in another chapter. (#80)",
            "messageBody": "* Added the User Guide Features\r\n\r\n* Fixed formatting and added new chapters.\r\n\r\n* Removed the nasty files\r\n\r\n* Added Chapter 1\r\n\r\n* Added in chapter on linked list and did some refactoring.\r\n",
            "insertions": 735,
            "deletions": 0
          }
        ]
      },
      {
        "insertions": 67,
        "deletions": 94,
        "date": "2019-10-08",
        "commitResults": [
          {
            "hash": "cc68434b18be69b1fa75f975534eab67cbf43116",
            "messageTitle": "Added in the new Question Class and editted the ChapterSorting (#86)",
            "messageBody": "* Added the User Guide Features\r\n\r\n* Fixed formatting and added new chapters.\r\n\r\n* Removed the nasty files\r\n\r\n* Added Chapter 1\r\n\r\n* Added in chapter on linked list and did some refactoring.\r\n\r\n* Fix stuff\r\n\r\n* Editted the chapter sorting file and included in a new question class\r\n",
            "insertions": 67,
            "deletions": 94
          }
        ]
      },
      {
        "insertions": 38,
        "deletions": 18,
        "date": "2019-10-15",
        "commitResults": [
          {
            "hash": "ad291cafc54f9712b0fbc7c180c61aa55ed95ba8",
            "messageTitle": "Added in the model answer (#100)",
            "messageBody": "* Added the User Guide Features\r\n\r\n* Fixed formatting and added new chapters.\r\n\r\n* Removed the nasty files\r\n\r\n* Added Chapter 1\r\n\r\n* Added in chapter on linked list and did some refactoring.\r\n\r\n* Fix stuff\r\n\r\n* Editted the chapter sorting file and included in a new question class\r\n\r\n* Updated stuff\r\n\r\n* Added in the ReviewModel for sorting chapter\r\n\r\n* Fixed comments\r\n",
            "insertions": 38,
            "deletions": 18
          }
        ]
      }
    ],
    "modakshantanu": [
      {
        "insertions": 12,
        "deletions": 0,
        "date": "2019-10-02",
        "commitResults": [
          {
            "hash": "d452a508ac7debec47b536f81eedd72498296030",
            "messageTitle": "Added other empty classes",
            "messageBody": "",
            "insertions": 12,
            "deletions": 0
          }
        ]
      },
      {
        "insertions": 115,
        "deletions": 0,
        "date": "2019-10-08",
        "commitResults": [
          {
            "hash": "06672adcec8870959331b71711266d438adbcd6d",
            "messageTitle": "Add UserStats class (#89)",
            "messageBody": "* Add userStats class with get functions\r\n\r\n* Added methods to update\r\n\r\n* Added comments\r\n\r\n* Fix error\r\n\r\n* Fix error\r\n",
            "insertions": 115,
            "deletions": 0
          }
        ]
      },
      {
        "insertions": 150,
        "deletions": 46,
        "date": "2019-10-16",
        "commitResults": [
          {
            "hash": "57520b6e3438c6386af935776083a4416d027a5c",
            "messageTitle": "Add more functionality of UserStats (#102)",
            "messageBody": "* Add userStats class with get functions\r\n\r\n* Added methods to update\r\n\r\n* Added comments\r\n\r\n* Fix error\r\n\r\n* Fix error\r\n\r\n* Added more funcions to UserStats, split out the ChapterStat class\r\n\r\n* Fix checkstyle\r\n\r\n* Fix checkstyle\r\n",
            "insertions": 150,
            "deletions": 46
          }
        ]
      }
    ]
  },
  "authorFinalContributionMap": {
    "carrieng0323852": 481,
    "nwjbrandon": 1960,
    "sevenmatt7": 80,
    "therealcs1010": 1054,
    "modakshantanu": 219
  },
  "authorFileTypeContributionMap": {
    "carrieng0323852": {
      "tests": 0,
      "functional": 481
    },
    "nwjbrandon": {
      "tests": 44,
      "functional": 1763,
      "other": 153
    },
    "sevenmatt7": {
      "tests": 0,
      "functional": 79,
      "other": 1
    },
    "therealcs1010": {
      "tests": 0,
      "functional": 1054
    },
    "modakshantanu": {
      "tests": 0,
      "functional": 219
    }
  },
  "authorContributionVariance": {
    "carrieng0323852": 6034.0146,
    "nwjbrandon": 415557.38,
    "sevenmatt7": 686.3137,
    "therealcs1010": 42859.098,
    "modakshantanu": 1837.398
  },
  "authorDisplayNameMap": {
    "carrieng0323852": "CS2113T-T09-3 NG   . . RIE",
    "nwjbrandon": "CS2113T-T09-3 NG   . . DON",
    "sevenmatt7": "CS2113T-T09-3 MAT  . . IRI",
    "therealcs1010": "CS2113T-T09-3 SIM  . . JIE",
    "modakshantanu": "CS2113T-T09-3 MOD  . . RAT"
  }
}
