{
  "authorDailyContributionsMap": {
    "rssujay": [
      {
        "insertions": 110,
        "deletions": 77,
        "date": "2019-10-03",
        "commitResults": [
          {
            "hash": "12d570e52f1fdbd4d89b08e8d935d307d6f28050",
            "messageTitle": "Refactor tasks (#63)",
            "messageBody": "* Methods common to multiple tasks added to abstract class Tasks\r\n\r\n* Further refactoring should be done post-architectural decisions",
            "insertions": 110,
            "deletions": 77
          }
        ]
      },
      {
        "insertions": 305,
        "deletions": 114,
        "date": "2019-10-10",
        "commitResults": [
          {
            "hash": "fc036d1d4390378a4d1d3ef5e03c8de01dd6df3a",
            "messageTitle": "Implement Item \u0026 GradedComponent classes (#68)",
            "messageBody": "* Create Item class\r\n\r\n* Add GradedComponent subclass",
            "insertions": 305,
            "deletions": 114
          }
        ]
      },
      {
        "insertions": 1086,
        "deletions": 537,
        "date": "2019-10-16",
        "commitResults": [
          {
            "hash": "ed15b02b8b6cfb3a34d56c314fddafec01ee5f08",
            "messageTitle": "Implement hierarchy-based storage (#87)",
            "messageBody": "* Modify lists to contain Storage\r\n\r\n* Implement hierarchical storage\r\n\r\n* Fix issues and implement unit tests\r\n\r\n* Fix paths\r\n",
            "insertions": 607,
            "deletions": 261
          },
          {
            "hash": "1bd176c5c854e5accf167d3288b53a4ef153e893",
            "messageTitle": "Implement notepad feature for modules (#88)",
            "messageBody": "* Add notepad and rework exceptions\r\n\r\n* Reorganize structure\r\n\r\n* Add unit tests for notepad\r\n\r\n* Add test module container to unit tests\r\n",
            "insertions": 479,
            "deletions": 276
          }
        ]
      },
      {
        "insertions": 157,
        "deletions": 45,
        "date": "2019-10-17",
        "commitResults": [
          {
            "hash": "b77a26e12f147d97216cd5234f69b337a56def40",
            "messageTitle": "Add minimal support for module addition (#89)",
            "messageBody": "* Add minimal support for module addition\r\n\r\n* Fix unit test potential conflicts\r\n",
            "insertions": 102,
            "deletions": 28
          },
          {
            "hash": "c6b4a8d99bcf7304f9c86286b8b4f6e1f2b053ff",
            "messageTitle": "Notepad commands (#95)",
            "messageBody": "* Add view and add support for notes\r\n\r\n* Implement remove command for notes\r\n",
            "insertions": 55,
            "deletions": 17
          }
        ]
      },
      {
        "insertions": 21,
        "deletions": 10,
        "date": "2019-10-18",
        "commitResults": [
          {
            "hash": "92b7dfefb34f29577bbdbbc22e5c8c1f3c961a86",
            "messageTitle": "Fix duplication bug (#105)",
            "messageBody": "",
            "insertions": 16,
            "deletions": 6
          },
          {
            "hash": "40214e16f9ea3a95a0dc061683d2731baaa740b8",
            "messageTitle": "Update version and deprecated api call (#104)",
            "messageBody": "",
            "insertions": 5,
            "deletions": 4
          }
        ]
      },
      {
        "insertions": 541,
        "deletions": 121,
        "date": "2019-10-24",
        "commitResults": [
          {
            "hash": "96d95a72197c286336e9183e4a496e90f6dc9450",
            "messageTitle": "Add functional GUI (#129)",
            "messageBody": "* Set up virtual tabs for modules\r\n\r\n* Add files and tasks view on GUI\r\n",
            "insertions": 541,
            "deletions": 121
          }
        ]
      },
      {
        "insertions": 58,
        "deletions": 34,
        "date": "2019-10-25",
        "commitResults": [
          {
            "hash": "a7a0b97d0facb7777db64ce7db1acdde53eb0335",
            "messageTitle": "Implement interface for containers w/ Storage (#136)",
            "messageBody": "* Add StorageContainer interface\r\n\r\n* Let Notepad implement StorageContainer\r\n",
            "insertions": 58,
            "deletions": 34
          }
        ]
      },
      {
        "insertions": 145,
        "deletions": 134,
        "date": "2019-10-30",
        "commitResults": [
          {
            "hash": "cf566982d4ae8094317b293f75966f774a8810c4",
            "messageTitle": "Restructure tests (#138)",
            "messageBody": "",
            "insertions": 145,
            "deletions": 134
          }
        ]
      },
      {
        "insertions": 458,
        "deletions": 13,
        "date": "2019-10-31",
        "commitResults": [
          {
            "hash": "8653705c3b737de3091b045c6cfb726fa8b91b9a",
            "messageTitle": "Implement export to text framework (#140)",
            "messageBody": "* Add generic export framework\r\n\r\n* Update help pages\r\n",
            "insertions": 176,
            "deletions": 2
          },
          {
            "hash": "34dcb08ce71a155bfb7f29589eb9319f0448596e",
            "messageTitle": "Implement graded component commands and GUI representation (#142)",
            "messageBody": "* Incorporate GradedComponents into AddCommand\r\n\r\n* Add remove and update grades commands\r\n\r\n* Add scoring for gradedComponents\r\n\r\n* Implement score command and GUI representation\r\n",
            "insertions": 282,
            "deletions": 11
          }
        ]
      }
    ],
    "ttippinyu": [
      {
        "insertions": 212,
        "deletions": 17,
        "date": "2019-10-02",
        "commitResults": [
          {
            "hash": "0edc2e4f9519a047a62ac9b83d62501c759b9c61",
            "messageTitle": "Add file tracking feature (#62)",
            "messageBody": "",
            "insertions": 212,
            "deletions": 17
          }
        ]
      },
      {
        "insertions": 360,
        "deletions": 107,
        "date": "2019-10-10",
        "commitResults": [
          {
            "hash": "9ff135e17ba3904f71c74b76a9771da23eb80ba2",
            "messageTitle": "Implement List Classes (#70)",
            "messageBody": "* List classes",
            "insertions": 360,
            "deletions": 107
          }
        ]
      },
      {
        "insertions": 682,
        "deletions": 699,
        "date": "2019-10-14",
        "commitResults": [
          {
            "hash": "411a71b5581a2839cff77d81eadb584413887a77",
            "messageTitle": "Add a basic module class (#73)",
            "messageBody": "* basic module class\r\n\r\n",
            "insertions": 22,
            "deletions": 1
          },
          {
            "hash": "c1a60b11ad980955ebc8a49f8b1f9a4218f0dde4",
            "messageTitle": "Refactor to SpinBox (#75)",
            "messageBody": "Product morph related refactoring\r\n",
            "insertions": 660,
            "deletions": 698
          }
        ]
      },
      {
        "insertions": 257,
        "deletions": 31,
        "date": "2019-10-15",
        "commitResults": [
          {
            "hash": "fc28c8e854ba479c54590e6c67e055f98b9426b1",
            "messageTitle": "Update module class (#85)",
            "messageBody": "* List classes\r\n",
            "insertions": 21,
            "deletions": 1
          },
          {
            "hash": "a7606b2d52f7ce7e8ddadbac4fa131b2659c9a5e",
            "messageTitle": "Move Parser into SpinBox (#86)",
            "messageBody": "* parser into spinbox, add view command",
            "insertions": 236,
            "deletions": 30
          }
        ]
      },
      {
        "insertions": 252,
        "deletions": 24,
        "date": "2019-10-17",
        "commitResults": [
          {
            "hash": "420cc60671ff6ce0ef3f93904f2a8bf3e2b320db",
            "messageTitle": "Call sort method in add, replace, and mark (#91)",
            "messageBody": "* sort after add, replace, and mark list\r\n",
            "insertions": 3,
            "deletions": 0
          },
          {
            "hash": "809936649f5dfd758041b960543be0f64c1a2e31",
            "messageTitle": "Enhance AddCommand for Files (#90)",
            "messageBody": "* full and partial add file command",
            "insertions": 31,
            "deletions": 9
          },
          {
            "hash": "2cccb7aba8dd73c147e37239a63e9ad842422e18",
            "messageTitle": "View lists when on tabs page (#92)",
            "messageBody": "* output list for tabs",
            "insertions": 58,
            "deletions": 4
          },
          {
            "hash": "5483a1e97db26624f1c2a27964bffa0a7395e3aa",
            "messageTitle": "Enhance view command (#93)",
            "messageBody": "* enhance viewCommand\r\n",
            "insertions": 9,
            "deletions": 0
          },
          {
            "hash": "9eaf845df2b0b8bbba452d41b2e85b9898a91377",
            "messageTitle": "Remove command for files (#94)",
            "messageBody": "* remove file\r\n\r\n* check update\r\n",
            "insertions": 88,
            "deletions": 9
          },
          {
            "hash": "f0e1aa1f58c54b9c92a614f91b945e90a8cb4c30",
            "messageTitle": "Mark file command (#96)",
            "messageBody": "* mark file\r\n",
            "insertions": 63,
            "deletions": 2
          }
        ]
      },
      {
        "insertions": 195,
        "deletions": 137,
        "date": "2019-10-19",
        "commitResults": [
          {
            "hash": "0816b8a1e739233376c8c7c470576a191f0922a6",
            "messageTitle": "Update parser (#111)",
            "messageBody": "* update parser",
            "insertions": 20,
            "deletions": 30
          },
          {
            "hash": "a0164a78544a9fa4a97d2db11fca9ae5edca38d0",
            "messageTitle": "Update parser and commands (#115)",
            "messageBody": "* List classes\r\n\r\n* checkstyle and test update\r\n\r\n* deconflict\r\n\r\n* deconflict\r\n\r\n* mark file\r\n\r\n* resolved changes\r\n\r\n* update parser\r\n\r\n* change error message\r\n\r\n* remove print\r\n\r\n* update parser and commands\r\n\r\n* string literals + case-insensitive\r\n\r\n* update string literal\r\n",
            "insertions": 175,
            "deletions": 107
          }
        ]
      },
      {
        "insertions": 62,
        "deletions": 210,
        "date": "2019-10-23",
        "commitResults": [
          {
            "hash": "be2e6439681ad2074ecdecaf4e2412eeecc33ed3",
            "messageTitle": "Change Mark to Update (#121)",
            "messageBody": "* mark to update\r\n\r\n* update help and sorting\r\n",
            "insertions": 62,
            "deletions": 210
          }
        ]
      },
      {
        "insertions": 151,
        "deletions": 21,
        "date": "2019-10-24",
        "commitResults": [
          {
            "hash": "cef4a5b6eec421329e273e3f3c55829aef869a48",
            "messageTitle": "Implement Find command (#123)",
            "messageBody": "* implement find command\r\n\r\nCloses #122 \r\n",
            "insertions": 141,
            "deletions": 15
          },
          {
            "hash": "75d4ab215a31079a7dded7945af3ec9eee5f96eb",
            "messageTitle": "Make module code case-insensitive (#127)",
            "messageBody": "* List classes\r\n\r\n* checkstyle and test update\r\n\r\n* deconflict\r\n\r\n* deconflict\r\n\r\n* moduleCode case insensitive\r\n",
            "insertions": 10,
            "deletions": 6
          }
        ]
      },
      {
        "insertions": 208,
        "deletions": 59,
        "date": "2019-10-31",
        "commitResults": [
          {
            "hash": "1ac6e8cdebe00290c5ed1ea38b210178a0d4f606",
            "messageTitle": "Reorganize commands (#139)",
            "messageBody": "* made command abstract",
            "insertions": 2,
            "deletions": 59
          },
          {
            "hash": "84a689d6fa41c8b06c23d55609059eccc81cf963",
            "messageTitle": "Write integration test for parser \u0026 view command (#141)",
            "messageBody": "* parser viewCommand test",
            "insertions": 206,
            "deletions": 0
          }
        ]
      }
    ],
    "lackmoo": [
      {
        "insertions": 107,
        "deletions": 7,
        "date": "2019-10-03",
        "commitResults": [
          {
            "hash": "98076f4c7b332859fef5eca8846f2dc51e753e33",
            "messageTitle": "Implement delete multiple tasks feature (#64)",
            "messageBody": "* Implement Delete Multiple Command and change Done Command implementation\r\n",
            "insertions": 107,
            "deletions": 7
          }
        ]
      },
      {
        "insertions": 124,
        "deletions": 78,
        "date": "2019-10-10",
        "commitResults": [
          {
            "hash": "0e4bb1a128931126e3bd64dc86ea01aa3886e7c7",
            "messageTitle": "Implement multiple feature to delete multiple or done multiple tasks",
            "messageBody": "",
            "insertions": 124,
            "deletions": 78
          }
        ]
      },
      {
        "insertions": 324,
        "deletions": 372,
        "date": "2019-10-15",
        "commitResults": [
          {
            "hash": "19ba2100814e0d86e59d1bc797473dd81ef796b6",
            "messageTitle": "Implement CommandBuilder Feature within Parser (#76)",
            "messageBody": "",
            "insertions": 257,
            "deletions": 230
          },
          {
            "hash": "04bfee3a04e9eac19f71456a3ce0def339cd2c55",
            "messageTitle": "Update command builder (#83)",
            "messageBody": "* Implement CommandBuilder Feature within Parser\r\n\r\n* Update Command Builder\r\n\r\n* update javadoc\r\n\r\n* checkstyle update\r\n",
            "insertions": 67,
            "deletions": 142
          }
        ]
      },
      {
        "insertions": 109,
        "deletions": 124,
        "date": "2019-10-17",
        "commitResults": [
          {
            "hash": "3badf190d5a19ef7781842597da73e9a3278ad0b",
            "messageTitle": "Add Task Commands into Add Command (#97)",
            "messageBody": "* Add Task Commands into Add Command",
            "insertions": 109,
            "deletions": 124
          }
        ]
      },
      {
        "insertions": 219,
        "deletions": 77,
        "date": "2019-10-18",
        "commitResults": [
          {
            "hash": "3be7d5a19ae96acbc6e96691c876affe8e88bfa0",
            "messageTitle": "Implement remove-multiple command, mark command for tasks and fix bugs (#103)",
            "messageBody": "* Implement Remove-multiple command and fix bugs\r\n\r\n* Implement mark task command and revise bug fixes",
            "insertions": 216,
            "deletions": 75
          },
          {
            "hash": "28dd514640edd470658db526a3472d125c11e28c",
            "messageTitle": "Fix typos (#106)",
            "messageBody": "",
            "insertions": 3,
            "deletions": 2
          }
        ]
      },
      {
        "insertions": 159,
        "deletions": 4,
        "date": "2019-10-21",
        "commitResults": [
          {
            "hash": "3213a4dec00540f92e9fa988070dcac6f9c57322",
            "messageTitle": "Implement Help Command (#116)",
            "messageBody": "",
            "insertions": 159,
            "deletions": 4
          }
        ]
      },
      {
        "insertions": 832,
        "deletions": 155,
        "date": "2019-10-24",
        "commitResults": [
          {
            "hash": "7edbae363f02f9b808cdb2c0c92720480555ffa6",
            "messageTitle": "Implement different event type tasks and fix bug (#124)",
            "messageBody": "Closes #117 ",
            "insertions": 375,
            "deletions": 80
          },
          {
            "hash": "7cfeb5e8aad0d14cf47ed48600203bf78a048c68",
            "messageTitle": "Implement UpdateMultiple Command (#128)",
            "messageBody": "",
            "insertions": 199,
            "deletions": 71
          },
          {
            "hash": "d50afceea3be8eb655a85db14937b7c5e9bf0963",
            "messageTitle": "Implement SetName Command (#130)",
            "messageBody": "* Implement SetName Command\r\n",
            "insertions": 258,
            "deletions": 4
          }
        ]
      },
      {
        "insertions": 244,
        "deletions": 504,
        "date": "2019-10-27",
        "commitResults": [
          {
            "hash": "0e76391e6ccc255409bb4e6f2077867d90e95339",
            "messageTitle": "Implement set date command (#137)",
            "messageBody": "* Edit Commands of Multiple Command\r\n\r\n* Implement Set Date command\r\n",
            "insertions": 244,
            "deletions": 504
          }
        ]
      },
      {
        "insertions": 1,
        "deletions": 3,
        "date": "2019-11-06",
        "commitResults": [
          {
            "hash": "4863adc0ae24c2189f6655100788ad07538d76da",
            "messageTitle": "Fix Task Update in Gui (#176)",
            "messageBody": "* Fix Task Update in Gui\r\n",
            "insertions": 1,
            "deletions": 3
          }
        ]
      }
    ],
    "TCK1997": [
      {
        "insertions": 152,
        "deletions": 102,
        "date": "2019-10-03",
        "commitResults": [
          {
            "hash": "e394a55f3199dc21e17f5e4914ceb018fd2dcf96",
            "messageTitle": "Added JUnit tests for DateTime and Storage (#66)",
            "messageBody": "* fixed checkstyle error\r\n\r\n* Change date format in error message\r\n\r\n* Add JUnit test for DateTime\r\n\r\nEdit DateTimeTest for some JUnit test\r\nEdit DateTime JavaDoc comment\r\n\r\n* Add StorageTest\r\n\r\n* Fix code style in StorageTest.java\r\n",
            "insertions": 152,
            "deletions": 102
          }
        ]
      },
      {
        "insertions": 149,
        "deletions": 175,
        "date": "2019-10-11",
        "commitResults": [
          {
            "hash": "3d141ea8e35037ac3c80a5acbb40d1ef3e369ebd",
            "messageTitle": "Refactor all Date parsing into DateTime (#71)",
            "messageBody": "Encapsulate natty Parser inside of DateTime to change all parsing of\r\nDate Strings to be done inside of DateTime object.",
            "insertions": 149,
            "deletions": 175
          }
        ]
      },
      {
        "insertions": 258,
        "deletions": 1115,
        "date": "2019-10-15",
        "commitResults": [
          {
            "hash": "ddc5f94e5ca0d24da6aabab2bfc922459b27d918",
            "messageTitle": "Edit items/task according to architecture (#81)",
            "messageBody": "Delete unnecessary task class.\r\nAdd Schedulable and NonSchedulable abstract class.\r\nInherit all tasks under Schedulable and NonSchedulable.\r\nAdd Exam, Lab, Lecture and Tutorial class.\r\nEdit other misc class to accomodate changes.",
            "insertions": 258,
            "deletions": 1115
          }
        ]
      },
      {
        "insertions": 209,
        "deletions": 5,
        "date": "2019-10-17",
        "commitResults": [
          {
            "hash": "37afeb656df56a4203413ad9b9e5ea09fbfb6699",
            "messageTitle": "Implement Calendar (#98)",
            "messageBody": "* Add Calendar\r\n\r\nModify DateTime, TaskList to accomodate Calendar.\r\nAdd CalendarSelectorException.",
            "insertions": 209,
            "deletions": 5
          }
        ]
      },
      {
        "insertions": 257,
        "deletions": 65,
        "date": "2019-10-22",
        "commitResults": [
          {
            "hash": "a67df084e0158c4848b7cf9ac136cf0737747e49",
            "messageTitle": "Add initial GUI layout and navigability (#118)",
            "messageBody": "Added initial GUI layout and navigability\nAdd TaskBox with TaskBox.java\nEdit MainWindow to update individual windows.\n",
            "insertions": 257,
            "deletions": 65
          }
        ]
      },
      {
        "insertions": 166,
        "deletions": 30,
        "date": "2019-10-23",
        "commitResults": [
          {
            "hash": "c72d7e3588d5f4199d3f5c762db559eeb542450a",
            "messageTitle": "Add more GUI functionality (#119)",
            "messageBody": "Edit MainWindow to update individual windows.\r\n\r\n* Add more GUI Functionality\r\n",
            "insertions": 166,
            "deletions": 30
          }
        ]
      }
    ]
  },
  "authorFinalContributionMap": {
    "rssujay": 2520,
    "ttippinyu": 1200,
    "lackmoo": 1397,
    "TCK1997": 771
  },
  "authorFileTypeContributionMap": {
    "rssujay": {
      "tests": 392,
      "functional": 2125,
      "other": 3
    },
    "ttippinyu": {
      "tests": 223,
      "functional": 976,
      "other": 1
    },
    "lackmoo": {
      "tests": 28,
      "functional": 1369
    },
    "TCK1997": {
      "tests": 94,
      "functional": 676,
      "other": 1
    }
  },
  "authorContributionVariance": {
    "rssujay": 70173.44,
    "ttippinyu": 49641.086,
    "lackmoo": 42301.3,
    "TCK1997": 44454.438
  },
  "authorDisplayNameMap": {
    "rssujay": "CS2113T-F14-4 SUJ  . . IAN",
    "ttippinyu": "CS2113T-F14-4 TAN  . . NYU",
    "lackmoo": "CS2113T-F14-4 AND  . . JUN",
    "TCK1997": "CS2113T-F14-4 TAN  . . ANG"
  }
}
