{
  "authorDailyContributionsMap": {
    "rssujay": [
      {
        "insertions": 110,
        "deletions": 77,
        "date": "2019-10-03",
        "commitResults": [
          {
            "hash": "12d570e52f1fdbd4d89b08e8d935d307d6f28050",
            "messageTitle": "Refactor tasks (#63)",
            "messageBody": "* Methods common to multiple tasks added to abstract class Tasks\r\n\r\n* Further refactoring should be done post-architectural decisions",
            "insertions": 110,
            "deletions": 77
          }
        ]
      }
    ],
    "Andrew Lau": [
      {
        "insertions": 107,
        "deletions": 7,
        "date": "2019-10-03",
        "commitResults": [
          {
            "hash": "98076f4c7b332859fef5eca8846f2dc51e753e33",
            "messageTitle": "Implement delete multiple tasks feature (#64)",
            "messageBody": "* Implement Delete Multiple Command and change Done Command implementation\r\n",
            "insertions": 107,
            "deletions": 7
          }
        ]
      }
    ],
    "ttippinyu": [
      {
        "insertions": 212,
        "deletions": 17,
        "date": "2019-10-02",
        "commitResults": [
          {
            "hash": "0edc2e4f9519a047a62ac9b83d62501c759b9c61",
            "messageTitle": "Add file tracking feature (#62)",
            "messageBody": "",
            "insertions": 212,
            "deletions": 17
          }
        ]
      }
    ]
  },
  "authorFinalContributionMap": {
    "rssujay": 111,
    "Andrew Lau": 106,
    "ttippinyu": 212
  },
  "authorFileTypeContributionMap": {
    "rssujay": {
      "java": 111,
      "gradle": 0,
      "css": 0,
      "fxml": 0
    },
    "Andrew Lau": {
      "java": 106,
      "gradle": 0,
      "css": 0,
      "fxml": 0
    },
    "ttippinyu": {
      "java": 212,
      "gradle": 0,
      "css": 0,
      "fxml": 0
    }
  },
  "authorContributionVariance": {
    "rssujay": 4856.805,
    "Andrew Lau": 1805.0,
    "ttippinyu": 7283.472
  },
  "authorDisplayNameMap": {
    "rssujay": "rssujay",
    "Andrew Lau": "Andrew Lau",
    "ttippinyu": "ttippinyu"
  }
}
