{
  "authorDailyContributionsMap": {
    "rssujay": [
      {
        "insertions": 110,
        "deletions": 77,
        "date": "2019-10-03",
        "commitResults": [
          {
            "hash": "12d570e52f1fdbd4d89b08e8d935d307d6f28050",
            "messageTitle": "Refactor tasks (#63)",
            "messageBody": "* Methods common to multiple tasks added to abstract class Tasks\r\n\r\n* Further refactoring should be done post-architectural decisions",
            "insertions": 110,
            "deletions": 77
          }
        ]
      },
      {
        "insertions": 305,
        "deletions": 114,
        "date": "2019-10-10",
        "commitResults": [
          {
            "hash": "fc036d1d4390378a4d1d3ef5e03c8de01dd6df3a",
            "messageTitle": "Implement Item \u0026 GradedComponent classes (#68)",
            "messageBody": "* Create Item class\r\n\r\n* Add GradedComponent subclass",
            "insertions": 305,
            "deletions": 114
          }
        ]
      }
    ],
    "ttippinyu": [
      {
        "insertions": 212,
        "deletions": 17,
        "date": "2019-10-02",
        "commitResults": [
          {
            "hash": "0edc2e4f9519a047a62ac9b83d62501c759b9c61",
            "messageTitle": "Add file tracking feature (#62)",
            "messageBody": "",
            "insertions": 212,
            "deletions": 17
          }
        ]
      },
      {
        "insertions": 360,
        "deletions": 107,
        "date": "2019-10-10",
        "commitResults": [
          {
            "hash": "9ff135e17ba3904f71c74b76a9771da23eb80ba2",
            "messageTitle": "Implement List Classes (#70)",
            "messageBody": "* List classes",
            "insertions": 360,
            "deletions": 107
          }
        ]
      },
      {
        "insertions": 682,
        "deletions": 699,
        "date": "2019-10-14",
        "commitResults": [
          {
            "hash": "411a71b5581a2839cff77d81eadb584413887a77",
            "messageTitle": "Add a basic module class (#73)",
            "messageBody": "* basic module class\r\n\r\n",
            "insertions": 22,
            "deletions": 1
          },
          {
            "hash": "c1a60b11ad980955ebc8a49f8b1f9a4218f0dde4",
            "messageTitle": "Refactor to SpinBox (#75)",
            "messageBody": "Product morph related refactoring\r\n",
            "insertions": 660,
            "deletions": 698
          }
        ]
      }
    ],
    "lackmoo": [
      {
        "insertions": 107,
        "deletions": 7,
        "date": "2019-10-03",
        "commitResults": [
          {
            "hash": "98076f4c7b332859fef5eca8846f2dc51e753e33",
            "messageTitle": "Implement delete multiple tasks feature (#64)",
            "messageBody": "* Implement Delete Multiple Command and change Done Command implementation\r\n",
            "insertions": 107,
            "deletions": 7
          }
        ]
      },
      {
        "insertions": 124,
        "deletions": 78,
        "date": "2019-10-10",
        "commitResults": [
          {
            "hash": "0e4bb1a128931126e3bd64dc86ea01aa3886e7c7",
            "messageTitle": "Implement multiple feature to delete multiple or done multiple tasks",
            "messageBody": "",
            "insertions": 124,
            "deletions": 78
          }
        ]
      }
    ],
    "TCK1997": [
      {
        "insertions": 152,
        "deletions": 102,
        "date": "2019-10-03",
        "commitResults": [
          {
            "hash": "e394a55f3199dc21e17f5e4914ceb018fd2dcf96",
            "messageTitle": "Added JUnit tests for DateTime and Storage (#66)",
            "messageBody": "* fixed checkstyle error\r\n\r\n* Change date format in error message\r\n\r\n* Add JUnit test for DateTime\r\n\r\nEdit DateTimeTest for some JUnit test\r\nEdit DateTime JavaDoc comment\r\n\r\n* Add StorageTest\r\n\r\n* Fix code style in StorageTest.java\r\n",
            "insertions": 152,
            "deletions": 102
          }
        ]
      },
      {
        "insertions": 149,
        "deletions": 175,
        "date": "2019-10-11",
        "commitResults": [
          {
            "hash": "3d141ea8e35037ac3c80a5acbb40d1ef3e369ebd",
            "messageTitle": "Refactor all Date parsing into DateTime (#71)",
            "messageBody": "Encapsulate natty Parser inside of DateTime to change all parsing of\r\nDate Strings to be done inside of DateTime object.",
            "insertions": 149,
            "deletions": 175
          }
        ]
      }
    ]
  },
  "authorFinalContributionMap": {
    "rssujay": 347,
    "ttippinyu": 1100,
    "lackmoo": 88,
    "TCK1997": 236
  },
  "authorFileTypeContributionMap": {
    "rssujay": {
      "tests": 70,
      "functional": 277
    },
    "ttippinyu": {
      "tests": 333,
      "functional": 765,
      "other": 2
    },
    "lackmoo": {
      "tests": 0,
      "functional": 88
    },
    "TCK1997": {
      "tests": 133,
      "functional": 103
    }
  },
  "authorContributionVariance": {
    "rssujay": 8134.521,
    "ttippinyu": 83247.67,
    "lackmoo": 2068.3054,
    "TCK1997": 6482.1587
  },
  "authorDisplayNameMap": {
    "rssujay": "CS2113T-F14-4 SUJ  . . IAN",
    "ttippinyu": "CS2113T-F14-4 TAN  . . NYU",
    "lackmoo": "CS2113T-F14-4 AND  . . JUN",
    "TCK1997": "CS2113T-F14-4 TAN  . . ANG"
  }
}
