{
  "authorDailyContributionsMap": {
    "JohnTYH": [
      {
        "insertions": 7,
        "deletions": 25,
        "date": "2019-10-10",
        "commitResults": [
          {
            "hash": "301f56b2b5752666a8bfc684fc76fbc4b8321c37",
            "messageTitle": "Updated Storage",
            "messageBody": "Updated Storage\n",
            "insertions": 5,
            "deletions": 20
          },
          {
            "hash": "b444af17648660e8606b35b5ba4cf36332b4b6b4",
            "messageTitle": "Updated Storage",
            "messageBody": "Updated Storage\n",
            "insertions": 2,
            "deletions": 2
          },
          {
            "hash": "c66ee13d9ce8d44b017ae7fc360ea819c3621bc7",
            "messageTitle": "Updated Storage",
            "messageBody": "Updated Sotrage",
            "insertions": 0,
            "deletions": 2
          },
          {
            "hash": "e4120185c14b4e5d82c931f10d93c98077dd1435",
            "messageTitle": "Updated",
            "messageBody": "updated\n",
            "insertions": 0,
            "deletions": 1
          }
        ]
      },
      {
        "insertions": 0,
        "deletions": 1,
        "date": "2019-10-11",
        "commitResults": [
          {
            "hash": "7362a0627300edd83169591e88eff0796eff265e",
            "messageTitle": "Update Parser",
            "messageBody": "",
            "insertions": 0,
            "deletions": 1
          }
        ]
      },
      {
        "insertions": 159,
        "deletions": 112,
        "date": "2019-10-16",
        "commitResults": [
          {
            "hash": "06263380d01fe3e2622dccc2f5f0496d52018d39",
            "messageTitle": "commit",
            "messageBody": "",
            "insertions": 159,
            "deletions": 112
          }
        ]
      },
      {
        "insertions": 33,
        "deletions": 88,
        "date": "2019-10-17",
        "commitResults": [
          {
            "hash": "a50f25959886bd05c442cb4292c9f4da83323a78",
            "messageTitle": "Assets and Frames for GoToMarket Updated",
            "messageBody": "",
            "insertions": 27,
            "deletions": 78
          },
          {
            "hash": "091820ea5f280e1b68e31a08eb95796259b9f948",
            "messageTitle": "commit",
            "messageBody": "",
            "insertions": 6,
            "deletions": 10
          }
        ]
      },
      {
        "insertions": 36,
        "deletions": 17,
        "date": "2019-10-23",
        "commitResults": [
          {
            "hash": "8028cf2d2dec3d4d61a2265c5a4ae95ca5d7cb85",
            "messageTitle": "updated sellGrain",
            "messageBody": "",
            "insertions": 8,
            "deletions": 3
          },
          {
            "hash": "bbf9a265e65e840ad25bde67693639c754175732",
            "messageTitle": "updated wheatfarm",
            "messageBody": "",
            "insertions": 28,
            "deletions": 14
          }
        ]
      },
      {
        "insertions": 24,
        "deletions": 14,
        "date": "2019-10-24",
        "commitResults": [
          {
            "hash": "fa0f4c8e7a1504201142681491efca08d75f63df",
            "messageTitle": "Condition haswheat and hasgrain updated",
            "messageBody": "",
            "insertions": 18,
            "deletions": 8
          },
          {
            "hash": "6de1e3cd7c840bce14485cd3664a9a5b51c3aeee",
            "messageTitle": "updated check condition and error for harvestwheat and sellwheat",
            "messageBody": "",
            "insertions": 6,
            "deletions": 6
          }
        ]
      },
      {
        "insertions": 56,
        "deletions": 34,
        "date": "2019-10-27",
        "commitResults": [
          {
            "hash": "705a0eecd998520ebba76097272f98f32707c059",
            "messageTitle": "Attempted junit testing which is not working",
            "messageBody": "",
            "insertions": 14,
            "deletions": 0
          },
          {
            "hash": "7fd0c787da872b8c31cb3279e8706a89223c1735",
            "messageTitle": "changed money to gold",
            "messageBody": "",
            "insertions": 31,
            "deletions": 31
          },
          {
            "hash": "bdfc084384afb930432f5299204d03aee08a07fe",
            "messageTitle": "added hasGold condition",
            "messageBody": "",
            "insertions": 11,
            "deletions": 3
          }
        ]
      },
      {
        "insertions": 81,
        "deletions": 14,
        "date": "2019-10-28",
        "commitResults": [
          {
            "hash": "aeee6fd58efb278b6bb140cbc257489d768b1c19",
            "messageTitle": "updated CommandAddName",
            "messageBody": "",
            "insertions": 52,
            "deletions": 3
          },
          {
            "hash": "4b961fdabeb458ed50105c2fae05cce9df1a2057",
            "messageTitle": "updated skip",
            "messageBody": "",
            "insertions": 1,
            "deletions": 1
          },
          {
            "hash": "248988f0a26363b2b9620717ec0c4b12567b8e8c",
            "messageTitle": "Added add name function into narrative.",
            "messageBody": "",
            "insertions": 10,
            "deletions": 1
          },
          {
            "hash": "4626aa67e18ef5495bc9884e29da266faed641a4",
            "messageTitle": "updated name conditions",
            "messageBody": "",
            "insertions": 17,
            "deletions": 8
          },
          {
            "hash": "c9d06e71519135ebc0e16209d5316a9702689778",
            "messageTitle": "updated all names in narratives",
            "messageBody": "",
            "insertions": 1,
            "deletions": 1
          }
        ]
      },
      {
        "insertions": 17,
        "deletions": 19,
        "date": "2019-10-29",
        "commitResults": [
          {
            "hash": "3f57bd47b2294225ea5d6a673de3ffaf8a1cc3e0",
            "messageTitle": "updated name",
            "messageBody": "",
            "insertions": 17,
            "deletions": 19
          }
        ]
      }
    ],
    "notahotdog": [
      {
        "insertions": 64,
        "deletions": 1,
        "date": "2019-10-10",
        "commitResults": [
          {
            "hash": "7aa6e59e65b24689691c133ceecb527f9b55518e",
            "messageTitle": "added changes",
            "messageBody": "",
            "insertions": 56,
            "deletions": 0
          },
          {
            "hash": "992ac2370ea04b4a982a5ac688a98fb54bf049db",
            "messageTitle": "added load level",
            "messageBody": "",
            "insertions": 7,
            "deletions": 0
          },
          {
            "hash": "2e0316f67cc13e23f39dede2737ad7bbf13d3608",
            "messageTitle": "some shit",
            "messageBody": "",
            "insertions": 1,
            "deletions": 1
          }
        ]
      },
      {
        "insertions": 793,
        "deletions": 233,
        "date": "2019-10-14",
        "commitResults": [
          {
            "hash": "da171342bc61f752d8c69c935290f3e1e5f65e4a",
            "messageTitle": "skeleton file included",
            "messageBody": "",
            "insertions": 793,
            "deletions": 233
          }
        ]
      },
      {
        "insertions": 5,
        "deletions": 0,
        "date": "2019-10-23",
        "commitResults": [
          {
            "hash": "27eb5c8beed3560b16b1bb2d7050f71d7328ced8",
            "messageTitle": "modified Level",
            "messageBody": "",
            "insertions": 5,
            "deletions": 0
          }
        ]
      },
      {
        "insertions": 100,
        "deletions": 15,
        "date": "2019-10-24",
        "commitResults": [
          {
            "hash": "01fe7596ce4c7fd9e4c6895226731de3f2686878",
            "messageTitle": "added objectiveResult",
            "messageBody": "",
            "insertions": 33,
            "deletions": 4
          },
          {
            "hash": "e12c6a786949cd74df172464dc9cc1fce270459c",
            "messageTitle": "added Feedback",
            "messageBody": "",
            "insertions": 64,
            "deletions": 8
          },
          {
            "hash": "114daa090021d35eb2425af54fd7a4c3ccad068f",
            "messageTitle": "level changes",
            "messageBody": "",
            "insertions": 3,
            "deletions": 3
          }
        ]
      },
      {
        "insertions": 81,
        "deletions": 53,
        "date": "2019-10-28",
        "commitResults": [
          {
            "hash": "87528d54a9c74d7547b5c1e7430af606212913b1",
            "messageTitle": "level 1.4 bugFix",
            "messageBody": "",
            "insertions": 2,
            "deletions": 2
          },
          {
            "hash": "373a007088b1c09dfccdda9ca27caa1d04d4aace",
            "messageTitle": " refactored commandcheckobjectives",
            "messageBody": "",
            "insertions": 40,
            "deletions": 22
          },
          {
            "hash": "282b2fa6734c2560799acacd3d81ba03843754c5",
            "messageTitle": "added checkLevel, refactored Level",
            "messageBody": "",
            "insertions": 22,
            "deletions": 0
          },
          {
            "hash": "4ae2e671698834eb015dd165a48900bea31d6ad8",
            "messageTitle": "level 1.4 detailed feedback",
            "messageBody": "",
            "insertions": 17,
            "deletions": 29
          }
        ]
      }
    ],
    "Exprescode": [
      {
        "insertions": 154,
        "deletions": 37,
        "date": "2019-09-26",
        "commitResults": [
          {
            "hash": "c100128f7ce2046103932c32a0a79dcee6b201bb",
            "messageTitle": "src/main/java/Storage.java: Add storage function.",
            "messageBody": "",
            "insertions": 74,
            "deletions": 2
          },
          {
            "hash": "fa51c8905c53fdc2d49603918cc5c3a1ac84dc2c",
            "messageTitle": "Simplify UI function.",
            "messageBody": "",
            "insertions": 79,
            "deletions": 35
          },
          {
            "hash": "bfbdf1aafd90e142ae8c1acc7f6826f06abb0470",
            "messageTitle": "build.gradle: Add json simple dependency.",
            "messageBody": "",
            "insertions": 1,
            "deletions": 0
          }
        ]
      },
      {
        "insertions": 171,
        "deletions": 52,
        "date": "2019-10-06",
        "commitResults": [
          {
            "hash": "35892919291de3ed70ecd07bc05fa703b9c836e1",
            "messageTitle": "Change print format.",
            "messageBody": "",
            "insertions": 2,
            "deletions": 2
          },
          {
            "hash": "082f63c2cbecfe1bfc6e9d704e7b0d57e0d06664",
            "messageTitle": "Add load and store save function.",
            "messageBody": "",
            "insertions": 169,
            "deletions": 50
          }
        ]
      },
      {
        "insertions": 14,
        "deletions": 12,
        "date": "2019-10-10",
        "commitResults": [
          {
            "hash": "baa2ace2325a4cae7b81eef6622bcb9bf17b4380",
            "messageTitle": "Fetch ascii art fix.",
            "messageBody": "",
            "insertions": 14,
            "deletions": 3
          },
          {
            "hash": "c2e269845af1e4c5f805343eabcf9ec2c5374119",
            "messageTitle": "Test Pull Request.",
            "messageBody": "",
            "insertions": 0,
            "deletions": 9
          }
        ]
      },
      {
        "insertions": 40,
        "deletions": 0,
        "date": "2019-10-11",
        "commitResults": [
          {
            "hash": "9268dcb00d753c8fed9fdade5e078f4e184442e6",
            "messageTitle": "Add Menu Skeleton.",
            "messageBody": "",
            "insertions": 40,
            "deletions": 0
          }
        ]
      },
      {
        "insertions": 642,
        "deletions": 455,
        "date": "2019-10-14",
        "commitResults": [
          {
            "hash": "247ade4c9269ce20fe045f5235a7cfdc439311bf",
            "messageTitle": "new skeleton",
            "messageBody": "",
            "insertions": 642,
            "deletions": 455
          }
        ]
      },
      {
        "insertions": 38,
        "deletions": 26,
        "date": "2019-10-15",
        "commitResults": [
          {
            "hash": "2e2dca48d8a1256c1556039540a7184e03e10967",
            "messageTitle": "Farmio/Storage.java: Fix get resource.",
            "messageBody": "",
            "insertions": 1,
            "deletions": 1
          },
          {
            "hash": "19fb4b2a566e14e7850568ab019d38800cc343f4",
            "messageTitle": "Farmio/Farmio.java: Remove print stage.",
            "messageBody": "",
            "insertions": 0,
            "deletions": 1
          },
          {
            "hash": "9add7c7926e87df7664c53fab5b390ba51efa8d6",
            "messageTitle": "Farmio/Farmer.java: Change money access level.",
            "messageBody": "",
            "insertions": 9,
            "deletions": 1
          },
          {
            "hash": "927f5069389413f19572f09ad0cd83e0b5435825",
            "messageTitle": "Farmio/Menu.java: Ui edit.",
            "messageBody": "",
            "insertions": 2,
            "deletions": 2
          },
          {
            "hash": "7dcccb51657416869c30847c2cc5caf63385e0b7",
            "messageTitle": "Farmio/Storage.java: Fix load level issue.",
            "messageBody": "",
            "insertions": 24,
            "deletions": 21
          },
          {
            "hash": "999016e0d4db65335d3f53ec5d826dd9ca55b0a1",
            "messageTitle": "Farmio/Ui.java: Ui edit.",
            "messageBody": "",
            "insertions": 2,
            "deletions": 0
          }
        ]
      },
      {
        "insertions": 24,
        "deletions": 2,
        "date": "2019-10-17",
        "commitResults": [
          {
            "hash": "3590a9aaf9d4f473b037541bb3a45be92295d3f4",
            "messageTitle": "Some changes",
            "messageBody": "",
            "insertions": 24,
            "deletions": 2
          }
        ]
      },
      {
        "insertions": 112,
        "deletions": 95,
        "date": "2019-10-18",
        "commitResults": [
          {
            "hash": "cbe9b7adaeeab03cfe719187e38f1bf6083731df",
            "messageTitle": "Rename FarmioExceptions to Exceptions.",
            "messageBody": "",
            "insertions": 7,
            "deletions": 7
          },
          {
            "hash": "c0ace927d5286da39c50da9d1792279878d48bce",
            "messageTitle": "Add FarmioFatalException.java",
            "messageBody": "",
            "insertions": 7,
            "deletions": 0
          },
          {
            "hash": "5353ffd88a4e84fdc91db5649104196e883c6518",
            "messageTitle": "Change FarmioExceptions to Exceptions",
            "messageBody": "",
            "insertions": 26,
            "deletions": 51
          },
          {
            "hash": "901f845eb65d0b819549996578c7c97b71d34bf0",
            "messageTitle": "Implement FarmioFatalException in Storage methods.",
            "messageBody": "",
            "insertions": 72,
            "deletions": 37
          }
        ]
      },
      {
        "insertions": 235,
        "deletions": 231,
        "date": "2019-10-19",
        "commitResults": [
          {
            "hash": "b7d54de48ef7b8fb5cea906b54510ce3b91e34e3",
            "messageTitle": "Create Storage loadFrame",
            "messageBody": "",
            "insertions": 224,
            "deletions": 111
          },
          {
            "hash": "b7e55c8f2ad4a00814d61e9ff2c360a06fcf9a51",
            "messageTitle": "Clean up Storage loadFrame implementation.",
            "messageBody": "",
            "insertions": 5,
            "deletions": 104
          },
          {
            "hash": "7fc57591e58c2976804458838ad7b36ea4dbff0d",
            "messageTitle": "EmptyAction class not used.",
            "messageBody": "",
            "insertions": 0,
            "deletions": 10
          },
          {
            "hash": "4b388ecc96875f0de968380458cccbdbcd706213",
            "messageTitle": "Syntax formating.",
            "messageBody": "",
            "insertions": 6,
            "deletions": 6
          }
        ]
      },
      {
        "insertions": 148,
        "deletions": 142,
        "date": "2019-10-20",
        "commitResults": [
          {
            "hash": "658e07462eacda9fbfc9cea28483505c687577e2",
            "messageTitle": "Change parameter pass.",
            "messageBody": "",
            "insertions": 148,
            "deletions": 142
          }
        ]
      },
      {
        "insertions": 20,
        "deletions": 6,
        "date": "2019-10-21",
        "commitResults": [
          {
            "hash": "9ea1befa68de63f567c96537e79cbd5e20ece7fc",
            "messageTitle": "Test narrative.",
            "messageBody": "",
            "insertions": 20,
            "deletions": 6
          }
        ]
      },
      {
        "insertions": 97,
        "deletions": 38,
        "date": "2019-10-22",
        "commitResults": [
          {
            "hash": "ddfda3a282d23141245754755952c8d46f21112e",
            "messageTitle": "New game save command.",
            "messageBody": "",
            "insertions": 4,
            "deletions": 0
          },
          {
            "hash": "edac05d8ab3dbdb39521cb59108cc923789e4686",
            "messageTitle": "Implement Save Game Function!",
            "messageBody": "",
            "insertions": 93,
            "deletions": 38
          }
        ]
      },
      {
        "insertions": 206,
        "deletions": 81,
        "date": "2019-10-23",
        "commitResults": [
          {
            "hash": "a21d639a13eac565bbddae97a8a02eb5c9cff20a",
            "messageTitle": "Implement Load Game Function",
            "messageBody": "",
            "insertions": 201,
            "deletions": 79
          },
          {
            "hash": "8262e494e6384ad805176906022cce26b101e907",
            "messageTitle": "Minor change.",
            "messageBody": "",
            "insertions": 5,
            "deletions": 2
          }
        ]
      },
      {
        "insertions": 12,
        "deletions": 48,
        "date": "2019-10-24",
        "commitResults": [
          {
            "hash": "587492e06abb99231c1ba0bbf5188a07190c8ed9",
            "messageTitle": "Monir edit.",
            "messageBody": "",
            "insertions": 8,
            "deletions": 5
          },
          {
            "hash": "47c08e88be6d37df6bb29579acafae7d47f57da4",
            "messageTitle": "Resource file fetch error fix.",
            "messageBody": "",
            "insertions": 4,
            "deletions": 43
          }
        ]
      },
      {
        "insertions": 196,
        "deletions": 98,
        "date": "2019-10-28",
        "commitResults": [
          {
            "hash": "29210a37e921f8d5e700688a221d727580fcc3c2",
            "messageTitle": "Fix missing save files on ubuntu OS.",
            "messageBody": "",
            "insertions": 38,
            "deletions": 27
          },
          {
            "hash": "615b7f8fce0136cab3e91e4484f4b91852794198",
            "messageTitle": "Added level reset function.",
            "messageBody": "",
            "insertions": 98,
            "deletions": 35
          },
          {
            "hash": "219bdb88c1cf8c65ce617d154124608446350534",
            "messageTitle": "Menu Change",
            "messageBody": "",
            "insertions": 60,
            "deletions": 36
          }
        ]
      }
    ],
    "tzw0": [
      {
        "insertions": 66,
        "deletions": 11,
        "date": "2019-09-22",
        "commitResults": [
          {
            "hash": "26a16344f81505d48e7115af3cab4b06f7fa62b0",
            "messageTitle": "insignificant organisation",
            "messageBody": "",
            "insertions": 66,
            "deletions": 11
          }
        ]
      },
      {
        "insertions": 315,
        "deletions": 49,
        "date": "2019-09-27",
        "commitResults": [
          {
            "hash": "6a27a4278a4f8705808fd348eaccf37ce11d7e89",
            "messageTitle": "implemented simulation v1.0 and wheatFarm v1.0",
            "messageBody": "",
            "insertions": 151,
            "deletions": 19
          },
          {
            "hash": "cf75e9ac2911a525ce239c418e7393aa058cfc2c",
            "messageTitle": "a",
            "messageBody": "",
            "insertions": 164,
            "deletions": 30
          }
        ]
      },
      {
        "insertions": 16,
        "deletions": 21,
        "date": "2019-10-10",
        "commitResults": [
          {
            "hash": "a774ffcf406715411d1f684648710d6a00a92ccf",
            "messageTitle": "moved Action, Task, Condition to UserCode",
            "messageBody": "",
            "insertions": 15,
            "deletions": 21
          },
          {
            "hash": "96d1917ad04e9e82d4e61519b35890bb15e62ad7",
            "messageTitle": "moved Action, Task, Condition to UserCode",
            "messageBody": "",
            "insertions": 1,
            "deletions": 0
          }
        ]
      },
      {
        "insertions": 48,
        "deletions": 16,
        "date": "2019-10-12",
        "commitResults": [
          {
            "hash": "473f1787dcc1b7d794d90bbbacb40db315172fe8",
            "messageTitle": "created condition checker",
            "messageBody": "",
            "insertions": 48,
            "deletions": 16
          }
        ]
      },
      {
        "insertions": 273,
        "deletions": 57,
        "date": "2019-10-13",
        "commitResults": [
          {
            "hash": "e808b3ff36b6f54dc2b3cf8e9392a5b6306f1a24",
            "messageTitle": ".",
            "messageBody": "",
            "insertions": 134,
            "deletions": 37
          },
          {
            "hash": "8763f1e1a633ac0f7babd443e4fae0f660b78fc0",
            "messageTitle": "updated tasks package",
            "messageBody": "",
            "insertions": 118,
            "deletions": 18
          },
          {
            "hash": "1feae800749df08404b6653038931cfea0ba8848",
            "messageTitle": "implemented typewriter in ui",
            "messageBody": "",
            "insertions": 19,
            "deletions": 1
          },
          {
            "hash": "0e8eda69b558ce4d2104efb8b41aadca0ed4f460",
            "messageTitle": "implemented typewriter in ui",
            "messageBody": "",
            "insertions": 1,
            "deletions": 0
          },
          {
            "hash": "5a822ca5acea5491eba7e4f723d3d485ea5beac3",
            "messageTitle": "implemented typewriter",
            "messageBody": "",
            "insertions": 1,
            "deletions": 1
          }
        ]
      },
      {
        "insertions": 457,
        "deletions": 192,
        "date": "2019-10-16",
        "commitResults": [
          {
            "hash": "105f489ec74ea393c5abdbb0117c53472ce5e9e5",
            "messageTitle": "Created GameConsole",
            "messageBody": "",
            "insertions": 292,
            "deletions": 79
          },
          {
            "hash": "1189aa96f41a3e264bfb0366a84e4635c4d8267c",
            "messageTitle": "GameConsole updated",
            "messageBody": "",
            "insertions": 54,
            "deletions": 32
          },
          {
            "hash": "fedfe37ba7a7922a506e1dbcad2f324b9f6c60b1",
            "messageTitle": "combined GameConsole with Narrative",
            "messageBody": "",
            "insertions": 7,
            "deletions": 10
          },
          {
            "hash": "5410994a0e4835c2f989d3a3db21a255cc391f11",
            "messageTitle": "semi-fixed Simulation class",
            "messageBody": "",
            "insertions": 82,
            "deletions": 55
          },
          {
            "hash": "ada10c62eced8165c1c0b8d660a990967369e081",
            "messageTitle": "updated Simulation class and implemented gotoMarketAction without ascii art",
            "messageBody": "",
            "insertions": 22,
            "deletions": 16
          }
        ]
      },
      {
        "insertions": 171,
        "deletions": 20,
        "date": "2019-10-17",
        "commitResults": [
          {
            "hash": "c495fc87f56c98dfea15f455910e46b41dd00902",
            "messageTitle": ".",
            "messageBody": "",
            "insertions": 95,
            "deletions": 10
          },
          {
            "hash": "ac88b35b5543dbe250bbf4b697f1858c4c5c7157",
            "messageTitle": ".",
            "messageBody": "",
            "insertions": 13,
            "deletions": 7
          },
          {
            "hash": "318f521c342e220101e68b5c9ba653bf22db5afc",
            "messageTitle": "updated menu, start, plant, harvest,asciiart",
            "messageBody": "",
            "insertions": 63,
            "deletions": 3
          }
        ]
      },
      {
        "insertions": 164,
        "deletions": 286,
        "date": "2019-10-18",
        "commitResults": [
          {
            "hash": "310cf4ae1b810be39792724a43f3ead59e1f3c5e",
            "messageTitle": "updated colourscheme and optimised frontend",
            "messageBody": "",
            "insertions": 112,
            "deletions": 246
          },
          {
            "hash": "6dd00ed306bf183897e53adc95b43435fc833351",
            "messageTitle": "added tasklist action failure",
            "messageBody": "",
            "insertions": 35,
            "deletions": 31
          },
          {
            "hash": "b4fd22827ed04dd1eef88f37d08d5222e97894b4",
            "messageTitle": "formatted level, day, gold",
            "messageBody": "",
            "insertions": 17,
            "deletions": 9
          }
        ]
      },
      {
        "insertions": 307,
        "deletions": 167,
        "date": "2019-10-20",
        "commitResults": [
          {
            "hash": "2eccfbd061506e11beb8db4c2fe58945ba5ea27f",
            "messageTitle": "updated level 1 action body",
            "messageBody": "",
            "insertions": 300,
            "deletions": 162
          },
          {
            "hash": "27706b493a00ebdc82481ee5dba0088ea6b14746",
            "messageTitle": "minor simulation fixes",
            "messageBody": "",
            "insertions": 7,
            "deletions": 5
          }
        ]
      },
      {
        "insertions": 138,
        "deletions": 151,
        "date": "2019-10-21",
        "commitResults": [
          {
            "hash": "21a94240f0b8b000601b5750b5183a5038d35ab5",
            "messageTitle": "updated simulation class",
            "messageBody": "",
            "insertions": 89,
            "deletions": 109
          },
          {
            "hash": "5e580c4642e6f203896f503afca8d0068f2c2986",
            "messageTitle": "interfaced level goals and gameconsole",
            "messageBody": "",
            "insertions": 33,
            "deletions": 33
          },
          {
            "hash": "1801e4fd50d61572f1a34925f6451bc58e5c2732",
            "messageTitle": "included auto formatting in ui.typewriter",
            "messageBody": "",
            "insertions": 16,
            "deletions": 9
          }
        ]
      },
      {
        "insertions": 89,
        "deletions": 54,
        "date": "2019-10-22",
        "commitResults": [
          {
            "hash": "64d73ca170a92616f95088cabee224fdffc09d9a",
            "messageTitle": "updated storyboard and integrated with frontend",
            "messageBody": "",
            "insertions": 55,
            "deletions": 29
          },
          {
            "hash": "6acac5f87f00ff8c86a3f2bc4968d8e2a7f4dfab",
            "messageTitle": "storyboard 1.1,1.2,1.3",
            "messageBody": "",
            "insertions": 32,
            "deletions": 23
          },
          {
            "hash": "d11a1b6ab5f652d27ca1f0e9716e1fa3c678da64",
            "messageTitle": "update story board 1.4, 1.5, 1.6",
            "messageBody": "",
            "insertions": 2,
            "deletions": 2
          }
        ]
      },
      {
        "insertions": 205,
        "deletions": 124,
        "date": "2019-10-23",
        "commitResults": [
          {
            "hash": "5effc7a4364f015cd049d6a9f5b03c46b71bfcc1",
            "messageTitle": "created next level and integrated with ui",
            "messageBody": "",
            "insertions": 35,
            "deletions": 15
          },
          {
            "hash": "2de786436298151fd20d5453cb66359e561ba6d1",
            "messageTitle": "added invalid code",
            "messageBody": "",
            "insertions": 28,
            "deletions": 15
          },
          {
            "hash": "cd45a8e23da5d2646cf648ce5aa2b3786be42c11",
            "messageTitle": "Gameconsole: removed most magic numbers",
            "messageBody": "",
            "insertions": 55,
            "deletions": 52
          },
          {
            "hash": "f5df1b9ebfcc54113dda30b59491ad62202cb49e",
            "messageTitle": "Simulation: removed magic numbers",
            "messageBody": "",
            "insertions": 20,
            "deletions": 9
          },
          {
            "hash": "73990bb1fbc085c283652dda2301f2fd05c78772",
            "messageTitle": "added condition and action list",
            "messageBody": "",
            "insertions": 27,
            "deletions": 17
          },
          {
            "hash": "b2cf861109079afedbd107acbbe9dea832c7a219",
            "messageTitle": "added condition and action list",
            "messageBody": "",
            "insertions": 11,
            "deletions": 3
          },
          {
            "hash": "e4005e5ca98e2d3b179b836841969e035d93c4c8",
            "messageTitle": "added CommandTasksNull",
            "messageBody": "",
            "insertions": 29,
            "deletions": 13
          }
        ]
      },
      {
        "insertions": 22,
        "deletions": 43,
        "date": "2019-10-24",
        "commitResults": [
          {
            "hash": "090774b14639eddab8408e41e648547f56374d03",
            "messageTitle": "Level 1.3, 1.4, 1.5 completed",
            "messageBody": "",
            "insertions": 22,
            "deletions": 43
          }
        ]
      },
      {
        "insertions": 138,
        "deletions": 68,
        "date": "2019-10-26",
        "commitResults": [
          {
            "hash": "39fc712ea739351f5a9299b342e9a81161445526",
            "messageTitle": "refresh page and output cleanup #167",
            "messageBody": "",
            "insertions": 138,
            "deletions": 68
          }
        ]
      },
      {
        "insertions": 759,
        "deletions": 364,
        "date": "2019-10-27",
        "commitResults": [
          {
            "hash": "ac8d5dc1f6f8e107390bf3365ccb69b21e28635f",
            "messageTitle": "revamped ui",
            "messageBody": "",
            "insertions": 65,
            "deletions": 57
          },
          {
            "hash": "2b7a9e38bbdd85140ac55ebc02cd018396ef12b4",
            "messageTitle": "accept []",
            "messageBody": "",
            "insertions": 6,
            "deletions": 14
          },
          {
            "hash": "e53ab9ab00168282a18735800b21778440531f53",
            "messageTitle": "abstracted action criteria",
            "messageBody": "",
            "insertions": 161,
            "deletions": 221
          },
          {
            "hash": "37347aba7d11fa35106e7bc0b111f398c4b3d6f2",
            "messageTitle": "fixed asset overflow crash \u0026 show asset change",
            "messageBody": "",
            "insertions": 33,
            "deletions": 23
          },
          {
            "hash": "1d1f3f65d82cf208c487d156c1c193d27e8c6821",
            "messageTitle": "documentation and testing",
            "messageBody": "",
            "insertions": 358,
            "deletions": 28
          },
          {
            "hash": "d71dc8caf3219f0893a659ac7b34e43304503818",
            "messageTitle": "documentation for Command package",
            "messageBody": "",
            "insertions": 136,
            "deletions": 21
          }
        ]
      },
      {
        "insertions": 19,
        "deletions": 69,
        "date": "2019-10-28",
        "commitResults": [
          {
            "hash": "47de2861289a4d2f938ff70b50022743e0506e6a",
            "messageTitle": "simulation failure bug fix",
            "messageBody": "",
            "insertions": 3,
            "deletions": 3
          },
          {
            "hash": "c8f7a43627b3841b20513d04be3f78aaf6a38351",
            "messageTitle": "fix for load game, farmer name",
            "messageBody": "",
            "insertions": 6,
            "deletions": 2
          },
          {
            "hash": "346af0ba6be0277b0510c8093caa865566e156b7",
            "messageTitle": "cut down code, later jx angry",
            "messageBody": "",
            "insertions": 10,
            "deletions": 64
          }
        ]
      },
      {
        "insertions": 303,
        "deletions": 247,
        "date": "2019-10-29",
        "commitResults": [
          {
            "hash": "77f8213021d0d581731c011cf87976d109f577f6",
            "messageTitle": "commands checkstyle and tasks.clear() in levelendcommand",
            "messageBody": "",
            "insertions": 209,
            "deletions": 190
          },
          {
            "hash": "5aef17709dc6d7b9667a0cbacb84720206c0f558",
            "messageTitle": "frontend checkstyle",
            "messageBody": "",
            "insertions": 94,
            "deletions": 57
          }
        ]
      }
    ],
    "jing-xuan": [
      {
        "insertions": 65,
        "deletions": 18,
        "date": "2019-09-24",
        "commitResults": [
          {
            "hash": "4621c62e84f1627deb47c52a032bf5a9235a7015",
            "messageTitle": "abstracted user input loop",
            "messageBody": "",
            "insertions": 65,
            "deletions": 18
          }
        ]
      },
      {
        "insertions": 29,
        "deletions": 10,
        "date": "2019-09-25",
        "commitResults": [
          {
            "hash": "125841215f4f696881b07f84e1ee0df9fa5aca63",
            "messageTitle": "Added function to get ascii art string from text file",
            "messageBody": "",
            "insertions": 29,
            "deletions": 10
          }
        ]
      },
      {
        "insertions": 170,
        "deletions": 35,
        "date": "2019-09-27",
        "commitResults": [
          {
            "hash": "802071aa7866f6731aec1b2bb64359e6dd5a044e",
            "messageTitle": "Created Task, Action, and implemented TestCommand which can run",
            "messageBody": "",
            "insertions": 144,
            "deletions": 26
          },
          {
            "hash": "bd8db8c6b382fbe810628cf2efbc50fc000e2c8c",
            "messageTitle": "created addTask function. Able to startDay and execute the tasks now",
            "messageBody": "",
            "insertions": 26,
            "deletions": 9
          }
        ]
      },
      {
        "insertions": 2,
        "deletions": 2,
        "date": "2019-10-10",
        "commitResults": [
          {
            "hash": "ffb4e02c0ce6f2eda7ec03f46344ef32799ab65e",
            "messageTitle": "changed build settings",
            "messageBody": "",
            "insertions": 2,
            "deletions": 2
          }
        ]
      },
      {
        "insertions": 79,
        "deletions": 63,
        "date": "2019-10-12",
        "commitResults": [
          {
            "hash": "eb337700a827b7294bf08abb90faf820f3a61c45",
            "messageTitle": "Fixed loadlevel function",
            "messageBody": "",
            "insertions": 24,
            "deletions": 62
          },
          {
            "hash": "d65605f3895aace7cbca3dcb821d63dde59baa19",
            "messageTitle": "created buyWheatAction",
            "messageBody": "",
            "insertions": 55,
            "deletions": 1
          }
        ]
      },
      {
        "insertions": 275,
        "deletions": 179,
        "date": "2019-10-13",
        "commitResults": [
          {
            "hash": "0e19d3e88038310000be789ebda80763e81dfab2",
            "messageTitle": "Added Simulation for BuySeedAction, and refactored Simulation",
            "messageBody": "",
            "insertions": 23,
            "deletions": 28
          },
          {
            "hash": "695ea033a2362aae7f6f9107f55cce2af90f9aa8",
            "messageTitle": "Renamed buyWheat to buySeed",
            "messageBody": "",
            "insertions": 5,
            "deletions": 6
          },
          {
            "hash": "e3cce2a2146b4575768fa74ede4e39e458b09b95",
            "messageTitle": "implemented ConditionChecker, BooleanCondition and MoneyCondition",
            "messageBody": "",
            "insertions": 146,
            "deletions": 26
          },
          {
            "hash": "56944d275a389475f244a51f1a3933abf24af18c",
            "messageTitle": "Changed action execute method",
            "messageBody": "",
            "insertions": 65,
            "deletions": 88
          },
          {
            "hash": "c94b8447f83adc9b5f6cc8e39041761082a7b7fa",
            "messageTitle": "Updated test command to include MoneyCondition",
            "messageBody": "",
            "insertions": 4,
            "deletions": 9
          },
          {
            "hash": "e78f408741b89ef7ef4f9cdbe448735f3aa024f5",
            "messageTitle": "Created Condition and Action Validator",
            "messageBody": "",
            "insertions": 32,
            "deletions": 22
          }
        ]
      },
      {
        "insertions": 286,
        "deletions": 130,
        "date": "2019-10-14",
        "commitResults": [
          {
            "hash": "94221fefe6b1b066720b331050a7085f4bf57760",
            "messageTitle": "Implemented Parser to add tasks",
            "messageBody": "",
            "insertions": 165,
            "deletions": 26
          },
          {
            "hash": "62d78cc74fdec545c744ca16eb6bc322013bd925",
            "messageTitle": "resolved conflict in storage",
            "messageBody": "",
            "insertions": 2,
            "deletions": 2
          },
          {
            "hash": "a943df441172fea4f089c9f314fc710c3b4820f3",
            "messageTitle": "settle more changes",
            "messageBody": "",
            "insertions": 17,
            "deletions": 47
          },
          {
            "hash": "7bf22eba16a06cf9b53a4e926ebe4fe1b027e183",
            "messageTitle": "implemented parseTaskAdd",
            "messageBody": "",
            "insertions": 97,
            "deletions": 53
          },
          {
            "hash": "e2b4a79c0f7e41f05b8e62fc7a9b16b084c3cd45",
            "messageTitle": "implemented CommandStart",
            "messageBody": "",
            "insertions": 5,
            "deletions": 2
          }
        ]
      },
      {
        "insertions": 318,
        "deletions": 246,
        "date": "2019-10-15",
        "commitResults": [
          {
            "hash": "5af3f28b073ecf5c249238eea21dfb5eb9ec8158",
            "messageTitle": "Changed implementation of validateCondition",
            "messageBody": "",
            "insertions": 44,
            "deletions": 43
          },
          {
            "hash": "02d965b8b73e931ab6e185bdb321e0ad99e4077c",
            "messageTitle": "Fully implemented CommandTaskCreate",
            "messageBody": "",
            "insertions": 221,
            "deletions": 177
          },
          {
            "hash": "109a55771afe84f450ad0ae0a94f9238c242364a",
            "messageTitle": "Implemented CommandTasksRun",
            "messageBody": "",
            "insertions": 53,
            "deletions": 26
          }
        ]
      },
      {
        "insertions": 96,
        "deletions": 33,
        "date": "2019-10-16",
        "commitResults": [
          {
            "hash": "bffcc0a090dbb2db149a8868af784213ba47b4d3",
            "messageTitle": "fixed DoTask condition creation error",
            "messageBody": "",
            "insertions": 2,
            "deletions": 2
          },
          {
            "hash": "39ef164957b9d58a3ea7d7a4d634047a12cfd9bd",
            "messageTitle": "Implemented TaskList.toString",
            "messageBody": "",
            "insertions": 74,
            "deletions": 29
          },
          {
            "hash": "ce6e29d8a2c43e760b798d96d691ac1f1da8c160",
            "messageTitle": "Fixed inability to exit bug, implemented check objective stage and command",
            "messageBody": "",
            "insertions": 20,
            "deletions": 2
          }
        ]
      },
      {
        "insertions": 52,
        "deletions": 2304,
        "date": "2019-10-17",
        "commitResults": [
          {
            "hash": "13614ed94bc8ba25547adeb0b66b3d9ac7bcf882",
            "messageTitle": "Implemented new commands",
            "messageBody": "",
            "insertions": 46,
            "deletions": 8
          },
          {
            "hash": "c42325686b0e4136b9bb4b9a399a6c7a3ba688b9",
            "messageTitle": "implemented getCurrentTask in Farmer",
            "messageBody": "",
            "insertions": 6,
            "deletions": 0
          },
          {
            "hash": "05e713505f77c5d3726f19afec99a24375b66bb9",
            "messageTitle": "clean working directory",
            "messageBody": "",
            "insertions": 0,
            "deletions": 2290
          },
          {
            "hash": "e74c3504fd987800f008e7f1979a19ec056c0e4e",
            "messageTitle": "Revert \"implemented getCurrentTask in Farmer\"",
            "messageBody": "",
            "insertions": 0,
            "deletions": 6
          }
        ]
      },
      {
        "insertions": 137,
        "deletions": 108,
        "date": "2019-10-22",
        "commitResults": [
          {
            "hash": "cb937ce9e4047d7d0780101cb74cd905678c6a30",
            "messageTitle": "Changed \u0027menu\u0027 to \u0027Menu\u0027",
            "messageBody": "",
            "insertions": 4,
            "deletions": 4
          },
          {
            "hash": "384a1d765460bf8952552e7b0ca27367206bd5e2",
            "messageTitle": "Setup full game state machine for Farmio",
            "messageBody": "",
            "insertions": 98,
            "deletions": 103
          },
          {
            "hash": "ca94ed4fa4b4a7d144e667a890f4cd203733c068",
            "messageTitle": "Implementend CommandActionShow and CommandConditionShow",
            "messageBody": "",
            "insertions": 34,
            "deletions": 0
          },
          {
            "hash": "a3c8f00d9fda7db2a114254ce892fed821cf7701",
            "messageTitle": "Implemented numbering for tasklist",
            "messageBody": "",
            "insertions": 1,
            "deletions": 1
          }
        ]
      },
      {
        "insertions": 76,
        "deletions": 1,
        "date": "2019-10-23",
        "commitResults": [
          {
            "hash": "6be999cfb0f9aef853db0575510c82142140de00",
            "messageTitle": "Implemented delete single task, delete all tasks feature, and skip narrative feature",
            "messageBody": "",
            "insertions": 76,
            "deletions": 1
          }
        ]
      },
      {
        "insertions": 6,
        "deletions": 6,
        "date": "2019-10-25",
        "commitResults": [
          {
            "hash": "18094379d43835b3e4be0d71e7477c20f69e5005",
            "messageTitle": "JAR file working",
            "messageBody": "",
            "insertions": 6,
            "deletions": 6
          }
        ]
      },
      {
        "insertions": 844,
        "deletions": 646,
        "date": "2019-10-28",
        "commitResults": [
          {
            "hash": "d5e8cd4375114bcc0ebf9fc7c3957aab1658a3e3",
            "messageTitle": "refactored Type to taskType",
            "messageBody": "",
            "insertions": 9,
            "deletions": 10
          },
          {
            "hash": "77a827154336b42f782cd28534471593f510982d",
            "messageTitle": "added EnumSet to determine if Stage requires input",
            "messageBody": "",
            "insertions": 24,
            "deletions": 35
          },
          {
            "hash": "878ff6a5a433b1e23eaf8f017ccb29228066607a",
            "messageTitle": "refactored validateCondition to isValidCondition",
            "messageBody": "",
            "insertions": 7,
            "deletions": 7
          },
          {
            "hash": "2812cb204d317c70118c3036c2287235804c5c3b",
            "messageTitle": "fixed DoTask bug",
            "messageBody": "",
            "insertions": 11,
            "deletions": 2
          },
          {
            "hash": "8363f775fd358bbb6af1464ae56d3364bdade4ae",
            "messageTitle": "refactored Parser",
            "messageBody": "",
            "insertions": 53,
            "deletions": 12
          },
          {
            "hash": "f6cfd370bca59513d1b9ca3929d677cd6a32ccc1",
            "messageTitle": "refactored TemplateTask and TaskCreate",
            "messageBody": "",
            "insertions": 81,
            "deletions": 43
          },
          {
            "hash": "847fa84b35aa925f513d60ea92abb64e9a5dfa75",
            "messageTitle": "Added Task Edit feature",
            "messageBody": "",
            "insertions": 51,
            "deletions": 26
          },
          {
            "hash": "e33be345db623bac7e9b9ba1732866f3a89edea7",
            "messageTitle": "Refactored Parser, added documentation for Parser",
            "messageBody": "",
            "insertions": 110,
            "deletions": 82
          },
          {
            "hash": "39e25738d15dda04b77afc801183f5ca954e8a47",
            "messageTitle": "Implemented Insert Task feature",
            "messageBody": "",
            "insertions": 77,
            "deletions": 21
          },
          {
            "hash": "7e4200a363e8c0380a70bd9efe8c8cc175b50fe0",
            "messageTitle": "setup checkstyle",
            "messageBody": "",
            "insertions": 1,
            "deletions": 1
          },
          {
            "hash": "069e4f2c4670ac52fb06953090860380b29a2d2b",
            "messageTitle": "renamed all packages to be lowercase",
            "messageBody": "",
            "insertions": 279,
            "deletions": 303
          },
          {
            "hash": "0d955d0710ac51a2a0456d37463df85d5cf05d4a",
            "messageTitle": "fixed checkstyle for Parser class",
            "messageBody": "",
            "insertions": 96,
            "deletions": 59
          },
          {
            "hash": "f1afbc4b61cd988b54f8f506eed5318488741620",
            "messageTitle": "fixed checkstyle for packages inside usercode",
            "messageBody": "",
            "insertions": 45,
            "deletions": 45
          }
        ]
      },
      {
        "insertions": 81,
        "deletions": 22,
        "date": "2019-10-29",
        "commitResults": [
          {
            "hash": "1719844a08d358af73d140d9cfb7827a558bb90c",
            "messageTitle": "clear tasklist at start of every level",
            "messageBody": "",
            "insertions": 1,
            "deletions": 0
          },
          {
            "hash": "c483eaf69d30ccac96b64f3ab07b07811059a5a2",
            "messageTitle": "Revert \"clear tasklist at start of every level\" This has already been implemented in another file This reverts commit 1719844a08d358af73d140d9cfb7827a558bb90c.",
            "messageBody": "",
            "insertions": 0,
            "deletions": 1
          },
          {
            "hash": "8619f31c5bc75caf59fcbc6007c93b15196d3d1e",
            "messageTitle": "changed Condition to fit checkstyle guidelines",
            "messageBody": "",
            "insertions": 80,
            "deletions": 21
          }
        ]
      }
    ]
  },
  "authorFinalContributionMap": {
    "JohnTYH": 175,
    "notahotdog": 91,
    "Exprescode": 782,
    "tzw0": 3382,
    "jing-xuan": 1183
  },
  "authorFileTypeContributionMap": {
    "JohnTYH": {
      "tests": 10,
      "functional": 163,
      "other": 2
    },
    "notahotdog": {
      "tests": 0,
      "functional": 91
    },
    "Exprescode": {
      "tests": 0,
      "functional": 781,
      "other": 1
    },
    "tzw0": {
      "tests": 100,
      "functional": 1363,
      "other": 1919
    },
    "jing-xuan": {
      "tests": 16,
      "functional": 1165,
      "other": 2
    }
  },
  "authorContributionVariance": {
    "JohnTYH": 2509.066,
    "notahotdog": 26710.816,
    "Exprescode": 39232.36,
    "tzw0": 56721.75,
    "jing-xuan": 195082.77
  },
  "authorDisplayNameMap": {
    "JohnTYH": "CS2113T-F14-2 TAN  . . OHN",
    "notahotdog": "CS2113T-F14-2 UMA  . . OIZ",
    "Exprescode": "CS2113T-F14-2 YEW  . . HUI",
    "tzw0": "CS2113T-F14-2 TAN  . . WEN",
    "jing-xuan": "CS2113T-F14-2 TAY  . . UAN"
  }
}
