{
  "authorDailyContributionsMap": {
    "JohnTYH": [
      {
        "insertions": 7,
        "deletions": 25,
        "date": "2019-10-10",
        "commitResults": [
          {
            "hash": "301f56b2b5752666a8bfc684fc76fbc4b8321c37",
            "messageTitle": "Updated Storage",
            "messageBody": "Updated Storage\n",
            "insertions": 5,
            "deletions": 20
          },
          {
            "hash": "b444af17648660e8606b35b5ba4cf36332b4b6b4",
            "messageTitle": "Updated Storage",
            "messageBody": "Updated Storage\n",
            "insertions": 2,
            "deletions": 2
          },
          {
            "hash": "c66ee13d9ce8d44b017ae7fc360ea819c3621bc7",
            "messageTitle": "Updated Storage",
            "messageBody": "Updated Sotrage",
            "insertions": 0,
            "deletions": 2
          },
          {
            "hash": "e4120185c14b4e5d82c931f10d93c98077dd1435",
            "messageTitle": "Updated",
            "messageBody": "updated\n",
            "insertions": 0,
            "deletions": 1
          }
        ]
      },
      {
        "insertions": 0,
        "deletions": 1,
        "date": "2019-10-11",
        "commitResults": [
          {
            "hash": "7362a0627300edd83169591e88eff0796eff265e",
            "messageTitle": "Update Parser",
            "messageBody": "",
            "insertions": 0,
            "deletions": 1
          }
        ]
      },
      {
        "insertions": 159,
        "deletions": 112,
        "date": "2019-10-16",
        "commitResults": [
          {
            "hash": "06263380d01fe3e2622dccc2f5f0496d52018d39",
            "messageTitle": "commit",
            "messageBody": "",
            "insertions": 159,
            "deletions": 112
          }
        ]
      },
      {
        "insertions": 33,
        "deletions": 88,
        "date": "2019-10-17",
        "commitResults": [
          {
            "hash": "a50f25959886bd05c442cb4292c9f4da83323a78",
            "messageTitle": "Assets and Frames for GoToMarket Updated",
            "messageBody": "",
            "insertions": 27,
            "deletions": 78
          },
          {
            "hash": "091820ea5f280e1b68e31a08eb95796259b9f948",
            "messageTitle": "commit",
            "messageBody": "",
            "insertions": 6,
            "deletions": 10
          }
        ]
      }
    ],
    "notahotdog": [
      {
        "insertions": 64,
        "deletions": 1,
        "date": "2019-10-10",
        "commitResults": [
          {
            "hash": "7aa6e59e65b24689691c133ceecb527f9b55518e",
            "messageTitle": "added changes",
            "messageBody": "",
            "insertions": 56,
            "deletions": 0
          },
          {
            "hash": "992ac2370ea04b4a982a5ac688a98fb54bf049db",
            "messageTitle": "added load level",
            "messageBody": "",
            "insertions": 7,
            "deletions": 0
          },
          {
            "hash": "2e0316f67cc13e23f39dede2737ad7bbf13d3608",
            "messageTitle": "some shit",
            "messageBody": "",
            "insertions": 1,
            "deletions": 1
          }
        ]
      },
      {
        "insertions": 793,
        "deletions": 233,
        "date": "2019-10-14",
        "commitResults": [
          {
            "hash": "da171342bc61f752d8c69c935290f3e1e5f65e4a",
            "messageTitle": "skeleton file included",
            "messageBody": "",
            "insertions": 793,
            "deletions": 233
          }
        ]
      }
    ],
    "Exprescode": [
      {
        "insertions": 154,
        "deletions": 37,
        "date": "2019-09-26",
        "commitResults": [
          {
            "hash": "c100128f7ce2046103932c32a0a79dcee6b201bb",
            "messageTitle": "src/main/java/Storage.java: Add storage function.",
            "messageBody": "",
            "insertions": 74,
            "deletions": 2
          },
          {
            "hash": "fa51c8905c53fdc2d49603918cc5c3a1ac84dc2c",
            "messageTitle": "Simplify UI function.",
            "messageBody": "",
            "insertions": 79,
            "deletions": 35
          },
          {
            "hash": "bfbdf1aafd90e142ae8c1acc7f6826f06abb0470",
            "messageTitle": "build.gradle: Add json simple dependency.",
            "messageBody": "",
            "insertions": 1,
            "deletions": 0
          }
        ]
      },
      {
        "insertions": 171,
        "deletions": 52,
        "date": "2019-10-06",
        "commitResults": [
          {
            "hash": "35892919291de3ed70ecd07bc05fa703b9c836e1",
            "messageTitle": "Change print format.",
            "messageBody": "",
            "insertions": 2,
            "deletions": 2
          },
          {
            "hash": "082f63c2cbecfe1bfc6e9d704e7b0d57e0d06664",
            "messageTitle": "Add load and store save function.",
            "messageBody": "",
            "insertions": 169,
            "deletions": 50
          }
        ]
      },
      {
        "insertions": 14,
        "deletions": 12,
        "date": "2019-10-10",
        "commitResults": [
          {
            "hash": "baa2ace2325a4cae7b81eef6622bcb9bf17b4380",
            "messageTitle": "Fetch ascii art fix.",
            "messageBody": "",
            "insertions": 14,
            "deletions": 3
          },
          {
            "hash": "c2e269845af1e4c5f805343eabcf9ec2c5374119",
            "messageTitle": "Test Pull Request.",
            "messageBody": "",
            "insertions": 0,
            "deletions": 9
          }
        ]
      },
      {
        "insertions": 40,
        "deletions": 0,
        "date": "2019-10-11",
        "commitResults": [
          {
            "hash": "9268dcb00d753c8fed9fdade5e078f4e184442e6",
            "messageTitle": "Add Menu Skeleton.",
            "messageBody": "",
            "insertions": 40,
            "deletions": 0
          }
        ]
      },
      {
        "insertions": 642,
        "deletions": 455,
        "date": "2019-10-14",
        "commitResults": [
          {
            "hash": "247ade4c9269ce20fe045f5235a7cfdc439311bf",
            "messageTitle": "new skeleton",
            "messageBody": "",
            "insertions": 642,
            "deletions": 455
          }
        ]
      },
      {
        "insertions": 38,
        "deletions": 26,
        "date": "2019-10-15",
        "commitResults": [
          {
            "hash": "2e2dca48d8a1256c1556039540a7184e03e10967",
            "messageTitle": "Farmio/Storage.java: Fix get resource.",
            "messageBody": "",
            "insertions": 1,
            "deletions": 1
          },
          {
            "hash": "19fb4b2a566e14e7850568ab019d38800cc343f4",
            "messageTitle": "Farmio/Farmio.java: Remove print stage.",
            "messageBody": "",
            "insertions": 0,
            "deletions": 1
          },
          {
            "hash": "9add7c7926e87df7664c53fab5b390ba51efa8d6",
            "messageTitle": "Farmio/Farmer.java: Change money access level.",
            "messageBody": "",
            "insertions": 9,
            "deletions": 1
          },
          {
            "hash": "927f5069389413f19572f09ad0cd83e0b5435825",
            "messageTitle": "Farmio/Menu.java: Ui edit.",
            "messageBody": "",
            "insertions": 2,
            "deletions": 2
          },
          {
            "hash": "7dcccb51657416869c30847c2cc5caf63385e0b7",
            "messageTitle": "Farmio/Storage.java: Fix load level issue.",
            "messageBody": "",
            "insertions": 24,
            "deletions": 21
          },
          {
            "hash": "999016e0d4db65335d3f53ec5d826dd9ca55b0a1",
            "messageTitle": "Farmio/Ui.java: Ui edit.",
            "messageBody": "",
            "insertions": 2,
            "deletions": 0
          }
        ]
      },
      {
        "insertions": 24,
        "deletions": 2,
        "date": "2019-10-17",
        "commitResults": [
          {
            "hash": "3590a9aaf9d4f473b037541bb3a45be92295d3f4",
            "messageTitle": "Some changes",
            "messageBody": "",
            "insertions": 24,
            "deletions": 2
          }
        ]
      }
    ],
    "tzw0": [
      {
        "insertions": 66,
        "deletions": 11,
        "date": "2019-09-22",
        "commitResults": [
          {
            "hash": "26a16344f81505d48e7115af3cab4b06f7fa62b0",
            "messageTitle": "insignificant organisation",
            "messageBody": "",
            "insertions": 66,
            "deletions": 11
          }
        ]
      },
      {
        "insertions": 315,
        "deletions": 49,
        "date": "2019-09-27",
        "commitResults": [
          {
            "hash": "6a27a4278a4f8705808fd348eaccf37ce11d7e89",
            "messageTitle": "implemented simulation v1.0 and wheatFarm v1.0",
            "messageBody": "",
            "insertions": 151,
            "deletions": 19
          },
          {
            "hash": "cf75e9ac2911a525ce239c418e7393aa058cfc2c",
            "messageTitle": "a",
            "messageBody": "",
            "insertions": 164,
            "deletions": 30
          }
        ]
      },
      {
        "insertions": 16,
        "deletions": 21,
        "date": "2019-10-10",
        "commitResults": [
          {
            "hash": "a774ffcf406715411d1f684648710d6a00a92ccf",
            "messageTitle": "moved Action, Task, Condition to UserCode",
            "messageBody": "",
            "insertions": 15,
            "deletions": 21
          },
          {
            "hash": "96d1917ad04e9e82d4e61519b35890bb15e62ad7",
            "messageTitle": "moved Action, Task, Condition to UserCode",
            "messageBody": "",
            "insertions": 1,
            "deletions": 0
          }
        ]
      },
      {
        "insertions": 48,
        "deletions": 16,
        "date": "2019-10-12",
        "commitResults": [
          {
            "hash": "473f1787dcc1b7d794d90bbbacb40db315172fe8",
            "messageTitle": "created condition checker",
            "messageBody": "",
            "insertions": 48,
            "deletions": 16
          }
        ]
      },
      {
        "insertions": 273,
        "deletions": 57,
        "date": "2019-10-13",
        "commitResults": [
          {
            "hash": "e808b3ff36b6f54dc2b3cf8e9392a5b6306f1a24",
            "messageTitle": ".",
            "messageBody": "",
            "insertions": 134,
            "deletions": 37
          },
          {
            "hash": "8763f1e1a633ac0f7babd443e4fae0f660b78fc0",
            "messageTitle": "updated tasks package",
            "messageBody": "",
            "insertions": 118,
            "deletions": 18
          },
          {
            "hash": "1feae800749df08404b6653038931cfea0ba8848",
            "messageTitle": "implemented typewriter in ui",
            "messageBody": "",
            "insertions": 19,
            "deletions": 1
          },
          {
            "hash": "0e8eda69b558ce4d2104efb8b41aadca0ed4f460",
            "messageTitle": "implemented typewriter in ui",
            "messageBody": "",
            "insertions": 1,
            "deletions": 0
          },
          {
            "hash": "5a822ca5acea5491eba7e4f723d3d485ea5beac3",
            "messageTitle": "implemented typewriter",
            "messageBody": "",
            "insertions": 1,
            "deletions": 1
          }
        ]
      },
      {
        "insertions": 457,
        "deletions": 192,
        "date": "2019-10-16",
        "commitResults": [
          {
            "hash": "105f489ec74ea393c5abdbb0117c53472ce5e9e5",
            "messageTitle": "Created GameConsole",
            "messageBody": "",
            "insertions": 292,
            "deletions": 79
          },
          {
            "hash": "1189aa96f41a3e264bfb0366a84e4635c4d8267c",
            "messageTitle": "GameConsole updated",
            "messageBody": "",
            "insertions": 54,
            "deletions": 32
          },
          {
            "hash": "fedfe37ba7a7922a506e1dbcad2f324b9f6c60b1",
            "messageTitle": "combined GameConsole with Narrative",
            "messageBody": "",
            "insertions": 7,
            "deletions": 10
          },
          {
            "hash": "5410994a0e4835c2f989d3a3db21a255cc391f11",
            "messageTitle": "semi-fixed Simulation class",
            "messageBody": "",
            "insertions": 82,
            "deletions": 55
          },
          {
            "hash": "ada10c62eced8165c1c0b8d660a990967369e081",
            "messageTitle": "updated Simulation class and implemented gotoMarketAction without ascii art",
            "messageBody": "",
            "insertions": 22,
            "deletions": 16
          }
        ]
      },
      {
        "insertions": 171,
        "deletions": 20,
        "date": "2019-10-17",
        "commitResults": [
          {
            "hash": "c495fc87f56c98dfea15f455910e46b41dd00902",
            "messageTitle": ".",
            "messageBody": "",
            "insertions": 95,
            "deletions": 10
          },
          {
            "hash": "ac88b35b5543dbe250bbf4b697f1858c4c5c7157",
            "messageTitle": ".",
            "messageBody": "",
            "insertions": 13,
            "deletions": 7
          },
          {
            "hash": "318f521c342e220101e68b5c9ba653bf22db5afc",
            "messageTitle": "updated menu, start, plant, harvest,asciiart",
            "messageBody": "",
            "insertions": 63,
            "deletions": 3
          }
        ]
      },
      {
        "insertions": 164,
        "deletions": 286,
        "date": "2019-10-18",
        "commitResults": [
          {
            "hash": "310cf4ae1b810be39792724a43f3ead59e1f3c5e",
            "messageTitle": "updated colourscheme and optimised frontend",
            "messageBody": "",
            "insertions": 112,
            "deletions": 246
          },
          {
            "hash": "6dd00ed306bf183897e53adc95b43435fc833351",
            "messageTitle": "added tasklist action failure",
            "messageBody": "",
            "insertions": 35,
            "deletions": 31
          },
          {
            "hash": "b4fd22827ed04dd1eef88f37d08d5222e97894b4",
            "messageTitle": "formatted level, day, gold",
            "messageBody": "",
            "insertions": 17,
            "deletions": 9
          }
        ]
      }
    ],
    "jing-xuan": [
      {
        "insertions": 65,
        "deletions": 18,
        "date": "2019-09-24",
        "commitResults": [
          {
            "hash": "4621c62e84f1627deb47c52a032bf5a9235a7015",
            "messageTitle": "abstracted user input loop",
            "messageBody": "",
            "insertions": 65,
            "deletions": 18
          }
        ]
      },
      {
        "insertions": 29,
        "deletions": 10,
        "date": "2019-09-25",
        "commitResults": [
          {
            "hash": "125841215f4f696881b07f84e1ee0df9fa5aca63",
            "messageTitle": "Added function to get ascii art string from text file",
            "messageBody": "",
            "insertions": 29,
            "deletions": 10
          }
        ]
      },
      {
        "insertions": 170,
        "deletions": 35,
        "date": "2019-09-27",
        "commitResults": [
          {
            "hash": "802071aa7866f6731aec1b2bb64359e6dd5a044e",
            "messageTitle": "Created Task, Action, and implemented TestCommand which can run",
            "messageBody": "",
            "insertions": 144,
            "deletions": 26
          },
          {
            "hash": "bd8db8c6b382fbe810628cf2efbc50fc000e2c8c",
            "messageTitle": "created addTask function. Able to startDay and execute the tasks now",
            "messageBody": "",
            "insertions": 26,
            "deletions": 9
          }
        ]
      },
      {
        "insertions": 2,
        "deletions": 2,
        "date": "2019-10-10",
        "commitResults": [
          {
            "hash": "ffb4e02c0ce6f2eda7ec03f46344ef32799ab65e",
            "messageTitle": "changed build settings",
            "messageBody": "",
            "insertions": 2,
            "deletions": 2
          }
        ]
      },
      {
        "insertions": 79,
        "deletions": 63,
        "date": "2019-10-12",
        "commitResults": [
          {
            "hash": "eb337700a827b7294bf08abb90faf820f3a61c45",
            "messageTitle": "Fixed loadlevel function",
            "messageBody": "",
            "insertions": 24,
            "deletions": 62
          },
          {
            "hash": "d65605f3895aace7cbca3dcb821d63dde59baa19",
            "messageTitle": "created buyWheatAction",
            "messageBody": "",
            "insertions": 55,
            "deletions": 1
          }
        ]
      },
      {
        "insertions": 275,
        "deletions": 179,
        "date": "2019-10-13",
        "commitResults": [
          {
            "hash": "0e19d3e88038310000be789ebda80763e81dfab2",
            "messageTitle": "Added Simulation for BuySeedAction, and refactored Simulation",
            "messageBody": "",
            "insertions": 23,
            "deletions": 28
          },
          {
            "hash": "695ea033a2362aae7f6f9107f55cce2af90f9aa8",
            "messageTitle": "Renamed buyWheat to buySeed",
            "messageBody": "",
            "insertions": 5,
            "deletions": 6
          },
          {
            "hash": "e3cce2a2146b4575768fa74ede4e39e458b09b95",
            "messageTitle": "implemented ConditionChecker, BooleanCondition and MoneyCondition",
            "messageBody": "",
            "insertions": 146,
            "deletions": 26
          },
          {
            "hash": "56944d275a389475f244a51f1a3933abf24af18c",
            "messageTitle": "Changed action execute method",
            "messageBody": "",
            "insertions": 65,
            "deletions": 88
          },
          {
            "hash": "c94b8447f83adc9b5f6cc8e39041761082a7b7fa",
            "messageTitle": "Updated test command to include MoneyCondition",
            "messageBody": "",
            "insertions": 4,
            "deletions": 9
          },
          {
            "hash": "e78f408741b89ef7ef4f9cdbe448735f3aa024f5",
            "messageTitle": "Created Condition and Action Validator",
            "messageBody": "",
            "insertions": 32,
            "deletions": 22
          }
        ]
      },
      {
        "insertions": 286,
        "deletions": 130,
        "date": "2019-10-14",
        "commitResults": [
          {
            "hash": "94221fefe6b1b066720b331050a7085f4bf57760",
            "messageTitle": "Implemented Parser to add tasks",
            "messageBody": "",
            "insertions": 165,
            "deletions": 26
          },
          {
            "hash": "62d78cc74fdec545c744ca16eb6bc322013bd925",
            "messageTitle": "resolved conflict in storage",
            "messageBody": "",
            "insertions": 2,
            "deletions": 2
          },
          {
            "hash": "a943df441172fea4f089c9f314fc710c3b4820f3",
            "messageTitle": "settle more changes",
            "messageBody": "",
            "insertions": 17,
            "deletions": 47
          },
          {
            "hash": "7bf22eba16a06cf9b53a4e926ebe4fe1b027e183",
            "messageTitle": "implemented parseTaskAdd",
            "messageBody": "",
            "insertions": 97,
            "deletions": 53
          },
          {
            "hash": "e2b4a79c0f7e41f05b8e62fc7a9b16b084c3cd45",
            "messageTitle": "implemented CommandStart",
            "messageBody": "",
            "insertions": 5,
            "deletions": 2
          }
        ]
      },
      {
        "insertions": 318,
        "deletions": 246,
        "date": "2019-10-15",
        "commitResults": [
          {
            "hash": "5af3f28b073ecf5c249238eea21dfb5eb9ec8158",
            "messageTitle": "Changed implementation of validateCondition",
            "messageBody": "",
            "insertions": 44,
            "deletions": 43
          },
          {
            "hash": "02d965b8b73e931ab6e185bdb321e0ad99e4077c",
            "messageTitle": "Fully implemented CommandTaskCreate",
            "messageBody": "",
            "insertions": 221,
            "deletions": 177
          },
          {
            "hash": "109a55771afe84f450ad0ae0a94f9238c242364a",
            "messageTitle": "Implemented CommandTasksRun",
            "messageBody": "",
            "insertions": 53,
            "deletions": 26
          }
        ]
      },
      {
        "insertions": 96,
        "deletions": 33,
        "date": "2019-10-16",
        "commitResults": [
          {
            "hash": "bffcc0a090dbb2db149a8868af784213ba47b4d3",
            "messageTitle": "fixed DoTask condition creation error",
            "messageBody": "",
            "insertions": 2,
            "deletions": 2
          },
          {
            "hash": "39ef164957b9d58a3ea7d7a4d634047a12cfd9bd",
            "messageTitle": "Implemented TaskList.toString",
            "messageBody": "",
            "insertions": 74,
            "deletions": 29
          },
          {
            "hash": "ce6e29d8a2c43e760b798d96d691ac1f1da8c160",
            "messageTitle": "Fixed inability to exit bug, implemented check objective stage and command",
            "messageBody": "",
            "insertions": 20,
            "deletions": 2
          }
        ]
      },
      {
        "insertions": 52,
        "deletions": 2304,
        "date": "2019-10-17",
        "commitResults": [
          {
            "hash": "13614ed94bc8ba25547adeb0b66b3d9ac7bcf882",
            "messageTitle": "Implemented new commands",
            "messageBody": "",
            "insertions": 46,
            "deletions": 8
          },
          {
            "hash": "c42325686b0e4136b9bb4b9a399a6c7a3ba688b9",
            "messageTitle": "implemented getCurrentTask in Farmer",
            "messageBody": "",
            "insertions": 6,
            "deletions": 0
          },
          {
            "hash": "05e713505f77c5d3726f19afec99a24375b66bb9",
            "messageTitle": "clean working directory",
            "messageBody": "",
            "insertions": 0,
            "deletions": 2290
          },
          {
            "hash": "e74c3504fd987800f008e7f1979a19ec056c0e4e",
            "messageTitle": "Revert \"implemented getCurrentTask in Farmer\"",
            "messageBody": "",
            "insertions": 0,
            "deletions": 6
          }
        ]
      }
    ]
  },
  "authorFinalContributionMap": {
    "JohnTYH": 57,
    "notahotdog": 0,
    "Exprescode": 481,
    "tzw0": 2717,
    "jing-xuan": 805
  },
  "authorFileTypeContributionMap": {
    "JohnTYH": {
      "tests": 0,
      "functional": 55,
      "other": 2
    },
    "notahotdog": {
      "tests": 0,
      "functional": 0
    },
    "Exprescode": {
      "tests": 0,
      "functional": 480,
      "other": 1
    },
    "tzw0": {
      "tests": 0,
      "functional": 798,
      "other": 1919
    },
    "jing-xuan": {
      "tests": 0,
      "functional": 804,
      "other": 1
    }
  },
  "authorContributionVariance": {
    "JohnTYH": 2952.004,
    "notahotdog": 36228.242,
    "Exprescode": 42765.027,
    "tzw0": 26644.096,
    "jing-xuan": 201655.11
  },
  "authorDisplayNameMap": {
    "JohnTYH": "CS2113T-F14-2 TAN  . . OHN",
    "notahotdog": "CS2113T-F14-2 UMA  . . OIZ",
    "Exprescode": "CS2113T-F14-2 YEW  . . HUI",
    "tzw0": "CS2113T-F14-2 TAN  . . WEN",
    "jing-xuan": "CS2113T-F14-2 TAY  . . UAN"
  }
}
