{
  "authorDailyContributionsMap": {
    "YuanJiayi": [
      {
        "insertions": 24,
        "deletions": 4,
        "date": "2019-09-29",
        "commitResults": [
          {
            "hash": "562c8284dabafc5abf392941cbb22300d3a71247",
            "messageTitle": "fixed issue with addRecurringEvent method",
            "messageBody": "",
            "insertions": 12,
            "deletions": 2
          },
          {
            "hash": "ac6988872f2c6eaaa3a63853ca24b929dc3b7fb6",
            "messageTitle": "fixed issue with addRecurringEvent method",
            "messageBody": "",
            "insertions": 12,
            "deletions": 2
          }
        ]
      },
      {
        "insertions": 55,
        "deletions": 9,
        "date": "2019-10-14",
        "commitResults": [
          {
            "hash": "2c489f31a9e9f7c666ad719cd7b258475a4f8154",
            "messageTitle": "implement reschedule events",
            "messageBody": "",
            "insertions": 34,
            "deletions": 0
          },
          {
            "hash": "039b43dea4db89360e88e13016a8bd3eafd82ef6",
            "messageTitle": "ui for rescheduled",
            "messageBody": "",
            "insertions": 12,
            "deletions": 0
          },
          {
            "hash": "c82b19c0cf1a69dd54f0e7e7329e8cb63187e881",
            "messageTitle": "renamed DateObj to EventDate for rescheduling",
            "messageBody": "",
            "insertions": 9,
            "deletions": 9
          }
        ]
      },
      {
        "insertions": 38,
        "deletions": 54,
        "date": "2019-10-21",
        "commitResults": [
          {
            "hash": "358e708730d125215a6b71398906f8cbd101771d",
            "messageTitle": "fix the issue that recurring practices are stored twice",
            "messageBody": "",
            "insertions": 0,
            "deletions": 1
          },
          {
            "hash": "d8174c163215f8e1a7f35a41afee63fabc8770c1",
            "messageTitle": "refactoring and delete unused method",
            "messageBody": "",
            "insertions": 38,
            "deletions": 53
          }
        ]
      }
    ],
    "Dng132FEI": [
      {
        "insertions": 1,
        "deletions": 1,
        "date": "2019-10-03",
        "commitResults": [
          {
            "hash": "aded0f08b0113379f78859d0e40914937375d56a",
            "messageTitle": "Tagged v1.1",
            "messageBody": "",
            "insertions": 1,
            "deletions": 1
          }
        ]
      },
      {
        "insertions": 35,
        "deletions": 23,
        "date": "2019-10-17",
        "commitResults": [
          {
            "hash": "852ae6d52052b0a3b56890ebbdffb3fc74c55384",
            "messageTitle": "Added getReminder function in EventList and changed to print according to index",
            "messageBody": "",
            "insertions": 35,
            "deletions": 23
          }
        ]
      }
    ],
    "yenpeichih": [
      {
        "insertions": 94,
        "deletions": 141,
        "date": "2019-09-24",
        "commitResults": [
          {
            "hash": "02cc3193d3253d71e8e7f8a22b1125c14fcc86e1",
            "messageTitle": "Streamlined date formatting, command now takes in lowercase",
            "messageBody": "",
            "insertions": 94,
            "deletions": 141
          }
        ]
      },
      {
        "insertions": 26,
        "deletions": 29,
        "date": "2019-09-25",
        "commitResults": [
          {
            "hash": "beca8b6dfb658689b5e12375f33482f90d6f7207",
            "messageTitle": "Fixed issue with recurringEvent method",
            "messageBody": "",
            "insertions": 4,
            "deletions": 21
          },
          {
            "hash": "f740c71eb52678c2b648e2cda04cc250577a12f5",
            "messageTitle": "Format 2 now does not return time",
            "messageBody": "",
            "insertions": 22,
            "deletions": 8
          }
        ]
      },
      {
        "insertions": 68,
        "deletions": 58,
        "date": "2019-09-27",
        "commitResults": [
          {
            "hash": "583e8bcb4f41bc302f65d6d71937951f8336be1b",
            "messageTitle": "Reminder and check days functional",
            "messageBody": "",
            "insertions": 68,
            "deletions": 58
          }
        ]
      },
      {
        "insertions": 16,
        "deletions": 37,
        "date": "2019-09-28",
        "commitResults": [
          {
            "hash": "c7496597ee1fea7d86e7b117f7f96594eed14749",
            "messageTitle": "Renamed with lower c",
            "messageBody": "",
            "insertions": 16,
            "deletions": 37
          }
        ]
      },
      {
        "insertions": 125,
        "deletions": 157,
        "date": "2019-09-30",
        "commitResults": [
          {
            "hash": "3a96a5b0dbcf98d2c8f8717f45155908a5b11224",
            "messageTitle": "Refactored DateObj.java",
            "messageBody": "",
            "insertions": 60,
            "deletions": 72
          },
          {
            "hash": "7b6390a7ed43f41783436f09fe4e350121c81a95",
            "messageTitle": "Merged refactored DateObj with changes in addRecurringEvent method",
            "messageBody": "",
            "insertions": 65,
            "deletions": 85
          }
        ]
      },
      {
        "insertions": 59,
        "deletions": 29,
        "date": "2019-10-03",
        "commitResults": [
          {
            "hash": "c624b3556a574c72abc3a28e4109a2d04a21909c",
            "messageTitle": "Save to file now saves date in original input pattern",
            "messageBody": "",
            "insertions": 43,
            "deletions": 11
          },
          {
            "hash": "7db46ce02541d2a9d1693a8dc1a2515b9d99cbff",
            "messageTitle": "Minor fixes to previous fix",
            "messageBody": "",
            "insertions": 13,
            "deletions": 14
          },
          {
            "hash": "97cb98a16c489ff5aa0f8a6fb3fab492d2d2fd55",
            "messageTitle": "Added call to method in DateObj",
            "messageBody": "",
            "insertions": 1,
            "deletions": 0
          },
          {
            "hash": "be224a618ff1e87ab2eb39bda7fda8d49dffbee9",
            "messageTitle": "Fixing reverts",
            "messageBody": "",
            "insertions": 2,
            "deletions": 4
          }
        ]
      },
      {
        "insertions": 26,
        "deletions": 41,
        "date": "2019-10-04",
        "commitResults": [
          {
            "hash": "acc685b49f32da8011dcefb5d563b3eaecd7fa91",
            "messageTitle": "Testing if original input format is saved in txt file",
            "messageBody": "",
            "insertions": 26,
            "deletions": 41
          }
        ]
      },
      {
        "insertions": 84,
        "deletions": 76,
        "date": "2019-10-05",
        "commitResults": [
          {
            "hash": "f63eaa7478dd633ec7290ae7a7656d1d467967da",
            "messageTitle": "All functions work as expected; concert, exam and recital not yet implemented",
            "messageBody": "",
            "insertions": 84,
            "deletions": 76
          }
        ]
      },
      {
        "insertions": 100,
        "deletions": 1,
        "date": "2019-10-17",
        "commitResults": [
          {
            "hash": "da2f9760d78a77b770689456e534c7b5b49946cb",
            "messageTitle": "Can now add details to non-recurring events. Event details not able to be saved to file yet.",
            "messageBody": "",
            "insertions": 100,
            "deletions": 1
          }
        ]
      }
    ],
    "ZhangYihanNus": [
      {
        "insertions": 53,
        "deletions": 246,
        "date": "2019-09-22",
        "commitResults": [
          {
            "hash": "10cf3e8f93ccb1f9a96397ac10d1dc812df740ad",
            "messageTitle": "created new Event parent class",
            "messageBody": "",
            "insertions": 53,
            "deletions": 246
          }
        ]
      },
      {
        "insertions": 30,
        "deletions": 7,
        "date": "2019-09-23",
        "commitResults": [
          {
            "hash": "1c2d2665f22d1835b7f15056016b99726b80d3ca",
            "messageTitle": "edit to Event class",
            "messageBody": "",
            "insertions": 16,
            "deletions": 0
          },
          {
            "hash": "90e51e0645147954c3d6beac8657370fdced756b",
            "messageTitle": "edit to Event class",
            "messageBody": "",
            "insertions": 14,
            "deletions": 7
          }
        ]
      },
      {
        "insertions": 391,
        "deletions": 676,
        "date": "2019-09-24",
        "commitResults": [
          {
            "hash": "a1ad2a67c17e8151d6ae59fce1ac938cb8e4a490",
            "messageTitle": "editted Event files in V1.2",
            "messageBody": "",
            "insertions": 283,
            "deletions": 251
          },
          {
            "hash": "5df10bae9075c30ad1c4a4171cf777146cc686d0",
            "messageTitle": "modified Event files",
            "messageBody": "",
            "insertions": 74,
            "deletions": 58
          },
          {
            "hash": "498c8d1023a6959d36bf9fa2bb6a8fa4b37dfe4f",
            "messageTitle": "removed unnecessary classes",
            "messageBody": "",
            "insertions": 0,
            "deletions": 351
          },
          {
            "hash": "0ffb820ceed5772f46c80c98457798f7f8cef341",
            "messageTitle": "edit for V1.2",
            "messageBody": "",
            "insertions": 34,
            "deletions": 16
          }
        ]
      },
      {
        "insertions": 30,
        "deletions": 12,
        "date": "2019-09-25",
        "commitResults": [
          {
            "hash": "a064ac5efc5019a8aabbb0399791ee9d18137e47",
            "messageTitle": "finished find command",
            "messageBody": "",
            "insertions": 25,
            "deletions": 7
          },
          {
            "hash": "3d8488190a7105a98fbfcb2b9b8c75cb4c12c89d",
            "messageTitle": "edited command functions",
            "messageBody": "",
            "insertions": 5,
            "deletions": 5
          }
        ]
      },
      {
        "insertions": 53,
        "deletions": 50,
        "date": "2019-09-27",
        "commitResults": [
          {
            "hash": "722f48c35222be3d4fd9815b215858b377f9ddc3",
            "messageTitle": "reminder function is functional",
            "messageBody": "",
            "insertions": 53,
            "deletions": 50
          }
        ]
      },
      {
        "insertions": 90,
        "deletions": 35,
        "date": "2019-10-03",
        "commitResults": [
          {
            "hash": "036b007408ff4846a47a4b1aec51cd1b5a9bdc87",
            "messageTitle": "Added Exam and Recital event types",
            "messageBody": "",
            "insertions": 68,
            "deletions": 21
          },
          {
            "hash": "c0a818d7673f56a2f70b7265c33699b1fbcf8815",
            "messageTitle": "edited imports and variables in Command and EventList",
            "messageBody": "",
            "insertions": 22,
            "deletions": 14
          }
        ]
      },
      {
        "insertions": 85,
        "deletions": 25,
        "date": "2019-10-17",
        "commitResults": [
          {
            "hash": "8fbb68ecb80aef24d68e7be9e3e3d4f10d8ab542",
            "messageTitle": "Added edit function, edit time to be fixed",
            "messageBody": "",
            "insertions": 66,
            "deletions": 0
          },
          {
            "hash": "12897c24def51a56788fc0ebabea579c40ff2d46",
            "messageTitle": "Added edit command, removed date and time operations in edit to avoid repeating.",
            "messageBody": "",
            "insertions": 19,
            "deletions": 25
          }
        ]
      },
      {
        "insertions": 248,
        "deletions": 35,
        "date": "2019-10-18",
        "commitResults": [
          {
            "hash": "c1eee6c6b943a0e4370dcfa48a9ec9da9675f12a",
            "messageTitle": "Created calendar visualization function",
            "messageBody": "",
            "insertions": 92,
            "deletions": 0
          },
          {
            "hash": "e1b798047445857113e046c422350849d4937ee1",
            "messageTitle": "Finished CalendarTable class",
            "messageBody": "",
            "insertions": 87,
            "deletions": 1
          },
          {
            "hash": "afb6cb1169e29644fe898b1bf8128e847936425a",
            "messageTitle": "Edit in calendar table",
            "messageBody": "",
            "insertions": 40,
            "deletions": 15
          },
          {
            "hash": "10ff179e68ad8a8f6feff07493fbaa9fe64db580",
            "messageTitle": "Edited calendar table",
            "messageBody": "",
            "insertions": 23,
            "deletions": 15
          },
          {
            "hash": "f48108ac87d288c5bc27ad5e72afec9855acc5bb",
            "messageTitle": "Fixed typo",
            "messageBody": "",
            "insertions": 6,
            "deletions": 4
          }
        ]
      }
    ],
    "Ryan-Wong-Ren-Wei": [
      {
        "insertions": 144,
        "deletions": 83,
        "date": "2019-09-21",
        "commitResults": [
          {
            "hash": "8bbf840447b849db4ff2d5599a167cacb524ef1f",
            "messageTitle": "fixed a bug with reading events from file which caused an extra \u0027]\u0027 character to be printed.",
            "messageBody": "",
            "insertions": 33,
            "deletions": 15
          },
          {
            "hash": "d3c2ab7fea0b7984a45fa4068b25e1567455f162",
            "messageTitle": "some abstraction done for case event in command class",
            "messageBody": "",
            "insertions": 70,
            "deletions": 15
          },
          {
            "hash": "79b1532a15b0b99d594fbed651567e13e0bf996a",
            "messageTitle": "Continued abstratction for event class + fixed bug regarding ticks and crosses for task completion",
            "messageBody": "",
            "insertions": 41,
            "deletions": 53
          }
        ]
      },
      {
        "insertions": 288,
        "deletions": 112,
        "date": "2019-09-23",
        "commitResults": [
          {
            "hash": "484dc4127a487427f71db828e2f146cd6afdea54",
            "messageTitle": "Created structure for overarching event class + recurrent and todo",
            "messageBody": "",
            "insertions": 117,
            "deletions": 14
          },
          {
            "hash": "da6cfc13e93498cb450f926b6541cb81a2a2b85c",
            "messageTitle": "created all necessary Event type classes",
            "messageBody": "",
            "insertions": 101,
            "deletions": 19
          },
          {
            "hash": "f1e339f8c3e2a6db3635d0cc2fea594b1b57764a",
            "messageTitle": "changed TaskList to EventList, updated some stuff in Command and EventList to reflect overhaul",
            "messageBody": "",
            "insertions": 70,
            "deletions": 79
          }
        ]
      },
      {
        "insertions": 405,
        "deletions": 332,
        "date": "2019-09-24",
        "commitResults": [
          {
            "hash": "515f75a5a31980bbfcdc93d897b00beceaee505a",
            "messageTitle": "code is functional for adding tasks and list command. Currently only todo and event type",
            "messageBody": "",
            "insertions": 231,
            "deletions": 212
          },
          {
            "hash": "ac4bb0ebac6ccbfaa8a145bebdf1763407e95900",
            "messageTitle": "fixed up some more commands, everything uncommented in command class works as intended",
            "messageBody": "",
            "insertions": 174,
            "deletions": 120
          }
        ]
      },
      {
        "insertions": 81,
        "deletions": 79,
        "date": "2019-10-03",
        "commitResults": [
          {
            "hash": "b7f72e41a0120ea38dc64e6e154c02871d14a6b8",
            "messageTitle": "Revert \"Minor fixes to previous fix\"",
            "messageBody": "",
            "insertions": 14,
            "deletions": 13
          },
          {
            "hash": "b4fcf78140f821ebd49492d372255796ca13a4a6",
            "messageTitle": "Revert \"[Temporary fix] Save to file now saves date in original input pattern\"",
            "messageBody": "",
            "insertions": 11,
            "deletions": 43
          },
          {
            "hash": "ab3e8a986b9a7c1fa52cdc364fbafe3c51396f8c",
            "messageTitle": "Revert \"Revert \"Minor fixes to previous fix\"\"",
            "messageBody": "",
            "insertions": 13,
            "deletions": 12
          },
          {
            "hash": "57dfd59634e19f3c1daebb48d1cabc38f856f9c5",
            "messageTitle": "Revert \"Revert \"[Temporary fix] Save to file now saves date in original input pattern\"\"",
            "messageBody": "",
            "insertions": 43,
            "deletions": 11
          }
        ]
      },
      {
        "insertions": 113,
        "deletions": 37,
        "date": "2019-10-05",
        "commitResults": [
          {
            "hash": "4cfe671b7dff822341c5d83ba1ad7aae2ff5c6a1",
            "messageTitle": "Fixed Exam and recital, refactored code for adding events to not need duplicative use of constructors",
            "messageBody": "",
            "insertions": 70,
            "deletions": 12
          },
          {
            "hash": "fb922c3d89c4aca343a32b1a51288707b7a7ab75",
            "messageTitle": "fixed bug with creating new events",
            "messageBody": "",
            "insertions": 6,
            "deletions": 14
          },
          {
            "hash": "b9d6260eb0b5bbf3fe77af2e7c3e7084cbb9c47c",
            "messageTitle": "fixed schedule clash handling, now works for entire duration of events",
            "messageBody": "",
            "insertions": 37,
            "deletions": 11
          }
        ]
      },
      {
        "insertions": 155,
        "deletions": 148,
        "date": "2019-10-11",
        "commitResults": [
          {
            "hash": "0f90ed40cf90b902a820e0376db877159f4364cd",
            "messageTitle": "Renamed DateObj to EventDate for clarity. Clashes are now handled as an exception rather than if-else, addEvent() method throws exception when clash is detected. Clashes can now be detected for recurring events (when a recurred iteration clashes with a future event, the event is not added).",
            "messageBody": "",
            "insertions": 155,
            "deletions": 148
          }
        ]
      },
      {
        "insertions": 42,
        "deletions": 10,
        "date": "2019-10-15",
        "commitResults": [
          {
            "hash": "3a89544f5fdcd28fa3ad7f3dfa31806d6df5d040",
            "messageTitle": "Implemented automatic sorting everytime list is edited.",
            "messageBody": "",
            "insertions": 23,
            "deletions": 3
          },
          {
            "hash": "5c59e18b5052b81e58a43a8ece625cdd9ef359dc",
            "messageTitle": "rescheduling now checks for schedule clash. removed ui reference pass to addEvent, was unnecessary",
            "messageBody": "",
            "insertions": 18,
            "deletions": 6
          },
          {
            "hash": "30b5926519bbc7097a52cbf03841b1fa68c20500",
            "messageTitle": "fixed minor bug that caused wrong message to display when rescheduling",
            "messageBody": "",
            "insertions": 1,
            "deletions": 1
          }
        ]
      },
      {
        "insertions": 264,
        "deletions": 328,
        "date": "2019-10-21",
        "commitResults": [
          {
            "hash": "f7d24aa64e73d2a8406c017f77348b159901c489",
            "messageTitle": "Refactoring",
            "messageBody": "",
            "insertions": 101,
            "deletions": 176
          },
          {
            "hash": "81fee2c621dea395075dda6c86d2fc354507e059",
            "messageTitle": "format cleanup",
            "messageBody": "",
            "insertions": 149,
            "deletions": 147
          },
          {
            "hash": "ab80090283e6e616d244b533a0478a570f0bea82",
            "messageTitle": "Fixed error message for wrong event format, added exception for detecting wrong event format, fixed bug in calendar view where extra space was printed after \"\u003cWednesday\u003e\"",
            "messageBody": "",
            "insertions": 14,
            "deletions": 5
          }
        ]
      },
      {
        "insertions": 133,
        "deletions": 114,
        "date": "2019-10-22",
        "commitResults": [
          {
            "hash": "7f528574d8c1b509d67dba640246934a4db96819",
            "messageTitle": "More refactoring",
            "messageBody": "",
            "insertions": 133,
            "deletions": 114
          }
        ]
      }
    ]
  },
  "authorFinalContributionMap": {
    "YuanJiayi": 66,
    "Dng132FEI": 58,
    "yenpeichih": 132,
    "ZhangYihanNus": 510,
    "Ryan-Wong-Ren-Wei": 833
  },
  "authorFileTypeContributionMap": {
    "YuanJiayi": {
      "tests": 0,
      "functional": 66
    },
    "Dng132FEI": {
      "tests": 0,
      "functional": 58
    },
    "yenpeichih": {
      "tests": 0,
      "functional": 132
    },
    "ZhangYihanNus": {
      "tests": 0,
      "functional": 510
    },
    "Ryan-Wong-Ren-Wei": {
      "tests": 11,
      "functional": 822
    }
  },
  "authorContributionVariance": {
    "YuanJiayi": 383.9375,
    "Dng132FEI": 101.734375,
    "yenpeichih": 5060.436,
    "ZhangYihanNus": 38001.92,
    "Ryan-Wong-Ren-Wei": 32866.848
  },
  "authorDisplayNameMap": {
    "YuanJiayi": "CS2113T-F11-4 YUA  . . AYI",
    "Dng132FEI": "CS2113T-F11-4 FEI  . . ONG",
    "yenpeichih": "CS2113T-F11-4 YEN  . . HIH",
    "ZhangYihanNus": "CS2113T-F11-4 ZHA  . . HAN",
    "Ryan-Wong-Ren-Wei": "CS2113T-F11-4 WON  . . YAN"
  }
}
