{
  "authorDailyContributionsMap": {
    "OungKennedy": [
      {
        "insertions": 951,
        "deletions": 26,
        "date": "2019-09-26",
        "commitResults": [
          {
            "hash": "33af943f6648e73b7195c7e3114baccb65c0d645",
            "messageTitle": "Added delete commands (#12)",
            "messageBody": "* further attempt to fix code from different branches.\r\n\r\n* cherry picked from B-Reminders.\r\n\r\n* continued cherry picking.\r\n\r\n* merging different code.\r\n\r\n* merged stuff.\r\n\r\n* removed getDate, as it is similar to getDateTime. getDateTime remains.\r\n\r\n* Morph into Opera\r\n\r\n* Added: Storage Class and ListCommand Class\r\n\r\n* Added: PostponeCommand, to postpone event date\r\n\r\n* added delete-one and delete-all commands.\r\n\r\n* added delete-one and delete-all commands.\r\n",
            "insertions": 771,
            "deletions": 17
          },
          {
            "hash": "1e1521691917eb18b5540bb9dee2f935704c671e",
            "messageTitle": "Added delete commands (#12) (#13)",
            "messageBody": "* further attempt to fix code from different branches.\r\n\r\n* cherry picked from B-Reminders.\r\n\r\n* continued cherry picking.\r\n\r\n* merging different code.\r\n\r\n* merged stuff.\r\n\r\n* removed getDate, as it is similar to getDateTime. getDateTime remains.\r\n\r\n* Morph into Opera\r\n\r\n* Added: Storage Class and ListCommand Class\r\n\r\n* Added: PostponeCommand, to postpone event date\r\n\r\n* added delete-one and delete-all commands.\r\n\r\n* added delete-one and delete-all commands.",
            "insertions": 180,
            "deletions": 9
          }
        ]
      },
      {
        "insertions": 54,
        "deletions": 33,
        "date": "2019-09-30",
        "commitResults": [
          {
            "hash": "29bd5269dfb48a330cd616ffa48370fd3a0a7c89",
            "messageTitle": "fixed bugs.",
            "messageBody": "",
            "insertions": 24,
            "deletions": 25
          },
          {
            "hash": "c3c6afd1b308976b7be74949c67a68841cd517e0",
            "messageTitle": "refactored delete-one to delete as per discussion.",
            "messageBody": "",
            "insertions": 3,
            "deletions": 3
          },
          {
            "hash": "a1b2bb6c9dcad6a498752b2ada2c94d342113841",
            "messageTitle": "added javafx functionality.",
            "messageBody": "",
            "insertions": 27,
            "deletions": 5
          }
        ]
      },
      {
        "insertions": 194,
        "deletions": 265,
        "date": "2019-10-01",
        "commitResults": [
          {
            "hash": "364085a51ca803683b7a988905921bbd389aec44",
            "messageTitle": "Opera morph (#21)",
            "messageBody": "* fixed bugs.\r\n\r\n* refactored delete-one to delete as per discussion.\r\n\r\n* added javafx functionality.\r\n\r\n* added junit test for AddCommand.\r\n\r\n* added junit test for delete-all command.\r\n\r\n* added j-unit test for delete(one) command.\r\n\r\n* add tests for list command.\r\n",
            "insertions": 194,
            "deletions": 265
          }
        ]
      },
      {
        "insertions": 327,
        "deletions": 56,
        "date": "2019-10-06",
        "commitResults": [
          {
            "hash": "045dfa26bbd15e98a14a6994d5db9869848c0705",
            "messageTitle": "Added j-unit tests (#66)",
            "messageBody": "* further attempt to fix code from different branches.\r\n\r\n* cherry picked from B-Reminders.\r\n\r\n* continued cherry picking.\r\n\r\n* merging different code.\r\n\r\n* merged stuff.\r\n\r\n* removed getDate, as it is similar to getDateTime. getDateTime remains.\r\n\r\n* added delete-one and delete-all commands.\r\n\r\n* added delete-one and delete-all commands.\r\n\r\n* fixed bugs.\r\n\r\n* refactored delete-one to delete as per discussion.\r\n\r\n* added javafx functionality.\r\n\r\n* added junit test for AddCommand.\r\n\r\n* added junit test for delete-all command.\r\n\r\n* added j-unit test for delete(one) command.\r\n\r\n* add tests for list command.\r\n\r\n* fixed small bug in viewseatscommand, added viewseatscommandtest.\r\n\r\n* pulled new changes from organization repo. added junit test for listshowcommand.\r\n\r\n* dded postpone command junit test.\r\n\r\n* added sellseatcommandtest. unable to pass test where invalid seat number is given.\r\n",
            "insertions": 327,
            "deletions": 56
          }
        ]
      },
      {
        "insertions": 570,
        "deletions": 379,
        "date": "2019-10-08",
        "commitResults": [
          {
            "hash": "7e9676188c0bba09e4b91c42d4e3825b21dd3f8d",
            "messageTitle": "Added travis (#69)",
            "messageBody": "* further attempt to fix code from different branches.\r\n\r\n* cherry picked from B-Reminders.\r\n\r\n* continued cherry picking.\r\n\r\n* merging different code.\r\n\r\n* merged stuff.\r\n\r\n* removed getDate, as it is similar to getDateTime. getDateTime remains.\r\n\r\n* added delete-one and delete-all commands.\r\n\r\n* added delete-one and delete-all commands.\r\n\r\n* fixed bugs.\r\n\r\n* refactored delete-one to delete as per discussion.\r\n\r\n* added javafx functionality.\r\n\r\n* added junit test for AddCommand.\r\n\r\n* added junit test for delete-all command.\r\n\r\n* added j-unit test for delete(one) command.\r\n\r\n* add tests for list command.\r\n\r\n* fixed small bug in viewseatscommand, added viewseatscommandtest.\r\n\r\n* pulled new changes from organization repo. added junit test for listshowcommand.\r\n\r\n* dded postpone command junit test.\r\n\r\n* added sellseatcommandtest. unable to pass test where invalid seat number is given.\r\n\r\n* added travis.yml\r\n\r\n* renamed travis.yml to .travis.yml\r\n\r\n* cleaned up a little of the code according to checkstyletest standards. Some standards have to be changed according to our needs.\r\n\r\n* code adheres to checkstyle guidelines. added assertions.\r\n\r\n* cleaned code. Passes checkstyle test.\r\n\r\n* bug fix to postpone command test.\r\n",
            "insertions": 570,
            "deletions": 379
          }
        ]
      },
      {
        "insertions": 23,
        "deletions": 2,
        "date": "2019-10-09",
        "commitResults": [
          {
            "hash": "c7170c80d8178f2838481505a4a62b92d58c1edf",
            "messageTitle": "Aliasing  (#71)",
            "messageBody": "* further attempt to fix code from different branches.\r\n\r\n* cherry picked from B-Reminders.\r\n\r\n* continued cherry picking.\r\n\r\n* merging different code.\r\n\r\n* merged stuff.\r\n\r\n* removed getDate, as it is similar to getDateTime. getDateTime remains.\r\n\r\n* added delete-one and delete-all commands.\r\n\r\n* added delete-one and delete-all commands.\r\n\r\n* fixed bugs.\r\n\r\n* refactored delete-one to delete as per discussion.\r\n\r\n* added javafx functionality.\r\n\r\n* added junit test for AddCommand.\r\n\r\n* added junit test for delete-all command.\r\n\r\n* added j-unit test for delete(one) command.\r\n\r\n* add tests for list command.\r\n\r\n* fixed small bug in viewseatscommand, added viewseatscommandtest.\r\n\r\n* pulled new changes from organization repo. added junit test for listshowcommand.\r\n\r\n* dded postpone command junit test.\r\n\r\n* added sellseatcommandtest. unable to pass test where invalid seat number is given.\r\n\r\n* added travis.yml\r\n\r\n* renamed travis.yml to .travis.yml\r\n\r\n* cleaned up a little of the code according to checkstyletest standards. Some standards have to be changed according to our needs.\r\n\r\n* code adheres to checkstyle guidelines. added assertions.\r\n\r\n* cleaned code. Passes checkstyle test.\r\n\r\n* bug fix to postpone command test.\r\n\r\n* added aliases for the commands.\r\n",
            "insertions": 23,
            "deletions": 2
          }
        ]
      },
      {
        "insertions": 261,
        "deletions": 0,
        "date": "2019-10-14",
        "commitResults": [
          {
            "hash": "d81c96c04e816890d0bcd4ea32785eef2e711c44",
            "messageTitle": "Command Parser  (#76)",
            "messageBody": "* further attempt to fix code from different branches.\r\n\r\n* cherry picked from B-Reminders.\r\n\r\n* continued cherry picking.\r\n\r\n* merging different code.\r\n\r\n* merged stuff.\r\n\r\n* removed getDate, as it is similar to getDateTime. getDateTime remains.\r\n\r\n* added delete-one and delete-all commands.\r\n\r\n* added delete-one and delete-all commands.\r\n\r\n* fixed bugs.\r\n\r\n* refactored delete-one to delete as per discussion.\r\n\r\n* added javafx functionality.\r\n\r\n* added junit test for AddCommand.\r\n\r\n* added junit test for delete-all command.\r\n\r\n* added j-unit test for delete(one) command.\r\n\r\n* add tests for list command.\r\n\r\n* fixed small bug in viewseatscommand, added viewseatscommandtest.\r\n\r\n* pulled new changes from organization repo. added junit test for listshowcommand.\r\n\r\n* dded postpone command junit test.\r\n\r\n* added sellseatcommandtest. unable to pass test where invalid seat number is given.\r\n\r\n* added travis.yml\r\n\r\n* renamed travis.yml to .travis.yml\r\n\r\n* cleaned up a little of the code according to checkstyletest standards. Some standards have to be changed according to our needs.\r\n\r\n* code adheres to checkstyle guidelines. added assertions.\r\n\r\n* cleaned code. Passes checkstyle test.\r\n\r\n* bug fix to postpone command test.\r\n\r\n* added aliases for the commands.\r\n\r\n* version 2 of CommandParser. aliasing done differently. missing tests.\r\n\r\n* this commit passes checkstyletest.\r\n",
            "insertions": 261,
            "deletions": 0
          }
        ]
      }
    ],
    "CheeSengg": [
      {
        "insertions": 490,
        "deletions": 24,
        "date": "2019-09-24",
        "commitResults": [
          {
            "hash": "a76ae40511a503690501db492dee0855ddc1f215",
            "messageTitle": "Morph into Opera",
            "messageBody": "",
            "insertions": 295,
            "deletions": 16
          },
          {
            "hash": "ba59ce6b5b40d9d8063025c15f1baeb313bd4c13",
            "messageTitle": "Added: Storage Class and ListCommand Class",
            "messageBody": "",
            "insertions": 195,
            "deletions": 8
          }
        ]
      },
      {
        "insertions": 134,
        "deletions": 7,
        "date": "2019-09-25",
        "commitResults": [
          {
            "hash": "376c913c2301dee7b732f8528108d630d02a612a",
            "messageTitle": "Added: PostponeCommand, to postpone event date",
            "messageBody": "",
            "insertions": 134,
            "deletions": 7
          }
        ]
      },
      {
        "insertions": 770,
        "deletions": 468,
        "date": "2019-09-27",
        "commitResults": [
          {
            "hash": "215a9536e61886b1348355fe3b8fe675e31592c8",
            "messageTitle": "Opera morph (#14)",
            "messageBody": "* Added: PostponeCommand, to postpone event date\r\n\r\n* Added delete commands (#12)\r\n\r\n* further attempt to fix code from different branches.\r\n\r\n* cherry picked from B-Reminders.\r\n\r\n* continued cherry picking.\r\n\r\n* merging different code.\r\n\r\n* merged stuff.\r\n\r\n* removed getDate, as it is similar to getDateTime. getDateTime remains.\r\n\r\n* Morph into Opera\r\n\r\n* Added: Storage Class and ListCommand Class\r\n\r\n* Added: PostponeCommand, to postpone event date\r\n\r\n* added delete-one and delete-all commands.\r\n\r\n* added delete-one and delete-all commands.\r\n\r\n* Create Images file\r\n\r\n* Added ListShowCommand\r\n",
            "insertions": 146,
            "deletions": 30
          },
          {
            "hash": "1b1ae6f3529d6138dcbdfd7c1f34d741d8cf4d47",
            "messageTitle": "Refactored Code into ShowMap\u003cLocalDate, Theatre\u003e",
            "messageBody": "",
            "insertions": 148,
            "deletions": 201
          },
          {
            "hash": "636e4e9cc9e4d0b2176d6b302aaba4563730bc6a",
            "messageTitle": "Refactored Code into ShowMap\u003cLocalDate, Theatre\u003e",
            "messageBody": "",
            "insertions": 148,
            "deletions": 201
          },
          {
            "hash": "9190fa8c80859aa2f719d91632c50d9e0270491b",
            "messageTitle": "Added ViewSeatsCommand",
            "messageBody": "",
            "insertions": 108,
            "deletions": 6
          },
          {
            "hash": "2292d1e31694c71637a1fc57f25bf983571e0476",
            "messageTitle": "Added SellSeatsCommand",
            "messageBody": "",
            "insertions": 220,
            "deletions": 30
          }
        ]
      },
      {
        "insertions": 2,
        "deletions": 2,
        "date": "2019-09-28",
        "commitResults": [
          {
            "hash": "0817f38dd644dd0fe59aad72d29f17d8a0616102",
            "messageTitle": "Updated AboutUs",
            "messageBody": "",
            "insertions": 2,
            "deletions": 2
          }
        ]
      },
      {
        "insertions": 208,
        "deletions": 84,
        "date": "2019-10-01",
        "commitResults": [
          {
            "hash": "792b1f3269e869322fd60a81405ac88b50ffa966",
            "messageTitle": "Opera morph (#19)",
            "messageBody": "* Updated SellSeatsCommand\r\n\r\n* Updated Storage to store Seats sold\r\n",
            "insertions": 208,
            "deletions": 84
          }
        ]
      },
      {
        "insertions": 158,
        "deletions": 2060,
        "date": "2019-10-02",
        "commitResults": [
          {
            "hash": "3243a1c3a41322238f4e9412b734ae7434169009",
            "messageTitle": "Added: HelpCommand Class",
            "messageBody": "",
            "insertions": 34,
            "deletions": 1
          },
          {
            "hash": "5d6c217cf693e1b8ac756dbc204295dc0ed17c2f",
            "messageTitle": "Refactored UI reponse",
            "messageBody": "",
            "insertions": 39,
            "deletions": 25
          },
          {
            "hash": "27d840e82dda7036d21de8acbf3cea2c49e7a672",
            "messageTitle": "Added OptixDateFormatter, refactored all dateFormatting methods in Command",
            "messageBody": "",
            "insertions": 85,
            "deletions": 2034
          }
        ]
      },
      {
        "insertions": 157,
        "deletions": 36,
        "date": "2019-10-03",
        "commitResults": [
          {
            "hash": "744027cfac1b5bf6fea0e07b678565d5ec34926d",
            "messageTitle": "Updated: HelpCommand, BugFix: AddCommand, PostponeCommand, DeleteOneCommand (#23)",
            "messageBody": "* Added: HelpCommand Class\r\n\r\n* Refactored UI reponse\r\n\r\n* Added OptixDateFormatter, refactored all dateFormatting methods in Command\r\n\r\n* Added: Exception Handling Classes\r\n\r\n* Updated: HelpCommand, BugFix: DeleteOneCommand, PostponeCommand and AddCommand\r\n",
            "insertions": 157,
            "deletions": 36
          }
        ]
      },
      {
        "insertions": 329,
        "deletions": 144,
        "date": "2019-10-05",
        "commitResults": [
          {
            "hash": "1f05d873c008d1ee9782404b67530eca61508bfe",
            "messageTitle": "Remove performances in the past",
            "messageBody": "",
            "insertions": 4,
            "deletions": 0
          },
          {
            "hash": "c5b16e79e106c1fe37e70e32ccf0d8f574f25d60",
            "messageTitle": "Refactored Commands into packages",
            "messageBody": "",
            "insertions": 31,
            "deletions": 25
          },
          {
            "hash": "b4f46088e5a604ca1a85903e09111c0f001f6ce5",
            "messageTitle": "Updated JavaDoc",
            "messageBody": "",
            "insertions": 146,
            "deletions": 55
          },
          {
            "hash": "0a96a028fcd54eb3c33ff39fb32cd150e157eb85",
            "messageTitle": "Bug Fix for Invalid date input.",
            "messageBody": "",
            "insertions": 148,
            "deletions": 64
          }
        ]
      },
      {
        "insertions": 149,
        "deletions": 136,
        "date": "2019-10-07",
        "commitResults": [
          {
            "hash": "c0f04494776a32749fbbb9c0205db7950e8aee2e",
            "messageTitle": "Added: EditCommand to update show name",
            "messageBody": "",
            "insertions": 71,
            "deletions": 108
          },
          {
            "hash": "d38beb5917ae3dcbcf1407da20872aca5e0c32bd",
            "messageTitle": "Junit Test for EditCommand",
            "messageBody": "",
            "insertions": 78,
            "deletions": 28
          }
        ]
      },
      {
        "insertions": 520,
        "deletions": 430,
        "date": "2019-10-08",
        "commitResults": [
          {
            "hash": "958a8f2ae637bd2a3e7164bcda02e582d52d63de",
            "messageTitle": "Added Archive for past performances. (#68)",
            "messageBody": "* Remove OptixResponse\r\n\r\n* Refactored Files, Changed ShowMap to Model, Added Archive for past performances\r\n",
            "insertions": 520,
            "deletions": 430
          }
        ]
      },
      {
        "insertions": 1,
        "deletions": 1,
        "date": "2019-10-11",
        "commitResults": [
          {
            "hash": "33a63d3cd00d34298d1c59af72933fa3234df469",
            "messageTitle": "updated photo, storage and .gitignore",
            "messageBody": "",
            "insertions": 1,
            "deletions": 1
          }
        ]
      },
      {
        "insertions": 285,
        "deletions": 50,
        "date": "2019-10-13",
        "commitResults": [
          {
            "hash": "e31144625f4eda9a6c75375bcac4978ad7f2587b",
            "messageTitle": "Added ListDateCommand",
            "messageBody": "",
            "insertions": 173,
            "deletions": 3
          },
          {
            "hash": "505020fddba12d3fa4a4c4b59cb5976a09fb729c",
            "messageTitle": "Added: ListDateCommandTest",
            "messageBody": "",
            "insertions": 48,
            "deletions": 0
          },
          {
            "hash": "3c41c31961da60d8cac6b736c2e1cabcda4f9f88",
            "messageTitle": "Refactored Commands",
            "messageBody": "",
            "insertions": 20,
            "deletions": 12
          },
          {
            "hash": "7ea4883501b35181f70bb2816a5f27cb3631c7bf",
            "messageTitle": "Handled Checkstyle and Build report",
            "messageBody": "",
            "insertions": 44,
            "deletions": 35
          }
        ]
      }
    ],
    "TianchangLiao": [],
    "NicholasLiu97": [
      {
        "insertions": 0,
        "deletions": 73,
        "date": "2019-10-03",
        "commitResults": [
          {
            "hash": "801cbb3951ef915f151f4ebbf49b81f1c780f99c",
            "messageTitle": "deleted unnecessary files",
            "messageBody": "",
            "insertions": 0,
            "deletions": 73
          }
        ]
      }
    ]
  },
  "authorFinalContributionMap": {
    "OungKennedy": 888,
    "CheeSengg": 2082,
    "TianchangLiao": 0,
    "NicholasLiu97": 0
  },
  "authorFileTypeContributionMap": {
    "OungKennedy": {
      "tests": 278,
      "functional": 579,
      "other": 31
    },
    "CheeSengg": {
      "tests": 206,
      "functional": 1874,
      "other": 2
    },
    "TianchangLiao": {
      "tests": 0,
      "functional": 0
    },
    "NicholasLiu97": {
      "tests": 0,
      "functional": 0
    }
  },
  "authorContributionVariance": {
    "OungKennedy": 78239.016,
    "CheeSengg": 264109.34,
    "TianchangLiao": 0.0,
    "NicholasLiu97": 212.79004
  },
  "authorDisplayNameMap": {
    "OungKennedy": "CS2113T-T12-1 OUN  . . EDY",
    "CheeSengg": "CS2113T-T12-1 LIM  . . IAN",
    "TianchangLiao": "CS2113T-T12-1 LIA  . . ANG",
    "NicholasLiu97": "CS2113T-T12-1 LIU  . . LAS"
  }
}
