{
  "authorDailyContributionsMap": {
    "OungKennedy": [
      {
        "insertions": 951,
        "deletions": 26,
        "date": "2019-09-26",
        "commitResults": [
          {
            "hash": "33af943f6648e73b7195c7e3114baccb65c0d645",
            "messageTitle": "Added delete commands (#12)",
            "messageBody": "* further attempt to fix code from different branches.\r\n\r\n* cherry picked from B-Reminders.\r\n\r\n* continued cherry picking.\r\n\r\n* merging different code.\r\n\r\n* merged stuff.\r\n\r\n* removed getDate, as it is similar to getDateTime. getDateTime remains.\r\n\r\n* Morph into Opera\r\n\r\n* Added: Storage Class and ListCommand Class\r\n\r\n* Added: PostponeCommand, to postpone event date\r\n\r\n* added delete-one and delete-all commands.\r\n\r\n* added delete-one and delete-all commands.\r\n",
            "insertions": 771,
            "deletions": 17
          },
          {
            "hash": "1e1521691917eb18b5540bb9dee2f935704c671e",
            "messageTitle": "Added delete commands (#12) (#13)",
            "messageBody": "* further attempt to fix code from different branches.\r\n\r\n* cherry picked from B-Reminders.\r\n\r\n* continued cherry picking.\r\n\r\n* merging different code.\r\n\r\n* merged stuff.\r\n\r\n* removed getDate, as it is similar to getDateTime. getDateTime remains.\r\n\r\n* Morph into Opera\r\n\r\n* Added: Storage Class and ListCommand Class\r\n\r\n* Added: PostponeCommand, to postpone event date\r\n\r\n* added delete-one and delete-all commands.\r\n\r\n* added delete-one and delete-all commands.",
            "insertions": 180,
            "deletions": 9
          }
        ]
      },
      {
        "insertions": 54,
        "deletions": 33,
        "date": "2019-09-30",
        "commitResults": [
          {
            "hash": "29bd5269dfb48a330cd616ffa48370fd3a0a7c89",
            "messageTitle": "fixed bugs.",
            "messageBody": "",
            "insertions": 24,
            "deletions": 25
          },
          {
            "hash": "c3c6afd1b308976b7be74949c67a68841cd517e0",
            "messageTitle": "refactored delete-one to delete as per discussion.",
            "messageBody": "",
            "insertions": 3,
            "deletions": 3
          },
          {
            "hash": "a1b2bb6c9dcad6a498752b2ada2c94d342113841",
            "messageTitle": "added javafx functionality.",
            "messageBody": "",
            "insertions": 27,
            "deletions": 5
          }
        ]
      },
      {
        "insertions": 194,
        "deletions": 265,
        "date": "2019-10-01",
        "commitResults": [
          {
            "hash": "364085a51ca803683b7a988905921bbd389aec44",
            "messageTitle": "Opera morph (#21)",
            "messageBody": "* fixed bugs.\r\n\r\n* refactored delete-one to delete as per discussion.\r\n\r\n* added javafx functionality.\r\n\r\n* added junit test for AddCommand.\r\n\r\n* added junit test for delete-all command.\r\n\r\n* added j-unit test for delete(one) command.\r\n\r\n* add tests for list command.\r\n",
            "insertions": 194,
            "deletions": 265
          }
        ]
      },
      {
        "insertions": 327,
        "deletions": 56,
        "date": "2019-10-06",
        "commitResults": [
          {
            "hash": "045dfa26bbd15e98a14a6994d5db9869848c0705",
            "messageTitle": "Added j-unit tests (#66)",
            "messageBody": "* further attempt to fix code from different branches.\r\n\r\n* cherry picked from B-Reminders.\r\n\r\n* continued cherry picking.\r\n\r\n* merging different code.\r\n\r\n* merged stuff.\r\n\r\n* removed getDate, as it is similar to getDateTime. getDateTime remains.\r\n\r\n* added delete-one and delete-all commands.\r\n\r\n* added delete-one and delete-all commands.\r\n\r\n* fixed bugs.\r\n\r\n* refactored delete-one to delete as per discussion.\r\n\r\n* added javafx functionality.\r\n\r\n* added junit test for AddCommand.\r\n\r\n* added junit test for delete-all command.\r\n\r\n* added j-unit test for delete(one) command.\r\n\r\n* add tests for list command.\r\n\r\n* fixed small bug in viewseatscommand, added viewseatscommandtest.\r\n\r\n* pulled new changes from organization repo. added junit test for listshowcommand.\r\n\r\n* dded postpone command junit test.\r\n\r\n* added sellseatcommandtest. unable to pass test where invalid seat number is given.\r\n",
            "insertions": 327,
            "deletions": 56
          }
        ]
      },
      {
        "insertions": 570,
        "deletions": 379,
        "date": "2019-10-08",
        "commitResults": [
          {
            "hash": "7e9676188c0bba09e4b91c42d4e3825b21dd3f8d",
            "messageTitle": "Added travis (#69)",
            "messageBody": "* further attempt to fix code from different branches.\r\n\r\n* cherry picked from B-Reminders.\r\n\r\n* continued cherry picking.\r\n\r\n* merging different code.\r\n\r\n* merged stuff.\r\n\r\n* removed getDate, as it is similar to getDateTime. getDateTime remains.\r\n\r\n* added delete-one and delete-all commands.\r\n\r\n* added delete-one and delete-all commands.\r\n\r\n* fixed bugs.\r\n\r\n* refactored delete-one to delete as per discussion.\r\n\r\n* added javafx functionality.\r\n\r\n* added junit test for AddCommand.\r\n\r\n* added junit test for delete-all command.\r\n\r\n* added j-unit test for delete(one) command.\r\n\r\n* add tests for list command.\r\n\r\n* fixed small bug in viewseatscommand, added viewseatscommandtest.\r\n\r\n* pulled new changes from organization repo. added junit test for listshowcommand.\r\n\r\n* dded postpone command junit test.\r\n\r\n* added sellseatcommandtest. unable to pass test where invalid seat number is given.\r\n\r\n* added travis.yml\r\n\r\n* renamed travis.yml to .travis.yml\r\n\r\n* cleaned up a little of the code according to checkstyletest standards. Some standards have to be changed according to our needs.\r\n\r\n* code adheres to checkstyle guidelines. added assertions.\r\n\r\n* cleaned code. Passes checkstyle test.\r\n\r\n* bug fix to postpone command test.\r\n",
            "insertions": 570,
            "deletions": 379
          }
        ]
      },
      {
        "insertions": 23,
        "deletions": 2,
        "date": "2019-10-09",
        "commitResults": [
          {
            "hash": "c7170c80d8178f2838481505a4a62b92d58c1edf",
            "messageTitle": "Aliasing  (#71)",
            "messageBody": "* further attempt to fix code from different branches.\r\n\r\n* cherry picked from B-Reminders.\r\n\r\n* continued cherry picking.\r\n\r\n* merging different code.\r\n\r\n* merged stuff.\r\n\r\n* removed getDate, as it is similar to getDateTime. getDateTime remains.\r\n\r\n* added delete-one and delete-all commands.\r\n\r\n* added delete-one and delete-all commands.\r\n\r\n* fixed bugs.\r\n\r\n* refactored delete-one to delete as per discussion.\r\n\r\n* added javafx functionality.\r\n\r\n* added junit test for AddCommand.\r\n\r\n* added junit test for delete-all command.\r\n\r\n* added j-unit test for delete(one) command.\r\n\r\n* add tests for list command.\r\n\r\n* fixed small bug in viewseatscommand, added viewseatscommandtest.\r\n\r\n* pulled new changes from organization repo. added junit test for listshowcommand.\r\n\r\n* dded postpone command junit test.\r\n\r\n* added sellseatcommandtest. unable to pass test where invalid seat number is given.\r\n\r\n* added travis.yml\r\n\r\n* renamed travis.yml to .travis.yml\r\n\r\n* cleaned up a little of the code according to checkstyletest standards. Some standards have to be changed according to our needs.\r\n\r\n* code adheres to checkstyle guidelines. added assertions.\r\n\r\n* cleaned code. Passes checkstyle test.\r\n\r\n* bug fix to postpone command test.\r\n\r\n* added aliases for the commands.\r\n",
            "insertions": 23,
            "deletions": 2
          }
        ]
      },
      {
        "insertions": 261,
        "deletions": 0,
        "date": "2019-10-14",
        "commitResults": [
          {
            "hash": "d81c96c04e816890d0bcd4ea32785eef2e711c44",
            "messageTitle": "Command Parser  (#76)",
            "messageBody": "* further attempt to fix code from different branches.\r\n\r\n* cherry picked from B-Reminders.\r\n\r\n* continued cherry picking.\r\n\r\n* merging different code.\r\n\r\n* merged stuff.\r\n\r\n* removed getDate, as it is similar to getDateTime. getDateTime remains.\r\n\r\n* added delete-one and delete-all commands.\r\n\r\n* added delete-one and delete-all commands.\r\n\r\n* fixed bugs.\r\n\r\n* refactored delete-one to delete as per discussion.\r\n\r\n* added javafx functionality.\r\n\r\n* added junit test for AddCommand.\r\n\r\n* added junit test for delete-all command.\r\n\r\n* added j-unit test for delete(one) command.\r\n\r\n* add tests for list command.\r\n\r\n* fixed small bug in viewseatscommand, added viewseatscommandtest.\r\n\r\n* pulled new changes from organization repo. added junit test for listshowcommand.\r\n\r\n* dded postpone command junit test.\r\n\r\n* added sellseatcommandtest. unable to pass test where invalid seat number is given.\r\n\r\n* added travis.yml\r\n\r\n* renamed travis.yml to .travis.yml\r\n\r\n* cleaned up a little of the code according to checkstyletest standards. Some standards have to be changed according to our needs.\r\n\r\n* code adheres to checkstyle guidelines. added assertions.\r\n\r\n* cleaned code. Passes checkstyle test.\r\n\r\n* bug fix to postpone command test.\r\n\r\n* added aliases for the commands.\r\n\r\n* version 2 of CommandParser. aliasing done differently. missing tests.\r\n\r\n* this commit passes checkstyletest.\r\n",
            "insertions": 261,
            "deletions": 0
          }
        ]
      },
      {
        "insertions": 425,
        "deletions": 386,
        "date": "2019-10-23",
        "commitResults": [
          {
            "hash": "4d879906bb4e662ffb056692edbb2c50f5e86789",
            "messageTitle": "Alias handling bug fixes. (#91)",
            "messageBody": "* further attempt to fix code from different branches.\r\n\r\n* cherry picked from B-Reminders.\r\n\r\n* continued cherry picking.\r\n\r\n* merging different code.\r\n\r\n* merged stuff.\r\n\r\n* removed getDate, as it is similar to getDateTime. getDateTime remains.\r\n\r\n* added delete-one and delete-all commands.\r\n\r\n* added delete-one and delete-all commands.\r\n\r\n* fixed bugs.\r\n\r\n* refactored delete-one to delete as per discussion.\r\n\r\n* added javafx functionality.\r\n\r\n* added junit test for AddCommand.\r\n\r\n* added junit test for delete-all command.\r\n\r\n* added j-unit test for delete(one) command.\r\n\r\n* add tests for list command.\r\n\r\n* fixed small bug in viewseatscommand, added viewseatscommandtest.\r\n\r\n* pulled new changes from organization repo. added junit test for listshowcommand.\r\n\r\n* dded postpone command junit test.\r\n\r\n* added sellseatcommandtest. unable to pass test where invalid seat number is given.\r\n\r\n* added travis.yml\r\n\r\n* renamed travis.yml to .travis.yml\r\n\r\n* cleaned up a little of the code according to checkstyletest standards. Some standards have to be changed according to our needs.\r\n\r\n* code adheres to checkstyle guidelines. added assertions.\r\n\r\n* cleaned code. Passes checkstyle test.\r\n\r\n* bug fix to postpone command test.\r\n\r\n* added aliases for the commands.\r\n\r\n* version 2 of CommandParser. aliasing done differently. missing tests.\r\n\r\n* this commit passes checkstyletest.\r\n\r\n* added list-alias\r\n\r\n* made changes to parser.\r\n\r\n* incomplete changes to the parser class.\r\n\r\n* fixed bugs in alias handling. Problem was that there was no need to escape pipe.\\\\| vs |\r\n\r\n* this commit passes checkstyletest.\r\n",
            "insertions": 425,
            "deletions": 386
          }
        ]
      },
      {
        "insertions": 221,
        "deletions": 167,
        "date": "2019-10-25",
        "commitResults": [
          {
            "hash": "212a73c545739b1084c02088f7d1928b1d6a4995",
            "messageTitle": "refactored the commands for better exception handling.",
            "messageBody": "",
            "insertions": 221,
            "deletions": 167
          }
        ]
      }
    ],
    "CheeSengg": [
      {
        "insertions": 490,
        "deletions": 24,
        "date": "2019-09-24",
        "commitResults": [
          {
            "hash": "a76ae40511a503690501db492dee0855ddc1f215",
            "messageTitle": "Morph into Opera",
            "messageBody": "",
            "insertions": 295,
            "deletions": 16
          },
          {
            "hash": "ba59ce6b5b40d9d8063025c15f1baeb313bd4c13",
            "messageTitle": "Added: Storage Class and ListCommand Class",
            "messageBody": "",
            "insertions": 195,
            "deletions": 8
          }
        ]
      },
      {
        "insertions": 134,
        "deletions": 7,
        "date": "2019-09-25",
        "commitResults": [
          {
            "hash": "376c913c2301dee7b732f8528108d630d02a612a",
            "messageTitle": "Added: PostponeCommand, to postpone event date",
            "messageBody": "",
            "insertions": 134,
            "deletions": 7
          }
        ]
      },
      {
        "insertions": 770,
        "deletions": 468,
        "date": "2019-09-27",
        "commitResults": [
          {
            "hash": "215a9536e61886b1348355fe3b8fe675e31592c8",
            "messageTitle": "Opera morph (#14)",
            "messageBody": "* Added: PostponeCommand, to postpone event date\r\n\r\n* Added delete commands (#12)\r\n\r\n* further attempt to fix code from different branches.\r\n\r\n* cherry picked from B-Reminders.\r\n\r\n* continued cherry picking.\r\n\r\n* merging different code.\r\n\r\n* merged stuff.\r\n\r\n* removed getDate, as it is similar to getDateTime. getDateTime remains.\r\n\r\n* Morph into Opera\r\n\r\n* Added: Storage Class and ListCommand Class\r\n\r\n* Added: PostponeCommand, to postpone event date\r\n\r\n* added delete-one and delete-all commands.\r\n\r\n* added delete-one and delete-all commands.\r\n\r\n* Create Images file\r\n\r\n* Added ListShowCommand\r\n",
            "insertions": 146,
            "deletions": 30
          },
          {
            "hash": "1b1ae6f3529d6138dcbdfd7c1f34d741d8cf4d47",
            "messageTitle": "Refactored Code into ShowMap\u003cLocalDate, Theatre\u003e",
            "messageBody": "",
            "insertions": 148,
            "deletions": 201
          },
          {
            "hash": "636e4e9cc9e4d0b2176d6b302aaba4563730bc6a",
            "messageTitle": "Refactored Code into ShowMap\u003cLocalDate, Theatre\u003e",
            "messageBody": "",
            "insertions": 148,
            "deletions": 201
          },
          {
            "hash": "9190fa8c80859aa2f719d91632c50d9e0270491b",
            "messageTitle": "Added ViewSeatsCommand",
            "messageBody": "",
            "insertions": 108,
            "deletions": 6
          },
          {
            "hash": "2292d1e31694c71637a1fc57f25bf983571e0476",
            "messageTitle": "Added SellSeatsCommand",
            "messageBody": "",
            "insertions": 220,
            "deletions": 30
          }
        ]
      },
      {
        "insertions": 2,
        "deletions": 2,
        "date": "2019-09-28",
        "commitResults": [
          {
            "hash": "0817f38dd644dd0fe59aad72d29f17d8a0616102",
            "messageTitle": "Updated AboutUs",
            "messageBody": "",
            "insertions": 2,
            "deletions": 2
          }
        ]
      },
      {
        "insertions": 208,
        "deletions": 84,
        "date": "2019-10-01",
        "commitResults": [
          {
            "hash": "792b1f3269e869322fd60a81405ac88b50ffa966",
            "messageTitle": "Opera morph (#19)",
            "messageBody": "* Updated SellSeatsCommand\r\n\r\n* Updated Storage to store Seats sold\r\n",
            "insertions": 208,
            "deletions": 84
          }
        ]
      },
      {
        "insertions": 158,
        "deletions": 2060,
        "date": "2019-10-02",
        "commitResults": [
          {
            "hash": "3243a1c3a41322238f4e9412b734ae7434169009",
            "messageTitle": "Added: HelpCommand Class",
            "messageBody": "",
            "insertions": 34,
            "deletions": 1
          },
          {
            "hash": "5d6c217cf693e1b8ac756dbc204295dc0ed17c2f",
            "messageTitle": "Refactored UI reponse",
            "messageBody": "",
            "insertions": 39,
            "deletions": 25
          },
          {
            "hash": "27d840e82dda7036d21de8acbf3cea2c49e7a672",
            "messageTitle": "Added OptixDateFormatter, refactored all dateFormatting methods in Command",
            "messageBody": "",
            "insertions": 85,
            "deletions": 2034
          }
        ]
      },
      {
        "insertions": 157,
        "deletions": 36,
        "date": "2019-10-03",
        "commitResults": [
          {
            "hash": "744027cfac1b5bf6fea0e07b678565d5ec34926d",
            "messageTitle": "Updated: HelpCommand, BugFix: AddCommand, PostponeCommand, DeleteOneCommand (#23)",
            "messageBody": "* Added: HelpCommand Class\r\n\r\n* Refactored UI reponse\r\n\r\n* Added OptixDateFormatter, refactored all dateFormatting methods in Command\r\n\r\n* Added: Exception Handling Classes\r\n\r\n* Updated: HelpCommand, BugFix: DeleteOneCommand, PostponeCommand and AddCommand\r\n",
            "insertions": 157,
            "deletions": 36
          }
        ]
      },
      {
        "insertions": 329,
        "deletions": 144,
        "date": "2019-10-05",
        "commitResults": [
          {
            "hash": "1f05d873c008d1ee9782404b67530eca61508bfe",
            "messageTitle": "Remove performances in the past",
            "messageBody": "",
            "insertions": 4,
            "deletions": 0
          },
          {
            "hash": "c5b16e79e106c1fe37e70e32ccf0d8f574f25d60",
            "messageTitle": "Refactored Commands into packages",
            "messageBody": "",
            "insertions": 31,
            "deletions": 25
          },
          {
            "hash": "b4f46088e5a604ca1a85903e09111c0f001f6ce5",
            "messageTitle": "Updated JavaDoc",
            "messageBody": "",
            "insertions": 146,
            "deletions": 55
          },
          {
            "hash": "0a96a028fcd54eb3c33ff39fb32cd150e157eb85",
            "messageTitle": "Bug Fix for Invalid date input.",
            "messageBody": "",
            "insertions": 148,
            "deletions": 64
          }
        ]
      },
      {
        "insertions": 149,
        "deletions": 136,
        "date": "2019-10-07",
        "commitResults": [
          {
            "hash": "c0f04494776a32749fbbb9c0205db7950e8aee2e",
            "messageTitle": "Added: EditCommand to update show name",
            "messageBody": "",
            "insertions": 71,
            "deletions": 108
          },
          {
            "hash": "d38beb5917ae3dcbcf1407da20872aca5e0c32bd",
            "messageTitle": "Junit Test for EditCommand",
            "messageBody": "",
            "insertions": 78,
            "deletions": 28
          }
        ]
      },
      {
        "insertions": 520,
        "deletions": 430,
        "date": "2019-10-08",
        "commitResults": [
          {
            "hash": "958a8f2ae637bd2a3e7164bcda02e582d52d63de",
            "messageTitle": "Added Archive for past performances. (#68)",
            "messageBody": "* Remove OptixResponse\r\n\r\n* Refactored Files, Changed ShowMap to Model, Added Archive for past performances\r\n",
            "insertions": 520,
            "deletions": 430
          }
        ]
      },
      {
        "insertions": 1,
        "deletions": 1,
        "date": "2019-10-11",
        "commitResults": [
          {
            "hash": "33a63d3cd00d34298d1c59af72933fa3234df469",
            "messageTitle": "updated photo, storage and .gitignore",
            "messageBody": "",
            "insertions": 1,
            "deletions": 1
          }
        ]
      },
      {
        "insertions": 285,
        "deletions": 50,
        "date": "2019-10-13",
        "commitResults": [
          {
            "hash": "e31144625f4eda9a6c75375bcac4978ad7f2587b",
            "messageTitle": "Added ListDateCommand",
            "messageBody": "",
            "insertions": 173,
            "deletions": 3
          },
          {
            "hash": "505020fddba12d3fa4a4c4b59cb5976a09fb729c",
            "messageTitle": "Added: ListDateCommandTest",
            "messageBody": "",
            "insertions": 48,
            "deletions": 0
          },
          {
            "hash": "3c41c31961da60d8cac6b736c2e1cabcda4f9f88",
            "messageTitle": "Refactored Commands",
            "messageBody": "",
            "insertions": 20,
            "deletions": 12
          },
          {
            "hash": "7ea4883501b35181f70bb2816a5f27cb3631c7bf",
            "messageTitle": "Handled Checkstyle and Build report",
            "messageBody": "",
            "insertions": 44,
            "deletions": 35
          }
        ]
      },
      {
        "insertions": 75,
        "deletions": 115,
        "date": "2019-10-16",
        "commitResults": [
          {
            "hash": "e7885fbb1f50bd7921272563755b37dc1843d046",
            "messageTitle": "Refactor model (#78)",
            "messageBody": "* removed buyerName for Seat Class\r\n\r\n* removed cost in Theatre Class\r\n\r\n* Refactored Theatre Class\r\n",
            "insertions": 75,
            "deletions": 115
          }
        ]
      },
      {
        "insertions": 636,
        "deletions": 672,
        "date": "2019-10-20",
        "commitResults": [
          {
            "hash": "18410f99a471dd464f34c30c6de9cad106f726c2",
            "messageTitle": "Refactored AddCommand",
            "messageBody": "",
            "insertions": 22,
            "deletions": 10
          },
          {
            "hash": "2e43bcb92f2d0c7728c482c5da4cac46fb366848",
            "messageTitle": "Refactored EditCommand",
            "messageBody": "",
            "insertions": 30,
            "deletions": 20
          },
          {
            "hash": "956fc0dd89cf152c933c89dfcb8a8a280e4c46c8",
            "messageTitle": "Refactored ListCommand",
            "messageBody": "",
            "insertions": 43,
            "deletions": 14
          },
          {
            "hash": "dc524517f1de80131abc240bcf250406d5caaa50",
            "messageTitle": "Refactored PostponeCommand",
            "messageBody": "",
            "insertions": 14,
            "deletions": 10
          },
          {
            "hash": "2a0a49e93952fc21fc2fb8d9f973fbeb029f054e",
            "messageTitle": "Refactored ListShowCommand",
            "messageBody": "",
            "insertions": 34,
            "deletions": 24
          },
          {
            "hash": "3fc22ec1e193f8613b8427d0c6f295cb8ce7091c",
            "messageTitle": "Refactored ListDateCommand and minor bug fix",
            "messageBody": "",
            "insertions": 43,
            "deletions": 29
          },
          {
            "hash": "be44d6fa9c10ed87df6aee04ca513e3ad3431978",
            "messageTitle": "Refactored DeleteOneCommand",
            "messageBody": "",
            "insertions": 14,
            "deletions": 22
          },
          {
            "hash": "d0b9bc79d615eab3c9f0cb0977f34f15c7c77352",
            "messageTitle": "Refactored DeleteAllCommand",
            "messageBody": "",
            "insertions": 57,
            "deletions": 49
          },
          {
            "hash": "9a529ecf684a03495a7adde59275f404e431301a",
            "messageTitle": "Refactored SellSeatCommand",
            "messageBody": "",
            "insertions": 26,
            "deletions": 84
          },
          {
            "hash": "06b85d3a8e48417ba2a4153a474b8b5198c1232d",
            "messageTitle": "Refactored ViewSeatsCommand",
            "messageBody": "",
            "insertions": 17,
            "deletions": 13
          },
          {
            "hash": "e1fdb61bd907fe9289f926449d0e2e06fb205d73",
            "messageTitle": "Removed ShowHistoryMap",
            "messageBody": "",
            "insertions": 46,
            "deletions": 84
          },
          {
            "hash": "c5da4d6473c5ae6616d21d6ddbba6f199bf5ba0d",
            "messageTitle": "Updated HelpCommand",
            "messageBody": "",
            "insertions": 28,
            "deletions": 5
          },
          {
            "hash": "3ca4777ea6fca47a4ad6c76d2cfadb7a36c1ea5d",
            "messageTitle": "Bug Fix for Storage",
            "messageBody": "",
            "insertions": 4,
            "deletions": 3
          },
          {
            "hash": "78a2c1320ee9b915dcee08023e3d5b831a60dbff",
            "messageTitle": "Enhanced DeleteCommand to allow bulk deletion",
            "messageBody": "",
            "insertions": 89,
            "deletions": 211
          },
          {
            "hash": "970823b8dd0789853d159569fcfe36bf98c41446",
            "messageTitle": "Enhanced AddCommand for bulk addition",
            "messageBody": "",
            "insertions": 104,
            "deletions": 34
          },
          {
            "hash": "e1f65c7fab676105fbc9c11ed17412ea67ed2ea0",
            "messageTitle": "Updated HelpCommand",
            "messageBody": "",
            "insertions": 65,
            "deletions": 60
          }
        ]
      },
      {
        "insertions": 761,
        "deletions": 124,
        "date": "2019-10-21",
        "commitResults": [
          {
            "hash": "36652bd03aa99b1dd6d1375045d8b71337678d67",
            "messageTitle": "Added MainWindow and Dialog Box logic",
            "messageBody": "",
            "insertions": 232,
            "deletions": 18
          },
          {
            "hash": "12ecbd4ca407aa56f5d2c95359ab24eeda9109d6",
            "messageTitle": "ChatBox displays CLI message",
            "messageBody": "",
            "insertions": 32,
            "deletions": 16
          },
          {
            "hash": "ce96f0dc025152f6b33572e165de4cecc1181395",
            "messageTitle": "Display closes on command",
            "messageBody": "",
            "insertions": 81,
            "deletions": 76
          },
          {
            "hash": "a7bccf343dce5da334634a077907d3e10a52e3c7",
            "messageTitle": "Listing of Shows",
            "messageBody": "",
            "insertions": 122,
            "deletions": 2
          },
          {
            "hash": "14f0b4b0638551dd824e122ceb12357dd70de6c6",
            "messageTitle": "CheckStyle",
            "messageBody": "",
            "insertions": 17,
            "deletions": 2
          },
          {
            "hash": "e034ccddd83987c63cd845dd0db218f95e93e0fc",
            "messageTitle": "GUI SeatDisplay",
            "messageBody": "",
            "insertions": 277,
            "deletions": 10
          }
        ]
      },
      {
        "insertions": 28,
        "deletions": 4,
        "date": "2019-10-22",
        "commitResults": [
          {
            "hash": "dee89df25df73d9e95d6ed623efd3cad5c85200f",
            "messageTitle": "Shows Button and Archive Button",
            "messageBody": "",
            "insertions": 28,
            "deletions": 4
          }
        ]
      },
      {
        "insertions": 30,
        "deletions": 14,
        "date": "2019-10-24",
        "commitResults": [
          {
            "hash": "f986279955a1bd19a020702eea2947e7f66be702",
            "messageTitle": "Bug Fix for merge",
            "messageBody": "",
            "insertions": 30,
            "deletions": 14
          }
        ]
      },
      {
        "insertions": 286,
        "deletions": 336,
        "date": "2019-10-26",
        "commitResults": [
          {
            "hash": "8c2dfa5fb38cd7f075da1972c78d6f2a66e33708",
            "messageTitle": "CheckStyle and Coding Standards",
            "messageBody": "",
            "insertions": 286,
            "deletions": 336
          }
        ]
      }
    ],
    "TianchangLiao": [],
    "NicholasLiu97": [
      {
        "insertions": 0,
        "deletions": 73,
        "date": "2019-10-03",
        "commitResults": [
          {
            "hash": "801cbb3951ef915f151f4ebbf49b81f1c780f99c",
            "messageTitle": "deleted unnecessary files",
            "messageBody": "",
            "insertions": 0,
            "deletions": 73
          }
        ]
      },
      {
        "insertions": 331,
        "deletions": 2,
        "date": "2019-10-16",
        "commitResults": [
          {
            "hash": "9275734a11ceeef4cafb277175ebf3a21503a890",
            "messageTitle": "Added ViewProfitCommand (#77)",
            "messageBody": "* added ViewProfitCommand to view the proft of any show\r\n\r\n* Added view profit command\r\n\r\nFormat: view-profit lion-king|5/5/2020\r\n\r\n* fixed bug with incorrect parameters for ViewProfitCommand\r\n",
            "insertions": 114,
            "deletions": 0
          },
          {
            "hash": "d81625aaaabcfa8cb06c3d376ad5322bcd3d96fb",
            "messageTitle": "Added support to view monthly profit (#79)",
            "messageBody": "* added ViewProfitCommand to view the proft of any show\r\n\r\n* Added view profit command\r\n\r\nFormat: view-profit lion-king|5/5/2020\r\n\r\n* fixed bug with incorrect parameters for ViewProfitCommand\r\n\r\n* Added ViewMonthlyCommand.java\r\n- Able to check monthly profit from past shows\r\n\r\n* added ViewMonthlyCommand.java\r\nFormat: view-monthly may 2020\r\n\r\n* Update build.gradle\r\n",
            "insertions": 217,
            "deletions": 2
          }
        ]
      },
      {
        "insertions": 359,
        "deletions": 15,
        "date": "2019-10-23",
        "commitResults": [
          {
            "hash": "ee10b64cfd3903ac0b522d5230a3fbd89e8a4e45",
            "messageTitle": "Added reassign command (#92)",
            "messageBody": "* Refactored AddCommand\r\n\r\n* Refactored EditCommand\r\n\r\n* Refactored ListCommand\r\n\r\n* Refactored PostponeCommand\r\n\r\n* Refactored ListShowCommand\r\n\r\n* Refactored ListDateCommand and minor bug fix\r\n\r\n* Refactored DeleteOneCommand\r\n\r\n* Refactored DeleteAllCommand\r\n\r\n* Refactored SellSeatCommand\r\n\r\n* Refactored ViewSeatsCommand\r\n\r\n* Removed ShowHistoryMap\r\n\r\n* Updated HelpCommand\r\n\r\n* Bug Fix for Storage\r\n\r\n* Enhanced DeleteCommand to allow bulk deletion\r\n\r\n* Enhanced AddCommand for bulk addition\r\n\r\n* Updated HelpCommand\r\n\r\n* added JUnit test for ViewMonthlyCommand\r\n\r\n* Added Junit test for ViewProfitCommand\r\n\r\n* Minor debugging\r\n- ViewMonthlyCommand\r\n- changed tier number for seats\r\n\r\n* added reassign seats branch\r\n-buggy\r\n\r\n* Fixed bug for reassign method\r\n",
            "insertions": 359,
            "deletions": 15
          }
        ]
      }
    ]
  },
  "authorFinalContributionMap": {
    "OungKennedy": 901,
    "CheeSengg": 2890,
    "TianchangLiao": 0,
    "NicholasLiu97": 494
  },
  "authorFileTypeContributionMap": {
    "OungKennedy": {
      "tests": 235,
      "functional": 635,
      "other": 31
    },
    "CheeSengg": {
      "tests": 343,
      "functional": 2545,
      "other": 2
    },
    "TianchangLiao": {
      "tests": 0,
      "functional": 0
    },
    "NicholasLiu97": {
      "tests": 102,
      "functional": 390,
      "other": 2
    }
  },
  "authorContributionVariance": {
    "OungKennedy": 71496.35,
    "CheeSengg": 235301.36,
    "TianchangLiao": 0.0,
    "NicholasLiu97": 6644.278
  },
  "authorDisplayNameMap": {
    "OungKennedy": "CS2113T-T12-1 OUN  . . EDY",
    "CheeSengg": "CS2113T-T12-1 LIM  . . IAN",
    "TianchangLiao": "CS2113T-T12-1 LIA  . . ANG",
    "NicholasLiu97": "CS2113T-T12-1 LIU  . . LAS"
  }
}
