{
  "authorDailyContributionsMap": {
    "Raghav-B": [
      {
        "insertions": 125,
        "deletions": 244,
        "date": "2019-10-02",
        "commitResults": [
          {
            "hash": "f5f64b7cd5fe6fe61f51eb2c6a510af8c8ba2a06",
            "messageTitle": "Extract findfreetimes() to corresponding command class",
            "messageBody": "",
            "insertions": 112,
            "deletions": 111
          },
          {
            "hash": "fa41c56916d0406ad71684eaea301d302383dfa4",
            "messageTitle": "Remove FindFreeTimes Feature",
            "messageBody": "Feature was irrelevant to future development plans for Eggventory. Removed.",
            "insertions": 1,
            "deletions": 120
          },
          {
            "hash": "b2fa0e6ab5fb4ea57466e5da7a66cfb465c9f6c9",
            "messageTitle": "Fix switch-case indentation",
            "messageBody": "Was failing checkstyle previously",
            "insertions": 11,
            "deletions": 11
          },
          {
            "hash": "d40b30f77234eb60c01cd2725880131d531fe90e",
            "messageTitle": "Remove FindFreeTime JUnit test",
            "messageBody": "Was causing travis to fail",
            "insertions": 1,
            "deletions": 2
          }
        ]
      },
      {
        "insertions": 3043,
        "deletions": 1505,
        "date": "2019-10-25",
        "commitResults": [
          {
            "hash": "103fc4f893f90ee31433c6e9c5cda419db463557",
            "messageTitle": "Attempt rebase",
            "messageBody": "",
            "insertions": 3032,
            "deletions": 1504
          },
          {
            "hash": "da0777026bd546dae8ca6a280f58b8fee8b94db2",
            "messageTitle": "Fix PersonList contructor",
            "messageBody": "",
            "insertions": 1,
            "deletions": 1
          },
          {
            "hash": "8c743f0e12316e5ed8f1168a413ed7c0767202d8",
            "messageTitle": "Fix checkstyle",
            "messageBody": "",
            "insertions": 10,
            "deletions": 0
          }
        ]
      },
      {
        "insertions": 555,
        "deletions": 37,
        "date": "2019-10-28",
        "commitResults": [
          {
            "hash": "9c914db9c73e391b1bb3f9e8b699ac7c9c827ee3",
            "messageTitle": "Add predictive search to user input (#258)",
            "messageBody": "* Add prediction text box template\r\n\r\n* Test handling of new events\r\n\r\n* Verify handling of text input and deletion\r\n\r\n* Implement textflow IO properly\r\n\r\n* Work on predictive search\r\n\r\n* Fix typo in Help.txt\r\n\r\n* Update Help.txt with add person\r\n\r\n* Add CommandDictionary class\r\n\r\n* Test predictive search prototype\r\n\r\nNeed to change PredictionTestBox to suit predictive search better.\r\n\r\n* Add Command prediction partial implementation\r\n\r\n* Fix Command deletion\r\n\r\n* Finish implementing prototype predictive search\r\n\r\n* Fix bugs with predictive search\r\n\r\n* Add caret for textinput\r\n\r\n* Add documentation for predictive search\r\n\r\n* Remove what seems to be unnecessary code\r\n\r\nWill revert this commit if bugs have been found with predictive search.\r\n\r\n* Fix checkstyle\r\n\r\n* Fix empty input autocompletion.\r\n\r\n* Restore what seemed to be unnecessary code\r\n\r\nIt wasn\u0027t\r\n",
            "insertions": 555,
            "deletions": 37
          }
        ]
      },
      {
        "insertions": 560,
        "deletions": 216,
        "date": "2019-10-29",
        "commitResults": [
          {
            "hash": "651db9b1f285eb4d1304c487b1acbcdad7c1f564",
            "messageTitle": "Add GUI table functionality, refactor ListCommand \u0026 ParseList (#260)",
            "messageBody": "* Change loop String concatenations to StringBuilder\r\n\r\n* Create GUI table generation prototype\r\n\r\n* Add splitpane for adjustable GUI panes\r\n\r\n* Create TableStruct class\r\n\r\nHelps in drawing the GUI table.\r\n\r\n* Change format only of listing stocktypes command\r\n\r\n* Create ListParser\r\n\r\n* Split ListCommand and implement ParseList\r\n\r\n* Add table autonumbering\r\n\r\n* Add reserved keywords check method in Parser\r\n\r\n* Update GUI table in add, delete \u0026 edit stock/stocktype methods\r\n\r\n* Move Help files to resources folder\r\n",
            "insertions": 475,
            "deletions": 156
          },
          {
            "hash": "93c430dcabdace36644dabc102d26b7bce274a52",
            "messageTitle": "Improve input validation (#261)",
            "messageBody": "* Add command length check for input validation\r\n\r\n* Remove redundant input validation checks\r\n\r\n* Rename command length check method\r\n",
            "insertions": 85,
            "deletions": 60
          }
        ]
      },
      {
        "insertions": 49,
        "deletions": 40,
        "date": "2019-10-31",
        "commitResults": [
          {
            "hash": "dac0b39daa22a5407e9601c297dd2676529bff87",
            "messageTitle": "Input fix for cross-platform use cases (#277)",
            "messageBody": "* Fix cross-platform input issues\r\n\r\nHopefully.\r\n\r\n* Fix checkstyle\r\n\r\n:(\r\n",
            "insertions": 49,
            "deletions": 40
          }
        ]
      },
      {
        "insertions": 75,
        "deletions": 61,
        "date": "2019-11-01",
        "commitResults": [
          {
            "hash": "066cf276e1cd8ac5ff9e3e8b69cbf6f85240bca2",
            "messageTitle": "Add static CommandDictionary method to get standardized command usage messages (#283)",
            "messageBody": "* Update UI.png\r\n\r\n* Fix image shading\r\n\r\n* Fix image transparency\r\n\r\n* Remove image temporarily\r\n\r\n* Add image again\r\n\r\n* Standardize argument formatting in CommandDictionary\r\n\r\n* Add CommandDictionary functionality to get standard usages of commands\r\n\r\n* Add CommandDictionary calls in Parser\r\n\r\n* Replace subparser explicit usage errors with CommandDictionary calls\r\n",
            "insertions": 75,
            "deletions": 61
          }
        ]
      }
    ],
    "Deculsion": [
      {
        "insertions": 126,
        "deletions": 94,
        "date": "2019-09-24",
        "commitResults": [
          {
            "hash": "25e455fea31cd51e3bcdac3fcda028be8b159c47",
            "messageTitle": "Changed TaskType and Command enums into a package.",
            "messageBody": "Added universal AddItem() method to TaskList. Not fully implemented.\n\nRemoved String time attributes in Deadline and Event.\n\nRemoved doAfter for all Task attributes.\n",
            "insertions": 108,
            "deletions": 81
          },
          {
            "hash": "38d3e78afb34c008028046b8c64dfa0fa16512a2",
            "messageTitle": "Changed to use new enums from enums package",
            "messageBody": "",
            "insertions": 18,
            "deletions": 13
          }
        ]
      },
      {
        "insertions": 222,
        "deletions": 143,
        "date": "2019-09-25",
        "commitResults": [
          {
            "hash": "11959890ed3c3772797b04dd52013faaa0fd66b4",
            "messageTitle": "Changed to use new enums package.",
            "messageBody": "",
            "insertions": 2,
            "deletions": 1
          },
          {
            "hash": "ea21744815e7db698c57d7ec8e40b1403953e350",
            "messageTitle": "Changed to use new enums package and task constructors.",
            "messageBody": "",
            "insertions": 32,
            "deletions": 6
          },
          {
            "hash": "00292ebf3e5b9c353313cf653114db3f70f460b1",
            "messageTitle": "Changed to now add according to new constructor methods for Task",
            "messageBody": "",
            "insertions": 16,
            "deletions": 2
          },
          {
            "hash": "379fe94f8178730b37a250f7a9dc64ffd19609b0",
            "messageTitle": "Added comment for clarity",
            "messageBody": "",
            "insertions": 1,
            "deletions": 0
          },
          {
            "hash": "dbe1c847a8d0c655abda61f9bfce586448bbeb76",
            "messageTitle": "Changed to work with new task constructors.",
            "messageBody": "",
            "insertions": 27,
            "deletions": 6
          },
          {
            "hash": "378e52bc686edf0701661bb37cc58a17a17ce703",
            "messageTitle": "Removed doAfter functionality",
            "messageBody": "",
            "insertions": 3,
            "deletions": 3
          },
          {
            "hash": "e99a959628bf16dc9e922b804eaeaa7ea78e9511",
            "messageTitle": "Changed to use new enums packages. Optimised load() to reuse AddCommand instead",
            "messageBody": "",
            "insertions": 17,
            "deletions": 6
          },
          {
            "hash": "7e4ba24efc14c7fa65c74f9a249a73a951dac9d2",
            "messageTitle": "Added overload for execute used in Storage.load()",
            "messageBody": "",
            "insertions": 18,
            "deletions": 11
          },
          {
            "hash": "1e99cfd4b3bacfa9e15f351af39687b8d903f560",
            "messageTitle": "Fixed a minor bug",
            "messageBody": "",
            "insertions": 2,
            "deletions": 0
          },
          {
            "hash": "b2342724546b23bd2c5a11f3e71ae6ea32d1f926",
            "messageTitle": "Removed doAfter functionality",
            "messageBody": "",
            "insertions": 1,
            "deletions": 12
          },
          {
            "hash": "4faa58c993a7f4af750ff73e3fbf946651fd31d9",
            "messageTitle": "toString() is now properly formatted for saving.",
            "messageBody": "",
            "insertions": 10,
            "deletions": 0
          },
          {
            "hash": "cce3bb30e797a627eea708bc490461e008d384e2",
            "messageTitle": "Added javadoc comments for addDeadLine() and addEvent()",
            "messageBody": "",
            "insertions": 14,
            "deletions": 0
          },
          {
            "hash": "43e722c99aecb4aaecc11ea76f5aa124deb0d823",
            "messageTitle": "Added javadoc comments.",
            "messageBody": "",
            "insertions": 17,
            "deletions": 1
          },
          {
            "hash": "4cf0b2ec940b4c426fe6a54c8ec32a07494f53ff",
            "messageTitle": "Added javadoc comments.",
            "messageBody": "",
            "insertions": 2,
            "deletions": 3
          },
          {
            "hash": "cba2cbb640e9372694418bc31b9695abacb230df",
            "messageTitle": "Edited to please checkstyle god.",
            "messageBody": "",
            "insertions": 60,
            "deletions": 92
          }
        ]
      },
      {
        "insertions": 49,
        "deletions": 0,
        "date": "2019-10-26",
        "commitResults": [
          {
            "hash": "429e1267e66cf9066fdfc857fd0033ef56da896c",
            "messageTitle": "Deculsion authortags2 (#252)",
            "messageBody": "* Added skeleton classes for Parse\r\n\r\n* Added toString() and modified some javadocs for it.\r\n\r\n* Authortags\r\n\r\n* Add StockListTest\r\n\r\n* Minor checkstyle\r\n",
            "insertions": 49,
            "deletions": 0
          }
        ]
      },
      {
        "insertions": 117,
        "deletions": 9,
        "date": "2019-10-30",
        "commitResults": [
          {
            "hash": "24a4765dd0302435e6a90544e4986fd70adc98c4",
            "messageTitle": "Add person command (#270)",
            "messageBody": "* Added skeleton classes for Parse\r\n\r\n* Added toString() and modified some javadocs for it.\r\n\r\n* Add command for add person\r\n\r\n* Change to static class\r\n\r\n* Add person add functinality\r\n\r\n* Add person function works properly now\r\n\r\n* Add add person testing\r\n\r\n* Add add person testing\r\n\r\n* Please checkstylegod\r\n\r\n* Please travis god\r\n",
            "insertions": 117,
            "deletions": 9
          }
        ]
      },
      {
        "insertions": 170,
        "deletions": 4,
        "date": "2019-10-31",
        "commitResults": [
          {
            "hash": "0e6bcc7745a1aa1e50c9c55be05d879da640866b",
            "messageTitle": "List person command (#271)",
            "messageBody": "* Added skeleton classes for Parse\r\n\r\n* Added toString() and modified some javadocs for it.\r\n\r\n* Add command for add person\r\n\r\n* Change to static class\r\n\r\n* Add person add functinality\r\n\r\n* Add person function works properly now\r\n\r\n* Add add person testing\r\n\r\n* Add add person testing\r\n\r\n* Please checkstylegod\r\n\r\n* Please travis god\r\n\r\n* Add list command skeleton\r\n\r\n* Add new prediction for list person\r\n\r\n* Add list functionality\r\n\r\n* Add list functionality\r\n\r\n* Checkstyle fixes\r\n\r\n* Fixed storage\r\n\r\n* New gradle build\r\n\r\n* travis\r\n\r\n* test fix\r\n\r\n* style\r\n",
            "insertions": 170,
            "deletions": 4
          }
        ]
      }
    ],
    "yanprosobo": [
      {
        "insertions": 1,
        "deletions": 1,
        "date": "2019-10-31",
        "commitResults": [
          {
            "hash": "411398aa421e3236e9bdfba32c3bb06b35d0f0b5",
            "messageTitle": "List stocktype multi args (#275)",
            "messageBody": "* Merge with master\r\n\r\n* Corrected comments for parser\r\n\r\n* Removed error when list stocktype has multiple arguments following\r\n\r\n* Parser to only accept one word \u003cstocktype\u003e\r\n",
            "insertions": 1,
            "deletions": 1
          }
        ]
      }
    ],
    "cyanoei": [
      {
        "insertions": 3,
        "deletions": 22,
        "date": "2019-09-25",
        "commitResults": [
          {
            "hash": "da05d28d416dbfe8cab4d4f566ed2ea39ce0ae17",
            "messageTitle": "single character bug fix - event now reflects the two dates accurately",
            "messageBody": "",
            "insertions": 1,
            "deletions": 1
          },
          {
            "hash": "20976e405abb96a12cc2284c3fc96f99fd3891b1",
            "messageTitle": "Removed references to listindex",
            "messageBody": "",
            "insertions": 0,
            "deletions": 14
          },
          {
            "hash": "9c30a8705acf76010f314484e65d951ac8e5f9b8",
            "messageTitle": "why wasnt this change made earlier?",
            "messageBody": "",
            "insertions": 1,
            "deletions": 1
          },
          {
            "hash": "7ea9a3d46ccd6302cc6a482de2c9fffe4cf0e32c",
            "messageTitle": "Restored fixed duration tasks",
            "messageBody": "",
            "insertions": 1,
            "deletions": 6
          }
        ]
      },
      {
        "insertions": 135,
        "deletions": 0,
        "date": "2019-09-30",
        "commitResults": [
          {
            "hash": "bd174b4e7c37ff568fb2b0af11419bad7e1361f9",
            "messageTitle": "Added Item class to begin morphing into eggventory",
            "messageBody": "",
            "insertions": 135,
            "deletions": 0
          }
        ]
      },
      {
        "insertions": 4,
        "deletions": 229,
        "date": "2019-10-03",
        "commitResults": [
          {
            "hash": "2c9bbdb9b066fa77a55e9d562c2593eb27a83978",
            "messageTitle": "Removed viewschedule feature",
            "messageBody": "",
            "insertions": 1,
            "deletions": 73
          },
          {
            "hash": "f1367aa24b8bffcb79830fe34410e4a079ed7626",
            "messageTitle": "Removed recur feature",
            "messageBody": "",
            "insertions": 0,
            "deletions": 139
          },
          {
            "hash": "29d006bde0a4434cf06dbd2eda7fd04a72b48341",
            "messageTitle": "Removed snooze feature",
            "messageBody": "",
            "insertions": 3,
            "deletions": 17
          }
        ]
      },
      {
        "insertions": 499,
        "deletions": 8,
        "date": "2019-10-27",
        "commitResults": [
          {
            "hash": "48e33e2c03d233c9cca9b68e486c05a085861865",
            "messageTitle": "Add basic loan system (#254)",
            "messageBody": "* Add basic framework for loan system - Loan and LoanList classes\r\nCreate LoanPair class to support storing loans in a map\r\nMove Person class to the loan package\r\n\r\n* Add @@author tags\r\n\r\n* Write Loan framework including print methods\r\n\r\n* Thank travis for nitpicking\r\n\r\n* Mostly correct behaviour of add and delete loans\r\nSome exception handling to work out on the delete side\r\n\r\n* Add author tags\r\n\r\n* Complete basic loan functionality with add and delete and some input validation\r\n\r\n* Edit for checkstype\r\n",
            "insertions": 495,
            "deletions": 6
          },
          {
            "hash": "54e32e86756352e836f29b696f5d4a3434d2ec5d",
            "messageTitle": "Loan fix (#257)",
            "messageBody": "* Add basic framework for loan system - Loan and LoanList classes\r\nCreate LoanPair class to support storing loans in a map\r\nMove Person class to the loan package\r\n\r\n* Add @@author tags\r\n\r\n* Write Loan framework including print methods\r\n\r\n* Thank travis for nitpicking\r\n\r\n* Mostly correct behaviour of add and delete loans\r\nSome exception handling to work out on the delete side\r\n\r\n* Add author tags\r\n\r\n* Complete basic loan functionality with add and delete and some input validation\r\n\r\n* Edit for checkstype\r\n\r\n* Edit to fix minor changes identified in PR review\r\n",
            "insertions": 4,
            "deletions": 2
          }
        ]
      }
    ],
    "patwaririshab": [
      {
        "insertions": 144,
        "deletions": 102,
        "date": "2019-09-21",
        "commitResults": [
          {
            "hash": "d9ffdd685306f783176c65a3dc7eade5cc63de09",
            "messageTitle": "[CS2113T-F09-03]-patwaririshab-B-RecurringTasks (#98)",
            "messageBody": "* Add support for Gradle workflow\r\n\r\n* Add sample checkstyle configuration\r\n\r\nAdd toolVersion block in to Gradle code sample to prevent errors.\r\n\r\n* Change file mode on `gradle` to be executable\r\n\r\n* Add configuration for console applications\r\n\r\nGradle defaults to an empty stdin which results in runtime exceptions\r\nwhen attempting to read from `System.in`. Let\u0027s add some sensible\r\ndefaults for students who may still need to work with the standard\r\ninput stream.\r\n\r\n* - Added Gradle support\r\n- Changed filePath of persistent storage to be variable based on individual system\r\n\r\n* - Added ChecStyle, Shadow and JUnit support to build.gradle\r\n- Set up JUnit testing\r\n\r\n* - Recur command added\r\n\r\n* -Removed listIndex\r\n\r\n* -Fixed CheckStyle errors\r\n\r\n* -Removed test class\r\n",
            "insertions": 144,
            "deletions": 102
          }
        ]
      },
      {
        "insertions": 11,
        "deletions": 7,
        "date": "2019-09-23",
        "commitResults": [
          {
            "hash": "e1a138fa53396d739e93d4970107b709b44b26a3",
            "messageTitle": "Updated intro text to EggVentory from Duke (#99)",
            "messageBody": "* Add support for Gradle workflow\r\n\r\n* Add sample checkstyle configuration\r\n\r\nAdd toolVersion block in to Gradle code sample to prevent errors.\r\n\r\n* Change file mode on `gradle` to be executable\r\n\r\n* Add configuration for console applications\r\n\r\nGradle defaults to an empty stdin which results in runtime exceptions\r\nwhen attempting to read from `System.in`. Let\u0027s add some sensible\r\ndefaults for students who may still need to work with the standard\r\ninput stream.\r\n\r\n* - Added Gradle support\r\n- Changed filePath of persistent storage to be variable based on individual system\r\n\r\n* - Added ChecStyle, Shadow and JUnit support to build.gradle\r\n- Set up JUnit testing\r\n\r\n* - Recur command added\r\n\r\n* -Removed listIndex\r\n\r\n* -Fixed CheckStyle errors\r\n\r\n* -Removed test class\r\n\r\n* -Changed intro text from Duke to EggVentory\r\n\r\n* -Fixed checkstyle\r\n",
            "insertions": 11,
            "deletions": 7
          }
        ]
      },
      {
        "insertions": 116,
        "deletions": 45,
        "date": "2019-09-25",
        "commitResults": [
          {
            "hash": "e3d8dd01956e04919376077aa25959616d23d750",
            "messageTitle": "Added Positive JUnit Testing for AddCommand Command (#103)",
            "messageBody": "* Add support for Gradle workflow\r\n\r\n* Add sample checkstyle configuration\r\n\r\nAdd toolVersion block in to Gradle code sample to prevent errors.\r\n\r\n* Change file mode on `gradle` to be executable\r\n\r\n* Add configuration for console applications\r\n\r\nGradle defaults to an empty stdin which results in runtime exceptions\r\nwhen attempting to read from `System.in`. Let\u0027s add some sensible\r\ndefaults for students who may still need to work with the standard\r\ninput stream.\r\n\r\n* - Added Gradle support\r\n- Changed filePath of persistent storage to be variable based on individual system\r\n\r\n* - Added ChecStyle, Shadow and JUnit support to build.gradle\r\n- Set up JUnit testing\r\n\r\n* - Recur command added\r\n\r\n* -Removed listIndex\r\n\r\n* -Fixed CheckStyle errors\r\n\r\n* -Removed test class\r\n\r\n* -Changed intro text from Duke to EggVentory\r\n\r\n* -Fixed checkstyle\r\n\r\n* -Added JUNIT test for AddCommand\r\n\r\n* -Event toString() yet to be fixed\r\n\r\n* - Fixed CheckStyle error where EscapeLiteral was used\r\n\r\n* - Fixed CheckStyle conflicts again\r\n\r\n* - Temporarily disabled test for addDeadline as Travis wont let it pass\r\n\r\n* -Finally conflict resolved\r\n\r\n* -Updated JUnit test for AddCommand\r\n\r\n* - Trying to get tests to pass\r\n\r\n* -Replaced Date with Calendar\\n-Changed toString() formatting to be more readable\r\n",
            "insertions": 116,
            "deletions": 45
          }
        ]
      },
      {
        "insertions": 226,
        "deletions": 15,
        "date": "2019-09-26",
        "commitResults": [
          {
            "hash": "aeb7598fccc11bd7b393c68f61c0e1861bbf8e05",
            "messageTitle": "Added more JUnit test for Commands (#105)",
            "messageBody": "* Add support for Gradle workflow\r\n\r\n* Add sample checkstyle configuration\r\n\r\nAdd toolVersion block in to Gradle code sample to prevent errors.\r\n\r\n* Change file mode on `gradle` to be executable\r\n\r\n* Add configuration for console applications\r\n\r\nGradle defaults to an empty stdin which results in runtime exceptions\r\nwhen attempting to read from `System.in`. Let\u0027s add some sensible\r\ndefaults for students who may still need to work with the standard\r\ninput stream.\r\n\r\n* - Added Gradle support\r\n- Changed filePath of persistent storage to be variable based on individual system\r\n\r\n* - Added ChecStyle, Shadow and JUnit support to build.gradle\r\n- Set up JUnit testing\r\n\r\n* - Recur command added\r\n\r\n* -Removed listIndex\r\n\r\n* -Fixed CheckStyle errors\r\n\r\n* -Removed test class\r\n\r\n* -Changed intro text from Duke to EggVentory\r\n\r\n* -Fixed checkstyle\r\n\r\n* -Added JUNIT test for AddCommand\r\n\r\n* -Event toString() yet to be fixed\r\n\r\n* - Fixed CheckStyle error where EscapeLiteral was used\r\n\r\n* - Fixed CheckStyle conflicts again\r\n\r\n* - Temporarily disabled test for addDeadline as Travis wont let it pass\r\n\r\n* -Finally conflict resolved\r\n\r\n* -Updated JUnit test for AddCommand\r\n\r\n* - Trying to get tests to pass\r\n\r\n* -Replaced Date with Calendar\\n-Changed toString() formatting to be more readable\r\n\r\n* -Added JUnit test for FindCommand\r\n\r\n* - Added RecurCommandTest\r\n- Fixed bug with RecurCommand whereby the date was not updated\r\n\r\n* - Added Test for NumCommand\r\n- Added Test for Command\r\n\r\n* - Fixed all CheckStyle errors\r\n",
            "insertions": 226,
            "deletions": 15
          }
        ]
      },
      {
        "insertions": 341,
        "deletions": 289,
        "date": "2019-10-29",
        "commitResults": [
          {
            "hash": "d482eb8e4bb1560a3feeb7beb5d9a50c536d0a8d",
            "messageTitle": "Reorg packages (#267)",
            "messageBody": "* - Added edit command functionality, settters for StockList, StockType\r\n\r\n* - Corrected Checkstyle Errors\r\n\r\n* - Fixed Merge Conflicts with Yan Bo\u0027s commit\r\n\r\n* Updated filenames in HelpCommands to append according to operating system syntax\r\n\r\n* Rishab reposense added\r\n\r\n* Added Tests for HelpCommand\r\n\r\n* Commented Out Tests for Help Command, Need Refactor of HelpCommand.java\r\n\r\n* Updated HelpCommand test to test against a copy of the help text files in test folder\r\n\r\n* Updated test code for exceptions\r\n\r\n* Updated Test Naming Convention, Removed redundant comments in tests\r\n\r\n* Updaged package organisation at architecture level\r\n\r\n* Fixed error whereby setStock was private in Stock\r\n\r\n* fixed backspace on mac\r\n",
            "insertions": 341,
            "deletions": 289
          }
        ]
      },
      {
        "insertions": 416,
        "deletions": 239,
        "date": "2019-10-30",
        "commitResults": [
          {
            "hash": "33794d3728a379175de09f2506f0fd3b5b8df0fd",
            "messageTitle": "Store csv (#269)",
            "messageBody": "* Refactored test folder\r\n\r\n* Removed old test code\r\n\r\n* Stores CSV files instead of txt\r\n\r\n* Updated Storage.java imports\r\n\r\n* Fixed assertions in stocktest.java\r\n\r\n* updated persistent storage file names\r\n\r\n* - Changed persistent storage save from .txt to .csv\r\n- Updated error in CommandDictionary.java whereby predictive search for edit stock was displaying incorrectly\r\n- Updated parseedit to convert user inputs to lowercase, such that typing a mixutre of upper and lower case will not fail\r\n- Added Test Code for EditStockCommandTest\r\n- Created UiStub\r\n\r\n* - Fixed bug whereby stocktypes was not loaded upon rerun of app\r\n- Fixed bug whereby Uncategorised was being duplicated upon each rerun of app.\r\n\r\nfixes: #218\r\n\r\n* Fixed checkstyle errors\r\n\r\n* Fixed reposense tagging\r\n\r\n* Fixed checkstyle\r\n\r\n* Updated .gitignore to exclude our persistent storage files\r\n",
            "insertions": 416,
            "deletions": 239
          }
        ]
      },
      {
        "insertions": 371,
        "deletions": 53,
        "date": "2019-10-31",
        "commitResults": [
          {
            "hash": "a5fe4418edfa8da0e96a30e53a139ddb8c7d698c",
            "messageTitle": "Test commands - Please Help Me Merge (#251)",
            "messageBody": "* Refactored test folder\r\n\r\n* Removed old test code\r\n\r\n* Stores CSV files instead of txt\r\n\r\n* Updated Storage.java imports\r\n\r\n* Fixed assertions in stocktest.java\r\n\r\n* updated persistent storage file names\r\n\r\n* - Changed persistent storage save from .txt to .csv\r\n- Updated error in CommandDictionary.java whereby predictive search for edit stock was displaying incorrectly\r\n- Updated parseedit to convert user inputs to lowercase, such that typing a mixutre of upper and lower case will not fail\r\n- Added Test Code for EditStockCommandTest\r\n- Created UiStub\r\n\r\n* - Fixed bug whereby stocktypes was not loaded upon rerun of app\r\n- Fixed bug whereby Uncategorised was being duplicated upon each rerun of app.\r\n\r\nfixes: #218\r\n\r\n* Fixed checkstyle errors\r\n\r\n* Fixed reposense tagging\r\n\r\n* Fixed checkstyle\r\n\r\n* Updated .gitignore to exclude our persistent storage files\r\n\r\n* Store csv (#269)\r\n\r\n* Refactored test folder\r\n\r\n* Removed old test code\r\n\r\n* Stores CSV files instead of txt\r\n\r\n* Updated Storage.java imports\r\n\r\n* Fixed assertions in stocktest.java\r\n\r\n* updated persistent storage file names\r\n\r\n* - Changed persistent storage save from .txt to .csv\r\n- Updated error in CommandDictionary.java whereby predictive search for edit stock was displaying incorrectly\r\n- Updated parseedit to convert user inputs to lowercase, such that typing a mixutre of upper and lower case will not fail\r\n- Added Test Code for EditStockCommandTest\r\n- Created UiStub\r\n\r\n* - Fixed bug whereby stocktypes was not loaded upon rerun of app\r\n- Fixed bug whereby Uncategorised was being duplicated upon each rerun of app.\r\n\r\nfixes: #218\r\n\r\n* Fixed checkstyle errors\r\n\r\n* Fixed reposense tagging\r\n\r\n* Fixed checkstyle\r\n\r\n* Updated .gitignore to exclude our persistent storage files\r\n\r\n* Refactored Edit command to adhere to SLAP\r\n\r\n* - Added new DuplicateEntryException which extends from BadInputException\r\n- Added test code for EditStockTypeCommand\r\n\r\n* - Added test for ParseAdd\r\n\r\n* - Added tests for ParseEdit\r\n",
            "insertions": 362,
            "deletions": 50
          },
          {
            "hash": "ffb4599c4db0fe12bec819d4512f79a2e1e2b755",
            "messageTitle": "Fixed error with loading of stock from .csv (#278)",
            "messageBody": "* Refactored test folder\r\n\r\n* Removed old test code\r\n\r\n* Stores CSV files instead of txt\r\n\r\n* Updated Storage.java imports\r\n\r\n* Fixed assertions in stocktest.java\r\n\r\n* updated persistent storage file names\r\n\r\n* - Changed persistent storage save from .txt to .csv\r\n- Updated error in CommandDictionary.java whereby predictive search for edit stock was displaying incorrectly\r\n- Updated parseedit to convert user inputs to lowercase, such that typing a mixutre of upper and lower case will not fail\r\n- Added Test Code for EditStockCommandTest\r\n- Created UiStub\r\n\r\n* - Fixed bug whereby stocktypes was not loaded upon rerun of app\r\n- Fixed bug whereby Uncategorised was being duplicated upon each rerun of app.\r\n\r\nfixes: #218\r\n\r\n* Fixed checkstyle errors\r\n\r\n* Fixed reposense tagging\r\n\r\n* Fixed checkstyle\r\n\r\n* Updated .gitignore to exclude our persistent storage files\r\n\r\n* Refactored Edit command to adhere to SLAP\r\n\r\n* - Added new DuplicateEntryException which extends from BadInputException\r\n- Added test code for EditStockTypeCommand\r\n\r\n* - Added test for ParseAdd\r\n\r\n* - Added tests for ParseEdit\r\n\r\n* Added markdown UG\r\n\r\n* docs/CS2113T-F09-3-Eggventory-UG.md updated from https://stackedit.io/\r\n\r\n* docs/CS2113T-F09-3-Eggventory-UG.md updated from https://stackedit.io/\r\n\r\n* docs/CS2113T-F09-3-Eggventory-UG.md updated from https://stackedit.io/\r\n\r\n* docs/CS2113T-F09-3-Eggventory-UG.md updated from https://stackedit.io/\r\n\r\n* docs/CS2113T-F09-3-Eggventory-UG.md updated from https://stackedit.io/\r\n\r\n* docs/CS2113T-F09-3-Eggventory-UG.md updated from https://stackedit.io/\r\n\r\n* docs/CS2113T-F09-3-Eggventory-UG.md updated from https://stackedit.io/\r\n\r\n* CS2113T-F09-3-Eggventory-UG.md created from https://stackedit.io/\r\n\r\n* docs/CS2113T-F09-3-Eggventory-UG.md updated from https://stackedit.io/\r\n\r\n* CS2113T-F09-3-Eggventory-UG.md updated from https://stackedit.io/\r\n\r\n* docs/CS2113T-F09-3-Eggventory-UG.md updated from https://stackedit.io/\r\n\r\n* CS2113T-F09-3-Eggventory-UG.md updated from https://stackedit.io/\r\n\r\n* docs/CS2113T-F09-3-Eggventory-UG.md created from https://stackedit.io/\r\n\r\n* docs/CS2113T-F09-3-Eggventory-UG.md updated from https://stackedit.io/\r\n\r\n* Update CS2113T-F09-3-Eggventory-UG.md\r\n\r\n* Deleted obsolete file\r\n\r\n* Removed redundent file\r\n\r\n* updated .gitignore to ignore .csv\r\n\r\n* Fixed error whereby if a stocktype had not stock, the storage folder would have an empty line which prevented loading of the stocks\r\n\r\n* Added method for isStockType empty and fixed checkstype errors\r\n",
            "insertions": 9,
            "deletions": 3
          }
        ]
      },
      {
        "insertions": 40,
        "deletions": 69,
        "date": "2019-11-01",
        "commitResults": [
          {
            "hash": "7319263971ee3236ba4ad29e3dee6884e5a43684",
            "messageTitle": "Help YanBo tag his code (#279)",
            "messageBody": "* Refactored test folder\r\n\r\n* Removed old test code\r\n\r\n* Stores CSV files instead of txt\r\n\r\n* Updated Storage.java imports\r\n\r\n* Fixed assertions in stocktest.java\r\n\r\n* updated persistent storage file names\r\n\r\n* - Changed persistent storage save from .txt to .csv\r\n- Updated error in CommandDictionary.java whereby predictive search for edit stock was displaying incorrectly\r\n- Updated parseedit to convert user inputs to lowercase, such that typing a mixutre of upper and lower case will not fail\r\n- Added Test Code for EditStockCommandTest\r\n- Created UiStub\r\n\r\n* - Fixed bug whereby stocktypes was not loaded upon rerun of app\r\n- Fixed bug whereby Uncategorised was being duplicated upon each rerun of app.\r\n\r\nfixes: #218\r\n\r\n* Fixed checkstyle errors\r\n\r\n* Fixed reposense tagging\r\n\r\n* Fixed checkstyle\r\n\r\n* Updated .gitignore to exclude our persistent storage files\r\n\r\n* Refactored Edit command to adhere to SLAP\r\n\r\n* - Added new DuplicateEntryException which extends from BadInputException\r\n- Added test code for EditStockTypeCommand\r\n\r\n* - Added test for ParseAdd\r\n\r\n* - Added tests for ParseEdit\r\n\r\n* Added markdown UG\r\n\r\n* docs/CS2113T-F09-3-Eggventory-UG.md updated from https://stackedit.io/\r\n\r\n* docs/CS2113T-F09-3-Eggventory-UG.md updated from https://stackedit.io/\r\n\r\n* docs/CS2113T-F09-3-Eggventory-UG.md updated from https://stackedit.io/\r\n\r\n* docs/CS2113T-F09-3-Eggventory-UG.md updated from https://stackedit.io/\r\n\r\n* docs/CS2113T-F09-3-Eggventory-UG.md updated from https://stackedit.io/\r\n\r\n* docs/CS2113T-F09-3-Eggventory-UG.md updated from https://stackedit.io/\r\n\r\n* docs/CS2113T-F09-3-Eggventory-UG.md updated from https://stackedit.io/\r\n\r\n* CS2113T-F09-3-Eggventory-UG.md created from https://stackedit.io/\r\n\r\n* docs/CS2113T-F09-3-Eggventory-UG.md updated from https://stackedit.io/\r\n\r\n* CS2113T-F09-3-Eggventory-UG.md updated from https://stackedit.io/\r\n\r\n* docs/CS2113T-F09-3-Eggventory-UG.md updated from https://stackedit.io/\r\n\r\n* CS2113T-F09-3-Eggventory-UG.md updated from https://stackedit.io/\r\n\r\n* docs/CS2113T-F09-3-Eggventory-UG.md created from https://stackedit.io/\r\n\r\n* docs/CS2113T-F09-3-Eggventory-UG.md updated from https://stackedit.io/\r\n\r\n* Update CS2113T-F09-3-Eggventory-UG.md\r\n\r\n* Deleted obsolete file\r\n\r\n* Removed redundent file\r\n\r\n* updated .gitignore to ignore .csv\r\n\r\n* Fixed error whereby if a stocktype had not stock, the storage folder would have an empty line which prevented loading of the stocks\r\n\r\n* Added method for isStockType empty and fixed checkstype errors\r\n\r\n* Added attributions for yanbo\r\n",
            "insertions": 19,
            "deletions": 3
          },
          {
            "hash": "0d89143638419f2bcf65669b5d6e87d8fd68cc7a",
            "messageTitle": "Test commands (#280)",
            "messageBody": "* Refactored test folder\r\n\r\n* Removed old test code\r\n\r\n* Stores CSV files instead of txt\r\n\r\n* Updated Storage.java imports\r\n\r\n* Fixed assertions in stocktest.java\r\n\r\n* updated persistent storage file names\r\n\r\n* - Changed persistent storage save from .txt to .csv\r\n- Updated error in CommandDictionary.java whereby predictive search for edit stock was displaying incorrectly\r\n- Updated parseedit to convert user inputs to lowercase, such that typing a mixutre of upper and lower case will not fail\r\n- Added Test Code for EditStockCommandTest\r\n- Created UiStub\r\n\r\n* - Fixed bug whereby stocktypes was not loaded upon rerun of app\r\n- Fixed bug whereby Uncategorised was being duplicated upon each rerun of app.\r\n\r\nfixes: #218\r\n\r\n* Fixed checkstyle errors\r\n\r\n* Fixed reposense tagging\r\n\r\n* Fixed checkstyle\r\n\r\n* Updated .gitignore to exclude our persistent storage files\r\n\r\n* Refactored Edit command to adhere to SLAP\r\n\r\n* - Added new DuplicateEntryException which extends from BadInputException\r\n- Added test code for EditStockTypeCommand\r\n\r\n* - Added test for ParseAdd\r\n\r\n* - Added tests for ParseEdit\r\n\r\n* Added markdown UG\r\n\r\n* docs/CS2113T-F09-3-Eggventory-UG.md updated from https://stackedit.io/\r\n\r\n* docs/CS2113T-F09-3-Eggventory-UG.md updated from https://stackedit.io/\r\n\r\n* docs/CS2113T-F09-3-Eggventory-UG.md updated from https://stackedit.io/\r\n\r\n* docs/CS2113T-F09-3-Eggventory-UG.md updated from https://stackedit.io/\r\n\r\n* docs/CS2113T-F09-3-Eggventory-UG.md updated from https://stackedit.io/\r\n\r\n* docs/CS2113T-F09-3-Eggventory-UG.md updated from https://stackedit.io/\r\n\r\n* docs/CS2113T-F09-3-Eggventory-UG.md updated from https://stackedit.io/\r\n\r\n* CS2113T-F09-3-Eggventory-UG.md created from https://stackedit.io/\r\n\r\n* docs/CS2113T-F09-3-Eggventory-UG.md updated from https://stackedit.io/\r\n\r\n* CS2113T-F09-3-Eggventory-UG.md updated from https://stackedit.io/\r\n\r\n* docs/CS2113T-F09-3-Eggventory-UG.md updated from https://stackedit.io/\r\n\r\n* CS2113T-F09-3-Eggventory-UG.md updated from https://stackedit.io/\r\n\r\n* docs/CS2113T-F09-3-Eggventory-UG.md created from https://stackedit.io/\r\n\r\n* docs/CS2113T-F09-3-Eggventory-UG.md updated from https://stackedit.io/\r\n\r\n* Update CS2113T-F09-3-Eggventory-UG.md\r\n\r\n* Deleted obsolete file\r\n\r\n* Removed redundent file\r\n\r\n* updated .gitignore to ignore .csv\r\n\r\n* Fixed error whereby if a stocktype had not stock, the storage folder would have an empty line which prevented loading of the stocks\r\n\r\n* Added method for isStockType empty and fixed checkstype errors\r\n\r\n* Added attributions for yanbo\r\n\r\n* Fixed errors with AddPersonCommandTest\r\n",
            "insertions": 21,
            "deletions": 66
          }
        ]
      }
    ]
  },
  "authorFinalContributionMap": {
    "Raghav-B": 1885,
    "Deculsion": 429,
    "yanprosobo": 535,
    "cyanoei": 979,
    "patwaririshab": 1452
  },
  "authorFileTypeContributionMap": {
    "Raghav-B": {
      "tests": 54,
      "functional": 1822,
      "other": 9
    },
    "Deculsion": {
      "tests": 83,
      "functional": 345,
      "other": 1
    },
    "yanprosobo": {
      "tests": 0,
      "functional": 535
    },
    "cyanoei": {
      "tests": 43,
      "functional": 936
    },
    "patwaririshab": {
      "tests": 810,
      "functional": 628,
      "other": 14
    }
  },
  "authorContributionVariance": {
    "Raghav-B": 495011.16,
    "Deculsion": 4985.8945,
    "yanprosobo": 0.09297052,
    "cyanoei": 7402.4375,
    "patwaririshab": 24178.88
  },
  "authorDisplayNameMap": {
    "Raghav-B": "CS2113T-F09-3 RAG  . . WAJ",
    "Deculsion": "CS2113T-F09-3 POO  . . MIN",
    "yanprosobo": "CS2113T-F09-3 PEI  . .  BO",
    "cyanoei": "CS2113T-F09-3 OEI  . . CCA",
    "patwaririshab": "CS2113T-F09-3 PAT  . . HAB"
  }
}
