{
  "authorDailyContributionsMap": {
    "Raghav-B": [
      {
        "insertions": 125,
        "deletions": 244,
        "date": "2019-10-02",
        "commitResults": [
          {
            "hash": "f5f64b7cd5fe6fe61f51eb2c6a510af8c8ba2a06",
            "messageTitle": "Extract findfreetimes() to corresponding command class",
            "messageBody": "",
            "insertions": 112,
            "deletions": 111
          },
          {
            "hash": "fa41c56916d0406ad71684eaea301d302383dfa4",
            "messageTitle": "Remove FindFreeTimes Feature",
            "messageBody": "Feature was irrelevant to future development plans for Eggventory. Removed.",
            "insertions": 1,
            "deletions": 120
          },
          {
            "hash": "b2fa0e6ab5fb4ea57466e5da7a66cfb465c9f6c9",
            "messageTitle": "Fix switch-case indentation",
            "messageBody": "Was failing checkstyle previously",
            "insertions": 11,
            "deletions": 11
          },
          {
            "hash": "d40b30f77234eb60c01cd2725880131d531fe90e",
            "messageTitle": "Remove FindFreeTime JUnit test",
            "messageBody": "Was causing travis to fail",
            "insertions": 1,
            "deletions": 2
          }
        ]
      },
      {
        "insertions": 3043,
        "deletions": 1505,
        "date": "2019-10-25",
        "commitResults": [
          {
            "hash": "103fc4f893f90ee31433c6e9c5cda419db463557",
            "messageTitle": "Attempt rebase",
            "messageBody": "",
            "insertions": 3032,
            "deletions": 1504
          },
          {
            "hash": "da0777026bd546dae8ca6a280f58b8fee8b94db2",
            "messageTitle": "Fix PersonList contructor",
            "messageBody": "",
            "insertions": 1,
            "deletions": 1
          },
          {
            "hash": "8c743f0e12316e5ed8f1168a413ed7c0767202d8",
            "messageTitle": "Fix checkstyle",
            "messageBody": "",
            "insertions": 10,
            "deletions": 0
          }
        ]
      }
    ],
    "Deculsion": [
      {
        "insertions": 126,
        "deletions": 94,
        "date": "2019-09-24",
        "commitResults": [
          {
            "hash": "25e455fea31cd51e3bcdac3fcda028be8b159c47",
            "messageTitle": "Changed TaskType and Command enums into a package.",
            "messageBody": "Added universal AddItem() method to TaskList. Not fully implemented.\n\nRemoved String time attributes in Deadline and Event.\n\nRemoved doAfter for all Task attributes.\n",
            "insertions": 108,
            "deletions": 81
          },
          {
            "hash": "38d3e78afb34c008028046b8c64dfa0fa16512a2",
            "messageTitle": "Changed to use new enums from enums package",
            "messageBody": "",
            "insertions": 18,
            "deletions": 13
          }
        ]
      },
      {
        "insertions": 222,
        "deletions": 143,
        "date": "2019-09-25",
        "commitResults": [
          {
            "hash": "11959890ed3c3772797b04dd52013faaa0fd66b4",
            "messageTitle": "Changed to use new enums package.",
            "messageBody": "",
            "insertions": 2,
            "deletions": 1
          },
          {
            "hash": "ea21744815e7db698c57d7ec8e40b1403953e350",
            "messageTitle": "Changed to use new enums package and task constructors.",
            "messageBody": "",
            "insertions": 32,
            "deletions": 6
          },
          {
            "hash": "00292ebf3e5b9c353313cf653114db3f70f460b1",
            "messageTitle": "Changed to now add according to new constructor methods for Task",
            "messageBody": "",
            "insertions": 16,
            "deletions": 2
          },
          {
            "hash": "379fe94f8178730b37a250f7a9dc64ffd19609b0",
            "messageTitle": "Added comment for clarity",
            "messageBody": "",
            "insertions": 1,
            "deletions": 0
          },
          {
            "hash": "dbe1c847a8d0c655abda61f9bfce586448bbeb76",
            "messageTitle": "Changed to work with new task constructors.",
            "messageBody": "",
            "insertions": 27,
            "deletions": 6
          },
          {
            "hash": "378e52bc686edf0701661bb37cc58a17a17ce703",
            "messageTitle": "Removed doAfter functionality",
            "messageBody": "",
            "insertions": 3,
            "deletions": 3
          },
          {
            "hash": "e99a959628bf16dc9e922b804eaeaa7ea78e9511",
            "messageTitle": "Changed to use new enums packages. Optimised load() to reuse AddCommand instead",
            "messageBody": "",
            "insertions": 17,
            "deletions": 6
          },
          {
            "hash": "7e4ba24efc14c7fa65c74f9a249a73a951dac9d2",
            "messageTitle": "Added overload for execute used in Storage.load()",
            "messageBody": "",
            "insertions": 18,
            "deletions": 11
          },
          {
            "hash": "1e99cfd4b3bacfa9e15f351af39687b8d903f560",
            "messageTitle": "Fixed a minor bug",
            "messageBody": "",
            "insertions": 2,
            "deletions": 0
          },
          {
            "hash": "b2342724546b23bd2c5a11f3e71ae6ea32d1f926",
            "messageTitle": "Removed doAfter functionality",
            "messageBody": "",
            "insertions": 1,
            "deletions": 12
          },
          {
            "hash": "4faa58c993a7f4af750ff73e3fbf946651fd31d9",
            "messageTitle": "toString() is now properly formatted for saving.",
            "messageBody": "",
            "insertions": 10,
            "deletions": 0
          },
          {
            "hash": "cce3bb30e797a627eea708bc490461e008d384e2",
            "messageTitle": "Added javadoc comments for addDeadLine() and addEvent()",
            "messageBody": "",
            "insertions": 14,
            "deletions": 0
          },
          {
            "hash": "43e722c99aecb4aaecc11ea76f5aa124deb0d823",
            "messageTitle": "Added javadoc comments.",
            "messageBody": "",
            "insertions": 17,
            "deletions": 1
          },
          {
            "hash": "4cf0b2ec940b4c426fe6a54c8ec32a07494f53ff",
            "messageTitle": "Added javadoc comments.",
            "messageBody": "",
            "insertions": 2,
            "deletions": 3
          },
          {
            "hash": "cba2cbb640e9372694418bc31b9695abacb230df",
            "messageTitle": "Edited to please checkstyle god.",
            "messageBody": "",
            "insertions": 60,
            "deletions": 92
          }
        ]
      },
      {
        "insertions": 49,
        "deletions": 0,
        "date": "2019-10-26",
        "commitResults": [
          {
            "hash": "429e1267e66cf9066fdfc857fd0033ef56da896c",
            "messageTitle": "Deculsion authortags2 (#252)",
            "messageBody": "* Added skeleton classes for Parse\r\n\r\n* Added toString() and modified some javadocs for it.\r\n\r\n* Authortags\r\n\r\n* Add StockListTest\r\n\r\n* Minor checkstyle\r\n",
            "insertions": 49,
            "deletions": 0
          }
        ]
      }
    ],
    "yanprosobo": [],
    "cyanoei": [
      {
        "insertions": 3,
        "deletions": 22,
        "date": "2019-09-25",
        "commitResults": [
          {
            "hash": "da05d28d416dbfe8cab4d4f566ed2ea39ce0ae17",
            "messageTitle": "single character bug fix - event now reflects the two dates accurately",
            "messageBody": "",
            "insertions": 1,
            "deletions": 1
          },
          {
            "hash": "20976e405abb96a12cc2284c3fc96f99fd3891b1",
            "messageTitle": "Removed references to listindex",
            "messageBody": "",
            "insertions": 0,
            "deletions": 14
          },
          {
            "hash": "9c30a8705acf76010f314484e65d951ac8e5f9b8",
            "messageTitle": "why wasnt this change made earlier?",
            "messageBody": "",
            "insertions": 1,
            "deletions": 1
          },
          {
            "hash": "7ea9a3d46ccd6302cc6a482de2c9fffe4cf0e32c",
            "messageTitle": "Restored fixed duration tasks",
            "messageBody": "",
            "insertions": 1,
            "deletions": 6
          }
        ]
      },
      {
        "insertions": 135,
        "deletions": 0,
        "date": "2019-09-30",
        "commitResults": [
          {
            "hash": "bd174b4e7c37ff568fb2b0af11419bad7e1361f9",
            "messageTitle": "Added Item class to begin morphing into eggventory",
            "messageBody": "",
            "insertions": 135,
            "deletions": 0
          }
        ]
      },
      {
        "insertions": 4,
        "deletions": 229,
        "date": "2019-10-03",
        "commitResults": [
          {
            "hash": "2c9bbdb9b066fa77a55e9d562c2593eb27a83978",
            "messageTitle": "Removed viewschedule feature",
            "messageBody": "",
            "insertions": 1,
            "deletions": 73
          },
          {
            "hash": "f1367aa24b8bffcb79830fe34410e4a079ed7626",
            "messageTitle": "Removed recur feature",
            "messageBody": "",
            "insertions": 0,
            "deletions": 139
          },
          {
            "hash": "29d006bde0a4434cf06dbd2eda7fd04a72b48341",
            "messageTitle": "Removed snooze feature",
            "messageBody": "",
            "insertions": 3,
            "deletions": 17
          }
        ]
      },
      {
        "insertions": 499,
        "deletions": 8,
        "date": "2019-10-27",
        "commitResults": [
          {
            "hash": "48e33e2c03d233c9cca9b68e486c05a085861865",
            "messageTitle": "Add basic loan system (#254)",
            "messageBody": "* Add basic framework for loan system - Loan and LoanList classes\r\nCreate LoanPair class to support storing loans in a map\r\nMove Person class to the loan package\r\n\r\n* Add @@author tags\r\n\r\n* Write Loan framework including print methods\r\n\r\n* Thank travis for nitpicking\r\n\r\n* Mostly correct behaviour of add and delete loans\r\nSome exception handling to work out on the delete side\r\n\r\n* Add author tags\r\n\r\n* Complete basic loan functionality with add and delete and some input validation\r\n\r\n* Edit for checkstype\r\n",
            "insertions": 495,
            "deletions": 6
          },
          {
            "hash": "54e32e86756352e836f29b696f5d4a3434d2ec5d",
            "messageTitle": "Loan fix (#257)",
            "messageBody": "* Add basic framework for loan system - Loan and LoanList classes\r\nCreate LoanPair class to support storing loans in a map\r\nMove Person class to the loan package\r\n\r\n* Add @@author tags\r\n\r\n* Write Loan framework including print methods\r\n\r\n* Thank travis for nitpicking\r\n\r\n* Mostly correct behaviour of add and delete loans\r\nSome exception handling to work out on the delete side\r\n\r\n* Add author tags\r\n\r\n* Complete basic loan functionality with add and delete and some input validation\r\n\r\n* Edit for checkstype\r\n\r\n* Edit to fix minor changes identified in PR review\r\n",
            "insertions": 4,
            "deletions": 2
          }
        ]
      }
    ],
    "patwaririshab": [
      {
        "insertions": 144,
        "deletions": 102,
        "date": "2019-09-21",
        "commitResults": [
          {
            "hash": "d9ffdd685306f783176c65a3dc7eade5cc63de09",
            "messageTitle": "[CS2113T-F09-03]-patwaririshab-B-RecurringTasks (#98)",
            "messageBody": "* Add support for Gradle workflow\r\n\r\n* Add sample checkstyle configuration\r\n\r\nAdd toolVersion block in to Gradle code sample to prevent errors.\r\n\r\n* Change file mode on `gradle` to be executable\r\n\r\n* Add configuration for console applications\r\n\r\nGradle defaults to an empty stdin which results in runtime exceptions\r\nwhen attempting to read from `System.in`. Let\u0027s add some sensible\r\ndefaults for students who may still need to work with the standard\r\ninput stream.\r\n\r\n* - Added Gradle support\r\n- Changed filePath of persistent storage to be variable based on individual system\r\n\r\n* - Added ChecStyle, Shadow and JUnit support to build.gradle\r\n- Set up JUnit testing\r\n\r\n* - Recur command added\r\n\r\n* -Removed listIndex\r\n\r\n* -Fixed CheckStyle errors\r\n\r\n* -Removed test class\r\n",
            "insertions": 144,
            "deletions": 102
          }
        ]
      },
      {
        "insertions": 11,
        "deletions": 7,
        "date": "2019-09-23",
        "commitResults": [
          {
            "hash": "e1a138fa53396d739e93d4970107b709b44b26a3",
            "messageTitle": "Updated intro text to EggVentory from Duke (#99)",
            "messageBody": "* Add support for Gradle workflow\r\n\r\n* Add sample checkstyle configuration\r\n\r\nAdd toolVersion block in to Gradle code sample to prevent errors.\r\n\r\n* Change file mode on `gradle` to be executable\r\n\r\n* Add configuration for console applications\r\n\r\nGradle defaults to an empty stdin which results in runtime exceptions\r\nwhen attempting to read from `System.in`. Let\u0027s add some sensible\r\ndefaults for students who may still need to work with the standard\r\ninput stream.\r\n\r\n* - Added Gradle support\r\n- Changed filePath of persistent storage to be variable based on individual system\r\n\r\n* - Added ChecStyle, Shadow and JUnit support to build.gradle\r\n- Set up JUnit testing\r\n\r\n* - Recur command added\r\n\r\n* -Removed listIndex\r\n\r\n* -Fixed CheckStyle errors\r\n\r\n* -Removed test class\r\n\r\n* -Changed intro text from Duke to EggVentory\r\n\r\n* -Fixed checkstyle\r\n",
            "insertions": 11,
            "deletions": 7
          }
        ]
      },
      {
        "insertions": 116,
        "deletions": 45,
        "date": "2019-09-25",
        "commitResults": [
          {
            "hash": "e3d8dd01956e04919376077aa25959616d23d750",
            "messageTitle": "Added Positive JUnit Testing for AddCommand Command (#103)",
            "messageBody": "* Add support for Gradle workflow\r\n\r\n* Add sample checkstyle configuration\r\n\r\nAdd toolVersion block in to Gradle code sample to prevent errors.\r\n\r\n* Change file mode on `gradle` to be executable\r\n\r\n* Add configuration for console applications\r\n\r\nGradle defaults to an empty stdin which results in runtime exceptions\r\nwhen attempting to read from `System.in`. Let\u0027s add some sensible\r\ndefaults for students who may still need to work with the standard\r\ninput stream.\r\n\r\n* - Added Gradle support\r\n- Changed filePath of persistent storage to be variable based on individual system\r\n\r\n* - Added ChecStyle, Shadow and JUnit support to build.gradle\r\n- Set up JUnit testing\r\n\r\n* - Recur command added\r\n\r\n* -Removed listIndex\r\n\r\n* -Fixed CheckStyle errors\r\n\r\n* -Removed test class\r\n\r\n* -Changed intro text from Duke to EggVentory\r\n\r\n* -Fixed checkstyle\r\n\r\n* -Added JUNIT test for AddCommand\r\n\r\n* -Event toString() yet to be fixed\r\n\r\n* - Fixed CheckStyle error where EscapeLiteral was used\r\n\r\n* - Fixed CheckStyle conflicts again\r\n\r\n* - Temporarily disabled test for addDeadline as Travis wont let it pass\r\n\r\n* -Finally conflict resolved\r\n\r\n* -Updated JUnit test for AddCommand\r\n\r\n* - Trying to get tests to pass\r\n\r\n* -Replaced Date with Calendar\\n-Changed toString() formatting to be more readable\r\n",
            "insertions": 116,
            "deletions": 45
          }
        ]
      },
      {
        "insertions": 226,
        "deletions": 15,
        "date": "2019-09-26",
        "commitResults": [
          {
            "hash": "aeb7598fccc11bd7b393c68f61c0e1861bbf8e05",
            "messageTitle": "Added more JUnit test for Commands (#105)",
            "messageBody": "* Add support for Gradle workflow\r\n\r\n* Add sample checkstyle configuration\r\n\r\nAdd toolVersion block in to Gradle code sample to prevent errors.\r\n\r\n* Change file mode on `gradle` to be executable\r\n\r\n* Add configuration for console applications\r\n\r\nGradle defaults to an empty stdin which results in runtime exceptions\r\nwhen attempting to read from `System.in`. Let\u0027s add some sensible\r\ndefaults for students who may still need to work with the standard\r\ninput stream.\r\n\r\n* - Added Gradle support\r\n- Changed filePath of persistent storage to be variable based on individual system\r\n\r\n* - Added ChecStyle, Shadow and JUnit support to build.gradle\r\n- Set up JUnit testing\r\n\r\n* - Recur command added\r\n\r\n* -Removed listIndex\r\n\r\n* -Fixed CheckStyle errors\r\n\r\n* -Removed test class\r\n\r\n* -Changed intro text from Duke to EggVentory\r\n\r\n* -Fixed checkstyle\r\n\r\n* -Added JUNIT test for AddCommand\r\n\r\n* -Event toString() yet to be fixed\r\n\r\n* - Fixed CheckStyle error where EscapeLiteral was used\r\n\r\n* - Fixed CheckStyle conflicts again\r\n\r\n* - Temporarily disabled test for addDeadline as Travis wont let it pass\r\n\r\n* -Finally conflict resolved\r\n\r\n* -Updated JUnit test for AddCommand\r\n\r\n* - Trying to get tests to pass\r\n\r\n* -Replaced Date with Calendar\\n-Changed toString() formatting to be more readable\r\n\r\n* -Added JUnit test for FindCommand\r\n\r\n* - Added RecurCommandTest\r\n- Fixed bug with RecurCommand whereby the date was not updated\r\n\r\n* - Added Test for NumCommand\r\n- Added Test for Command\r\n\r\n* - Fixed all CheckStyle errors\r\n",
            "insertions": 226,
            "deletions": 15
          }
        ]
      }
    ]
  },
  "authorFinalContributionMap": {
    "Raghav-B": 1574,
    "Deculsion": 356,
    "yanprosobo": 106,
    "cyanoei": 1363,
    "patwaririshab": 204
  },
  "authorFileTypeContributionMap": {
    "Raghav-B": {
      "tests": 148,
      "functional": 1417,
      "other": 9
    },
    "Deculsion": {
      "tests": 108,
      "functional": 248
    },
    "yanprosobo": {
      "tests": 0,
      "functional": 106
    },
    "cyanoei": {
      "tests": 140,
      "functional": 1223
    },
    "patwaririshab": {
      "tests": 142,
      "functional": 62
    }
  },
  "authorContributionVariance": {
    "Raghav-B": 545055.0,
    "Deculsion": 4680.06,
    "yanprosobo": 0.0,
    "cyanoei": 8332.327,
    "patwaririshab": 3590.6487
  },
  "authorDisplayNameMap": {
    "Raghav-B": "CS2113T-F09-3 RAG  . . WAJ",
    "Deculsion": "CS2113T-F09-3 POO  . . MIN",
    "yanprosobo": "CS2113T-F09-3 PEI  . .  BO",
    "cyanoei": "CS2113T-F09-3 OEI  . . CCA",
    "patwaririshab": "CS2113T-F09-3 PAT  . . HAB"
  }
}
