{
  "authorDailyContributionsMap": {
    "karansarat": [
      {
        "insertions": 93,
        "deletions": 19,
        "date": "2019-10-14",
        "commitResults": [
          {
            "hash": "42e2670f89bfc61c253584fee50b0fb4f183376c",
            "messageTitle": "Adding Reminder Class",
            "messageBody": "",
            "insertions": 31,
            "deletions": 1
          },
          {
            "hash": "8140d21109a1fc4cd78f20d30bd1907bdf579efa",
            "messageTitle": "Modify Payments Class",
            "messageBody": "",
            "insertions": 20,
            "deletions": 10
          },
          {
            "hash": "f17b9b663f914dd487a504c143edb7ae6bf07392",
            "messageTitle": "Updated list, delete and add payments",
            "messageBody": "",
            "insertions": 42,
            "deletions": 8
          }
        ]
      },
      {
        "insertions": 137,
        "deletions": 102,
        "date": "2019-10-15",
        "commitResults": [
          {
            "hash": "d2aeb824e854d6084f974ffd84c5981a0c48db45",
            "messageTitle": "Modified Find and Edit functions",
            "messageBody": "",
            "insertions": 47,
            "deletions": 5
          },
          {
            "hash": "49d87eb7ff61f46bd373388ccedb9ee5a3517264",
            "messageTitle": "Completed migration of ManagerMap to Duke.java",
            "messageBody": "",
            "insertions": 77,
            "deletions": 97
          },
          {
            "hash": "388680b715b12a67b26581728a9a89d53346f2d6",
            "messageTitle": "Add Field enum",
            "messageBody": "",
            "insertions": 13,
            "deletions": 0
          }
        ]
      },
      {
        "insertions": 521,
        "deletions": 479,
        "date": "2019-10-16",
        "commitResults": [
          {
            "hash": "eb0d8ede3bc6797e8795bccc9339ca25a8ea4a08",
            "messageTitle": "Resolve checkstyle errors",
            "messageBody": "",
            "insertions": 22,
            "deletions": 8
          },
          {
            "hash": "c85e2ae7c58e66b4af28a5da4b1a62bd3bdcc2c7",
            "messageTitle": "Split Parser into 3 classes for readability",
            "messageBody": "",
            "insertions": 475,
            "deletions": 461
          },
          {
            "hash": "dc622c3355f1dca88b180de12be9c68be081257e",
            "messageTitle": "Deleted functionality is working",
            "messageBody": "",
            "insertions": 16,
            "deletions": 7
          },
          {
            "hash": "5925172ed3385afb8cf7811bdde0bca6e997748f",
            "messageTitle": "Resolved checkstyle errors",
            "messageBody": "",
            "insertions": 8,
            "deletions": 3
          }
        ]
      }
    ],
    "lijiayu980606": [
      {
        "insertions": 28,
        "deletions": 0,
        "date": "2019-10-02",
        "commitResults": [
          {
            "hash": "7d178073e362d0f0d8eee8c1dae5756f7954b501",
            "messageTitle": "updated userguide.adoc and aboutus.adoc",
            "messageBody": "",
            "insertions": 28,
            "deletions": 0
          }
        ]
      },
      {
        "insertions": 36,
        "deletions": 27,
        "date": "2019-10-03",
        "commitResults": [
          {
            "hash": "bcfc68c697ddb7a14db9c4e47bf7bcd630407a1b",
            "messageTitle": "added function edit",
            "messageBody": "",
            "insertions": 36,
            "deletions": 27
          }
        ]
      },
      {
        "insertions": 60,
        "deletions": 6,
        "date": "2019-10-10",
        "commitResults": [
          {
            "hash": "91b314b241e01675f2444bf96bd72306e6b2fab0",
            "messageTitle": "Restructured deadline class",
            "messageBody": "",
            "insertions": 60,
            "deletions": 6
          }
        ]
      },
      {
        "insertions": 75,
        "deletions": 48,
        "date": "2019-10-16",
        "commitResults": [
          {
            "hash": "4a3c69ed7ba2e97ea3d07a9562c65b4380c625c8",
            "messageTitle": "dubug deadline",
            "messageBody": "",
            "insertions": 1,
            "deletions": 4
          },
          {
            "hash": "5b1262762e66eae34279090e40121d4e92001a59",
            "messageTitle": "Done: deadline and add invoice",
            "messageBody": "",
            "insertions": 74,
            "deletions": 44
          }
        ]
      },
      {
        "insertions": 23,
        "deletions": 25,
        "date": "2019-10-17",
        "commitResults": [
          {
            "hash": "004aeaa59b48ed2ed857b733b5f2993844470210",
            "messageTitle": "editted checkstyle",
            "messageBody": "",
            "insertions": 20,
            "deletions": 8
          },
          {
            "hash": "44da9f9a578da2b5534f326f63aed1c2e1ba0a50",
            "messageTitle": "changed javadoc for add invoice",
            "messageBody": "",
            "insertions": 1,
            "deletions": 1
          },
          {
            "hash": "e9ba9c9b3ac8cf0d754c182601ec28a6139f80f8",
            "messageTitle": "edited checkstyle",
            "messageBody": "",
            "insertions": 2,
            "deletions": 1
          },
          {
            "hash": "fd6370325a58e86e31d0f1c59f750f8c949375d1",
            "messageTitle": "delete the doaftertask test",
            "messageBody": "",
            "insertions": 0,
            "deletions": 15
          }
        ]
      },
      {
        "insertions": 172,
        "deletions": 3,
        "date": "2019-10-20",
        "commitResults": [
          {
            "hash": "e054bbd8d8ae0d5cc8f407798d61f2e8a76375f3",
            "messageTitle": "implemented javafx but the i\u0026o is not linked to it yet",
            "messageBody": "",
            "insertions": 172,
            "deletions": 3
          }
        ]
      },
      {
        "insertions": 14,
        "deletions": 6,
        "date": "2019-10-23",
        "commitResults": [
          {
            "hash": "3dd7d5fc8976480673f9028edb43bc04c2dcc028",
            "messageTitle": "try to fix checkstyle",
            "messageBody": "",
            "insertions": 1,
            "deletions": 1
          },
          {
            "hash": "50251245a760378dd1bce8f8dc633005b2f7a653",
            "messageTitle": "try fixing checkstyle error",
            "messageBody": "",
            "insertions": 13,
            "deletions": 5
          }
        ]
      },
      {
        "insertions": 149,
        "deletions": 3,
        "date": "2019-10-24",
        "commitResults": [
          {
            "hash": "404e6e439f23a2e069c61dd9e502e6f78d7f367b",
            "messageTitle": "updated the userguide and developerguide",
            "messageBody": "",
            "insertions": 1,
            "deletions": 1
          },
          {
            "hash": "70144434cb56d4dec93949cdb675df6e58566086",
            "messageTitle": "Added fund class and implemented setFund/addFund funtion",
            "messageBody": "",
            "insertions": 148,
            "deletions": 2
          }
        ]
      }
    ],
    "leowyh": [
      {
        "insertions": 34,
        "deletions": 0,
        "date": "2019-10-03",
        "commitResults": [
          {
            "hash": "d11c025d58e10e937a39970513197e4011580250",
            "messageTitle": "Added PaymentForm and PaymentDetails Class",
            "messageBody": "",
            "insertions": 34,
            "deletions": 0
          }
        ]
      },
      {
        "insertions": 74,
        "deletions": 167,
        "date": "2019-10-08",
        "commitResults": [
          {
            "hash": "e9202764091de74a84babd8604e890d2dfee54b7",
            "messageTitle": "Removed Todo Class and related code",
            "messageBody": "",
            "insertions": 3,
            "deletions": 75
          },
          {
            "hash": "3c2cecef89b1a7035847a62bc84dfa7956869181",
            "messageTitle": "Removed Event Class and related code",
            "messageBody": "",
            "insertions": 1,
            "deletions": 58
          },
          {
            "hash": "e4e5515fbb4dbc2dbca477fa8dcba6ea090a54fc",
            "messageTitle": "Added payment Package, Payments and PaymentManager Classes Removed old PaymentDetails and PaymentForm Classes",
            "messageBody": "",
            "insertions": 70,
            "deletions": 34
          }
        ]
      },
      {
        "insertions": 405,
        "deletions": 250,
        "date": "2019-10-15",
        "commitResults": [
          {
            "hash": "718d016b7d3d6ffd6f5c004ec5072ebbf1db085d",
            "messageTitle": "Changed PaymentManager into an Abstract Class, Added UI interaction for adding payments and payee",
            "messageBody": "",
            "insertions": 144,
            "deletions": 46
          },
          {
            "hash": "a6fbe96f722e9eb614ab1e7e7bdda88342843ca9",
            "messageTitle": "Refactored Payments to resolve compilation issues",
            "messageBody": "",
            "insertions": 23,
            "deletions": 46
          },
          {
            "hash": "f35639a802385f5d1eeb57243bc32d3b0edee9b6",
            "messageTitle": "Corrected to pass Checkstyle",
            "messageBody": "",
            "insertions": 189,
            "deletions": 115
          },
          {
            "hash": "5f68ca67daa1bb3471d5b3bae250eb6d024120f3",
            "messageTitle": "Updated for checkstyle",
            "messageBody": "",
            "insertions": 44,
            "deletions": 39
          },
          {
            "hash": "d839e886b0a9a81c85fc46de3a1068b2648b69ad",
            "messageTitle": "Edited findPayee method to return arraylist of payments",
            "messageBody": "",
            "insertions": 5,
            "deletions": 4
          }
        ]
      },
      {
        "insertions": 40,
        "deletions": 36,
        "date": "2019-10-16",
        "commitResults": [
          {
            "hash": "755a8ffd3406ceae0917bcf04e2c9003de677ff5",
            "messageTitle": "Renamed Add payee and payment command, updated input format documentation.",
            "messageBody": "",
            "insertions": 40,
            "deletions": 36
          }
        ]
      },
      {
        "insertions": 75,
        "deletions": 115,
        "date": "2019-10-17",
        "commitResults": [
          {
            "hash": "bbda99a025f60220d9377d66c755aa3b69aca34d",
            "messageTitle": "Deleted PaymentsList class again and edited relevant codes for findPayee()",
            "messageBody": "",
            "insertions": 5,
            "deletions": 40
          },
          {
            "hash": "d5c44d4357b2f6178a73a767becb7e2f79c53ed1",
            "messageTitle": "Edited and renamed payment method in instruction and parser to addPayment for better readability",
            "messageBody": "",
            "insertions": 19,
            "deletions": 22
          },
          {
            "hash": "e304d0bf7493d9185c941f4df964c7787ab384f4",
            "messageTitle": "Edited and renamed payee method in instruction and parser to addPayee for better readability",
            "messageBody": "",
            "insertions": 20,
            "deletions": 23
          },
          {
            "hash": "6d7db498faa9ab7a69fdd161bd3c2a5aa52817fa",
            "messageTitle": "Edited and renamed delete method in instruction and parser to deletePayment for better readability",
            "messageBody": "",
            "insertions": 9,
            "deletions": 9
          },
          {
            "hash": "dc54681e990d0b95c09bd004e216e22da14b9ced",
            "messageTitle": "refactored deletePayee feature",
            "messageBody": "",
            "insertions": 3,
            "deletions": 2
          },
          {
            "hash": "371782557b7bee9c6cc3bf4c5a60d50676eb5141",
            "messageTitle": "Renamed Duke to AlphaNUS",
            "messageBody": "",
            "insertions": 19,
            "deletions": 19
          }
        ]
      },
      {
        "insertions": 4,
        "deletions": 3,
        "date": "2019-10-18",
        "commitResults": [
          {
            "hash": "38c0946bd413d99f01a7f8ac8de7524cf4e4f4dd",
            "messageTitle": "Renamed UI.PNG to Ui.PNG and passed checkstyle",
            "messageBody": "",
            "insertions": 0,
            "deletions": 0
          },
          {
            "hash": "5eeb0232e69b8be6bd00a2c717533cac4cf8aa6d",
            "messageTitle": "Updated build.gradle",
            "messageBody": "",
            "insertions": 3,
            "deletions": 3
          },
          {
            "hash": "7512537903692c4f7d0979fe462043640be6931d",
            "messageTitle": "Resolve checkstyle errors",
            "messageBody": "",
            "insertions": 1,
            "deletions": 0
          }
        ]
      },
      {
        "insertions": 179,
        "deletions": 18,
        "date": "2019-10-22",
        "commitResults": [
          {
            "hash": "86fc9da3bc789fcf4d264fa7e5539a6859f7d698",
            "messageTitle": "Added Project and ProjectManager Class",
            "messageBody": "",
            "insertions": 75,
            "deletions": 0
          },
          {
            "hash": "bfe2c122b9f9cc0215604cffcc487f24757fe79c",
            "messageTitle": "Added projectmap into main class, Added addProject functionality.",
            "messageBody": "",
            "insertions": 104,
            "deletions": 18
          }
        ]
      },
      {
        "insertions": 148,
        "deletions": 22,
        "date": "2019-10-23",
        "commitResults": [
          {
            "hash": "e890080724fb841ee095e0db5edce7fd012b5260",
            "messageTitle": "Added Delete Project and Goto Project functionality",
            "messageBody": "",
            "insertions": 83,
            "deletions": 10
          },
          {
            "hash": "ab436281a6119209a875af4d45bc41c0cb4cd0ed",
            "messageTitle": "Passed checkstyle",
            "messageBody": "",
            "insertions": 65,
            "deletions": 12
          }
        ]
      },
      {
        "insertions": 21,
        "deletions": 1,
        "date": "2019-10-24",
        "commitResults": [
          {
            "hash": "dd58654b41d805ae78a9dd24a0011183788703cf",
            "messageTitle": "Added new Budget Class and Project Component for Dev Guide",
            "messageBody": "",
            "insertions": 21,
            "deletions": 1
          }
        ]
      },
      {
        "insertions": 1,
        "deletions": 1,
        "date": "2019-10-25",
        "commitResults": [
          {
            "hash": "948878eda1fd4f68c52fe2b031157547693b9026",
            "messageTitle": "Updated Dev Guide, added intro and design",
            "messageBody": "",
            "insertions": 1,
            "deletions": 1
          }
        ]
      }
    ],
    "E0373902": []
  },
  "authorFinalContributionMap": {
    "karansarat": 534,
    "lijiayu980606": 293,
    "leowyh": 624,
    "E0373902": 12
  },
  "authorFileTypeContributionMap": {
    "karansarat": {
      "tests": 0,
      "functional": 534
    },
    "lijiayu980606": {
      "tests": 0,
      "functional": 288,
      "other": 5
    },
    "leowyh": {
      "tests": 0,
      "functional": 621,
      "other": 3
    },
    "E0373902": {
      "tests": 0,
      "functional": 12
    }
  },
  "authorContributionVariance": {
    "karansarat": 29071.893,
    "lijiayu980606": 1932.9469,
    "leowyh": 15022.534,
    "E0373902": 0.0
  },
  "authorDisplayNameMap": {
    "karansarat": "CS2113T-F10-3 KAR . . RAT",
    "lijiayu980606": "CS2113T-F10-3 LI   . . AYU",
    "leowyh": "CS2113T-F10-3 LEO  . . ENG",
    "E0373902": "CS2113T-F10-3 SHR  . . ENA"
  }
}
