{
  "authorDailyContributionsMap": {
    "karansarat": [],
    "lijiayu980606": [
      {
        "insertions": 28,
        "deletions": 0,
        "date": "2019-10-02",
        "commitResults": [
          {
            "hash": "7d178073e362d0f0d8eee8c1dae5756f7954b501",
            "messageTitle": "updated userguide.adoc and aboutus.adoc",
            "messageBody": "",
            "insertions": 28,
            "deletions": 0
          }
        ]
      },
      {
        "insertions": 36,
        "deletions": 27,
        "date": "2019-10-03",
        "commitResults": [
          {
            "hash": "bcfc68c697ddb7a14db9c4e47bf7bcd630407a1b",
            "messageTitle": "added function edit",
            "messageBody": "",
            "insertions": 36,
            "deletions": 27
          }
        ]
      }
    ],
    "leowyh": [
      {
        "insertions": 34,
        "deletions": 0,
        "date": "2019-10-03",
        "commitResults": [
          {
            "hash": "d11c025d58e10e937a39970513197e4011580250",
            "messageTitle": "Added PaymentForm and PaymentDetails Class",
            "messageBody": "",
            "insertions": 34,
            "deletions": 0
          }
        ]
      },
      {
        "insertions": 4,
        "deletions": 133,
        "date": "2019-10-08",
        "commitResults": [
          {
            "hash": "e9202764091de74a84babd8604e890d2dfee54b7",
            "messageTitle": "Removed Todo Class and related code",
            "messageBody": "",
            "insertions": 3,
            "deletions": 75
          },
          {
            "hash": "3c2cecef89b1a7035847a62bc84dfa7956869181",
            "messageTitle": "Removed Event Class and related code",
            "messageBody": "",
            "insertions": 1,
            "deletions": 58
          }
        ]
      }
    ],
    "E0373902": []
  },
  "authorFinalContributionMap": {
    "karansarat": 0,
    "lijiayu980606": 46,
    "leowyh": 38,
    "E0373902": 27
  },
  "authorFileTypeContributionMap": {
    "karansarat": {
      "tests": 0,
      "functional": 0
    },
    "lijiayu980606": {
      "tests": 0,
      "functional": 46
    },
    "leowyh": {
      "tests": 0,
      "functional": 38
    },
    "E0373902": {
      "tests": 0,
      "functional": 27
    }
  },
  "authorContributionVariance": {
    "karansarat": 0.0,
    "lijiayu980606": 238.49689,
    "leowyh": 1016.69446,
    "E0373902": 0.0
  },
  "authorDisplayNameMap": {
    "karansarat": "CS2113T-F10-3 KAR . . RAT",
    "lijiayu980606": "CS2113T-F10-3 LI   . . AYU",
    "leowyh": "CS2113T-F10-3 LEO  . . ENG",
    "E0373902": "CS2113T-F10-3 SHR  . . ENA"
  }
}
