{
  "authorDailyContributionsMap": {
    "sinteary": [
      {
        "insertions": 63,
        "deletions": 23,
        "date": "2019-09-22",
        "commitResults": [
          {
            "hash": "57463d27048a5ad39c30387cdc29b2d01db069a8",
            "messageTitle": "Edit JUnit tests and add exceptions",
            "messageBody": "",
            "insertions": 63,
            "deletions": 23
          }
        ]
      },
      {
        "insertions": 142,
        "deletions": 109,
        "date": "2019-09-23",
        "commitResults": [
          {
            "hash": "ed4c97e9153bf2d0b701d042245f75c7330d1681",
            "messageTitle": "Fix some things based on comments by the almighty Jerry",
            "messageBody": "",
            "insertions": 7,
            "deletions": 8
          },
          {
            "hash": "0cf7e3f2951acf9979230d444ce90fe04317dd7b",
            "messageTitle": "Reorganised code for TaskFactory and tasks",
            "messageBody": "",
            "insertions": 135,
            "deletions": 101
          }
        ]
      },
      {
        "insertions": 66,
        "deletions": 8,
        "date": "2019-10-01",
        "commitResults": [
          {
            "hash": "60ba116ae196f61c6a51e61d752ebfd605d4e7bb",
            "messageTitle": "Try basic javafx",
            "messageBody": "",
            "insertions": 66,
            "deletions": 8
          }
        ]
      },
      {
        "insertions": 184,
        "deletions": 196,
        "date": "2019-10-02",
        "commitResults": [
          {
            "hash": "30180aeadac4cbbd557097f5419e02b190654174",
            "messageTitle": "Add method to get full task description",
            "messageBody": "",
            "insertions": 32,
            "deletions": 0
          },
          {
            "hash": "10ef341c82bac37fb7bc25ac69322b57090e5931",
            "messageTitle": "Rewrite repetitive code for getting task details",
            "messageBody": "",
            "insertions": 9,
            "deletions": 24
          },
          {
            "hash": "856a0ab5e099e9d4dfbf94d6eacf07e83cec4be3",
            "messageTitle": "Edit printing",
            "messageBody": "",
            "insertions": 44,
            "deletions": 58
          },
          {
            "hash": "f4de4a4e3f4eda69df73aeb9f838e9a8cac37c45",
            "messageTitle": "Rewrite more printing code",
            "messageBody": "",
            "insertions": 9,
            "deletions": 10
          },
          {
            "hash": "bfdaca558fbcab4a8ebcc3c7f8f9dc4e75e83864",
            "messageTitle": "Edit PeriodTask Class",
            "messageBody": "",
            "insertions": 1,
            "deletions": 2
          },
          {
            "hash": "66d23277245bbc2e9242cc170c005b9a0ca6a24d",
            "messageTitle": "Edit import statements",
            "messageBody": "",
            "insertions": 2,
            "deletions": 3
          },
          {
            "hash": "5ddc4137a895e061c4f445589114ec1c23632659",
            "messageTitle": "Update  file to support cross-platform JAR",
            "messageBody": "",
            "insertions": 16,
            "deletions": 0
          },
          {
            "hash": "9b83d5bcfa86068f0d00551f20b17fa807bbb374",
            "messageTitle": "Fix error in main class",
            "messageBody": "",
            "insertions": 2,
            "deletions": 50
          },
          {
            "hash": "e8116ce26e405958a92e646215caa1f09ebac1f4",
            "messageTitle": "[Architecture] Rewrite done and delete commands as methods in CLIView",
            "messageBody": "",
            "insertions": 60,
            "deletions": 40
          },
          {
            "hash": "2e6a878c0626ce8cfa40a665df5bf9e8379aec25",
            "messageTitle": "Edit checkstyle",
            "messageBody": "",
            "insertions": 9,
            "deletions": 9
          }
        ]
      },
      {
        "insertions": 180,
        "deletions": 13,
        "date": "2019-10-05",
        "commitResults": [
          {
            "hash": "ab02eb781f402bdc4d45f4a1fe63d017761a7c70",
            "messageTitle": "Add Member and MemberList classes",
            "messageBody": "",
            "insertions": 40,
            "deletions": 0
          },
          {
            "hash": "5d25ca5d452e9106750344d7113557f3dc6d8e8e",
            "messageTitle": "Add some methods for MemberList and Member",
            "messageBody": "",
            "insertions": 34,
            "deletions": 6
          },
          {
            "hash": "ed204f39c7c8ea2cc51b6dbd29632b2275403e31",
            "messageTitle": "Add ability to enter and exit a project",
            "messageBody": "",
            "insertions": 44,
            "deletions": 4
          },
          {
            "hash": "ceaac4fc0baeff1957d42705479948bcfefb5328",
            "messageTitle": "Add MemberFactory class to create/add members to project",
            "messageBody": "",
            "insertions": 62,
            "deletions": 3
          }
        ]
      },
      {
        "insertions": 100,
        "deletions": 39,
        "date": "2019-10-06",
        "commitResults": [
          {
            "hash": "a2e68aa56ec9f5d085f3d987bbf37445e6b5ab7b",
            "messageTitle": "Add ability to view all members\u0027 details, small fixes",
            "messageBody": "",
            "insertions": 20,
            "deletions": 5
          },
          {
            "hash": "4565885d53b38ec4388bb4d3cdc2c8418f8ff1bc",
            "messageTitle": "Add javadocs and checkstyle edit",
            "messageBody": "",
            "insertions": 74,
            "deletions": 26
          },
          {
            "hash": "695ddd06e664cab9df0306882853777b0bfd4f9e",
            "messageTitle": "Code quality fix",
            "messageBody": "",
            "insertions": 1,
            "deletions": 6
          },
          {
            "hash": "c55b1cb05e08a2186e99e12b40346af867ac619c",
            "messageTitle": "Code quality fix",
            "messageBody": "",
            "insertions": 5,
            "deletions": 2
          }
        ]
      },
      {
        "insertions": 118,
        "deletions": 73,
        "date": "2019-10-07",
        "commitResults": [
          {
            "hash": "6ea9fef89ec62697b0f53b2c6ff2ee3a01cb2e6d",
            "messageTitle": "Abstract reading of project commands into new class",
            "messageBody": "",
            "insertions": 53,
            "deletions": 32
          },
          {
            "hash": "fd2ed219eb6b50d8ece2ca0b8892c96a5bbc3d02",
            "messageTitle": "Edit refactoring of project input controller",
            "messageBody": "",
            "insertions": 13,
            "deletions": 13
          },
          {
            "hash": "b3e9b23349f67f53b878c2f8ebb885aedf3b3294",
            "messageTitle": "Add data validation for adding user without name",
            "messageBody": "",
            "insertions": 22,
            "deletions": 5
          },
          {
            "hash": "453cebdd9ab7165113e1b80970faec23425b4192",
            "messageTitle": "Edit checkstyle and documentation",
            "messageBody": "",
            "insertions": 30,
            "deletions": 23
          }
        ]
      },
      {
        "insertions": 386,
        "deletions": 108,
        "date": "2019-10-13",
        "commitResults": [
          {
            "hash": "e8069246ea70c03c826bf803559f951533770c69",
            "messageTitle": "Add MemberTaskList Class",
            "messageBody": "",
            "insertions": 44,
            "deletions": 0
          },
          {
            "hash": "564b4bbef3611c2b9edcbd3b90f090e023d7a84c",
            "messageTitle": "Add some basic imput parsing for assigning tasks",
            "messageBody": "",
            "insertions": 30,
            "deletions": 12
          },
          {
            "hash": "eafa8d15aac9d68bce0704852c534b9e2d0eee27",
            "messageTitle": "Abstract MemberList as Interface to implement as member list for tasks",
            "messageBody": "",
            "insertions": 106,
            "deletions": 32
          },
          {
            "hash": "2bd02fe17a37986426d057839a589e1c2aa5fb0c",
            "messageTitle": "Add AssignmentController",
            "messageBody": "",
            "insertions": 128,
            "deletions": 21
          },
          {
            "hash": "25a07efa95050c0ae544759848fecd4eabd02b82",
            "messageTitle": "Complete implementation of assign task",
            "messageBody": "",
            "insertions": 39,
            "deletions": 22
          },
          {
            "hash": "7dfa71fe515dcd2aa69a8936cf81951a34c93deb",
            "messageTitle": "Minor fixes",
            "messageBody": "",
            "insertions": 12,
            "deletions": 6
          },
          {
            "hash": "3e2f951a931230d1fb2b797c14c6d5d53334db26",
            "messageTitle": "Edit checkstyle",
            "messageBody": "",
            "insertions": 25,
            "deletions": 11
          },
          {
            "hash": "cfc031d34cb0984b36fea9e325e7aa5871fc2506",
            "messageTitle": "Minor fixes",
            "messageBody": "",
            "insertions": 2,
            "deletions": 4
          }
        ]
      },
      {
        "insertions": 4,
        "deletions": 4,
        "date": "2019-10-14",
        "commitResults": [
          {
            "hash": "bd5c4163e8f11c1cc41839b1f1c8fbcb5ededaf9",
            "messageTitle": "Codacy fix",
            "messageBody": "",
            "insertions": 4,
            "deletions": 4
          }
        ]
      },
      {
        "insertions": 214,
        "deletions": 58,
        "date": "2019-10-16",
        "commitResults": [
          {
            "hash": "df1ad934cb90f1a4dc3e87bdf6ae6c44da8303b8",
            "messageTitle": "Edit printing for assignment of tasks",
            "messageBody": "",
            "insertions": 30,
            "deletions": 17
          },
          {
            "hash": "c8458d43ceb127c2d2e391fb4daeb8cb88ec1fbe",
            "messageTitle": "Rewrite printing for AssignmentController",
            "messageBody": "",
            "insertions": 89,
            "deletions": 5
          },
          {
            "hash": "3d1474efd686388007ab56ddbde2ffcd562d4bc3",
            "messageTitle": "Fix bug in removing member from a task\u0027s list of members",
            "messageBody": "",
            "insertions": 73,
            "deletions": 23
          },
          {
            "hash": "f559860f8172f015539bb134896fdc18ba76b650",
            "messageTitle": "JUnit test for AssignmentControllerUtil",
            "messageBody": "",
            "insertions": 6,
            "deletions": 1
          },
          {
            "hash": "c43a5adff4bbc5a6ea69a554c9260dc4511b2b59",
            "messageTitle": "Edit checkstyle",
            "messageBody": "",
            "insertions": 13,
            "deletions": 8
          },
          {
            "hash": "a0950408ce2068d9a26cbbc5349b71aabd993e63",
            "messageTitle": "Codacy fix",
            "messageBody": "",
            "insertions": 2,
            "deletions": 3
          },
          {
            "hash": "395e113b6e6e333c46cf1a2347b7670888a62413",
            "messageTitle": "Minor fix",
            "messageBody": "",
            "insertions": 1,
            "deletions": 1
          }
        ]
      },
      {
        "insertions": 408,
        "deletions": 191,
        "date": "2019-10-19",
        "commitResults": [
          {
            "hash": "de57b10f0fab2cc75b7c4c2f55039e090377542f",
            "messageTitle": "Re-add input validation for task assignment",
            "messageBody": "",
            "insertions": 54,
            "deletions": 9
          },
          {
            "hash": "d85b9d159517c4d50e1ca33e2a01a44b2139e752",
            "messageTitle": "Reimplement AssignmentController class",
            "messageBody": "",
            "insertions": 55,
            "deletions": 0
          },
          {
            "hash": "e5b11bdcaa8d3cfb328bd31a0cfce23cd5a3945b",
            "messageTitle": "Refine parsing in AssignmentController",
            "messageBody": "",
            "insertions": 16,
            "deletions": 22
          },
          {
            "hash": "a97f5bd4722a7a2a84cff0c03566ad8983484b06",
            "messageTitle": "Add parsing for AssignmentController",
            "messageBody": "",
            "insertions": 95,
            "deletions": 67
          },
          {
            "hash": "5f8bcc83b07ce77f4b448e25c340f48a19b0972f",
            "messageTitle": "Add logic for assigning task",
            "messageBody": "",
            "insertions": 65,
            "deletions": 23
          },
          {
            "hash": "0b4a2e664db4c0b7fb3140381ca3490f4e8ffffe",
            "messageTitle": "Implement assign and unassign functionality",
            "messageBody": "",
            "insertions": 58,
            "deletions": 42
          },
          {
            "hash": "9bd297ac5d90c2789ee8e315568bc5e74e73ce45",
            "messageTitle": "Edit parsing method for assignment input",
            "messageBody": "",
            "insertions": 17,
            "deletions": 8
          },
          {
            "hash": "5e5d9e2780ee64ef99c93c691366f9f610aa6cae",
            "messageTitle": "Fix bug in member assignment",
            "messageBody": "",
            "insertions": 48,
            "deletions": 20
          }
        ]
      },
      {
        "insertions": 35,
        "deletions": 21,
        "date": "2019-10-20",
        "commitResults": [
          {
            "hash": "9b45bbfe76dc2fae0884eea10925764cf1c89aa6",
            "messageTitle": "Temp commit",
            "messageBody": "",
            "insertions": 35,
            "deletions": 21
          }
        ]
      },
      {
        "insertions": 226,
        "deletions": 142,
        "date": "2019-10-21",
        "commitResults": [
          {
            "hash": "7c048518029be541d424e212352d78dbf3fbfb27",
            "messageTitle": "Complete task assignment mechanism",
            "messageBody": "",
            "insertions": 58,
            "deletions": 10
          },
          {
            "hash": "f2123554c9640ceb2c44e178757fd2e930658323",
            "messageTitle": "Remove unncessary lines of code",
            "messageBody": "",
            "insertions": 26,
            "deletions": 90
          },
          {
            "hash": "7184f4fb124b77f6b13d7c0e40327dbb5d60ea29",
            "messageTitle": "Fix checkstyle",
            "messageBody": "",
            "insertions": 36,
            "deletions": 36
          },
          {
            "hash": "0cb8a4b3c1339e69f1e775d180000f1065b1cb0a",
            "messageTitle": "Add JUnit test for AssignmentController",
            "messageBody": "",
            "insertions": 106,
            "deletions": 6
          }
        ]
      },
      {
        "insertions": 80,
        "deletions": 6,
        "date": "2019-10-22",
        "commitResults": [
          {
            "hash": "eba7bea7748d6f28e5002a881db1faa2959b5d82",
            "messageTitle": "[Feat] Implement viewing of assignments",
            "messageBody": "",
            "insertions": 80,
            "deletions": 6
          }
        ]
      },
      {
        "insertions": 584,
        "deletions": 259,
        "date": "2019-10-23",
        "commitResults": [
          {
            "hash": "a9acf527e4d7622636f34cd47186f7bdb0d2a6d2",
            "messageTitle": "[Feat] Implement viewing of assignments by tasK",
            "messageBody": "",
            "insertions": 100,
            "deletions": 9
          },
          {
            "hash": "29276847538968478d1e16f521d40e1483fbda94",
            "messageTitle": "[Style] Edit checkstyle and javadocs",
            "messageBody": "",
            "insertions": 66,
            "deletions": 13
          },
          {
            "hash": "94ead369e3aadb8df3431a736279d95c36151862",
            "messageTitle": "[Style] Codacy fix",
            "messageBody": "",
            "insertions": 0,
            "deletions": 2
          },
          {
            "hash": "67103b2aec63da112f55ae45ad4f2871729f4e94",
            "messageTitle": "[Test] JUnit test for AssignmentViewHelper parsing",
            "messageBody": "",
            "insertions": 110,
            "deletions": 9
          },
          {
            "hash": "fdb988f44db767f63fa33db58d1584ac511ae8b7",
            "messageTitle": "[Refactor] Shifted parsing methods into ParserHelper",
            "messageBody": "",
            "insertions": 84,
            "deletions": 75
          },
          {
            "hash": "226e5992bb9c9095f95047d69d0d537a9c2fa10c",
            "messageTitle": "[Fix] Rewrite parsing function for easier testing",
            "messageBody": "",
            "insertions": 28,
            "deletions": 28
          },
          {
            "hash": "eda33fc95266e4cef468af1cfbf3281cf8a59de3",
            "messageTitle": "[Fix] Minor fixes",
            "messageBody": "",
            "insertions": 22,
            "deletions": 1
          },
          {
            "hash": "ed641ba4d963414560b04a1575bd0f825094bcd9",
            "messageTitle": "[Test] Add test for ParserHelper",
            "messageBody": "",
            "insertions": 64,
            "deletions": 119
          },
          {
            "hash": "b4fbf22cc1dd1025a8c567509ad278766fb36c67",
            "messageTitle": "[Style] Codacy fix",
            "messageBody": "",
            "insertions": 3,
            "deletions": 1
          },
          {
            "hash": "b324ad86f30bf53c73089d981a0793c20913c41a",
            "messageTitle": "[Test] Add JUnit test for AssignmentViewHelper",
            "messageBody": "",
            "insertions": 101,
            "deletions": 0
          },
          {
            "hash": "f210bdc1ef0f92e57a121d20ce120d02be1c491e",
            "messageTitle": "[Style] Checkstyle",
            "messageBody": "",
            "insertions": 6,
            "deletions": 2
          }
        ]
      }
    ],
    "iamabhishek98": [
      {
        "insertions": 77,
        "deletions": 4,
        "date": "2019-10-01",
        "commitResults": [
          {
            "hash": "6a3784fb16958bf6bfe2be7c94ba96063c3d5e5c",
            "messageTitle": "DoAfter tasks initial commit",
            "messageBody": "",
            "insertions": 77,
            "deletions": 4
          }
        ]
      },
      {
        "insertions": 2,
        "deletions": 2,
        "date": "2019-10-08",
        "commitResults": [
          {
            "hash": "f169deb3fe0b7afce5942c5371f838fafacaa728",
            "messageTitle": "fixed bug",
            "messageBody": "",
            "insertions": 2,
            "deletions": 2
          }
        ]
      },
      {
        "insertions": 117,
        "deletions": 26,
        "date": "2019-10-09",
        "commitResults": [
          {
            "hash": "a306e0450e09e41e480f99f8560a04128841dd07",
            "messageTitle": "[Feat] Added Edit Member Functionality",
            "messageBody": "",
            "insertions": 93,
            "deletions": 7
          },
          {
            "hash": "25428d6cd7924c4620d60dea833d559f56bcb9fc",
            "messageTitle": "[Fix] Fixed Checkstyle Errors",
            "messageBody": "",
            "insertions": 21,
            "deletions": 18
          },
          {
            "hash": "0df64a5d90e7e22e6841a8601a9e03ab37488974",
            "messageTitle": "[Fix] Resolve Codacy Errors",
            "messageBody": "",
            "insertions": 3,
            "deletions": 1
          }
        ]
      },
      {
        "insertions": 140,
        "deletions": 106,
        "date": "2019-10-10",
        "commitResults": [
          {
            "hash": "9ae3cb0fc7437cc6334a2793e1514045271c140b",
            "messageTitle": "[Fix] Resolve Codacy errors",
            "messageBody": "",
            "insertions": 21,
            "deletions": 15
          },
          {
            "hash": "79e68b8caa1b12fe249f1a72633510bb971c6b58",
            "messageTitle": "[Fix] Resolve Codacy errors",
            "messageBody": "",
            "insertions": 4,
            "deletions": 1
          },
          {
            "hash": "8cb87c095aefc789d532a999674f2c364a4edfa0",
            "messageTitle": "[Improve] Project Management",
            "messageBody": "",
            "insertions": 64,
            "deletions": 70
          },
          {
            "hash": "ebea88296779ed6530b9064f4df1b0c45e224c5d",
            "messageTitle": "[Feat] Delete Project Member",
            "messageBody": "",
            "insertions": 26,
            "deletions": 0
          },
          {
            "hash": "7be68c4ce30df119820baf677a7c3562cb39278f",
            "messageTitle": "[Fix] Resolve Codacy Errors",
            "messageBody": "",
            "insertions": 6,
            "deletions": 3
          },
          {
            "hash": "c7306e1ef1a9e27ae1cc86da6b2eb82acfa12b9d",
            "messageTitle": "[Fix] Resolve Codacy Errors",
            "messageBody": "",
            "insertions": 5,
            "deletions": 5
          },
          {
            "hash": "4fc9bec32b7e6d55f06960a699c2181255093376",
            "messageTitle": "Requested Changes",
            "messageBody": "",
            "insertions": 14,
            "deletions": 12
          }
        ]
      },
      {
        "insertions": 58,
        "deletions": 12,
        "date": "2019-10-14",
        "commitResults": [
          {
            "hash": "696891b6af03879cf5ee725cb8166bdd0d4711c0",
            "messageTitle": "[Feat] Added Delete Task Functionality",
            "messageBody": "",
            "insertions": 55,
            "deletions": 10
          },
          {
            "hash": "aedefd968be817377181b5f34abf0d91c79c63ae",
            "messageTitle": "[Fix] Travis error",
            "messageBody": "",
            "insertions": 3,
            "deletions": 2
          }
        ]
      },
      {
        "insertions": 181,
        "deletions": 53,
        "date": "2019-10-15",
        "commitResults": [
          {
            "hash": "b5a4f42e29e40c03997feb8e032fb48469e88a9a",
            "messageTitle": "[Test] Member JUnit Testing",
            "messageBody": "",
            "insertions": 32,
            "deletions": 0
          },
          {
            "hash": "a7ac16ef10b69c66195fc66f8acfb2ff3d490498",
            "messageTitle": "[Test] Added Tests for Member,ProjectMemberList,TaskList,Task",
            "messageBody": "",
            "insertions": 142,
            "deletions": 49
          },
          {
            "hash": "7b4cc206d6a5777385928895368e711153a946a3",
            "messageTitle": "[Fix] Codacy Errors",
            "messageBody": "",
            "insertions": 7,
            "deletions": 4
          }
        ]
      },
      {
        "insertions": 176,
        "deletions": 49,
        "date": "2019-10-16",
        "commitResults": [
          {
            "hash": "3339a9be45456d36a6ecc4e6d17e35f2536b962c",
            "messageTitle": "[Feat] View Tasks by Sorting Initial Commit",
            "messageBody": "",
            "insertions": 176,
            "deletions": 49
          }
        ]
      },
      {
        "insertions": 279,
        "deletions": 79,
        "date": "2019-10-17",
        "commitResults": [
          {
            "hash": "bb3ddf55bb5d2d700b5cee84b3523b4485b171cd",
            "messageTitle": "[Docs] Added Java Docs For View Tasks",
            "messageBody": "",
            "insertions": 93,
            "deletions": 31
          },
          {
            "hash": "385d14a9aee1db608948940e9382dbf814e2c172",
            "messageTitle": "[Fix] Fix Travis Errors",
            "messageBody": "",
            "insertions": 8,
            "deletions": 5
          },
          {
            "hash": "7cf5898b262888fad483ace2ab9afa72dd9d9c3e",
            "messageTitle": "[Fix] Fix Travis Errors",
            "messageBody": "",
            "insertions": 1,
            "deletions": 0
          },
          {
            "hash": "9cb63d5c4ceb2748dd8d6cd82dfbfb74178086b3",
            "messageTitle": "[Fix] Fix Travis Errors",
            "messageBody": "",
            "insertions": 2,
            "deletions": 2
          },
          {
            "hash": "5df01fe2b61e4be8d596688d9175e5356fe36204",
            "messageTitle": "[Fix] Fix Travis Errors",
            "messageBody": "",
            "insertions": 0,
            "deletions": 2
          },
          {
            "hash": "152d98b9ce3b71f50b2a10a44567fd06a5093c6a",
            "messageTitle": "[Improve] View Tasks Sorted by Date",
            "messageBody": "",
            "insertions": 17,
            "deletions": 4
          },
          {
            "hash": "b043aa50a5c50ed38791174f47fd62bfefc6265f",
            "messageTitle": "[Test] JUnit Test Cases For View Tasks Sorting",
            "messageBody": "",
            "insertions": 80,
            "deletions": 8
          },
          {
            "hash": "5a50390326d29e4e1e4f05e751da7f9d0c66d073",
            "messageTitle": "[Feat] View Sorting by Member Names Initial Commit",
            "messageBody": "",
            "insertions": 13,
            "deletions": 12
          },
          {
            "hash": "06ca270c5094427d12f909d49f2d517856f2d766",
            "messageTitle": "[Improve] View Sorting by Member Names",
            "messageBody": "",
            "insertions": 13,
            "deletions": 4
          },
          {
            "hash": "418c833ef9dca0488f8df33f39bd0185eca18190",
            "messageTitle": "[Fix] Travis Errors",
            "messageBody": "",
            "insertions": 1,
            "deletions": 1
          },
          {
            "hash": "2ae0d0abfc2f6fcf9f19e5f44923477f561ecfc3",
            "messageTitle": "[Improve] View Tasks Sorting by Members",
            "messageBody": "",
            "insertions": 1,
            "deletions": 7
          },
          {
            "hash": "cd1b5be233a4157c59b321e478e1346dd9eca635",
            "messageTitle": "[Test] JUnit Testing for View Tasks Sorting by Members",
            "messageBody": "",
            "insertions": 20,
            "deletions": 0
          },
          {
            "hash": "5ad919a6349af4996316a0d2f16be3614bd10128",
            "messageTitle": "[Fix] Edit Member Details Bug",
            "messageBody": "",
            "insertions": 28,
            "deletions": 1
          },
          {
            "hash": "627d740d5caf5d65b84811cca5ab7faea82b8970",
            "messageTitle": "[Fix] Update JUnit Tests for Edit Member Details Bug",
            "messageBody": "",
            "insertions": 2,
            "deletions": 2
          }
        ]
      },
      {
        "insertions": 1033,
        "deletions": 593,
        "date": "2019-10-21",
        "commitResults": [
          {
            "hash": "a54db148c0416bc8f029033f448ebfe0d01ad3bf",
            "messageTitle": "[Refactor] Extracted Methods for ProjectInputController",
            "messageBody": "",
            "insertions": 183,
            "deletions": 118
          },
          {
            "hash": "4ffda7957a40a65ce7879d5edd317fe97a8a4ba8",
            "messageTitle": "[Refactor] Extracted Parsing Method in AssignmentController",
            "messageBody": "",
            "insertions": 59,
            "deletions": 34
          },
          {
            "hash": "8bf9639eda13eadc03a5b3db95ddf7a6543cbc71",
            "messageTitle": "[Docs] Updated JavaDocs for extracted methods",
            "messageBody": "",
            "insertions": 82,
            "deletions": 15
          },
          {
            "hash": "b10871ebe896420d99bf4f2f0cc1ea3146e778f4",
            "messageTitle": "[Fix] Codacy Errors",
            "messageBody": "",
            "insertions": 2,
            "deletions": 2
          },
          {
            "hash": "4fb8ddbf82efb953f05eae6252e4ea33a1f786a9",
            "messageTitle": "[Fix] Codacy Errors",
            "messageBody": "",
            "insertions": 3,
            "deletions": 2
          },
          {
            "hash": "7acbe28c7eef2c0d9467b17b72eb9100f72a30e2",
            "messageTitle": "[Test] JUnit Tests for ProjectInputController Initial Commit",
            "messageBody": "",
            "insertions": 279,
            "deletions": 113
          },
          {
            "hash": "cdd229da4b70725118b169731cd457f0c260c037",
            "messageTitle": "[Test] JUnit Tests for ProjectInputController Member Functions",
            "messageBody": "",
            "insertions": 12,
            "deletions": 7
          },
          {
            "hash": "7e0f8ca8feaded9aa49cf6cdc63f6ee01c47d1da",
            "messageTitle": "[Test] JUnit Tests for ProjectInputController AddTask, DeleteTask",
            "messageBody": "",
            "insertions": 57,
            "deletions": 2
          },
          {
            "hash": "8f9c6d86579330714e5ae5c843b00aa0fde254f0",
            "messageTitle": "[Test] JUnit Tests for ProjectInputController EditTaskRequirements",
            "messageBody": "",
            "insertions": 22,
            "deletions": 22
          },
          {
            "hash": "efc26449f4d1afab1688f260898d2fd1926d2a03",
            "messageTitle": "[Test] JUnit Tests for ProjectInputController AssignTasks",
            "messageBody": "",
            "insertions": 37,
            "deletions": 17
          },
          {
            "hash": "623bf52f355ee89a041bcf02d1518d848d5e8084",
            "messageTitle": "[Fix] Checkstyle Errors",
            "messageBody": "",
            "insertions": 1,
            "deletions": 0
          },
          {
            "hash": "0da73d06033f2804bbc2a9c47661c934d43e4568",
            "messageTitle": "[Refactor] Added Constructors for JUnit Tests",
            "messageBody": "",
            "insertions": 103,
            "deletions": 93
          },
          {
            "hash": "ca25fc151795b930bf155eb95e811d4b26c0e15f",
            "messageTitle": "[Fix] Fixed Add Task Bug",
            "messageBody": "",
            "insertions": 85,
            "deletions": 57
          },
          {
            "hash": "33af648f474db33151d0a951ce42704ecb393ae5",
            "messageTitle": "[Fix] Fixed Edit Task Bug",
            "messageBody": "",
            "insertions": 54,
            "deletions": 34
          },
          {
            "hash": "886456dfd0e26ff20bae4479669d5394fde9dfbe",
            "messageTitle": "[Fix] CheckStyle Errors",
            "messageBody": "",
            "insertions": 52,
            "deletions": 75
          },
          {
            "hash": "d89c4a7d607477073f5f6ffc35ef79c1ed58215f",
            "messageTitle": "[Fix] Codacy Errors",
            "messageBody": "",
            "insertions": 2,
            "deletions": 2
          }
        ]
      },
      {
        "insertions": 89,
        "deletions": 84,
        "date": "2019-10-22",
        "commitResults": [
          {
            "hash": "bbfeef153e420f4ca7c8415e831bccf51f11cbe8",
            "messageTitle": "[Improve] Made Add/Edit Task Order Agnostic",
            "messageBody": "",
            "insertions": 27,
            "deletions": 15
          },
          {
            "hash": "5b4c0a32d349295db9f3e5a10776fa91261f4ae6",
            "messageTitle": "[Test] Additional JUnit Tests for Add/Edit Task Order Agnostic",
            "messageBody": "",
            "insertions": 9,
            "deletions": 6
          },
          {
            "hash": "17e5aeef61a6e964d9af0ad27bade19e89aaf5f1",
            "messageTitle": "[Improve] Edit task, member",
            "messageBody": "",
            "insertions": 2,
            "deletions": 2
          },
          {
            "hash": "89f7c6fea7a3ac8f3b352d7939661174f22589ee",
            "messageTitle": "[Improve] Edit member feature",
            "messageBody": "",
            "insertions": 1,
            "deletions": 1
          },
          {
            "hash": "b81fdb375f625e5ce261881bc38421f856720873",
            "messageTitle": "[Improve] Changed format of Add/Edit member feature",
            "messageBody": "",
            "insertions": 28,
            "deletions": 33
          },
          {
            "hash": "3787608ae45d24ba367e06999ccf58e2e21a3a42",
            "messageTitle": "[Test] Edited Tests for Add/Edit member feature",
            "messageBody": "",
            "insertions": 8,
            "deletions": 8
          },
          {
            "hash": "cf7136f95e9b7f4dd5525febe89ba304baba6fa3",
            "messageTitle": "[Test] Edited Tests for Add/Edit member feature",
            "messageBody": "",
            "insertions": 5,
            "deletions": 5
          },
          {
            "hash": "79a0b3828bbe3c5f6cd4139a0fb84b6d4c8cd893",
            "messageTitle": "[Fix] Updated Tests to Account for Format Change",
            "messageBody": "",
            "insertions": 8,
            "deletions": 7
          },
          {
            "hash": "647ea2a97721ba416c01aae39c5a00bc94ae6f5a",
            "messageTitle": "[Fix] Minor Changes",
            "messageBody": "",
            "insertions": 1,
            "deletions": 7
          }
        ]
      },
      {
        "insertions": 156,
        "deletions": 100,
        "date": "2019-10-23",
        "commitResults": [
          {
            "hash": "50190cf15362cfc32169ab800f8e05b3570065c7",
            "messageTitle": "[Refactor] Extracted methods in ConsoleInputController",
            "messageBody": "",
            "insertions": 53,
            "deletions": 32
          },
          {
            "hash": "a34a2e252c9701e24622a5ff29f8d57bf915f748",
            "messageTitle": "[Refactor] Remove unused functions",
            "messageBody": "",
            "insertions": 10,
            "deletions": 21
          },
          {
            "hash": "1fe1a89232f537bbf31d70640f659825f2cf6c94",
            "messageTitle": "[Feat] View Credits Empty Methods",
            "messageBody": "",
            "insertions": 46,
            "deletions": 2
          },
          {
            "hash": "d73e82c1957591aac567025bfcaaa42966b42342",
            "messageTitle": "[Fix] Merge Conflicts",
            "messageBody": "",
            "insertions": 32,
            "deletions": 31
          },
          {
            "hash": "3b3188197b5fec9b959b3fd5483acfe5b9eb6b94",
            "messageTitle": "[Fix] Edit Task Wrong Format Bug",
            "messageBody": "",
            "insertions": 10,
            "deletions": 6
          },
          {
            "hash": "17352ad61870e4b31ee27fd1c53244e5a5a9d322",
            "messageTitle": "[Fix] Codacy Errors",
            "messageBody": "",
            "insertions": 2,
            "deletions": 2
          },
          {
            "hash": "da3abc21e4fa2e91a267a0339acb12b220c7a2a0",
            "messageTitle": "[Fix] CheckStyle Errors",
            "messageBody": "",
            "insertions": 3,
            "deletions": 6
          }
        ]
      },
      {
        "insertions": 218,
        "deletions": 77,
        "date": "2019-10-24",
        "commitResults": [
          {
            "hash": "9e5443383c2eab3ca45660b6abf9c08a9b86bb1f",
            "messageTitle": "[Fix] View Tasks Sorting Members",
            "messageBody": "",
            "insertions": 28,
            "deletions": 14
          },
          {
            "hash": "d453fbcfc60f6f9e00f5c8106acc25866e056482",
            "messageTitle": "[Test] Updated Tests",
            "messageBody": "",
            "insertions": 64,
            "deletions": 26
          },
          {
            "hash": "864e5439afd23634783ef5237720a5f08474835b",
            "messageTitle": "[Test] Added JUnit Tests for ProjectInputController ViewTasks",
            "messageBody": "",
            "insertions": 94,
            "deletions": 21
          },
          {
            "hash": "7fac9bc729d4fc215aa5fbdd175bfc985e4babe3",
            "messageTitle": "[Fix] CheckStyle Errors",
            "messageBody": "",
            "insertions": 32,
            "deletions": 16
          }
        ]
      }
    ],
    "seanlimhx": [
      {
        "insertions": 206,
        "deletions": 19,
        "date": "2019-10-02",
        "commitResults": [
          {
            "hash": "bcd6cd97cde7bc95b96d66a80c06eed302c36fba",
            "messageTitle": "Updated TentativeScheduling - able to create a tentative event with multiple tentative dates",
            "messageBody": "",
            "insertions": 90,
            "deletions": 1
          },
          {
            "hash": "8ba97ff7b6f31c991759a8d7da41235b90e9c288",
            "messageTitle": "[Test] Added TentativeTest",
            "messageBody": "",
            "insertions": 50,
            "deletions": 0
          },
          {
            "hash": "cd0ce8aeddf202326dd9c6b08d875e25adef3ed5",
            "messageTitle": "[Test] Updated TentativeTest",
            "messageBody": "",
            "insertions": 1,
            "deletions": 11
          },
          {
            "hash": "338ff9e065ee740f51d1077c5c1f63fda5b7c1aa",
            "messageTitle": "[Feat] Added feature to confirm a timing for tentative tasks",
            "messageBody": "",
            "insertions": 62,
            "deletions": 4
          },
          {
            "hash": "5898391df8cbc13a29df4e60c8a7e5caa6dedea9",
            "messageTitle": "Fixed Checkstyle",
            "messageBody": "",
            "insertions": 3,
            "deletions": 3
          }
        ]
      },
      {
        "insertions": 104,
        "deletions": 25,
        "date": "2019-10-09",
        "commitResults": [
          {
            "hash": "28a6b146b21027136297f9a3dc37213d541f26c0",
            "messageTitle": "[Feat] Added dueDate, taskCredit and state to the properties of a task",
            "messageBody": "",
            "insertions": 79,
            "deletions": 8
          },
          {
            "hash": "92d163b394c7b6dd1c8b5cef65d75b04c0da197e",
            "messageTitle": "[Feat] Added exception for add task",
            "messageBody": "",
            "insertions": 2,
            "deletions": 1
          },
          {
            "hash": "9899458ffa39b2b526945cfbb60b77822bf282d7",
            "messageTitle": "[Fix] Fixed checkstyle",
            "messageBody": "",
            "insertions": 23,
            "deletions": 16
          }
        ]
      },
      {
        "insertions": 28,
        "deletions": 26,
        "date": "2019-10-10",
        "commitResults": [
          {
            "hash": "999b65a5d8a35f58f37941b81d36889831bc4a29",
            "messageTitle": "[Fix] Changed State to TaskState for clearer reading",
            "messageBody": "",
            "insertions": 24,
            "deletions": 22
          },
          {
            "hash": "6c3b48dbba1b4432e999273c7f6bfce3aba484ba",
            "messageTitle": "[Fix] Fixed bug",
            "messageBody": "",
            "insertions": 2,
            "deletions": 2
          },
          {
            "hash": "8ac47391629e8e7cb2959d0011908bee0b0e5894",
            "messageTitle": "[Fix] Fixed Checkstyle",
            "messageBody": "",
            "insertions": 2,
            "deletions": 2
          }
        ]
      },
      {
        "insertions": 115,
        "deletions": 35,
        "date": "2019-10-14",
        "commitResults": [
          {
            "hash": "0905fa15b25266a729f41660cdb0424e56f0b6df",
            "messageTitle": "Added TaskRequirements property and \"view task requirements\" command",
            "messageBody": "",
            "insertions": 88,
            "deletions": 21
          },
          {
            "hash": "9fea5b47ee93c20b1ad18c2f48e23dd3c6498424",
            "messageTitle": "Edited and added test case for TaskTest and made minor fixes to TaskFactory",
            "messageBody": "",
            "insertions": 21,
            "deletions": 5
          },
          {
            "hash": "5e8cd70785332e4ddd87485a6a06b3de8095bdea",
            "messageTitle": "Fixed Checkstyle",
            "messageBody": "",
            "insertions": 2,
            "deletions": 1
          },
          {
            "hash": "9ad98d32479747eb07675c2167415314058112df",
            "messageTitle": "Codacy fix",
            "messageBody": "",
            "insertions": 0,
            "deletions": 1
          },
          {
            "hash": "d476c75f3fa2ce4696e9e9f23a277467ff0be664",
            "messageTitle": "Changed \"add task\" to 1 line command",
            "messageBody": "",
            "insertions": 2,
            "deletions": 5
          },
          {
            "hash": "5e0ec291592cd76cb4fd40566f68710ac5ec3d3d",
            "messageTitle": "[Feat] Added index to be displayed when \"view tasks\" is called",
            "messageBody": "",
            "insertions": 2,
            "deletions": 2
          }
        ]
      },
      {
        "insertions": 132,
        "deletions": 13,
        "date": "2019-10-15",
        "commitResults": [
          {
            "hash": "2c304ac15c3106367efafb8dc04093e86fd4ddf8",
            "messageTitle": "[Feat] Added \"edit task\" feature",
            "messageBody": "",
            "insertions": 120,
            "deletions": 9
          },
          {
            "hash": "587b2fd145c9f186ff47be29c1e67bfa98378b8c",
            "messageTitle": "[Improve] Added javadoc",
            "messageBody": "",
            "insertions": 11,
            "deletions": 0
          },
          {
            "hash": "78a90e534122ee2bdeef2064d9786e261bda3cfd",
            "messageTitle": "[Fix] Fixed checkstyle and codacy",
            "messageBody": "",
            "insertions": 1,
            "deletions": 4
          }
        ]
      },
      {
        "insertions": 111,
        "deletions": 12,
        "date": "2019-10-16",
        "commitResults": [
          {
            "hash": "94acdfea83f6fb4eabf63d0edb9c3fa704e3bca1",
            "messageTitle": "[Feat] Added \"edit task requirements\" feature",
            "messageBody": "",
            "insertions": 82,
            "deletions": 1
          },
          {
            "hash": "9ab44f9e700c7a00c25b7cb4d023144a21aa73b0",
            "messageTitle": "[Improve] Added indexing for \"view task requirements\" for clearer viewing",
            "messageBody": "",
            "insertions": 22,
            "deletions": 3
          },
          {
            "hash": "c1608818354143ae6e9e8835eb263fbc285a324b",
            "messageTitle": "[Improve] Minor fixes",
            "messageBody": "",
            "insertions": 5,
            "deletions": 8
          },
          {
            "hash": "b64f143dddb07a6e7b324170349431dc32710733",
            "messageTitle": "[Improve] Edited \"view task requirements\" to show specified task details along with task requirements",
            "messageBody": "",
            "insertions": 1,
            "deletions": 0
          },
          {
            "hash": "a8b14bf5fe0720464b4dd5d97fe133a7e0559584",
            "messageTitle": "[Fix] attempt to solve codacy error",
            "messageBody": "",
            "insertions": 1,
            "deletions": 0
          }
        ]
      },
      {
        "insertions": 44,
        "deletions": 25,
        "date": "2019-10-19",
        "commitResults": [
          {
            "hash": "ddbe21ffa8782957cb5ae3873d7b6ea062ff2569",
            "messageTitle": "[Bug] Allow edit task state to be agnostic",
            "messageBody": "",
            "insertions": 4,
            "deletions": 2
          },
          {
            "hash": "b697055cde705d33ed3b706321aa7bf99c2ef574",
            "messageTitle": "[Improve] for \"edit task\", input task details can be in any order",
            "messageBody": "",
            "insertions": 40,
            "deletions": 22
          },
          {
            "hash": "c584a06cae51d5a2fc6f35b10691ef08e26025cf",
            "messageTitle": "[Improve] Removed unused libraries",
            "messageBody": "",
            "insertions": 0,
            "deletions": 1
          }
        ]
      },
      {
        "insertions": 2,
        "deletions": 2,
        "date": "2019-10-20",
        "commitResults": [
          {
            "hash": "0afa787f2df29ab57bfe36a9709616182d10e622",
            "messageTitle": "[Improve] Changed display output when member has no phone number or email address",
            "messageBody": "",
            "insertions": 2,
            "deletions": 2
          }
        ]
      },
      {
        "insertions": 165,
        "deletions": 37,
        "date": "2019-10-21",
        "commitResults": [
          {
            "hash": "7a35f843bb731a76f6a31c448780c461d58a5fec",
            "messageTitle": "[Feat] CLI display for viewing all projects",
            "messageBody": "",
            "insertions": 109,
            "deletions": 6
          },
          {
            "hash": "88f8c82a61e1ebb7b33288ee68d7f54f9e2cd575",
            "messageTitle": "[Fix] Accounted for input words with length more than the table width",
            "messageBody": "",
            "insertions": 27,
            "deletions": 6
          },
          {
            "hash": "c82e5b7b243f0a569d49a3fce0fb0062a88e1e6a",
            "messageTitle": "[Improve] UI display when there are no projects and when there are no members in a project",
            "messageBody": "",
            "insertions": 22,
            "deletions": 15
          },
          {
            "hash": "28cbb5664d440e56bd849d6447ed4cadbf4c3fbb",
            "messageTitle": "[Fix] Codacy fix",
            "messageBody": "",
            "insertions": 0,
            "deletions": 3
          },
          {
            "hash": "2dd8620285a19a43983980c6ea7d2585d50aef5c",
            "messageTitle": "[Fix] Travis fix, updated blank details from \"No phone number\" or \"No email address\" to \"--\"",
            "messageBody": "",
            "insertions": 6,
            "deletions": 6
          },
          {
            "hash": "bf67fd8faf5502b4ca1b345d2a71a7adda58ed5e",
            "messageTitle": "[Fix] Travis fix, update blank details from \"No name\" to \"--\"",
            "messageBody": "",
            "insertions": 1,
            "deletions": 1
          }
        ]
      },
      {
        "insertions": 124,
        "deletions": 51,
        "date": "2019-10-22",
        "commitResults": [
          {
            "hash": "00495e79c5771cd26430c0d50319b38a3b429f40",
            "messageTitle": "[Refactor] Moved getting project details of viewAllTasks from CLIView to ProjectRepository class",
            "messageBody": "",
            "insertions": 44,
            "deletions": 35
          },
          {
            "hash": "d9713205c1c8389048ac73188151ddfc5a923a57",
            "messageTitle": "[Improve] Edited sortTaskDueDate to present tasks from closest deadline to furthest deadline and updated relevant test cases",
            "messageBody": "",
            "insertions": 9,
            "deletions": 7
          },
          {
            "hash": "0de13b9d502dd33ebe8021a99d69c6cde9f5baef",
            "messageTitle": "[Improve] added brackets to output of getDifferenceDays",
            "messageBody": "",
            "insertions": 3,
            "deletions": 3
          },
          {
            "hash": "cee017529106dceff3606e4982387cdfb27abf04",
            "messageTitle": "[Feat] Added \"next deadline\" feature when viewing projects",
            "messageBody": "",
            "insertions": 23,
            "deletions": 1
          },
          {
            "hash": "2ab3b990711ae00d810208e460c6a7292701edd5",
            "messageTitle": "[Fix] Checkstyle fix",
            "messageBody": "",
            "insertions": 2,
            "deletions": 2
          },
          {
            "hash": "eea868f1f39a0ae0ea540c2b733429e9fb2e994d",
            "messageTitle": "[Feat] Added Overall Progress for viewAllProjects",
            "messageBody": "",
            "insertions": 43,
            "deletions": 3
          }
        ]
      },
      {
        "insertions": 15,
        "deletions": 8,
        "date": "2019-10-23",
        "commitResults": [
          {
            "hash": "27a2d0bc051aee961867a6e8422fc4accf687def",
            "messageTitle": "[Improve] Next Deadline will only show deadlines of tasks that are not completed",
            "messageBody": "",
            "insertions": 15,
            "deletions": 7
          },
          {
            "hash": "e0cb7dcfa6cae07e886a470448ca4bfe8897993d",
            "messageTitle": "[Fix] Codacy fix",
            "messageBody": "",
            "insertions": 0,
            "deletions": 1
          }
        ]
      },
      {
        "insertions": 101,
        "deletions": 57,
        "date": "2019-10-25",
        "commitResults": [
          {
            "hash": "88c5bce187aac28dfc5e70edad226272d39d6260",
            "messageTitle": "[Improve]  Removed i/ flag from view task requirements",
            "messageBody": "",
            "insertions": 2,
            "deletions": 2
          },
          {
            "hash": "86852c704f8db9d7480e75b275e5c08a9b0e949d",
            "messageTitle": "[Improve] Updated edit task requirements to \"-i\" style commands and refactored",
            "messageBody": "",
            "insertions": 68,
            "deletions": 37
          },
          {
            "hash": "f64205ace5c381e9207d0e2160fadd4a33cd7a3b",
            "messageTitle": "[Improve] Input validation for view task requirements",
            "messageBody": "",
            "insertions": 16,
            "deletions": 8
          },
          {
            "hash": "c834d526cfb45dec49cae34119b29b654327d9d3",
            "messageTitle": "[Improve] input validation for edit task requirements",
            "messageBody": "",
            "insertions": 11,
            "deletions": 7
          },
          {
            "hash": "859adfb1f14ded06413e7fd0fb98d8540f3ef1f7",
            "messageTitle": "[Fix] Fixed bugs and updated test cases",
            "messageBody": "",
            "insertions": 4,
            "deletions": 3
          }
        ]
      }
    ],
    "Lucria": [
      {
        "insertions": 220,
        "deletions": 71,
        "date": "2019-10-01",
        "commitResults": [
          {
            "hash": "876e07029690ab4548154342851f088849dec6cd",
            "messageTitle": "[Feat] Initial code for Project, its Factory and Repository",
            "messageBody": "",
            "insertions": 127,
            "deletions": 54
          },
          {
            "hash": "2bcbd9034b3d2b2514e60877ecfa07fd9d3984b2",
            "messageTitle": "[Style] Fixed StyleCheckMain",
            "messageBody": "",
            "insertions": 9,
            "deletions": 4
          },
          {
            "hash": "0beab0a66c360f1fbb5bdfb3ba9e5067500e4a5b",
            "messageTitle": "[Feat] Added parsing for projects creation",
            "messageBody": "",
            "insertions": 80,
            "deletions": 13
          },
          {
            "hash": "7dd7fdf735a2c042498befe0c657f381f98824ad",
            "messageTitle": "[Style] Fixed CheckStyleMain",
            "messageBody": "",
            "insertions": 4,
            "deletions": 0
          }
        ]
      },
      {
        "insertions": 1,
        "deletions": 1,
        "date": "2019-10-02",
        "commitResults": [
          {
            "hash": "41ae458a3fb182288e3bac32f6ff55b7515a0a68",
            "messageTitle": "[Fix] Fixed typo in DeveloperGuide",
            "messageBody": "",
            "insertions": 1,
            "deletions": 1
          }
        ]
      },
      {
        "insertions": 50,
        "deletions": 110,
        "date": "2019-10-07",
        "commitResults": [
          {
            "hash": "cc66f84b9914b5a2bd515db2f50da7cabb44d8dd",
            "messageTitle": "[Style] Remove unused imports to improve code quality",
            "messageBody": "",
            "insertions": 1,
            "deletions": 16
          },
          {
            "hash": "c01eba2bf32c1ad1192aa8106f44116fd2512e95",
            "messageTitle": "[Style] Edited code style",
            "messageBody": "",
            "insertions": 26,
            "deletions": 77
          },
          {
            "hash": "d4159b9d9bdcb4750528a0024ad7738f5267bd8c",
            "messageTitle": "[Test] Fixed test cases",
            "messageBody": "",
            "insertions": 11,
            "deletions": 6
          },
          {
            "hash": "803a4959f82175cadb453a981dbdad7e596dbe23",
            "messageTitle": "[Fix] Trying to fix weird CI errors",
            "messageBody": "",
            "insertions": 1,
            "deletions": 1
          },
          {
            "hash": "1ad0f94664a5705463a0aa8e79a2a9a2f3693dac",
            "messageTitle": "[Fix] Trying to fix weird CI errors",
            "messageBody": "",
            "insertions": 4,
            "deletions": 5
          },
          {
            "hash": "6ac12dfb7faa81762d8cad07106e1427c756fe26",
            "messageTitle": "[Chore] Trying to console print and manually check differences",
            "messageBody": "",
            "insertions": 2,
            "deletions": 0
          },
          {
            "hash": "067959393cddc12165515d49f912b6ee64af74e4",
            "messageTitle": "[Fix] Fixed failing test cases finally",
            "messageBody": "",
            "insertions": 5,
            "deletions": 5
          }
        ]
      },
      {
        "insertions": 22,
        "deletions": 66,
        "date": "2019-10-08",
        "commitResults": [
          {
            "hash": "e8ee5df90b491f582c0ef7ee2cc8cd778538c73e",
            "messageTitle": "[Style] Added some comments for not implemented",
            "messageBody": "",
            "insertions": 14,
            "deletions": 19
          },
          {
            "hash": "8f92d53fc6829c1dba033f404e9364341367b1aa",
            "messageTitle": "[Style] Restyled code",
            "messageBody": "",
            "insertions": 1,
            "deletions": 7
          },
          {
            "hash": "2f81bcf6cc0eb73c139ae7bfaaa46af52ef92df6",
            "messageTitle": "[Style] Restyled README according to Codacy",
            "messageBody": "",
            "insertions": 2,
            "deletions": 29
          },
          {
            "hash": "bc96846197b0923c0c9576f5169a5c66103113bb",
            "messageTitle": "[Style] Removed Unused imports",
            "messageBody": "",
            "insertions": 5,
            "deletions": 11
          }
        ]
      },
      {
        "insertions": 38,
        "deletions": 803,
        "date": "2019-10-13",
        "commitResults": [
          {
            "hash": "a9ad7453fc0793f0a12212c61fc4464f3f3d5506",
            "messageTitle": "[Refactor] Cleaned up unused RescheduleCommand and ICommand",
            "messageBody": "",
            "insertions": 1,
            "deletions": 101
          },
          {
            "hash": "984b455b8448ac4351f50bdc194bd0af2f7c6c73",
            "messageTitle": "[Refactor] Removed unused Exceptions",
            "messageBody": "",
            "insertions": 5,
            "deletions": 39
          },
          {
            "hash": "65c8bed8e1dde5ad04f147edbf877b59841d7031",
            "messageTitle": "[Refactor] Removed classes related to Tasks within a certain period",
            "messageBody": "",
            "insertions": 0,
            "deletions": 242
          },
          {
            "hash": "a423306d09c1193cebcf139f6857274025ac4494",
            "messageTitle": "[Refactor] Removed unused commands \"schedule\", \"free\", \"remind\"",
            "messageBody": "",
            "insertions": 0,
            "deletions": 98
          },
          {
            "hash": "7551dec3fed30b4a651f39a3372f0201401abf7a",
            "messageTitle": "[Refactor] Removed unused test files and unused commands",
            "messageBody": "",
            "insertions": 7,
            "deletions": 301
          },
          {
            "hash": "d8d2e15266a9f8a5c2c273908dde97d8223fe2ae",
            "messageTitle": "[Refactor] Moved Factories to Utilities package (helper classes)",
            "messageBody": "",
            "insertions": 17,
            "deletions": 14
          },
          {
            "hash": "412831a9e2b729fac7d6fd8b7d5247e60341e10b",
            "messageTitle": "[Style] Fixed switch case styling",
            "messageBody": "",
            "insertions": 8,
            "deletions": 8
          }
        ]
      },
      {
        "insertions": 189,
        "deletions": 1197,
        "date": "2019-10-15",
        "commitResults": [
          {
            "hash": "2bdd6d343bcf622f11907a492cfeefc794c35c08",
            "messageTitle": "[Feat] Initial code for serialising and saving to JSON",
            "messageBody": "",
            "insertions": 28,
            "deletions": 85
          },
          {
            "hash": "c22338d2fa1a2aeef76f30af39eee5d584098385",
            "messageTitle": "[Fix] Temporarily take away loading",
            "messageBody": "",
            "insertions": 25,
            "deletions": 26
          },
          {
            "hash": "1249844565f7830d504b8c137e23a1a21d25c2cb",
            "messageTitle": "[Fix] Refactor taskList to support data loading",
            "messageBody": "",
            "insertions": 4,
            "deletions": 8
          },
          {
            "hash": "274691c192090e1cb5e1f2b6b8fa71cc908943ef",
            "messageTitle": "[Style] Fixed CheckStyleMain errors",
            "messageBody": "",
            "insertions": 0,
            "deletions": 1
          },
          {
            "hash": "c0d66ab7f2643be4ed50dcf41e1274db8c72abf3",
            "messageTitle": "[Refactor] Removed all unused code for cleaner work structure",
            "messageBody": "",
            "insertions": 7,
            "deletions": 948
          },
          {
            "hash": "fe25f588c55bf4ad3abeb7d502a107dae00c4977",
            "messageTitle": "[Refactor] Removed some redundant code",
            "messageBody": "",
            "insertions": 32,
            "deletions": 41
          },
          {
            "hash": "aed2c05c038b21c38fe0483ea59b5387b039292a",
            "messageTitle": "[Refactor] Renamed Classes to avoid confusion",
            "messageBody": "",
            "insertions": 89,
            "deletions": 86
          },
          {
            "hash": "38ee3056a34e38eebafb7be4abb40d13d8aa47b5",
            "messageTitle": "[Style] Fixed CheckStyle",
            "messageBody": "",
            "insertions": 1,
            "deletions": 1
          },
          {
            "hash": "67b42801b6a7a691c9acf4f3c93f8cadbb6917a6",
            "messageTitle": "[Style] Fixed CheckStyle",
            "messageBody": "",
            "insertions": 2,
            "deletions": 1
          },
          {
            "hash": "c3a3784d4e85f2871c54ad4f518250a6ff6f0534",
            "messageTitle": "[Style] Fixed Codacy Error by printing not implemented",
            "messageBody": "",
            "insertions": 1,
            "deletions": 0
          }
        ]
      },
      {
        "insertions": 183,
        "deletions": 179,
        "date": "2019-10-16",
        "commitResults": [
          {
            "hash": "4b5833bd7b0a9b2e3472f9d901cafded9fa816d8",
            "messageTitle": "[Refactor] Refactored MemberFactory",
            "messageBody": "",
            "insertions": 83,
            "deletions": 50
          },
          {
            "hash": "25434d8afe6155e28c52e43f854f22db14844911",
            "messageTitle": "[Style] Fixed Codacy Issues",
            "messageBody": "",
            "insertions": 7,
            "deletions": 5
          },
          {
            "hash": "9092dde3bc42685692464ed14c6ff18009efb8b1",
            "messageTitle": "[Style] Removed ToDo",
            "messageBody": "",
            "insertions": 5,
            "deletions": 3
          },
          {
            "hash": "b21f2d88b3d0b928e562c213fe81b0ef3fdc4baa",
            "messageTitle": "[Feat] Removed member parameter in projects creation",
            "messageBody": "",
            "insertions": 12,
            "deletions": 24
          },
          {
            "hash": "18b825f2a43fd0ba360f25edd22c7bd0833d8415",
            "messageTitle": "[Style] Fixed README according to Codacy",
            "messageBody": "",
            "insertions": 4,
            "deletions": 2
          },
          {
            "hash": "2d3792ec8112168050d69684efbbd05b2fee0f39",
            "messageTitle": "[Refactor] Renamed AssignmentController",
            "messageBody": "",
            "insertions": 11,
            "deletions": 12
          },
          {
            "hash": "849289852eeb59f40c5e5fbe27cab2394be1fbda",
            "messageTitle": "[Refactor] Moved logic for assignment and removing to AssignmentController instead of view",
            "messageBody": "",
            "insertions": 61,
            "deletions": 83
          }
        ]
      },
      {
        "insertions": 290,
        "deletions": 107,
        "date": "2019-10-17",
        "commitResults": [
          {
            "hash": "3f03d645d547384e0f2e836ccf02b4a2a093a14b",
            "messageTitle": "[Refactor] Moved logic for removing member to ProjectInputController instead of view",
            "messageBody": "",
            "insertions": 16,
            "deletions": 21
          },
          {
            "hash": "5cb9b8cf8a2325df439ac9593c71cb621f102e14",
            "messageTitle": "[Feat] Added Jacoco test coverage plugin to gradle",
            "messageBody": "",
            "insertions": 15,
            "deletions": 0
          },
          {
            "hash": "f0f6e01a6f5d02c2dcca6d23bdf8a217e86b668d",
            "messageTitle": "[Feat] Updated build.gradle version for building .jar file",
            "messageBody": "",
            "insertions": 1,
            "deletions": 1
          },
          {
            "hash": "8782e41373e3773104de08fc28080633e3d3963f",
            "messageTitle": "[Feat] Updated build.gradle version for building .jar file",
            "messageBody": "",
            "insertions": 1,
            "deletions": 1
          },
          {
            "hash": "56ae9890bdc02b8d9d97ca25c6b0e5e29544442a",
            "messageTitle": "[Feat] Added Configurations for Jacoco and updated travis.yml",
            "messageBody": "",
            "insertions": 26,
            "deletions": 3
          },
          {
            "hash": "08f3e0824ee1c4709c8e1b19886e016d621770a0",
            "messageTitle": "[Chore] Second attempt at implementing Jacoco with Coveralls",
            "messageBody": "",
            "insertions": 10,
            "deletions": 9
          },
          {
            "hash": "bdeea855db4f5926cdba5efd305a5f7765c02dd9",
            "messageTitle": "[Chore] Third attempt at implementing Jacoco with Coveralls",
            "messageBody": "",
            "insertions": 2,
            "deletions": 1
          },
          {
            "hash": "5792a8cc661170debd1eaefd2558d3fe336c5e3f",
            "messageTitle": "[Chore] Trying default instructions by kt3k",
            "messageBody": "",
            "insertions": 1,
            "deletions": 23
          },
          {
            "hash": "668cfe6f20281423c283ebaa9ee077de70b85e8f",
            "messageTitle": "[Chore] Changed jacocoReportPath again",
            "messageBody": "",
            "insertions": 1,
            "deletions": 1
          },
          {
            "hash": "eac8c058aa9479b3f207a414672bc63d78fffcea",
            "messageTitle": "[Test] Added JUnit tests for ProjectRepository",
            "messageBody": "",
            "insertions": 137,
            "deletions": 38
          },
          {
            "hash": "98675aa6f591d93b2609212d88cefdfb68e0109f",
            "messageTitle": "[Style] Removed unused variables",
            "messageBody": "",
            "insertions": 0,
            "deletions": 6
          },
          {
            "hash": "2822a68a6abd22be0f0fcd8187091537e938f254",
            "messageTitle": "[Test] Added JUnit tests for Member creation by factory",
            "messageBody": "",
            "insertions": 53,
            "deletions": 0
          },
          {
            "hash": "4e6275cf3645618e5147a0ab21c7bcad95989b90",
            "messageTitle": "[Feat] Updated ParserHelper to accept names that\u0027s more than one word",
            "messageBody": "",
            "insertions": 13,
            "deletions": 3
          },
          {
            "hash": "722a0e82fb755ac69f52e8414d445713a283f45e",
            "messageTitle": "[Test] Added a test to check for incorrect inputs",
            "messageBody": "",
            "insertions": 14,
            "deletions": 0
          }
        ]
      },
      {
        "insertions": 288,
        "deletions": 22,
        "date": "2019-10-18",
        "commitResults": [
          {
            "hash": "f7ef8097b2404a0fd1dadf0159aa17c67a706fa3",
            "messageTitle": "[Test] Added multiple tests for Task creation and added interface for Task",
            "messageBody": "",
            "insertions": 126,
            "deletions": 6
          },
          {
            "hash": "f7f38563833f6af7853f162a8d557de4a1a2c86a",
            "messageTitle": "[Feat] Added NullTask, which is created upon bad inputs are passed to TaskFactory",
            "messageBody": "",
            "insertions": 123,
            "deletions": 0
          },
          {
            "hash": "c380fa8fe9db571179765ce52dd591c55e391fee",
            "messageTitle": "[Feat] Added data validation for Task Creation, ensuring necessary parameters are present",
            "messageBody": "",
            "insertions": 25,
            "deletions": 12
          },
          {
            "hash": "aa2b31b5144c17cb340ea4581337b563e3366c34",
            "messageTitle": "[Feat] Added checking for NullTask being created in ProjectInputController",
            "messageBody": "",
            "insertions": 8,
            "deletions": 2
          },
          {
            "hash": "629d2ffef22d8dea446b174390138ada8b6246c6",
            "messageTitle": "[Fix] Fixed Checkstyle errors",
            "messageBody": "",
            "insertions": 2,
            "deletions": 2
          },
          {
            "hash": "bc2190e8be01742f2ab63011084f5699c726512b",
            "messageTitle": "[Test] Added additional testing for NullTask",
            "messageBody": "",
            "insertions": 4,
            "deletions": 0
          }
        ]
      },
      {
        "insertions": 0,
        "deletions": 8,
        "date": "2019-10-20",
        "commitResults": [
          {
            "hash": "420249e2f23251a2488f899a6cb852c96ee34cb3",
            "messageTitle": "[Refactor] Removed unused Exception",
            "messageBody": "",
            "insertions": 0,
            "deletions": 8
          }
        ]
      },
      {
        "insertions": 20,
        "deletions": 14,
        "date": "2019-10-21",
        "commitResults": [
          {
            "hash": "5324713f154f9852d2e307aa108d964a968e447d",
            "messageTitle": "[Feat] Added delete functionality for projects",
            "messageBody": "",
            "insertions": 15,
            "deletions": 6
          },
          {
            "hash": "8bcb2348fe1e2b08f4caf78d2f1e8feeb710786c",
            "messageTitle": "[Style] Removed unused imports",
            "messageBody": "",
            "insertions": 0,
            "deletions": 3
          },
          {
            "hash": "04e8f0afe5f4d8de3732651c02c492a934d974dd",
            "messageTitle": "[Test] Changed test cases for project creation",
            "messageBody": "",
            "insertions": 5,
            "deletions": 5
          }
        ]
      },
      {
        "insertions": 38,
        "deletions": 11,
        "date": "2019-10-22",
        "commitResults": [
          {
            "hash": "bdd5590151be0eff3a26cd40aad185ef73f2a597",
            "messageTitle": "[Test] Added new test case for project deletion failure",
            "messageBody": "",
            "insertions": 25,
            "deletions": 10
          },
          {
            "hash": "cb3ad2f6fdeb59dab7be179dd1e44e0073a0359f",
            "messageTitle": "[Fix] Fixed checkstyle errors",
            "messageBody": "",
            "insertions": 13,
            "deletions": 1
          }
        ]
      },
      {
        "insertions": 71,
        "deletions": 41,
        "date": "2019-10-23",
        "commitResults": [
          {
            "hash": "2c564ae1199db9426f2dc9f6088ba6baa43c266d",
            "messageTitle": "[Style] Renamed Constants to ALL_CAPS",
            "messageBody": "",
            "insertions": 25,
            "deletions": 25
          },
          {
            "hash": "17c1f8fdf1f43b6f0c2bf3a53bdfd907d23e360a",
            "messageTitle": "[Feat] Removed project creation flags.",
            "messageBody": "",
            "insertions": 3,
            "deletions": 9
          },
          {
            "hash": "3d0f43787db0b655091c75d5977b8f9f7df1ab0f",
            "messageTitle": "[Test] Modified test cases",
            "messageBody": "",
            "insertions": 3,
            "deletions": 7
          },
          {
            "hash": "8d650b917c26dd5d50adbaf390115db6109c9907",
            "messageTitle": "[Feat] Initial code for role assignment to members",
            "messageBody": "",
            "insertions": 40,
            "deletions": 0
          }
        ]
      },
      {
        "insertions": 159,
        "deletions": 95,
        "date": "2019-10-24",
        "commitResults": [
          {
            "hash": "27b2437c00ef91bc99b94eda62828074cf022e1f",
            "messageTitle": "[Test] Changed all test cases to fit new addition of Roles",
            "messageBody": "",
            "insertions": 80,
            "deletions": 56
          },
          {
            "hash": "7c4a330e5383ae111ef7540cf8cc153131497a48",
            "messageTitle": "[Fix] Fixed checkstyle errors",
            "messageBody": "",
            "insertions": 6,
            "deletions": 0
          },
          {
            "hash": "f9e3eed2355ccef72286d4404f0273454bc5e715",
            "messageTitle": "[Fix] Fixed a bug where user might not input a integer to manage",
            "messageBody": "",
            "insertions": 10,
            "deletions": 3
          },
          {
            "hash": "154de68cf54e1efc99f86d144576e0941010542c",
            "messageTitle": "[Refactor] Shifted Projects saving data to ProjectRepository",
            "messageBody": "",
            "insertions": 44,
            "deletions": 36
          },
          {
            "hash": "1933d7387ad1514ca9811ba97049e6f082158413",
            "messageTitle": "[Style] Added JavaDoc comments for save and load methods for projects",
            "messageBody": "",
            "insertions": 7,
            "deletions": 0
          },
          {
            "hash": "c89e7ded7c811c12b8fe302fa8c12631bd086809",
            "messageTitle": "[Test] Fixed unit test cases for projectRepository",
            "messageBody": "",
            "insertions": 12,
            "deletions": 0
          }
        ]
      }
    ],
    "Dkenobi": [
      {
        "insertions": 161,
        "deletions": 3,
        "date": "2019-09-29",
        "commitResults": [
          {
            "hash": "0da2bbc237d0c899ab7644372bdc34da5c001d91",
            "messageTitle": "[Feat] Added Period Task class",
            "messageBody": "",
            "insertions": 64,
            "deletions": 0
          },
          {
            "hash": "01c25fcf7f55c5027411817a3815d29e3b3351ea",
            "messageTitle": "[Fix] Added period task as an input.",
            "messageBody": "",
            "insertions": 17,
            "deletions": 3
          },
          {
            "hash": "d8c254112b4dbb08d63644ec9b259ca02f3d97cb",
            "messageTitle": "[Feat] Added PeriodTaskFactory",
            "messageBody": "",
            "insertions": 45,
            "deletions": 0
          },
          {
            "hash": "e8e1c034e0b1016580043c2950ee28a907699201",
            "messageTitle": "[Test] Added PeriodTaskTest",
            "messageBody": "",
            "insertions": 35,
            "deletions": 0
          }
        ]
      },
      {
        "insertions": 232,
        "deletions": 3,
        "date": "2019-10-02",
        "commitResults": [
          {
            "hash": "a82f711977c89bda82a8b99d31835845bc7a8981",
            "messageTitle": "Update gradle script to include javafx",
            "messageBody": "",
            "insertions": 6,
            "deletions": 0
          },
          {
            "hash": "a711eceb2925b9bf97b62eb50396b405d472c43f",
            "messageTitle": "Initial commit for UILauncher.",
            "messageBody": "",
            "insertions": 11,
            "deletions": 0
          },
          {
            "hash": "917b8a07b7d3309c30a7c65bc607be96c1cbb2b7",
            "messageTitle": "[Feat] Added UI layout for Duke",
            "messageBody": "",
            "insertions": 35,
            "deletions": 0
          },
          {
            "hash": "70a21555c2f2c5d1ab23762b83d5b14d84056396",
            "messageTitle": "[Feat] Added backed logic for UI",
            "messageBody": "",
            "insertions": 141,
            "deletions": 0
          },
          {
            "hash": "f74f25344e12d7f14b266e7d5008b5e6bb47d6d0",
            "messageTitle": "[Feat] Added Main to load the customised UI and added duke image.",
            "messageBody": "",
            "insertions": 30,
            "deletions": 0
          },
          {
            "hash": "0dddf27a1f76da7f574c08a8dc10c5059c332a08",
            "messageTitle": "[Refactor] fix checkstyle error",
            "messageBody": "",
            "insertions": 9,
            "deletions": 3
          }
        ]
      },
      {
        "insertions": 110,
        "deletions": 89,
        "date": "2019-10-07",
        "commitResults": [
          {
            "hash": "581bc2cc860c4630fbe26874e2c65d4d6b7e53b3",
            "messageTitle": "[Refactor] Shifted some controller class to a temp folder.",
            "messageBody": "",
            "insertions": 0,
            "deletions": 0
          },
          {
            "hash": "0348d2b3d46f95f5fe972522a00ba25418ee4368",
            "messageTitle": "[Refactor] Shifted some exception class to temp folder.",
            "messageBody": "",
            "insertions": 24,
            "deletions": 18
          },
          {
            "hash": "947fb0aec4f9975d9a149c9248d5a83f639f7ad0",
            "messageTitle": "[Refactor] Shifted repositories package to utils.",
            "messageBody": "",
            "insertions": 4,
            "deletions": 4
          },
          {
            "hash": "004cfd24f6edba60bf7d8b7e2d28c19d0902feed",
            "messageTitle": "[Refactor] Shifted ui package to views.",
            "messageBody": "",
            "insertions": 7,
            "deletions": 7
          },
          {
            "hash": "52b7d811a62d38e9dd3722fc8b0eb4bd31ef846c",
            "messageTitle": "[Refactor] Shifted some of model class into another folder.",
            "messageBody": "",
            "insertions": 55,
            "deletions": 56
          },
          {
            "hash": "dfe05ea76ab2aeb1b31e57344bac115ce0af6944",
            "messageTitle": "[Feat] Added ConstantHelper class",
            "messageBody": "",
            "insertions": 4,
            "deletions": 0
          },
          {
            "hash": "91b994ca743bf10ef063e23589dfd0f2608d5ca7",
            "messageTitle": "[Feat] Added DateTimeHelper class",
            "messageBody": "",
            "insertions": 4,
            "deletions": 0
          },
          {
            "hash": "0573901730d9b90cb86c08a8cfbb2889bef6c2ad",
            "messageTitle": "[Feat] Added JsonHelper class.",
            "messageBody": "",
            "insertions": 4,
            "deletions": 0
          },
          {
            "hash": "30bc19a457112a72c1b6e90013cf85839a551a5c",
            "messageTitle": "[Feat] Added DukeLogger class.",
            "messageBody": "",
            "insertions": 4,
            "deletions": 0
          },
          {
            "hash": "7a124a65b00cfefcee0ed67ce02f5d0c8f9d1c18",
            "messageTitle": "[Refactor] Shifted repo back out.",
            "messageBody": "",
            "insertions": 4,
            "deletions": 4
          }
        ]
      },
      {
        "insertions": 468,
        "deletions": 294,
        "date": "2019-10-08",
        "commitResults": [
          {
            "hash": "d9d2118290841613f1fbf861ec00a3b6dc9e7f37",
            "messageTitle": "[Refactor] Shifted ConsoleInputController back to controller packages.",
            "messageBody": "",
            "insertions": 287,
            "deletions": 0
          },
          {
            "hash": "daefe7ad0d72003f579b322f62eb95610647bb70",
            "messageTitle": "[Refactor] Shifted ConsoleInputController back to controller packages",
            "messageBody": "",
            "insertions": 1,
            "deletions": 285
          },
          {
            "hash": "2ce70d54f1cced5b8218c55c5a0cb073c0a67713",
            "messageTitle": "[Feat] Added Task model.",
            "messageBody": "",
            "insertions": 29,
            "deletions": 0
          },
          {
            "hash": "5b204bbe67aac3903352bc052710478585a4933d",
            "messageTitle": "[Feat] Added TaskList model using priority queue.",
            "messageBody": "",
            "insertions": 47,
            "deletions": 0
          },
          {
            "hash": "968b56fa7ac1a553a0571d1dd5c87cf2a08c7323",
            "messageTitle": "[Feat] Added TaskFactory",
            "messageBody": "",
            "insertions": 16,
            "deletions": 0
          },
          {
            "hash": "c4a8b9f156190991e3f37a65a8d96fd80c29ad0a",
            "messageTitle": "[Feat] Added additional methods in Project and NullProject model for task and tasklist.",
            "messageBody": "",
            "insertions": 27,
            "deletions": 0
          },
          {
            "hash": "d2ed294cf700568d9e96c273149ff29baaa87c20",
            "messageTitle": "[Feat] Added new method in Interface Project",
            "messageBody": "",
            "insertions": 6,
            "deletions": 0
          },
          {
            "hash": "8843231d6a7646411a3634cf0c9df2433da85912",
            "messageTitle": "[Feat] Added method for adding new task and viewing allTasks.",
            "messageBody": "",
            "insertions": 12,
            "deletions": 0
          },
          {
            "hash": "23ac946696f344e11283d8e01b67e004ca1a87a3",
            "messageTitle": "[Feat] Added function for add task, view task, dummy function for edit task and delete task.",
            "messageBody": "",
            "insertions": 18,
            "deletions": 0
          },
          {
            "hash": "72c91dae8c089706beab720cd2324d609694cbec",
            "messageTitle": "[Fix] Fix codestyle and added additional break for view tasks;",
            "messageBody": "",
            "insertions": 5,
            "deletions": 4
          },
          {
            "hash": "ed054afc102b102c4de578d1b716f5e01b4d6ab4",
            "messageTitle": "[Docs] Added docs and fix check style error.",
            "messageBody": "",
            "insertions": 20,
            "deletions": 5
          }
        ]
      },
      {
        "insertions": 4,
        "deletions": 7,
        "date": "2019-10-09",
        "commitResults": [
          {
            "hash": "d50152de8e89791724170fd9154665a3088a3da3",
            "messageTitle": "[Improve] split string with wildcard.",
            "messageBody": "",
            "insertions": 3,
            "deletions": 2
          },
          {
            "hash": "b508d7c5b240bbf7fc21523a52127847b0382dc1",
            "messageTitle": "[Fix] update wildcard to accept only t and p.",
            "messageBody": "",
            "insertions": 1,
            "deletions": 2
          },
          {
            "hash": "6e26154f96865af557c02754dbfafb76017c60f2",
            "messageTitle": "[Refactor] Remove unused import.",
            "messageBody": "",
            "insertions": 0,
            "deletions": 3
          }
        ]
      },
      {
        "insertions": 356,
        "deletions": 312,
        "date": "2019-10-12",
        "commitResults": [
          {
            "hash": "0dffe68d29cd125aa46f385031bb38b3cf7329eb",
            "messageTitle": "[Fix] Change taskList pq to arraylist",
            "messageBody": "",
            "insertions": 15,
            "deletions": 14
          },
          {
            "hash": "2471265a958c90ef43e551ad2826eae9b2d6f4ec",
            "messageTitle": "[Fix] Fix the output of for the list of task",
            "messageBody": "",
            "insertions": 1,
            "deletions": 5
          },
          {
            "hash": "acac3a9309c09ba442dcff4df5eec725865bf904",
            "messageTitle": "[Refactor] Shifted our junit to temp package.",
            "messageBody": "",
            "insertions": 267,
            "deletions": 0
          },
          {
            "hash": "72ebfe62963e0deff20acae063351b2c3be4e2a9",
            "messageTitle": "[Refactor] Move old junit to other package.",
            "messageBody": "",
            "insertions": 0,
            "deletions": 255
          },
          {
            "hash": "862127bde370c89829b6aa97f2d01976e7e9c1b4",
            "messageTitle": "[Test] Added dummy TaskTest.",
            "messageBody": "",
            "insertions": 17,
            "deletions": 0
          },
          {
            "hash": "8587ff82026570f8ba941218369306bba1c2d533",
            "messageTitle": "[Test] Add testAddTask function",
            "messageBody": "",
            "insertions": 16,
            "deletions": 2
          },
          {
            "hash": "7110e92918af9043bf40c3182dc2c7a67f317496",
            "messageTitle": "[Fix] Fix checkstyle and fix testAddTask function",
            "messageBody": "",
            "insertions": 3,
            "deletions": 1
          },
          {
            "hash": "9d6fa4b149b1c49963b8794031ea1f888382fa52",
            "messageTitle": "[Fix] Fix Codacy error",
            "messageBody": "",
            "insertions": 1,
            "deletions": 2
          },
          {
            "hash": "c181eda7f0a47683c7da3a8549d9ea4748d42bc9",
            "messageTitle": "[Fix] Codcay error",
            "messageBody": "",
            "insertions": 2,
            "deletions": 1
          },
          {
            "hash": "c87d94d805ecb4a093cce552869e4c75ab982af6",
            "messageTitle": "[Fix] Move TaskTest to Task package",
            "messageBody": "",
            "insertions": 34,
            "deletions": 0
          },
          {
            "hash": "120da0983763b0e46c667999dd9e40876faa94d1",
            "messageTitle": "[Fix] Moved to test package",
            "messageBody": "",
            "insertions": 0,
            "deletions": 32
          }
        ]
      },
      {
        "insertions": 4,
        "deletions": 2,
        "date": "2019-10-14",
        "commitResults": [
          {
            "hash": "0c6701945a2cf1389e1a9af0df56fb2ddc040a9e",
            "messageTitle": "[Improve] Added task index for view tasks to easier know the index of the task.",
            "messageBody": "",
            "insertions": 3,
            "deletions": 1
          },
          {
            "hash": "bb01d2ddbee197554d7d98c12226432cad15c72f",
            "messageTitle": "[Improve] changed the output of removed task index to task name instead.",
            "messageBody": "",
            "insertions": 1,
            "deletions": 1
          }
        ]
      },
      {
        "insertions": 131,
        "deletions": 36,
        "date": "2019-10-15",
        "commitResults": [
          {
            "hash": "62ba66814b7bf8745909c5be4c534e12d76fca36",
            "messageTitle": "[Refactor] Change variable taskNumber to taskIndex for better naming",
            "messageBody": "",
            "insertions": 7,
            "deletions": 3
          },
          {
            "hash": "1d8861e20a0b6325262ff00d3d7555fb9476bf57",
            "messageTitle": "[Feat] Added view assigned task command.",
            "messageBody": "",
            "insertions": 2,
            "deletions": 0
          },
          {
            "hash": "b48d6f510a4ce974ed09cc0d0377a4101f0ac959",
            "messageTitle": "[Feat] Added function to return taskMember List and output the assigned task in the console.",
            "messageBody": "",
            "insertions": 17,
            "deletions": 0
          },
          {
            "hash": "ea24dc7805291f31e40ecb3d04d742da08a0efe9",
            "messageTitle": "[Fix] Fixed checkstyle",
            "messageBody": "",
            "insertions": 2,
            "deletions": 2
          },
          {
            "hash": "532c1aa2942133f1c0279ad6f6ee491c288c2f82",
            "messageTitle": "[Refactor] Removed redundant line.",
            "messageBody": "",
            "insertions": 1,
            "deletions": 2
          },
          {
            "hash": "93b7dda86651f0cc1a42fd427ea974a661697d2c",
            "messageTitle": "[Test] Added test case fpr ViewAssignedTasks",
            "messageBody": "",
            "insertions": 52,
            "deletions": 0
          },
          {
            "hash": "f62105b4524ea36aa54b17edc915049031fa5834",
            "messageTitle": "[Refactor] remove redundant line.",
            "messageBody": "",
            "insertions": 25,
            "deletions": 3
          },
          {
            "hash": "b0785429edddb661a87654c7c8bf29137d477629",
            "messageTitle": "[Test] Added additional test for testGetTaskList().",
            "messageBody": "",
            "insertions": 1,
            "deletions": 24
          },
          {
            "hash": "0f6af02c1b0282fa2e022a2aa8e99ae9ce20d543",
            "messageTitle": "[Test] Added additional test cases.",
            "messageBody": "",
            "insertions": 24,
            "deletions": 1
          },
          {
            "hash": "04d8598654d33625e850b87554846a2295a37421",
            "messageTitle": "[Fix] Fix codacy error.",
            "messageBody": "",
            "insertions": 0,
            "deletions": 1
          }
        ]
      },
      {
        "insertions": 45,
        "deletions": 31,
        "date": "2019-10-16",
        "commitResults": [
          {
            "hash": "bc42e9c1ddc9efe650ad4881e03b44d9a0eb1917",
            "messageTitle": "[Refactor] Added dateTimeHelper class.",
            "messageBody": "",
            "insertions": 24,
            "deletions": 18
          },
          {
            "hash": "f81bfddf280df93057bc3dd14fd3fa77bec922da",
            "messageTitle": "[Refactor] Added formartDateForDisplay function.",
            "messageBody": "",
            "insertions": 7,
            "deletions": 6
          },
          {
            "hash": "4dd328159780fee720da05bc1d77adcc67dd8d6f",
            "messageTitle": "[Style] Remove used import",
            "messageBody": "",
            "insertions": 0,
            "deletions": 3
          },
          {
            "hash": "ccefa48d72b0fdce11900d2884f6a65b91fe9ad1",
            "messageTitle": "[Docs] Added Java docs for DateTimeHelper",
            "messageBody": "",
            "insertions": 11,
            "deletions": 1
          },
          {
            "hash": "928d05276bcdc2e6fbdd8503264a7411ec906c2b",
            "messageTitle": "[Fix] fix codacy error",
            "messageBody": "",
            "insertions": 3,
            "deletions": 3
          }
        ]
      },
      {
        "insertions": 197,
        "deletions": 184,
        "date": "2019-10-17",
        "commitResults": [
          {
            "hash": "b50d0fa67e244de6edb8158379583c91e13fc454",
            "messageTitle": "[Refactor] Renamed ListOfMembersInProject to MemberList.",
            "messageBody": "",
            "insertions": 15,
            "deletions": 15
          },
          {
            "hash": "907c23dfb0a31bb2b727e7dfc5444d2fcafff76b",
            "messageTitle": "[Refactor] Renamed listOfMembersInProject to memberList var",
            "messageBody": "",
            "insertions": 7,
            "deletions": 7
          },
          {
            "hash": "04445e82a7fdc9f202ad4778ba2a9a629c8118a9",
            "messageTitle": "[Refactor] Project class maintain the relation of Task to Member. And added remove function Task to Member relation.",
            "messageBody": "",
            "insertions": 124,
            "deletions": 4
          },
          {
            "hash": "6571ea96cfd37b221e37fc6ddc8aee0274ae7dc5",
            "messageTitle": "[Refactor] Added method to get allAssignedTask",
            "messageBody": "",
            "insertions": 22,
            "deletions": 3
          },
          {
            "hash": "90f9c8b9469a8e8ce3f575141e2066ce64a59ede",
            "messageTitle": "[Refactor] Remove Assigned controller and added logic to retrive assigned task.",
            "messageBody": "",
            "insertions": 7,
            "deletions": 124
          },
          {
            "hash": "7df15f4307a41adaf72f6d0a70889910b6ae42a5",
            "messageTitle": "[Refactor] Remove Assignment Controller and rewrote TasksAssigmentTest remain to be continued",
            "messageBody": "",
            "insertions": 22,
            "deletions": 26
          },
          {
            "hash": "36679f692c0ffeed9ab1abb217b3aff1235d937b",
            "messageTitle": "[Fix] Fix Codacy error",
            "messageBody": "",
            "insertions": 0,
            "deletions": 5
          }
        ]
      },
      {
        "insertions": 32,
        "deletions": 1,
        "date": "2019-10-18",
        "commitResults": [
          {
            "hash": "8bf1234c93bf9e6f8db58ec1129dddcd7dfa3a3f",
            "messageTitle": "[Feat] Added log4j2 lib",
            "messageBody": "",
            "insertions": 2,
            "deletions": 0
          },
          {
            "hash": "7d143ef9df85e337c63e6bc9bdb9c600c88c43cb",
            "messageTitle": "[Feat] Added Dukelogger class to logs actions.",
            "messageBody": "",
            "insertions": 19,
            "deletions": 0
          },
          {
            "hash": "f608b31ddb4cebb93729d79e702ec1647cc05f0c",
            "messageTitle": "[Tooling] Edited build.grade to delete saved file and logs folder when cleaning the project.",
            "messageBody": "",
            "insertions": 5,
            "deletions": 0
          },
          {
            "hash": "c88d0c37b609927218a14627e40c936ebf3be7ef",
            "messageTitle": "[Logs] Added logging messaging in CLIView.",
            "messageBody": "",
            "insertions": 6,
            "deletions": 1
          }
        ]
      },
      {
        "insertions": 23,
        "deletions": 2,
        "date": "2019-10-19",
        "commitResults": [
          {
            "hash": "17ceea1cb8b778a9b3d47244617d426a4e7450b8",
            "messageTitle": "[Logs] Added logs message.",
            "messageBody": "",
            "insertions": 19,
            "deletions": 0
          },
          {
            "hash": "a6aaa2120a15eeaf5e0d2ab42288f91e8db66856",
            "messageTitle": "[Logs] Updated log4j2 properties file and remove some text.",
            "messageBody": "",
            "insertions": 4,
            "deletions": 1
          },
          {
            "hash": "3421ae43ba5110897a305c641d53d81433287f97",
            "messageTitle": "[Fix] codecy error",
            "messageBody": "",
            "insertions": 0,
            "deletions": 1
          }
        ]
      },
      {
        "insertions": 216,
        "deletions": 145,
        "date": "2019-10-22",
        "commitResults": [
          {
            "hash": "703d6421afd2348a203f959c06130a5c6ff68de8",
            "messageTitle": "[Feat] Added a function to help count the remaining/overdue days of the task",
            "messageBody": "",
            "insertions": 28,
            "deletions": 0
          },
          {
            "hash": "c57ee2ab608b6fe3da261020d01eac93dbc14b8f",
            "messageTitle": "[Feat] Add remaining/overdue days in text ui.",
            "messageBody": "",
            "insertions": 5,
            "deletions": 2
          },
          {
            "hash": "4fa047fe9a5cdfa28ec06543e281a8c05359f2f5",
            "messageTitle": "[Test] Update testcases.",
            "messageBody": "",
            "insertions": 143,
            "deletions": 88
          },
          {
            "hash": "41ffaf3d6e943c9a7dea9ae465882ba21a6591c0",
            "messageTitle": "[Refactor] Change / to - command.",
            "messageBody": "",
            "insertions": 17,
            "deletions": 32
          },
          {
            "hash": "3f22a4fba9e907b3b9f33e1d39bee58f8332a2e0",
            "messageTitle": "[Test] Updated test case.",
            "messageBody": "",
            "insertions": 23,
            "deletions": 23
          }
        ]
      },
      {
        "insertions": 64,
        "deletions": 66,
        "date": "2019-10-23",
        "commitResults": [
          {
            "hash": "7519a8825d5fdbb8af95479333ce3e18e74b95cd",
            "messageTitle": "[Refactor] A cleaner way of writing the ProjectInputController",
            "messageBody": "",
            "insertions": 47,
            "deletions": 30
          },
          {
            "hash": "04bd2e05338b3dec063112e419ccac02e680c96d",
            "messageTitle": "[Fix] Removed a line that is not suppose to be there",
            "messageBody": "",
            "insertions": 0,
            "deletions": 1
          },
          {
            "hash": "7f1a179ef98f6006250f388fbfd29971f28d73a0",
            "messageTitle": "[Refactor] Use regex to match command instead of switch case.",
            "messageBody": "",
            "insertions": 17,
            "deletions": 34
          },
          {
            "hash": "e9658765756c6dc09824e60bf7254d6e330d481a",
            "messageTitle": "[Tooling] Remove unused import",
            "messageBody": "",
            "insertions": 0,
            "deletions": 1
          }
        ]
      }
    ]
  },
  "authorFinalContributionMap": {
    "sinteary": 1203,
    "iamabhishek98": 1422,
    "seanlimhx": 515,
    "Lucria": 981,
    "Dkenobi": 759
  },
  "authorFileTypeContributionMap": {
    "sinteary": {
      "tests": 302,
      "functional": 879,
      "other": 22
    },
    "iamabhishek98": {
      "tests": 589,
      "functional": 833
    },
    "seanlimhx": {
      "tests": 14,
      "functional": 501
    },
    "Lucria": {
      "tests": 371,
      "functional": 586,
      "other": 24
    },
    "Dkenobi": {
      "tests": 177,
      "functional": 569,
      "other": 13
    }
  },
  "authorContributionVariance": {
    "sinteary": 39442.355,
    "iamabhishek98": 78825.18,
    "seanlimhx": 4853.777,
    "Lucria": 76712.21,
    "Dkenobi": 33732.457
  },
  "authorDisplayNameMap": {
    "sinteary": "CS2113-T13-1 CYN  . . YAN",
    "iamabhishek98": "CS2113-T13-1 KAR  . . HEK",
    "seanlimhx": "CS2113-T13-1 LIM  . . EAN",
    "Lucria": "CS2113-T13-1 JER  . . RAN",
    "Dkenobi": "CS2113-T13-1 WON  . . HUI"
  }
}
