{
  "authorDailyContributionsMap": {
    "JustinChia1997": [
      {
        "insertions": 177,
        "deletions": 95,
        "date": "2019-10-02",
        "commitResults": [
          {
            "hash": "c39db3ff8270fc538901ceb0945529af78ff3403",
            "messageTitle": "Fixed all checkstyle errors on all packages",
            "messageBody": "",
            "insertions": 173,
            "deletions": 92
          },
          {
            "hash": "e28e715ac62e2b8947784b1dcfbc4d7d82adab0a",
            "messageTitle": "Fixed test case",
            "messageBody": "",
            "insertions": 2,
            "deletions": 2
          },
          {
            "hash": "5f569edb5a6357d980cf207d4fe2e524b73a67fb",
            "messageTitle": "Fixed test case part two",
            "messageBody": "",
            "insertions": 2,
            "deletions": 1
          }
        ]
      },
      {
        "insertions": 125,
        "deletions": 1,
        "date": "2019-10-09",
        "commitResults": [
          {
            "hash": "05ffeb70f906cc09108a164a72c2c2bc0d792606",
            "messageTitle": "Wrote Sample test Case",
            "messageBody": "",
            "insertions": 28,
            "deletions": 0
          },
          {
            "hash": "6fcb5bb931ef719c5e20a9962eb629e0d8911d5d",
            "messageTitle": "Added additional test for tasks",
            "messageBody": "",
            "insertions": 73,
            "deletions": 1
          },
          {
            "hash": "d671fbc974e2cb8dc04125e1d3196d6db80622d4",
            "messageTitle": "Added more testing",
            "messageBody": "",
            "insertions": 24,
            "deletions": 0
          }
        ]
      },
      {
        "insertions": 4,
        "deletions": 4,
        "date": "2019-10-16",
        "commitResults": [
          {
            "hash": "fdf3933d1f77487d5eea9673dac74fdf010416b7",
            "messageTitle": "fixed some tests",
            "messageBody": "",
            "insertions": 4,
            "deletions": 4
          }
        ]
      },
      {
        "insertions": 449,
        "deletions": 0,
        "date": "2019-10-23",
        "commitResults": [
          {
            "hash": "e3819167a7c78b3378bbdb6a742e3e19d8aab426",
            "messageTitle": "partial new structure",
            "messageBody": "",
            "insertions": 449,
            "deletions": 0
          }
        ]
      },
      {
        "insertions": 505,
        "deletions": 225,
        "date": "2019-10-24",
        "commitResults": [
          {
            "hash": "7f0b65b4dddd61e267ef8ce54b8d878efb8f37f8",
            "messageTitle": "UiController",
            "messageBody": "",
            "insertions": 76,
            "deletions": 0
          },
          {
            "hash": "6826ea6b81d171b0d89cabf9e5d41930004e2868",
            "messageTitle": "first edit to integrate changes",
            "messageBody": "",
            "insertions": 7,
            "deletions": 0
          },
          {
            "hash": "c81fe6636e005f399a94b56e8ed84981bb632f03",
            "messageTitle": "middle point of integrating into UI",
            "messageBody": "",
            "insertions": 53,
            "deletions": 17
          },
          {
            "hash": "3c43a2c27ece36436ed8902d20001a7565b26851",
            "messageTitle": "updated structure part 2",
            "messageBody": "",
            "insertions": 314,
            "deletions": 191
          },
          {
            "hash": "b7a59bfeaf471be095d8ab3d7680eb9d4a10e9a0",
            "messageTitle": "adding into new archi",
            "messageBody": "",
            "insertions": 55,
            "deletions": 17
          }
        ]
      },
      {
        "insertions": 167,
        "deletions": 64,
        "date": "2019-10-25",
        "commitResults": [
          {
            "hash": "d91acf7204b4eedbc1bfc3a5e55b2522d39b769f",
            "messageTitle": "Changed to just using raw variables",
            "messageBody": "",
            "insertions": 154,
            "deletions": 58
          },
          {
            "hash": "6f7319e06fc4e9229d642f84a6325a6f39748277",
            "messageTitle": "Fixed naming conventions",
            "messageBody": "",
            "insertions": 13,
            "deletions": 6
          }
        ]
      },
      {
        "insertions": 245,
        "deletions": 174,
        "date": "2019-10-26",
        "commitResults": [
          {
            "hash": "cc87c0d3728c995eadb9ae0e66b705dcbf95f488",
            "messageTitle": "added basic storage",
            "messageBody": "",
            "insertions": 171,
            "deletions": 164
          },
          {
            "hash": "90ec3d5bf911912e99d540fe5173293f770c90c3",
            "messageTitle": "updated basic storage to include members",
            "messageBody": "",
            "insertions": 73,
            "deletions": 10
          },
          {
            "hash": "5934ac51b6e5a53e218a6dec6c1fe8a449d58c3f",
            "messageTitle": "added small change",
            "messageBody": "",
            "insertions": 1,
            "deletions": 0
          }
        ]
      },
      {
        "insertions": 353,
        "deletions": 224,
        "date": "2019-10-29",
        "commitResults": [
          {
            "hash": "c294a7ff0fd14b0e12955f1960f23d3c45d3903d",
            "messageTitle": "Fixed parsers",
            "messageBody": "",
            "insertions": 157,
            "deletions": 133
          },
          {
            "hash": "ec2a51f3acaf6671850f5626dec9e5d3a8145b36",
            "messageTitle": "linked link command to model",
            "messageBody": "",
            "insertions": 18,
            "deletions": 4
          },
          {
            "hash": "8d6c68b2b707c326699304ebfd3b267e230b59b4",
            "messageTitle": "Linked save command",
            "messageBody": "",
            "insertions": 1,
            "deletions": 1
          },
          {
            "hash": "58adf80992ac63ef05e4bb094220223294958108",
            "messageTitle": "fixed checkstyles",
            "messageBody": "",
            "insertions": 177,
            "deletions": 86
          }
        ]
      },
      {
        "insertions": 60,
        "deletions": 98,
        "date": "2019-10-30",
        "commitResults": [
          {
            "hash": "0784a8ffc22eeaf579c40c3f81337d5e0fa5ed7a",
            "messageTitle": "Added logger class",
            "messageBody": "",
            "insertions": 46,
            "deletions": 0
          },
          {
            "hash": "d7f99197487575025895d850540f4eff14d813f3",
            "messageTitle": "Fix checkstyle for core.duke",
            "messageBody": "",
            "insertions": 14,
            "deletions": 14
          },
          {
            "hash": "1fab2b25b424204c171457146de9a657eac921b0",
            "messageTitle": "Removed wrong tests",
            "messageBody": "",
            "insertions": 0,
            "deletions": 84
          }
        ]
      }
    ],
    "chenyuheng": [
      {
        "insertions": 21,
        "deletions": 26,
        "date": "2019-10-02",
        "commitResults": [
          {
            "hash": "a7651d1d66b557f7c5478896a697b74ba7585a20",
            "messageTitle": "fixed some javadoc related error",
            "messageBody": "",
            "insertions": 21,
            "deletions": 26
          }
        ]
      },
      {
        "insertions": 158,
        "deletions": 58,
        "date": "2019-10-09",
        "commitResults": [
          {
            "hash": "df75d6259cfa4f615a41ec1c40b651d4c937c593",
            "messageTitle": "added command typo correction",
            "messageBody": "",
            "insertions": 111,
            "deletions": 0
          },
          {
            "hash": "b9215e10431b72ef09f20e9c56abd6f08dab1336",
            "messageTitle": "clear up",
            "messageBody": "",
            "insertions": 47,
            "deletions": 58
          }
        ]
      },
      {
        "insertions": 285,
        "deletions": 46,
        "date": "2019-10-25",
        "commitResults": [
          {
            "hash": "f8f2c76b19da8f419d24d596f898b2d601c3000e",
            "messageTitle": "Merge branch \u0027updatedArchitecture\u0027 of https://github.com/AY1920S1-CS2113-T14-4/main",
            "messageBody": "# Conflicts:\n#\tsrc/main/java/core/Duke.java\n",
            "insertions": 114,
            "deletions": 0
          },
          {
            "hash": "c057f1ebfbb60ca2b8f37fcccb1e3060f332db32",
            "messageTitle": "(almost) finish model comtroller",
            "messageBody": "",
            "insertions": 98,
            "deletions": 10
          },
          {
            "hash": "430c91444b520ac5a89ec53cdeae1865227d2580",
            "messageTitle": "make the model controller interface",
            "messageBody": "",
            "insertions": 73,
            "deletions": 36
          }
        ]
      },
      {
        "insertions": 168,
        "deletions": 146,
        "date": "2019-10-26",
        "commitResults": [
          {
            "hash": "e24b9a90a6275034ab5b742a681f4fc952558288",
            "messageTitle": "finished Model part (except storage related things)",
            "messageBody": "",
            "insertions": 168,
            "deletions": 146
          }
        ]
      },
      {
        "insertions": 281,
        "deletions": 31,
        "date": "2019-10-28",
        "commitResults": [
          {
            "hash": "7ac45c77af18e75df0fdc65be2e71e208cbecbd5",
            "messageTitle": "add command parser",
            "messageBody": "",
            "insertions": 229,
            "deletions": 30
          },
          {
            "hash": "c94271dbb8631fc246bae2a72036e899735515ce",
            "messageTitle": "argument tokenizer",
            "messageBody": "",
            "insertions": 52,
            "deletions": 1
          }
        ]
      },
      {
        "insertions": 345,
        "deletions": 225,
        "date": "2019-10-29",
        "commitResults": [
          {
            "hash": "5d1c915e5b01dc0b0f86f2687efc38c1888420b3",
            "messageTitle": "fix error of add command",
            "messageBody": "",
            "insertions": 93,
            "deletions": 67
          },
          {
            "hash": "2fe8e9c54e4829cd71b2ea16ca1d9b2288f20a05",
            "messageTitle": "add settime in add command",
            "messageBody": "",
            "insertions": 42,
            "deletions": 11
          },
          {
            "hash": "23d6930468bcd0b4025ea5a7aca5fac290c15dda",
            "messageTitle": "done command",
            "messageBody": "",
            "insertions": 62,
            "deletions": 103
          },
          {
            "hash": "0409604c3f49c5bade1275b24a9b6c9276f67acc",
            "messageTitle": "link command",
            "messageBody": "",
            "insertions": 87,
            "deletions": 6
          },
          {
            "hash": "467f45785569f6aaf57e66a188d1f9da13f4e2bb",
            "messageTitle": "simple list command",
            "messageBody": "",
            "insertions": 57,
            "deletions": 8
          },
          {
            "hash": "1d1406a56d31311c51deae3040dfe16f2ebffc9d",
            "messageTitle": "small comment",
            "messageBody": "",
            "insertions": 1,
            "deletions": 0
          },
          {
            "hash": "a72a57b3d58bb33a04e0a49276c7baafbc9a8e25",
            "messageTitle": "fix ArgumentTokenizer and clear up Duke.java",
            "messageBody": "",
            "insertions": 3,
            "deletions": 30
          }
        ]
      },
      {
        "insertions": 70,
        "deletions": 6,
        "date": "2019-10-30",
        "commitResults": [
          {
            "hash": "a7bcd495f79f378430acdbc81b922ff673904a55",
            "messageTitle": "unlink",
            "messageBody": "",
            "insertions": 67,
            "deletions": 4
          },
          {
            "hash": "cab79f24d9c19e930b1a2b30cf194cc8e3a331dc",
            "messageTitle": "fix checkstyle",
            "messageBody": "",
            "insertions": 2,
            "deletions": 1
          },
          {
            "hash": "c20da4115d854c7a9c7708fdb2490557e750e111",
            "messageTitle": "fix small exception bug in DoneCommand.java",
            "messageBody": "",
            "insertions": 1,
            "deletions": 1
          }
        ]
      },
      {
        "insertions": 11,
        "deletions": 3,
        "date": "2019-10-31",
        "commitResults": [
          {
            "hash": "2f2b33b332a7b6786e814a5c769c33363954db5e",
            "messageTitle": "add assignment function to add task command",
            "messageBody": "",
            "insertions": 11,
            "deletions": 3
          }
        ]
      }
    ],
    "jasonchanwq": [
      {
        "insertions": 76,
        "deletions": 19,
        "date": "2019-10-15",
        "commitResults": [
          {
            "hash": "00fefb3721badba4f0245c00c62e6740129983f5",
            "messageTitle": "Add link",
            "messageBody": "",
            "insertions": 59,
            "deletions": 15
          },
          {
            "hash": "cf4ca5760d2d069be1c236fb7b7b9063e74c0700",
            "messageTitle": "Pass checkstyle",
            "messageBody": "",
            "insertions": 17,
            "deletions": 4
          }
        ]
      },
      {
        "insertions": 110,
        "deletions": 5,
        "date": "2019-10-22",
        "commitResults": [
          {
            "hash": "7c4e73fed2d13c8ea2dcdb8def255ae03636cb76",
            "messageTitle": "Add Unlink and Remove",
            "messageBody": "",
            "insertions": 110,
            "deletions": 5
          }
        ]
      },
      {
        "insertions": 67,
        "deletions": 2,
        "date": "2019-10-24",
        "commitResults": [
          {
            "hash": "85abf598906dc0743d6f6fdaed8f9563a5a269cf",
            "messageTitle": "Add DoneTest and LinkTest",
            "messageBody": "",
            "insertions": 65,
            "deletions": 0
          },
          {
            "hash": "c11785712ca000169122d86e008c091b269c92e3",
            "messageTitle": "Edit for checkstyleMain",
            "messageBody": "",
            "insertions": 2,
            "deletions": 2
          }
        ]
      },
      {
        "insertions": 23,
        "deletions": 4,
        "date": "2019-10-25",
        "commitResults": [
          {
            "hash": "626b8a187bbfecc65853e55ae6b704572b25b6e1",
            "messageTitle": "Add DoneCommandTest",
            "messageBody": "",
            "insertions": 23,
            "deletions": 4
          }
        ]
      },
      {
        "insertions": 257,
        "deletions": 22,
        "date": "2019-10-30",
        "commitResults": [
          {
            "hash": "7f2ba28033a6bbfc6a969a14f602a6f4da10f983",
            "messageTitle": "Add SnoozeCommand and SnoozeCommandParser",
            "messageBody": "",
            "insertions": 74,
            "deletions": 1
          },
          {
            "hash": "6dbb7766454a4ba3f62948b8f7092c7def9e295d",
            "messageTitle": "Edit SnoozeCommand and SnoozeCommandParser",
            "messageBody": "",
            "insertions": 25,
            "deletions": 18
          },
          {
            "hash": "64e00ef43c5eaeaba4f49ced3a41af58ce9ed9bf",
            "messageTitle": "Add RenameMemberCommand, RenameTaskCommand, RenameCommandParser",
            "messageBody": "",
            "insertions": 158,
            "deletions": 3
          }
        ]
      }
    ],
    "AugGust": [
      {
        "insertions": 21,
        "deletions": 2,
        "date": "2019-10-02",
        "commitResults": [
          {
            "hash": "6687ad806d63a776557b4d92246019038069bcd5",
            "messageTitle": "Fixed and added Javadocs for ViewScheCommand",
            "messageBody": "",
            "insertions": 21,
            "deletions": 2
          }
        ]
      },
      {
        "insertions": 29,
        "deletions": 6,
        "date": "2019-10-09",
        "commitResults": [
          {
            "hash": "71e7996a9662513d0a085621c299b2dba1ae2777",
            "messageTitle": "Added blank main window",
            "messageBody": "",
            "insertions": 18,
            "deletions": 0
          },
          {
            "hash": "22cd84b20516e485a31e29768bf9db065720a7d8",
            "messageTitle": "Fixed checkStyle errors",
            "messageBody": "",
            "insertions": 9,
            "deletions": 4
          },
          {
            "hash": "1357835232bb75a980079123e45b409a41c75686",
            "messageTitle": "Fixed javadoc formatting for Travis",
            "messageBody": "",
            "insertions": 2,
            "deletions": 2
          }
        ]
      },
      {
        "insertions": 89,
        "deletions": 73,
        "date": "2019-10-16",
        "commitResults": [
          {
            "hash": "c957b44ae279bcdb850b86ac7165ce7976be96f5",
            "messageTitle": "Linked initial output text Area and fixed some file names",
            "messageBody": "",
            "insertions": 78,
            "deletions": 13
          },
          {
            "hash": "4a53990391b9155e389871b208758ec08303091c",
            "messageTitle": "Attempt fix for making IntelliJ Form editor with Gradle",
            "messageBody": "",
            "insertions": 0,
            "deletions": 54
          },
          {
            "hash": "ab62aa4103ead1f7f5565aee8e1ed11994c3ba44",
            "messageTitle": "Fixed styles",
            "messageBody": "",
            "insertions": 7,
            "deletions": 5
          },
          {
            "hash": "43a4bdb907d01c484f67548d8b6de331a58de8f4",
            "messageTitle": "Fix checkstyles again",
            "messageBody": "",
            "insertions": 4,
            "deletions": 1
          }
        ]
      },
      {
        "insertions": 242,
        "deletions": 141,
        "date": "2019-10-21",
        "commitResults": [
          {
            "hash": "aa040f1d914c63ba44c5a97662f654f3cbd36787",
            "messageTitle": "Recreated Window using Eclipse Made Window accept inputs",
            "messageBody": "",
            "insertions": 131,
            "deletions": 31
          },
          {
            "hash": "888adb6e354101869768af12d4f03aa0af95262f",
            "messageTitle": "Fixed style errors",
            "messageBody": "",
            "insertions": 97,
            "deletions": 97
          },
          {
            "hash": "b18e1d75189bac7f2ec42c9c04a9d2bc23fee59c",
            "messageTitle": "Fixed styles again",
            "messageBody": "",
            "insertions": 9,
            "deletions": 8
          },
          {
            "hash": "b09c02a494e88c7dd22ea2a2e334d36266c2ba04",
            "messageTitle": "Fixed style reback for some reason",
            "messageBody": "",
            "insertions": 5,
            "deletions": 5
          }
        ]
      },
      {
        "insertions": 440,
        "deletions": 140,
        "date": "2019-10-22",
        "commitResults": [
          {
            "hash": "3a137b8a9b58b6ceba0f86057f5d314906ec5f59",
            "messageTitle": "Added percentage completed display",
            "messageBody": "",
            "insertions": 58,
            "deletions": 4
          },
          {
            "hash": "3b8346f3466f1c9123d0fed34476ab7f2edfbf15",
            "messageTitle": "Made percentage update live",
            "messageBody": "",
            "insertions": 12,
            "deletions": 4
          },
          {
            "hash": "0fa93e4a90b73c714e88cf73a2a025dee118ae69",
            "messageTitle": "Fixed checkmark and crosses in GUI",
            "messageBody": "",
            "insertions": 2,
            "deletions": 2
          },
          {
            "hash": "5c06de67a1e431c7ba041f8238772a1488a94939",
            "messageTitle": "Added Comments",
            "messageBody": "",
            "insertions": 5,
            "deletions": 2
          },
          {
            "hash": "452e0f8a71116d0fd8266c4deba01c27a2a2f4e5",
            "messageTitle": "Added and fixed more formatting and comments",
            "messageBody": "",
            "insertions": 39,
            "deletions": 28
          },
          {
            "hash": "637823c13e2825ed5fb93430a7d35e98c5ecb3a4",
            "messageTitle": "Fixed indentations",
            "messageBody": "",
            "insertions": 15,
            "deletions": 14
          },
          {
            "hash": "bccbf9a6ca2b7301cb04f46327c7a07954e10e1d",
            "messageTitle": "Fixed test character check",
            "messageBody": "",
            "insertions": 1,
            "deletions": 1
          },
          {
            "hash": "61a5034154558e5677ffceae5c159bab89a11735",
            "messageTitle": "Added pie chart progress display and help command Editted on startup message",
            "messageBody": "",
            "insertions": 105,
            "deletions": 9
          },
          {
            "hash": "85688fa6b7a8b70ad2a6e64f76a49bd7f8d138b8",
            "messageTitle": "Updated pie chart live",
            "messageBody": "",
            "insertions": 8,
            "deletions": 1
          },
          {
            "hash": "fcc9d9d12105bb005f7f5e164eae1074b2810658",
            "messageTitle": "Added input field history control Use up and down arrows to go through history",
            "messageBody": "",
            "insertions": 125,
            "deletions": 24
          },
          {
            "hash": "a5c22e6672dbb9f3d7a3d89d03b4c884c47541f6",
            "messageTitle": "Formatted and added Javadocs for PieChart",
            "messageBody": "",
            "insertions": 39,
            "deletions": 25
          },
          {
            "hash": "b183b7bc6e15c198ad9b3f155e90d5bfba87d545",
            "messageTitle": "Fixed style errors",
            "messageBody": "",
            "insertions": 27,
            "deletions": 23
          },
          {
            "hash": "33118fe80606f4172a4f4c09de7771b951a6ab6f",
            "messageTitle": "Attempt to fix style error",
            "messageBody": "",
            "insertions": 2,
            "deletions": 1
          },
          {
            "hash": "b23b769f359453c80c8cd4439646958f35676caf",
            "messageTitle": "Attempt fix style again",
            "messageBody": "",
            "insertions": 2,
            "deletions": 2
          }
        ]
      },
      {
        "insertions": 72,
        "deletions": 41,
        "date": "2019-10-23",
        "commitResults": [
          {
            "hash": "8024047036e1e162025d93c68ce55f7c01d01865",
            "messageTitle": "Fixed style at last",
            "messageBody": "",
            "insertions": 1,
            "deletions": 1
          },
          {
            "hash": "55e2ce377393e9e1855e41600c26ff73ef84dd92",
            "messageTitle": "Small GUI change and first attempt at JAR",
            "messageBody": "",
            "insertions": 1,
            "deletions": 1
          },
          {
            "hash": "261914f56b53d5707610b16686a033a96d6727e2",
            "messageTitle": "Made Storage generate missing folders/files. Packaged a working version of duke pro JAR",
            "messageBody": "",
            "insertions": 10,
            "deletions": 2
          },
          {
            "hash": "89dae26f4501c6a30b757eb1397f7e2c22897f1e",
            "messageTitle": "Resized GUI items and repackaged jar",
            "messageBody": "",
            "insertions": 16,
            "deletions": 16
          },
          {
            "hash": "642d3e9a077f9757618db60505e62420955f5f49",
            "messageTitle": "Fixed some styles and added checkStyle script",
            "messageBody": "",
            "insertions": 10,
            "deletions": 10
          },
          {
            "hash": "a24ecce26de0f3caaee8d0497244645d84638ab6",
            "messageTitle": "Renamed GUI to Team Manager and packaged new JAR",
            "messageBody": "",
            "insertions": 25,
            "deletions": 2
          },
          {
            "hash": "6238c1b3878262cd48d732aea9282237ab281359",
            "messageTitle": "Fixed styles",
            "messageBody": "",
            "insertions": 9,
            "deletions": 9
          }
        ]
      },
      {
        "insertions": 135,
        "deletions": 89,
        "date": "2019-10-24",
        "commitResults": [
          {
            "hash": "8ae411b5e68391dc3a6afb26b72c78262c4ced8d",
            "messageTitle": "Animated Pie Chart",
            "messageBody": "",
            "insertions": 44,
            "deletions": 5
          },
          {
            "hash": "693bc130eb6f597d4dc701aea6d11a96a977ed79",
            "messageTitle": "Initial work on Live Reminders system Removed old reminders system",
            "messageBody": "",
            "insertions": 25,
            "deletions": 71
          },
          {
            "hash": "4207c7110dd2fb38725185bde7570da2e05cc722",
            "messageTitle": "Remind Command taking input Updated JAR",
            "messageBody": "",
            "insertions": 52,
            "deletions": 2
          },
          {
            "hash": "425e62c62c797dd28d4ba52d3759781e0f32a973",
            "messageTitle": "Fixed formatting and manifest for new JAR",
            "messageBody": "",
            "insertions": 14,
            "deletions": 11
          }
        ]
      },
      {
        "insertions": 170,
        "deletions": 35,
        "date": "2019-10-30",
        "commitResults": [
          {
            "hash": "827c987782be6baeb062564b3f5acb4cd1325ffa",
            "messageTitle": "Fixed bye command",
            "messageBody": "",
            "insertions": 3,
            "deletions": 0
          },
          {
            "hash": "c09337bf8cdca269750cdec268524c0e86a6c734",
            "messageTitle": "Fixed help command list",
            "messageBody": "",
            "insertions": 15,
            "deletions": 14
          },
          {
            "hash": "c812028e96dee35a89d373eef63f7084183243cd",
            "messageTitle": "Fixed GUI broken links. Remade part of reminders command",
            "messageBody": "",
            "insertions": 130,
            "deletions": 17
          },
          {
            "hash": "58a48ad6001292aab839a6d1f1c66b572b36f2ab",
            "messageTitle": "More progress on reminder system",
            "messageBody": "",
            "insertions": 22,
            "deletions": 4
          }
        ]
      },
      {
        "insertions": 144,
        "deletions": 10,
        "date": "2019-10-31",
        "commitResults": [
          {
            "hash": "dc7a088872476b85b7072a61f95ecd3662a47c09",
            "messageTitle": "Added task and member visualiser",
            "messageBody": "",
            "insertions": 144,
            "deletions": 10
          }
        ]
      }
    ],
    "yuyanglin28": [
      {
        "insertions": 100,
        "deletions": 39,
        "date": "2019-10-09",
        "commitResults": [
          {
            "hash": "57921bae33d83537433285c813981b9d7fb107a5",
            "messageTitle": "test class for period and last task",
            "messageBody": "",
            "insertions": 90,
            "deletions": 0
          },
          {
            "hash": "a2a608bbecfbe8f1fde29f8a4f2982baf6984253",
            "messageTitle": "fix check style",
            "messageBody": "",
            "insertions": 8,
            "deletions": 19
          },
          {
            "hash": "4a7d9e9771b67fab3d9c9c10df08dc6c03be9906",
            "messageTitle": "fix check style",
            "messageBody": "",
            "insertions": 1,
            "deletions": 1
          },
          {
            "hash": "a9cb17184d6f089d911f03522b982b753c5f10ec",
            "messageTitle": "fix error",
            "messageBody": "",
            "insertions": 1,
            "deletions": 19
          }
        ]
      },
      {
        "insertions": 263,
        "deletions": 36,
        "date": "2019-10-15",
        "commitResults": [
          {
            "hash": "2776fa7013216565f7a72ffd406adcea66ffdb3c",
            "messageTitle": "add member \u0026 show member list",
            "messageBody": "",
            "insertions": 263,
            "deletions": 36
          }
        ]
      },
      {
        "insertions": 361,
        "deletions": 128,
        "date": "2019-10-23",
        "commitResults": [
          {
            "hash": "a874e3d0cc7252a9954fa6354bb683e4765c5f3e",
            "messageTitle": "local change",
            "messageBody": "",
            "insertions": 1,
            "deletions": 1
          },
          {
            "hash": "79a5f5b28d7ef038a9b4181d265903b418e16eaa",
            "messageTitle": "task for one person \u0026 fix delete function",
            "messageBody": "",
            "insertions": 88,
            "deletions": 37
          },
          {
            "hash": "d6fc56f4758943ab325fefc9f8bc379c8b7413b8",
            "messageTitle": "fix checkstyle",
            "messageBody": "",
            "insertions": 20,
            "deletions": 11
          },
          {
            "hash": "619cfe2616b49ed1d3be80a7c629b47a05700a8f",
            "messageTitle": "check and schedule support for one member",
            "messageBody": "",
            "insertions": 79,
            "deletions": 15
          },
          {
            "hash": "79cdd5d4b3283d626c93f6028777bf94ad8bdcae",
            "messageTitle": "fix checkstyle",
            "messageBody": "",
            "insertions": 2,
            "deletions": 2
          },
          {
            "hash": "437e37738ec37e5a62d24b40b0cd1066f00045af",
            "messageTitle": "more functions",
            "messageBody": "",
            "insertions": 142,
            "deletions": 39
          },
          {
            "hash": "f5cec009197c726e17eca700d49436fde5d76794",
            "messageTitle": "fix checkstyle",
            "messageBody": "",
            "insertions": 15,
            "deletions": 12
          },
          {
            "hash": "3bb2b25f9b7ac2fb564b2190d22713704b73b210",
            "messageTitle": "update userguide",
            "messageBody": "",
            "insertions": 14,
            "deletions": 11
          }
        ]
      },
      {
        "insertions": 3,
        "deletions": 1,
        "date": "2019-10-24",
        "commitResults": [
          {
            "hash": "11116a6b54093a3238ff24f0a7671b8493916bca",
            "messageTitle": "fix delete",
            "messageBody": "",
            "insertions": 3,
            "deletions": 1
          }
        ]
      },
      {
        "insertions": 453,
        "deletions": 2687,
        "date": "2019-10-29",
        "commitResults": [
          {
            "hash": "5fafe16959c7f7da0925dbc337a788bef6578804",
            "messageTitle": "delete parser",
            "messageBody": "",
            "insertions": 110,
            "deletions": 4
          },
          {
            "hash": "99151d501132e5f9ca847f57c6ac322b82b90bea",
            "messageTitle": "delete member done",
            "messageBody": "",
            "insertions": 53,
            "deletions": 28
          },
          {
            "hash": "fabdf0ffbaa3eb1c9b5d89e09218d8f5aac66dbe",
            "messageTitle": "delete",
            "messageBody": "",
            "insertions": 290,
            "deletions": 2655
          }
        ]
      },
      {
        "insertions": 704,
        "deletions": 62,
        "date": "2019-10-30",
        "commitResults": [
          {
            "hash": "2f7411754b8a2fafcd0fdab7d534e7cedc981f64",
            "messageTitle": "help find bye schedule",
            "messageBody": "",
            "insertions": 566,
            "deletions": 23
          },
          {
            "hash": "497bf3776be15abe5a5d668544c5c9505422ceeb",
            "messageTitle": "fix checkstyle",
            "messageBody": "",
            "insertions": 133,
            "deletions": 35
          },
          {
            "hash": "fea8eee792cb0f2c68269c5a5388afb90218f02c",
            "messageTitle": "fix checkstyle",
            "messageBody": "",
            "insertions": 1,
            "deletions": 1
          },
          {
            "hash": "4235c0abb322d75cba81e44e4ca742c21f6b2106",
            "messageTitle": "fix checkstyle",
            "messageBody": "",
            "insertions": 2,
            "deletions": 2
          },
          {
            "hash": "71ad4041c08db63ffc8878cdad059569c51f2af2",
            "messageTitle": "fix checkstyle",
            "messageBody": "",
            "insertions": 1,
            "deletions": 1
          },
          {
            "hash": "85e507ca5b1df05ab129cd5e7141c8c840fadd8c",
            "messageTitle": "local",
            "messageBody": "",
            "insertions": 1,
            "deletions": 0
          }
        ]
      }
    ]
  },
  "authorFinalContributionMap": {
    "JustinChia1997": 1047,
    "chenyuheng": 860,
    "jasonchanwq": 226,
    "AugGust": 665,
    "yuyanglin28": 970
  },
  "authorFileTypeContributionMap": {
    "JustinChia1997": {
      "tests": 104,
      "functional": 942,
      "other": 1
    },
    "chenyuheng": {
      "tests": 62,
      "functional": 797,
      "other": 1
    },
    "jasonchanwq": {
      "tests": 0,
      "functional": 226
    },
    "AugGust": {
      "tests": 0,
      "functional": 665
    },
    "yuyanglin28": {
      "tests": 17,
      "functional": 953
    }
  },
  "authorContributionVariance": {
    "JustinChia1997": 29173.072,
    "chenyuheng": 14610.5625,
    "jasonchanwq": 2371.5623,
    "AugGust": 13503.896,
    "yuyanglin28": 249355.3
  },
  "authorDisplayNameMap": {
    "JustinChia1997": "CS2113-T14-4 JUS  . . JIN",
    "chenyuheng": "CS2113-T14-4 CHE  . . ENG",
    "jasonchanwq": "CS2113-T14-4 CHA  . . SON",
    "AugGust": "CS2113-T14-4 LIM  . . ING",
    "yuyanglin28": "CS2113-T14-4 LIN  . . ANG"
  }
}
