{
  "authorDailyContributionsMap": {
    "JustinChia1997": [
      {
        "insertions": 177,
        "deletions": 95,
        "date": "2019-10-02",
        "commitResults": [
          {
            "hash": "c39db3ff8270fc538901ceb0945529af78ff3403",
            "messageTitle": "Fixed all checkstyle errors on all packages",
            "messageBody": "",
            "insertions": 173,
            "deletions": 92
          },
          {
            "hash": "e28e715ac62e2b8947784b1dcfbc4d7d82adab0a",
            "messageTitle": "Fixed test case",
            "messageBody": "",
            "insertions": 2,
            "deletions": 2
          },
          {
            "hash": "5f569edb5a6357d980cf207d4fe2e524b73a67fb",
            "messageTitle": "Fixed test case part two",
            "messageBody": "",
            "insertions": 2,
            "deletions": 1
          }
        ]
      },
      {
        "insertions": 125,
        "deletions": 1,
        "date": "2019-10-09",
        "commitResults": [
          {
            "hash": "05ffeb70f906cc09108a164a72c2c2bc0d792606",
            "messageTitle": "Wrote Sample test Case",
            "messageBody": "",
            "insertions": 28,
            "deletions": 0
          },
          {
            "hash": "6fcb5bb931ef719c5e20a9962eb629e0d8911d5d",
            "messageTitle": "Added additional test for tasks",
            "messageBody": "",
            "insertions": 73,
            "deletions": 1
          },
          {
            "hash": "d671fbc974e2cb8dc04125e1d3196d6db80622d4",
            "messageTitle": "Added more testing",
            "messageBody": "",
            "insertions": 24,
            "deletions": 0
          }
        ]
      },
      {
        "insertions": 4,
        "deletions": 4,
        "date": "2019-10-16",
        "commitResults": [
          {
            "hash": "fdf3933d1f77487d5eea9673dac74fdf010416b7",
            "messageTitle": "fixed some tests",
            "messageBody": "",
            "insertions": 4,
            "deletions": 4
          }
        ]
      },
      {
        "insertions": 449,
        "deletions": 0,
        "date": "2019-10-23",
        "commitResults": [
          {
            "hash": "e3819167a7c78b3378bbdb6a742e3e19d8aab426",
            "messageTitle": "partial new structure",
            "messageBody": "",
            "insertions": 449,
            "deletions": 0
          }
        ]
      },
      {
        "insertions": 505,
        "deletions": 225,
        "date": "2019-10-24",
        "commitResults": [
          {
            "hash": "7f0b65b4dddd61e267ef8ce54b8d878efb8f37f8",
            "messageTitle": "UiController",
            "messageBody": "",
            "insertions": 76,
            "deletions": 0
          },
          {
            "hash": "6826ea6b81d171b0d89cabf9e5d41930004e2868",
            "messageTitle": "first edit to integrate changes",
            "messageBody": "",
            "insertions": 7,
            "deletions": 0
          },
          {
            "hash": "c81fe6636e005f399a94b56e8ed84981bb632f03",
            "messageTitle": "middle point of integrating into UI",
            "messageBody": "",
            "insertions": 53,
            "deletions": 17
          },
          {
            "hash": "3c43a2c27ece36436ed8902d20001a7565b26851",
            "messageTitle": "updated structure part 2",
            "messageBody": "",
            "insertions": 314,
            "deletions": 191
          },
          {
            "hash": "b7a59bfeaf471be095d8ab3d7680eb9d4a10e9a0",
            "messageTitle": "adding into new archi",
            "messageBody": "",
            "insertions": 55,
            "deletions": 17
          }
        ]
      },
      {
        "insertions": 167,
        "deletions": 64,
        "date": "2019-10-25",
        "commitResults": [
          {
            "hash": "d91acf7204b4eedbc1bfc3a5e55b2522d39b769f",
            "messageTitle": "Changed to just using raw variables",
            "messageBody": "",
            "insertions": 154,
            "deletions": 58
          },
          {
            "hash": "6f7319e06fc4e9229d642f84a6325a6f39748277",
            "messageTitle": "Fixed naming conventions",
            "messageBody": "",
            "insertions": 13,
            "deletions": 6
          }
        ]
      },
      {
        "insertions": 245,
        "deletions": 174,
        "date": "2019-10-26",
        "commitResults": [
          {
            "hash": "cc87c0d3728c995eadb9ae0e66b705dcbf95f488",
            "messageTitle": "added basic storage",
            "messageBody": "",
            "insertions": 171,
            "deletions": 164
          },
          {
            "hash": "90ec3d5bf911912e99d540fe5173293f770c90c3",
            "messageTitle": "updated basic storage to include members",
            "messageBody": "",
            "insertions": 73,
            "deletions": 10
          },
          {
            "hash": "5934ac51b6e5a53e218a6dec6c1fe8a449d58c3f",
            "messageTitle": "added small change",
            "messageBody": "",
            "insertions": 1,
            "deletions": 0
          }
        ]
      },
      {
        "insertions": 353,
        "deletions": 224,
        "date": "2019-10-29",
        "commitResults": [
          {
            "hash": "c294a7ff0fd14b0e12955f1960f23d3c45d3903d",
            "messageTitle": "Fixed parsers",
            "messageBody": "",
            "insertions": 157,
            "deletions": 133
          },
          {
            "hash": "ec2a51f3acaf6671850f5626dec9e5d3a8145b36",
            "messageTitle": "linked link command to model",
            "messageBody": "",
            "insertions": 18,
            "deletions": 4
          },
          {
            "hash": "8d6c68b2b707c326699304ebfd3b267e230b59b4",
            "messageTitle": "Linked save command",
            "messageBody": "",
            "insertions": 1,
            "deletions": 1
          },
          {
            "hash": "58adf80992ac63ef05e4bb094220223294958108",
            "messageTitle": "fixed checkstyles",
            "messageBody": "",
            "insertions": 177,
            "deletions": 86
          }
        ]
      },
      {
        "insertions": 60,
        "deletions": 98,
        "date": "2019-10-30",
        "commitResults": [
          {
            "hash": "0784a8ffc22eeaf579c40c3f81337d5e0fa5ed7a",
            "messageTitle": "Added logger class",
            "messageBody": "",
            "insertions": 46,
            "deletions": 0
          },
          {
            "hash": "d7f99197487575025895d850540f4eff14d813f3",
            "messageTitle": "Fix checkstyle for core.duke",
            "messageBody": "",
            "insertions": 14,
            "deletions": 14
          },
          {
            "hash": "1fab2b25b424204c171457146de9a657eac921b0",
            "messageTitle": "Removed wrong tests",
            "messageBody": "",
            "insertions": 0,
            "deletions": 84
          }
        ]
      },
      {
        "insertions": 357,
        "deletions": 66,
        "date": "2019-10-31",
        "commitResults": [
          {
            "hash": "841a94300a4dbc3835f02d0845bf1e109f999670",
            "messageTitle": "Added skills into model",
            "messageBody": "",
            "insertions": 64,
            "deletions": 3
          },
          {
            "hash": "ba48665476e48651d7b5db2d3fa285da34922e3b",
            "messageTitle": "Small change",
            "messageBody": "",
            "insertions": 1,
            "deletions": 0
          },
          {
            "hash": "d043dd1c6da0d7842c9f4900217cf17821bb8297",
            "messageTitle": "added further matching skill functionality",
            "messageBody": "",
            "insertions": 153,
            "deletions": 23
          },
          {
            "hash": "9ba926b44a9e4bd5e8673f82a164fbbdb710b3c3",
            "messageTitle": "Added skills with skills matching for task",
            "messageBody": "",
            "insertions": 42,
            "deletions": 1
          },
          {
            "hash": "47b30aac6e16e6745c624059a666594691f658a0",
            "messageTitle": "Fixed bug where tag is empty",
            "messageBody": "",
            "insertions": 39,
            "deletions": 17
          },
          {
            "hash": "ae0e089cfa7f9c7c58e2d9f67a39e8f37489b252",
            "messageTitle": "javadocs and checkstyle",
            "messageBody": "",
            "insertions": 58,
            "deletions": 22
          }
        ]
      },
      {
        "insertions": 39,
        "deletions": 20,
        "date": "2019-11-01",
        "commitResults": [
          {
            "hash": "444488811f41663107729b70301132144679cf0f",
            "messageTitle": "Exception caught in test class",
            "messageBody": "",
            "insertions": 11,
            "deletions": 4
          },
          {
            "hash": "c333fe725e517bcc4a740cd5ee73360dc23516fe",
            "messageTitle": "Fixed Chekstyle for Test",
            "messageBody": "",
            "insertions": 1,
            "deletions": 1
          },
          {
            "hash": "5a6ef888b3bba10d376a85c64033766371f823cd",
            "messageTitle": "Fixed Tagging issue",
            "messageBody": "",
            "insertions": 27,
            "deletions": 15
          }
        ]
      },
      {
        "insertions": 198,
        "deletions": 36,
        "date": "2019-11-02",
        "commitResults": [
          {
            "hash": "cf581f58a8853390074e14d4e56b07831121063d",
            "messageTitle": "Included exception for null task when matching",
            "messageBody": "",
            "insertions": 3,
            "deletions": 0
          },
          {
            "hash": "d3d72201d4a818cb1b13e3d8300bbab78944754e",
            "messageTitle": "added match parsing for task and member",
            "messageBody": "",
            "insertions": 42,
            "deletions": 11
          },
          {
            "hash": "df4f3e00cc27305e130dccc9bf5c0c8f0d26b567",
            "messageTitle": "added MatchMemberCommand",
            "messageBody": "",
            "insertions": 52,
            "deletions": 4
          },
          {
            "hash": "7921f3cd07ab65b7f68bdd0234d9991499b0d69f",
            "messageTitle": "added member matching",
            "messageBody": "",
            "insertions": 52,
            "deletions": 7
          },
          {
            "hash": "84337fbc0997d22504eae418f8910d82435917a0",
            "messageTitle": "Added skills view",
            "messageBody": "",
            "insertions": 26,
            "deletions": 0
          },
          {
            "hash": "f72a1809c06499f79af12e054f0b14bf6b23f6fb",
            "messageTitle": "Fixed checkstyle",
            "messageBody": "",
            "insertions": 20,
            "deletions": 12
          },
          {
            "hash": "a6ceba6394671ee9c53b79e98b69153dffc385be",
            "messageTitle": "fixed null error",
            "messageBody": "",
            "insertions": 3,
            "deletions": 2
          }
        ]
      },
      {
        "insertions": 1,
        "deletions": 1,
        "date": "2019-11-03",
        "commitResults": [
          {
            "hash": "b173db80a6f262415db16ee5e48fbf360d05301e",
            "messageTitle": "Fixed bug for adding members without skills",
            "messageBody": "",
            "insertions": 1,
            "deletions": 1
          }
        ]
      },
      {
        "insertions": 4,
        "deletions": 4,
        "date": "2019-11-04",
        "commitResults": [
          {
            "hash": "f3f510df77fdb2cff7af6689ff3d5d12cb441fa3",
            "messageTitle": "Fixed null error on mainwindow",
            "messageBody": "",
            "insertions": 2,
            "deletions": 2
          },
          {
            "hash": "1044bb2aefea7d071ea838d8760ac666658df0b6",
            "messageTitle": "Checkstyle",
            "messageBody": "",
            "insertions": 2,
            "deletions": 2
          }
        ]
      },
      {
        "insertions": 42,
        "deletions": 12,
        "date": "2019-11-07",
        "commitResults": [
          {
            "hash": "d8ac0e071b64130d928fb8d86fc82741234bb723",
            "messageTitle": "added basic sorting",
            "messageBody": "",
            "insertions": 42,
            "deletions": 12
          }
        ]
      },
      {
        "insertions": 80,
        "deletions": 44,
        "date": "2019-11-10",
        "commitResults": [
          {
            "hash": "35830c43c8b3ca0dd8447b93ba9d5a1559d56adc",
            "messageTitle": "added sorting for task skills",
            "messageBody": "",
            "insertions": 70,
            "deletions": 35
          },
          {
            "hash": "2f41774b89a48181acb8a973acb068fb60e879f2",
            "messageTitle": "Fixed checkstyle",
            "messageBody": "",
            "insertions": 10,
            "deletions": 9
          }
        ]
      },
      {
        "insertions": 188,
        "deletions": 6,
        "date": "2019-11-11",
        "commitResults": [
          {
            "hash": "6bd511342fe848ce1eb1473e28c5360bd8ee3a21",
            "messageTitle": "testing for matching",
            "messageBody": "",
            "insertions": 24,
            "deletions": 0
          },
          {
            "hash": "7efb37b53c5a8df52e9a90d7b3ccc6c28997ae60",
            "messageTitle": "More tests for matching",
            "messageBody": "",
            "insertions": 96,
            "deletions": 0
          },
          {
            "hash": "fecdef2a7e68c00878116db970ab2160cdf58e46",
            "messageTitle": "added taskTest",
            "messageBody": "",
            "insertions": 66,
            "deletions": 3
          },
          {
            "hash": "1a2c92c0e3f064b4698b0cc1d4ed8938eb5724c8",
            "messageTitle": "CheckStylez yo",
            "messageBody": "",
            "insertions": 2,
            "deletions": 2
          },
          {
            "hash": "a329e56bd09eb3af6f692ae625a54a8e20e2af0d",
            "messageTitle": "Added to DG relevant parts",
            "messageBody": "",
            "insertions": 0,
            "deletions": 1
          }
        ]
      }
    ],
    "chenyuheng": [
      {
        "insertions": 21,
        "deletions": 26,
        "date": "2019-10-02",
        "commitResults": [
          {
            "hash": "a7651d1d66b557f7c5478896a697b74ba7585a20",
            "messageTitle": "fixed some javadoc related error",
            "messageBody": "",
            "insertions": 21,
            "deletions": 26
          }
        ]
      },
      {
        "insertions": 158,
        "deletions": 58,
        "date": "2019-10-09",
        "commitResults": [
          {
            "hash": "df75d6259cfa4f615a41ec1c40b651d4c937c593",
            "messageTitle": "added command typo correction",
            "messageBody": "",
            "insertions": 111,
            "deletions": 0
          },
          {
            "hash": "b9215e10431b72ef09f20e9c56abd6f08dab1336",
            "messageTitle": "clear up",
            "messageBody": "",
            "insertions": 47,
            "deletions": 58
          }
        ]
      },
      {
        "insertions": 285,
        "deletions": 46,
        "date": "2019-10-25",
        "commitResults": [
          {
            "hash": "f8f2c76b19da8f419d24d596f898b2d601c3000e",
            "messageTitle": "Merge branch \u0027updatedArchitecture\u0027 of https://github.com/AY1920S1-CS2113-T14-4/main",
            "messageBody": "# Conflicts:\n#\tsrc/main/java/core/Duke.java\n",
            "insertions": 114,
            "deletions": 0
          },
          {
            "hash": "c057f1ebfbb60ca2b8f37fcccb1e3060f332db32",
            "messageTitle": "(almost) finish model comtroller",
            "messageBody": "",
            "insertions": 98,
            "deletions": 10
          },
          {
            "hash": "430c91444b520ac5a89ec53cdeae1865227d2580",
            "messageTitle": "make the model controller interface",
            "messageBody": "",
            "insertions": 73,
            "deletions": 36
          }
        ]
      },
      {
        "insertions": 168,
        "deletions": 146,
        "date": "2019-10-26",
        "commitResults": [
          {
            "hash": "e24b9a90a6275034ab5b742a681f4fc952558288",
            "messageTitle": "finished Model part (except storage related things)",
            "messageBody": "",
            "insertions": 168,
            "deletions": 146
          }
        ]
      },
      {
        "insertions": 281,
        "deletions": 31,
        "date": "2019-10-28",
        "commitResults": [
          {
            "hash": "7ac45c77af18e75df0fdc65be2e71e208cbecbd5",
            "messageTitle": "add command parser",
            "messageBody": "",
            "insertions": 229,
            "deletions": 30
          },
          {
            "hash": "c94271dbb8631fc246bae2a72036e899735515ce",
            "messageTitle": "argument tokenizer",
            "messageBody": "",
            "insertions": 52,
            "deletions": 1
          }
        ]
      },
      {
        "insertions": 345,
        "deletions": 225,
        "date": "2019-10-29",
        "commitResults": [
          {
            "hash": "5d1c915e5b01dc0b0f86f2687efc38c1888420b3",
            "messageTitle": "fix error of add command",
            "messageBody": "",
            "insertions": 93,
            "deletions": 67
          },
          {
            "hash": "2fe8e9c54e4829cd71b2ea16ca1d9b2288f20a05",
            "messageTitle": "add settime in add command",
            "messageBody": "",
            "insertions": 42,
            "deletions": 11
          },
          {
            "hash": "23d6930468bcd0b4025ea5a7aca5fac290c15dda",
            "messageTitle": "done command",
            "messageBody": "",
            "insertions": 62,
            "deletions": 103
          },
          {
            "hash": "0409604c3f49c5bade1275b24a9b6c9276f67acc",
            "messageTitle": "link command",
            "messageBody": "",
            "insertions": 87,
            "deletions": 6
          },
          {
            "hash": "467f45785569f6aaf57e66a188d1f9da13f4e2bb",
            "messageTitle": "simple list command",
            "messageBody": "",
            "insertions": 57,
            "deletions": 8
          },
          {
            "hash": "1d1406a56d31311c51deae3040dfe16f2ebffc9d",
            "messageTitle": "small comment",
            "messageBody": "",
            "insertions": 1,
            "deletions": 0
          },
          {
            "hash": "a72a57b3d58bb33a04e0a49276c7baafbc9a8e25",
            "messageTitle": "fix ArgumentTokenizer and clear up Duke.java",
            "messageBody": "",
            "insertions": 3,
            "deletions": 30
          }
        ]
      },
      {
        "insertions": 70,
        "deletions": 6,
        "date": "2019-10-30",
        "commitResults": [
          {
            "hash": "a7bcd495f79f378430acdbc81b922ff673904a55",
            "messageTitle": "unlink",
            "messageBody": "",
            "insertions": 67,
            "deletions": 4
          },
          {
            "hash": "cab79f24d9c19e930b1a2b30cf194cc8e3a331dc",
            "messageTitle": "fix checkstyle",
            "messageBody": "",
            "insertions": 2,
            "deletions": 1
          },
          {
            "hash": "c20da4115d854c7a9c7708fdb2490557e750e111",
            "messageTitle": "fix small exception bug in DoneCommand.java",
            "messageBody": "",
            "insertions": 1,
            "deletions": 1
          }
        ]
      },
      {
        "insertions": 14,
        "deletions": 5,
        "date": "2019-10-31",
        "commitResults": [
          {
            "hash": "2f2b33b332a7b6786e814a5c769c33363954db5e",
            "messageTitle": "add assignment function to add task command",
            "messageBody": "",
            "insertions": 11,
            "deletions": 3
          },
          {
            "hash": "f831f2f4253db28fc653de992cc2f2a413d2a8fb",
            "messageTitle": "fix unlink problem",
            "messageBody": "",
            "insertions": 3,
            "deletions": 2
          }
        ]
      },
      {
        "insertions": 131,
        "deletions": 18,
        "date": "2019-11-05",
        "commitResults": [
          {
            "hash": "4efb57654d6be04bcd161e88b4d823783607140d",
            "messageTitle": "fix assignment probleam with add command. (issue: https://github.com/AY1920S1-CS2113-T14-4/main/issues/159)",
            "messageBody": "",
            "insertions": 1,
            "deletions": 1
          },
          {
            "hash": "77ae82a4fd7f28387e0b09c5d03f28dbfe96f113",
            "messageTitle": "fix link and unlink problem with multi-word member name, changed the original splits token space( ) to comma(,). The UG updated as well. issue: https://github.com/AY1920S1-CS2113-T14-4/main/issues/157",
            "messageBody": "",
            "insertions": 25,
            "deletions": 6
          },
          {
            "hash": "0fdbb393973bc989a864208fd3087a139dab698d",
            "messageTitle": "add warning if unlink a non-exist link. issue: https://github.com/AY1920S1-CS2113-T14-4/main/issues/146",
            "messageBody": "",
            "insertions": 14,
            "deletions": 7
          },
          {
            "hash": "7c09e1416bfd1aceb3da0d4da800aa3ff0dbef8b",
            "messageTitle": "added undone command, the UG updated as well. issue: https://github.com/AY1920S1-CS2113-T14-4/main/issues/118",
            "messageBody": "",
            "insertions": 79,
            "deletions": 2
          },
          {
            "hash": "052d64791dfad7cd951b251491eba5b95984a317",
            "messageTitle": "fix checkstyle",
            "messageBody": "",
            "insertions": 12,
            "deletions": 2
          }
        ]
      },
      {
        "insertions": 93,
        "deletions": 61,
        "date": "2019-11-11",
        "commitResults": [
          {
            "hash": "3f95bd96a0bfd5bf3f29f3e3e040d36ff6b82085",
            "messageTitle": "add javadoc for undone",
            "messageBody": "",
            "insertions": 6,
            "deletions": 0
          },
          {
            "hash": "e11f9a194f94417e646d1d12971ce2e952e9fc86",
            "messageTitle": "update javadoc, add corrector to the second word of add command, update message to invalid add command",
            "messageBody": "",
            "insertions": 59,
            "deletions": 34
          },
          {
            "hash": "8e247ad1e0a1e20d1eda540b3d5b4d8f5314f9ef",
            "messageTitle": "fix checkstyle",
            "messageBody": "",
            "insertions": 7,
            "deletions": 15
          },
          {
            "hash": "01c1d37eae70dd19f3ba596165880df7d04f0e08",
            "messageTitle": "fix argument tokenizer",
            "messageBody": "",
            "insertions": 17,
            "deletions": 9
          },
          {
            "hash": "c45945cb72d7fcbbf2df8cdf959470c502de5040",
            "messageTitle": "update a little javadoc",
            "messageBody": "",
            "insertions": 3,
            "deletions": 3
          },
          {
            "hash": "9b5dc747093ff9d6240d34e9522fe3b3dbb2feba",
            "messageTitle": "fix checkstyle",
            "messageBody": "",
            "insertions": 1,
            "deletions": 0
          }
        ]
      }
    ],
    "jasonchanwq": [
      {
        "insertions": 76,
        "deletions": 19,
        "date": "2019-10-15",
        "commitResults": [
          {
            "hash": "00fefb3721badba4f0245c00c62e6740129983f5",
            "messageTitle": "Add link",
            "messageBody": "",
            "insertions": 59,
            "deletions": 15
          },
          {
            "hash": "cf4ca5760d2d069be1c236fb7b7b9063e74c0700",
            "messageTitle": "Pass checkstyle",
            "messageBody": "",
            "insertions": 17,
            "deletions": 4
          }
        ]
      },
      {
        "insertions": 110,
        "deletions": 5,
        "date": "2019-10-22",
        "commitResults": [
          {
            "hash": "7c4e73fed2d13c8ea2dcdb8def255ae03636cb76",
            "messageTitle": "Add Unlink and Remove",
            "messageBody": "",
            "insertions": 110,
            "deletions": 5
          }
        ]
      },
      {
        "insertions": 67,
        "deletions": 2,
        "date": "2019-10-24",
        "commitResults": [
          {
            "hash": "85abf598906dc0743d6f6fdaed8f9563a5a269cf",
            "messageTitle": "Add DoneTest and LinkTest",
            "messageBody": "",
            "insertions": 65,
            "deletions": 0
          },
          {
            "hash": "c11785712ca000169122d86e008c091b269c92e3",
            "messageTitle": "Edit for checkstyleMain",
            "messageBody": "",
            "insertions": 2,
            "deletions": 2
          }
        ]
      },
      {
        "insertions": 23,
        "deletions": 4,
        "date": "2019-10-25",
        "commitResults": [
          {
            "hash": "626b8a187bbfecc65853e55ae6b704572b25b6e1",
            "messageTitle": "Add DoneCommandTest",
            "messageBody": "",
            "insertions": 23,
            "deletions": 4
          }
        ]
      },
      {
        "insertions": 257,
        "deletions": 22,
        "date": "2019-10-30",
        "commitResults": [
          {
            "hash": "7f2ba28033a6bbfc6a969a14f602a6f4da10f983",
            "messageTitle": "Add SnoozeCommand and SnoozeCommandParser",
            "messageBody": "",
            "insertions": 74,
            "deletions": 1
          },
          {
            "hash": "6dbb7766454a4ba3f62948b8f7092c7def9e295d",
            "messageTitle": "Edit SnoozeCommand and SnoozeCommandParser",
            "messageBody": "",
            "insertions": 25,
            "deletions": 18
          },
          {
            "hash": "64e00ef43c5eaeaba4f49ced3a41af58ce9ed9bf",
            "messageTitle": "Add RenameMemberCommand, RenameTaskCommand, RenameCommandParser",
            "messageBody": "",
            "insertions": 158,
            "deletions": 3
          }
        ]
      },
      {
        "insertions": 217,
        "deletions": 4,
        "date": "2019-11-01",
        "commitResults": [
          {
            "hash": "19037c67e75495aaeaa268d3ad7c42763162ac85",
            "messageTitle": "Add EditMemberDescriptionCommand and EditMemberDescriptionParser Implemented old snooze and rename functions into Edit package",
            "messageBody": "",
            "insertions": 217,
            "deletions": 4
          }
        ]
      },
      {
        "insertions": 84,
        "deletions": 13,
        "date": "2019-11-02",
        "commitResults": [
          {
            "hash": "a06a430baac346b819b026ac109d1e20eab0b821",
            "messageTitle": "Minor changes to Edit function",
            "messageBody": "",
            "insertions": 84,
            "deletions": 13
          }
        ]
      },
      {
        "insertions": 239,
        "deletions": 53,
        "date": "2019-11-03",
        "commitResults": [
          {
            "hash": "d331b5587d7da4e5c3f48466f89af31a45a8fac8",
            "messageTitle": "Fixed edit task description function",
            "messageBody": "",
            "insertions": 65,
            "deletions": 10
          },
          {
            "hash": "604e41db986d70ad0f62013b1e8ec79dca2aac0b",
            "messageTitle": "Edit UiController to better describe Team Manager",
            "messageBody": "",
            "insertions": 15,
            "deletions": 6
          },
          {
            "hash": "2f92cc53e2dbe71102c0d7c292fe1340ce340d8c",
            "messageTitle": "Add ShowCommandParser",
            "messageBody": "",
            "insertions": 67,
            "deletions": 2
          },
          {
            "hash": "7a6a5808d8e06a879c2909498bd5b89c1e9a087a",
            "messageTitle": "Add ShowTaskDetailsCommand",
            "messageBody": "",
            "insertions": 92,
            "deletions": 35
          }
        ]
      },
      {
        "insertions": 86,
        "deletions": 35,
        "date": "2019-11-04",
        "commitResults": [
          {
            "hash": "80b4dbee709cd5d33651bb4d79503768653fedc2",
            "messageTitle": "Add ShowMemberDetailsCommand",
            "messageBody": "",
            "insertions": 72,
            "deletions": 24
          },
          {
            "hash": "ad3f583b895462218573eabf1a01e66429581bec",
            "messageTitle": "Fix checkstyle",
            "messageBody": "",
            "insertions": 6,
            "deletions": 7
          },
          {
            "hash": "2d2573dd6346d765624dd3d589d4ef812b464987",
            "messageTitle": "Edit EditTaskDateTime Command now checks against current time",
            "messageBody": "",
            "insertions": 4,
            "deletions": 0
          },
          {
            "hash": "e81e1c76ab36a6da45a47d0031a9ac463d149e21",
            "messageTitle": "Add check into help command",
            "messageBody": "",
            "insertions": 4,
            "deletions": 4
          }
        ]
      },
      {
        "insertions": 47,
        "deletions": 36,
        "date": "2019-11-05",
        "commitResults": [
          {
            "hash": "049511cabd346858c6a627bc5e22669cbeddc6c1",
            "messageTitle": "Add isInTaskList to model",
            "messageBody": "",
            "insertions": 32,
            "deletions": 27
          },
          {
            "hash": "91267d9a03185aea29c226dfd733bc9dee8457a8",
            "messageTitle": "Add getMemberIDByName",
            "messageBody": "",
            "insertions": 15,
            "deletions": 9
          }
        ]
      },
      {
        "insertions": 33,
        "deletions": 120,
        "date": "2019-11-09",
        "commitResults": [
          {
            "hash": "f5ce7e794b7b13419d77b4e3ad69ad42138bc96c",
            "messageTitle": "Edit edit parsers and commands",
            "messageBody": "",
            "insertions": 33,
            "deletions": 120
          }
        ]
      },
      {
        "insertions": 599,
        "deletions": 108,
        "date": "2019-11-10",
        "commitResults": [
          {
            "hash": "daff78e0d022258f7c45907f37fb1b601bbe4dfe",
            "messageTitle": "Edit checkstyle",
            "messageBody": "",
            "insertions": 17,
            "deletions": 6
          },
          {
            "hash": "bff4248510b64f9f845b57b191fe904f7f840d14",
            "messageTitle": "Edit Show task function",
            "messageBody": "",
            "insertions": 117,
            "deletions": 24
          },
          {
            "hash": "42eed824c626bad87056bb79c72364a573afa2a6",
            "messageTitle": "Edit show member function",
            "messageBody": "",
            "insertions": 108,
            "deletions": 24
          },
          {
            "hash": "88e06b141e2fac1f479ccb2a93c76560cae5c678",
            "messageTitle": "Add tests for EditTask",
            "messageBody": "",
            "insertions": 231,
            "deletions": 6
          },
          {
            "hash": "e6b34a13db79ece6af3312fa9c1d134a865db5f1",
            "messageTitle": "Fix EditTaskNameCommand bug",
            "messageBody": "",
            "insertions": 15,
            "deletions": 25
          },
          {
            "hash": "d8ee22779593fc5f10298ae0363525660b64e3ad",
            "messageTitle": "Error with junit",
            "messageBody": "",
            "insertions": 2,
            "deletions": 3
          },
          {
            "hash": "c296a2d08dc128603f40a6abeb67082c513ed3b4",
            "messageTitle": "Fix error with travis ci",
            "messageBody": "",
            "insertions": 1,
            "deletions": 3
          },
          {
            "hash": "34e5dd26986b0b97f68215a3aa904b31429e508f",
            "messageTitle": "Edit EditTaskDateTimeCommandTest",
            "messageBody": "",
            "insertions": 2,
            "deletions": 0
          },
          {
            "hash": "4d106be89e59e361b5cbf92b08637f91613087c6",
            "messageTitle": "Add EditMemberName tests",
            "messageBody": "",
            "insertions": 106,
            "deletions": 17
          }
        ]
      },
      {
        "insertions": 313,
        "deletions": 274,
        "date": "2019-11-11",
        "commitResults": [
          {
            "hash": "18fccc52b17e76494bd44d3d01e8c183bddac68c",
            "messageTitle": "Add ShowMemberDetailsCommandTest and ShowTaskDetailsCommandTest",
            "messageBody": "",
            "insertions": 194,
            "deletions": 145
          },
          {
            "hash": "23d8d70a99f8fa29900b9f5322a834983afb2050",
            "messageTitle": "Fix checkstyleTest",
            "messageBody": "",
            "insertions": 29,
            "deletions": 18
          },
          {
            "hash": "ee4ecfc7b6130f41db87666f2d11db66ec11e0cc",
            "messageTitle": "Test Travis Ci",
            "messageBody": "",
            "insertions": 16,
            "deletions": 4
          },
          {
            "hash": "2637633d57b26f7504e3bef3fb7a271b01f44e4f",
            "messageTitle": "Test Travis Ci",
            "messageBody": "",
            "insertions": 2,
            "deletions": 0
          },
          {
            "hash": "d6264ae0bbe518ddc4fc5e2bbecc4388403e7cc6",
            "messageTitle": "Test Travis Ci",
            "messageBody": "",
            "insertions": 12,
            "deletions": 12
          },
          {
            "hash": "c8d7aff484ef56fb9b6416e24354383dc7485fb6",
            "messageTitle": "Test Travis CI",
            "messageBody": "",
            "insertions": 4,
            "deletions": 3
          },
          {
            "hash": "7cbbd5fdbcd77481e5acb949f6f0adac981ce224",
            "messageTitle": "Test assertSame",
            "messageBody": "",
            "insertions": 2,
            "deletions": 1
          },
          {
            "hash": "1fbffc0903fc8a4698730c566ae28c20b69c6514",
            "messageTitle": "Test Travis Ci",
            "messageBody": "",
            "insertions": 6,
            "deletions": 24
          },
          {
            "hash": "6a891bda81120797252ada7821e03ccac186399e",
            "messageTitle": "Test Travis CI",
            "messageBody": "",
            "insertions": 2,
            "deletions": 2
          },
          {
            "hash": "31451e4990ebea39fa255c436cf9bcfa38e9a737",
            "messageTitle": "Edit Show tests",
            "messageBody": "",
            "insertions": 22,
            "deletions": 50
          },
          {
            "hash": "4a0b215e561111c7e895cbbf566edc6c7f081317",
            "messageTitle": "Clean code",
            "messageBody": "",
            "insertions": 2,
            "deletions": 2
          },
          {
            "hash": "b4a5e933af31abbf11a8a8e11082f40b5c04f294",
            "messageTitle": "Fixed to match master",
            "messageBody": "",
            "insertions": 3,
            "deletions": 3
          },
          {
            "hash": "a89364eb4ef3b43071264aed048f32af1144237a",
            "messageTitle": "Resolve issue 152",
            "messageBody": "",
            "insertions": 12,
            "deletions": 3
          },
          {
            "hash": "bd5618c394f12b014a9002450aa2d8d9b932a3c5",
            "messageTitle": "Solve issue 152",
            "messageBody": "",
            "insertions": 3,
            "deletions": 3
          },
          {
            "hash": "d076dcec8288790b34b9923d0c05e8bb403c9534",
            "messageTitle": "Test Travis Ci",
            "messageBody": "",
            "insertions": 3,
            "deletions": 1
          },
          {
            "hash": "8a1a696f491e84480c70b54c3e1bc3de784b5066",
            "messageTitle": "Add pictures to ug",
            "messageBody": "",
            "insertions": 1,
            "deletions": 3
          }
        ]
      }
    ],
    "AugGust": [
      {
        "insertions": 21,
        "deletions": 2,
        "date": "2019-10-02",
        "commitResults": [
          {
            "hash": "6687ad806d63a776557b4d92246019038069bcd5",
            "messageTitle": "Fixed and added Javadocs for ViewScheCommand",
            "messageBody": "",
            "insertions": 21,
            "deletions": 2
          }
        ]
      },
      {
        "insertions": 29,
        "deletions": 6,
        "date": "2019-10-09",
        "commitResults": [
          {
            "hash": "71e7996a9662513d0a085621c299b2dba1ae2777",
            "messageTitle": "Added blank main window",
            "messageBody": "",
            "insertions": 18,
            "deletions": 0
          },
          {
            "hash": "22cd84b20516e485a31e29768bf9db065720a7d8",
            "messageTitle": "Fixed checkStyle errors",
            "messageBody": "",
            "insertions": 9,
            "deletions": 4
          },
          {
            "hash": "1357835232bb75a980079123e45b409a41c75686",
            "messageTitle": "Fixed javadoc formatting for Travis",
            "messageBody": "",
            "insertions": 2,
            "deletions": 2
          }
        ]
      },
      {
        "insertions": 89,
        "deletions": 73,
        "date": "2019-10-16",
        "commitResults": [
          {
            "hash": "c957b44ae279bcdb850b86ac7165ce7976be96f5",
            "messageTitle": "Linked initial output text Area and fixed some file names",
            "messageBody": "",
            "insertions": 78,
            "deletions": 13
          },
          {
            "hash": "4a53990391b9155e389871b208758ec08303091c",
            "messageTitle": "Attempt fix for making IntelliJ Form editor with Gradle",
            "messageBody": "",
            "insertions": 0,
            "deletions": 54
          },
          {
            "hash": "ab62aa4103ead1f7f5565aee8e1ed11994c3ba44",
            "messageTitle": "Fixed styles",
            "messageBody": "",
            "insertions": 7,
            "deletions": 5
          },
          {
            "hash": "43a4bdb907d01c484f67548d8b6de331a58de8f4",
            "messageTitle": "Fix checkstyles again",
            "messageBody": "",
            "insertions": 4,
            "deletions": 1
          }
        ]
      },
      {
        "insertions": 242,
        "deletions": 141,
        "date": "2019-10-21",
        "commitResults": [
          {
            "hash": "aa040f1d914c63ba44c5a97662f654f3cbd36787",
            "messageTitle": "Recreated Window using Eclipse Made Window accept inputs",
            "messageBody": "",
            "insertions": 131,
            "deletions": 31
          },
          {
            "hash": "888adb6e354101869768af12d4f03aa0af95262f",
            "messageTitle": "Fixed style errors",
            "messageBody": "",
            "insertions": 97,
            "deletions": 97
          },
          {
            "hash": "b18e1d75189bac7f2ec42c9c04a9d2bc23fee59c",
            "messageTitle": "Fixed styles again",
            "messageBody": "",
            "insertions": 9,
            "deletions": 8
          },
          {
            "hash": "b09c02a494e88c7dd22ea2a2e334d36266c2ba04",
            "messageTitle": "Fixed style reback for some reason",
            "messageBody": "",
            "insertions": 5,
            "deletions": 5
          }
        ]
      },
      {
        "insertions": 440,
        "deletions": 140,
        "date": "2019-10-22",
        "commitResults": [
          {
            "hash": "3a137b8a9b58b6ceba0f86057f5d314906ec5f59",
            "messageTitle": "Added percentage completed display",
            "messageBody": "",
            "insertions": 58,
            "deletions": 4
          },
          {
            "hash": "3b8346f3466f1c9123d0fed34476ab7f2edfbf15",
            "messageTitle": "Made percentage update live",
            "messageBody": "",
            "insertions": 12,
            "deletions": 4
          },
          {
            "hash": "0fa93e4a90b73c714e88cf73a2a025dee118ae69",
            "messageTitle": "Fixed checkmark and crosses in GUI",
            "messageBody": "",
            "insertions": 2,
            "deletions": 2
          },
          {
            "hash": "5c06de67a1e431c7ba041f8238772a1488a94939",
            "messageTitle": "Added Comments",
            "messageBody": "",
            "insertions": 5,
            "deletions": 2
          },
          {
            "hash": "452e0f8a71116d0fd8266c4deba01c27a2a2f4e5",
            "messageTitle": "Added and fixed more formatting and comments",
            "messageBody": "",
            "insertions": 39,
            "deletions": 28
          },
          {
            "hash": "637823c13e2825ed5fb93430a7d35e98c5ecb3a4",
            "messageTitle": "Fixed indentations",
            "messageBody": "",
            "insertions": 15,
            "deletions": 14
          },
          {
            "hash": "bccbf9a6ca2b7301cb04f46327c7a07954e10e1d",
            "messageTitle": "Fixed test character check",
            "messageBody": "",
            "insertions": 1,
            "deletions": 1
          },
          {
            "hash": "61a5034154558e5677ffceae5c159bab89a11735",
            "messageTitle": "Added pie chart progress display and help command Editted on startup message",
            "messageBody": "",
            "insertions": 105,
            "deletions": 9
          },
          {
            "hash": "85688fa6b7a8b70ad2a6e64f76a49bd7f8d138b8",
            "messageTitle": "Updated pie chart live",
            "messageBody": "",
            "insertions": 8,
            "deletions": 1
          },
          {
            "hash": "fcc9d9d12105bb005f7f5e164eae1074b2810658",
            "messageTitle": "Added input field history control Use up and down arrows to go through history",
            "messageBody": "",
            "insertions": 125,
            "deletions": 24
          },
          {
            "hash": "a5c22e6672dbb9f3d7a3d89d03b4c884c47541f6",
            "messageTitle": "Formatted and added Javadocs for PieChart",
            "messageBody": "",
            "insertions": 39,
            "deletions": 25
          },
          {
            "hash": "b183b7bc6e15c198ad9b3f155e90d5bfba87d545",
            "messageTitle": "Fixed style errors",
            "messageBody": "",
            "insertions": 27,
            "deletions": 23
          },
          {
            "hash": "33118fe80606f4172a4f4c09de7771b951a6ab6f",
            "messageTitle": "Attempt to fix style error",
            "messageBody": "",
            "insertions": 2,
            "deletions": 1
          },
          {
            "hash": "b23b769f359453c80c8cd4439646958f35676caf",
            "messageTitle": "Attempt fix style again",
            "messageBody": "",
            "insertions": 2,
            "deletions": 2
          }
        ]
      },
      {
        "insertions": 72,
        "deletions": 41,
        "date": "2019-10-23",
        "commitResults": [
          {
            "hash": "8024047036e1e162025d93c68ce55f7c01d01865",
            "messageTitle": "Fixed style at last",
            "messageBody": "",
            "insertions": 1,
            "deletions": 1
          },
          {
            "hash": "55e2ce377393e9e1855e41600c26ff73ef84dd92",
            "messageTitle": "Small GUI change and first attempt at JAR",
            "messageBody": "",
            "insertions": 1,
            "deletions": 1
          },
          {
            "hash": "261914f56b53d5707610b16686a033a96d6727e2",
            "messageTitle": "Made Storage generate missing folders/files. Packaged a working version of duke pro JAR",
            "messageBody": "",
            "insertions": 10,
            "deletions": 2
          },
          {
            "hash": "89dae26f4501c6a30b757eb1397f7e2c22897f1e",
            "messageTitle": "Resized GUI items and repackaged jar",
            "messageBody": "",
            "insertions": 16,
            "deletions": 16
          },
          {
            "hash": "642d3e9a077f9757618db60505e62420955f5f49",
            "messageTitle": "Fixed some styles and added checkStyle script",
            "messageBody": "",
            "insertions": 10,
            "deletions": 10
          },
          {
            "hash": "a24ecce26de0f3caaee8d0497244645d84638ab6",
            "messageTitle": "Renamed GUI to Team Manager and packaged new JAR",
            "messageBody": "",
            "insertions": 25,
            "deletions": 2
          },
          {
            "hash": "6238c1b3878262cd48d732aea9282237ab281359",
            "messageTitle": "Fixed styles",
            "messageBody": "",
            "insertions": 9,
            "deletions": 9
          }
        ]
      },
      {
        "insertions": 135,
        "deletions": 89,
        "date": "2019-10-24",
        "commitResults": [
          {
            "hash": "8ae411b5e68391dc3a6afb26b72c78262c4ced8d",
            "messageTitle": "Animated Pie Chart",
            "messageBody": "",
            "insertions": 44,
            "deletions": 5
          },
          {
            "hash": "693bc130eb6f597d4dc701aea6d11a96a977ed79",
            "messageTitle": "Initial work on Live Reminders system Removed old reminders system",
            "messageBody": "",
            "insertions": 25,
            "deletions": 71
          },
          {
            "hash": "4207c7110dd2fb38725185bde7570da2e05cc722",
            "messageTitle": "Remind Command taking input Updated JAR",
            "messageBody": "",
            "insertions": 52,
            "deletions": 2
          },
          {
            "hash": "425e62c62c797dd28d4ba52d3759781e0f32a973",
            "messageTitle": "Fixed formatting and manifest for new JAR",
            "messageBody": "",
            "insertions": 14,
            "deletions": 11
          }
        ]
      },
      {
        "insertions": 170,
        "deletions": 35,
        "date": "2019-10-30",
        "commitResults": [
          {
            "hash": "827c987782be6baeb062564b3f5acb4cd1325ffa",
            "messageTitle": "Fixed bye command",
            "messageBody": "",
            "insertions": 3,
            "deletions": 0
          },
          {
            "hash": "c09337bf8cdca269750cdec268524c0e86a6c734",
            "messageTitle": "Fixed help command list",
            "messageBody": "",
            "insertions": 15,
            "deletions": 14
          },
          {
            "hash": "c812028e96dee35a89d373eef63f7084183243cd",
            "messageTitle": "Fixed GUI broken links. Remade part of reminders command",
            "messageBody": "",
            "insertions": 130,
            "deletions": 17
          },
          {
            "hash": "58a48ad6001292aab839a6d1f1c66b572b36f2ab",
            "messageTitle": "More progress on reminder system",
            "messageBody": "",
            "insertions": 22,
            "deletions": 4
          }
        ]
      },
      {
        "insertions": 545,
        "deletions": 170,
        "date": "2019-10-31",
        "commitResults": [
          {
            "hash": "dc7a088872476b85b7072a61f95ecd3662a47c09",
            "messageTitle": "Added task and member visualiser",
            "messageBody": "",
            "insertions": 144,
            "deletions": 10
          },
          {
            "hash": "315ffef70af75635f09802f98faeb4f4b542aaab",
            "messageTitle": "Added Live Reminders System",
            "messageBody": "",
            "insertions": 191,
            "deletions": 3
          },
          {
            "hash": "e83df6c89c7d8a8bcdca5da17005beda3c826c24",
            "messageTitle": "Reminders now check for missed and deleted tasks",
            "messageBody": "",
            "insertions": 210,
            "deletions": 157
          }
        ]
      },
      {
        "insertions": 48,
        "deletions": 24,
        "date": "2019-11-01",
        "commitResults": [
          {
            "hash": "5395109201aa1d373ceccac306b26ba6e588d45c",
            "messageTitle": "Made snooze command clear reminder Fixed Jason\u0027s author reposense tag format in SnoozeCommand",
            "messageBody": "",
            "insertions": 4,
            "deletions": 2
          },
          {
            "hash": "2d5a38f4b06d3270e324e04663cfc2419ccac5ce",
            "messageTitle": "Added sound effect for reminder Updated gradle meta-data",
            "messageBody": "",
            "insertions": 26,
            "deletions": 3
          },
          {
            "hash": "4b111ca44f139fb128902ef374b8647d32c783f7",
            "messageTitle": "fix checkstyle",
            "messageBody": "",
            "insertions": 3,
            "deletions": 2
          },
          {
            "hash": "3b59ec52aa91804c8396fcbd1bc7175650df79e9",
            "messageTitle": "Cleaned up help function",
            "messageBody": "",
            "insertions": 12,
            "deletions": 11
          },
          {
            "hash": "956237e78e7f38cce1c370012c6cde4b169ed3a1",
            "messageTitle": "Fixed Jason\u0027s author tags",
            "messageBody": "",
            "insertions": 3,
            "deletions": 6
          }
        ]
      },
      {
        "insertions": 2,
        "deletions": 6,
        "date": "2019-11-05",
        "commitResults": [
          {
            "hash": "c44632c963b34c4b5406b6bd03b768c7959554fb",
            "messageTitle": "Slight GUI adjustment for Ubuntu users. Removed rogue gui.Duke",
            "messageBody": "",
            "insertions": 2,
            "deletions": 6
          }
        ]
      },
      {
        "insertions": 98,
        "deletions": 24,
        "date": "2019-11-06",
        "commitResults": [
          {
            "hash": "e8f4363cd45aadfd5b5f69bff8918fcc2975aa0a",
            "messageTitle": "Added list reminders command Cleaned up date representations",
            "messageBody": "",
            "insertions": 77,
            "deletions": 8
          },
          {
            "hash": "490fb7cb462cb19667bb5df24f8d64e45d54bd58",
            "messageTitle": "Disallowed negative values for reminders",
            "messageBody": "",
            "insertions": 9,
            "deletions": 5
          },
          {
            "hash": "7c5f1e76f65846b9a4a9394ac39d109cf9eda3a5",
            "messageTitle": "Fix checkstyle",
            "messageBody": "",
            "insertions": 12,
            "deletions": 11
          }
        ]
      },
      {
        "insertions": 80,
        "deletions": 13,
        "date": "2019-11-07",
        "commitResults": [
          {
            "hash": "026d52d891ea55b0f9c99fbd7e806aed06d76075",
            "messageTitle": "Improved reminders index catching Added tests for reminders",
            "messageBody": "",
            "insertions": 69,
            "deletions": 3
          },
          {
            "hash": "a04dc7f704a312afeb1551b3aa9a8e13ec9b7149",
            "messageTitle": "Fixed checkstyle",
            "messageBody": "",
            "insertions": 3,
            "deletions": 3
          },
          {
            "hash": "5c8a211ec1dd7f8766156d088521439b464c7d77",
            "messageTitle": "Fix listremindersparser author tag",
            "messageBody": "",
            "insertions": 2,
            "deletions": 2
          },
          {
            "hash": "dd06a83ade63225fbaa65f3f120a24df667a06f3",
            "messageTitle": "Fix comments",
            "messageBody": "",
            "insertions": 5,
            "deletions": 4
          },
          {
            "hash": "5691d8921a77afb4bb11ce87a71cedb0df6fadf1",
            "messageTitle": "Fix comment again",
            "messageBody": "",
            "insertions": 1,
            "deletions": 1
          }
        ]
      },
      {
        "insertions": 254,
        "deletions": 14,
        "date": "2019-11-11",
        "commitResults": [
          {
            "hash": "da88ff5f48d75dd27a481dcca72e76117b9afdb6",
            "messageTitle": "Added more logging",
            "messageBody": "",
            "insertions": 4,
            "deletions": 0
          },
          {
            "hash": "00ee3c04af56d063a0020890e3b432f19d426ad3",
            "messageTitle": "Added dummy data generator",
            "messageBody": "",
            "insertions": 250,
            "deletions": 14
          }
        ]
      }
    ],
    "yuyanglin28": [
      {
        "insertions": 100,
        "deletions": 39,
        "date": "2019-10-09",
        "commitResults": [
          {
            "hash": "57921bae33d83537433285c813981b9d7fb107a5",
            "messageTitle": "test class for period and last task",
            "messageBody": "",
            "insertions": 90,
            "deletions": 0
          },
          {
            "hash": "a2a608bbecfbe8f1fde29f8a4f2982baf6984253",
            "messageTitle": "fix check style",
            "messageBody": "",
            "insertions": 8,
            "deletions": 19
          },
          {
            "hash": "4a7d9e9771b67fab3d9c9c10df08dc6c03be9906",
            "messageTitle": "fix check style",
            "messageBody": "",
            "insertions": 1,
            "deletions": 1
          },
          {
            "hash": "a9cb17184d6f089d911f03522b982b753c5f10ec",
            "messageTitle": "fix error",
            "messageBody": "",
            "insertions": 1,
            "deletions": 19
          }
        ]
      },
      {
        "insertions": 263,
        "deletions": 36,
        "date": "2019-10-15",
        "commitResults": [
          {
            "hash": "2776fa7013216565f7a72ffd406adcea66ffdb3c",
            "messageTitle": "add member \u0026 show member list",
            "messageBody": "",
            "insertions": 263,
            "deletions": 36
          }
        ]
      },
      {
        "insertions": 361,
        "deletions": 128,
        "date": "2019-10-23",
        "commitResults": [
          {
            "hash": "a874e3d0cc7252a9954fa6354bb683e4765c5f3e",
            "messageTitle": "local change",
            "messageBody": "",
            "insertions": 1,
            "deletions": 1
          },
          {
            "hash": "79a5f5b28d7ef038a9b4181d265903b418e16eaa",
            "messageTitle": "task for one person \u0026 fix delete function",
            "messageBody": "",
            "insertions": 88,
            "deletions": 37
          },
          {
            "hash": "d6fc56f4758943ab325fefc9f8bc379c8b7413b8",
            "messageTitle": "fix checkstyle",
            "messageBody": "",
            "insertions": 20,
            "deletions": 11
          },
          {
            "hash": "619cfe2616b49ed1d3be80a7c629b47a05700a8f",
            "messageTitle": "check and schedule support for one member",
            "messageBody": "",
            "insertions": 79,
            "deletions": 15
          },
          {
            "hash": "79cdd5d4b3283d626c93f6028777bf94ad8bdcae",
            "messageTitle": "fix checkstyle",
            "messageBody": "",
            "insertions": 2,
            "deletions": 2
          },
          {
            "hash": "437e37738ec37e5a62d24b40b0cd1066f00045af",
            "messageTitle": "more functions",
            "messageBody": "",
            "insertions": 142,
            "deletions": 39
          },
          {
            "hash": "f5cec009197c726e17eca700d49436fde5d76794",
            "messageTitle": "fix checkstyle",
            "messageBody": "",
            "insertions": 15,
            "deletions": 12
          },
          {
            "hash": "3bb2b25f9b7ac2fb564b2190d22713704b73b210",
            "messageTitle": "update userguide",
            "messageBody": "",
            "insertions": 14,
            "deletions": 11
          }
        ]
      },
      {
        "insertions": 3,
        "deletions": 1,
        "date": "2019-10-24",
        "commitResults": [
          {
            "hash": "11116a6b54093a3238ff24f0a7671b8493916bca",
            "messageTitle": "fix delete",
            "messageBody": "",
            "insertions": 3,
            "deletions": 1
          }
        ]
      },
      {
        "insertions": 453,
        "deletions": 2687,
        "date": "2019-10-29",
        "commitResults": [
          {
            "hash": "5fafe16959c7f7da0925dbc337a788bef6578804",
            "messageTitle": "delete parser",
            "messageBody": "",
            "insertions": 110,
            "deletions": 4
          },
          {
            "hash": "99151d501132e5f9ca847f57c6ac322b82b90bea",
            "messageTitle": "delete member done",
            "messageBody": "",
            "insertions": 53,
            "deletions": 28
          },
          {
            "hash": "fabdf0ffbaa3eb1c9b5d89e09218d8f5aac66dbe",
            "messageTitle": "delete",
            "messageBody": "",
            "insertions": 290,
            "deletions": 2655
          }
        ]
      },
      {
        "insertions": 704,
        "deletions": 62,
        "date": "2019-10-30",
        "commitResults": [
          {
            "hash": "2f7411754b8a2fafcd0fdab7d534e7cedc981f64",
            "messageTitle": "help find bye schedule",
            "messageBody": "",
            "insertions": 566,
            "deletions": 23
          },
          {
            "hash": "497bf3776be15abe5a5d668544c5c9505422ceeb",
            "messageTitle": "fix checkstyle",
            "messageBody": "",
            "insertions": 133,
            "deletions": 35
          },
          {
            "hash": "fea8eee792cb0f2c68269c5a5388afb90218f02c",
            "messageTitle": "fix checkstyle",
            "messageBody": "",
            "insertions": 1,
            "deletions": 1
          },
          {
            "hash": "4235c0abb322d75cba81e44e4ca742c21f6b2106",
            "messageTitle": "fix checkstyle",
            "messageBody": "",
            "insertions": 2,
            "deletions": 2
          },
          {
            "hash": "71ad4041c08db63ffc8878cdad059569c51f2af2",
            "messageTitle": "fix checkstyle",
            "messageBody": "",
            "insertions": 1,
            "deletions": 1
          },
          {
            "hash": "85e507ca5b1df05ab129cd5e7141c8c840fadd8c",
            "messageTitle": "local",
            "messageBody": "",
            "insertions": 1,
            "deletions": 0
          }
        ]
      },
      {
        "insertions": 957,
        "deletions": 187,
        "date": "2019-10-31",
        "commitResults": [
          {
            "hash": "9bfa2bcfb3325d39c97176553adbb1f863748358",
            "messageTitle": "edit function",
            "messageBody": "",
            "insertions": 818,
            "deletions": 74
          },
          {
            "hash": "4537535f6af93d8ed1d00722357502b83bf42360",
            "messageTitle": "update UG",
            "messageBody": "",
            "insertions": 10,
            "deletions": 15
          },
          {
            "hash": "bfcea6a67012eb39f9112b0193a220a45c49cece",
            "messageTitle": "no effect change",
            "messageBody": "",
            "insertions": 10,
            "deletions": 13
          },
          {
            "hash": "d1ee6a1fdd739e2a98d62f49a5f7fdce90697c2a",
            "messageTitle": "delete support one more index",
            "messageBody": "",
            "insertions": 91,
            "deletions": 67
          },
          {
            "hash": "19d0811642c41db4cf5af4111d4e8046fd201120",
            "messageTitle": "change UG",
            "messageBody": "",
            "insertions": 1,
            "deletions": 1
          },
          {
            "hash": "9564e5a5a972b16c640a3f9d06847464da202cc5",
            "messageTitle": "update DG",
            "messageBody": "",
            "insertions": 15,
            "deletions": 15
          },
          {
            "hash": "10cc3e1968234a66b15fed4eea850e1b13fb5540",
            "messageTitle": "local change",
            "messageBody": "",
            "insertions": 12,
            "deletions": 2
          }
        ]
      },
      {
        "insertions": 544,
        "deletions": 61,
        "date": "2019-11-02",
        "commitResults": [
          {
            "hash": "e1ac03a24a0081ea7a8e00a11578e2ff3195ea6b",
            "messageTitle": "fix find",
            "messageBody": "",
            "insertions": 7,
            "deletions": 2
          },
          {
            "hash": "ae42974d0d86e88793f8886c25f303582c6e73bb",
            "messageTitle": "fix schedule",
            "messageBody": "",
            "insertions": 26,
            "deletions": 14
          },
          {
            "hash": "84b9665ccf74a92fa763f100c11a3026c89ac723",
            "messageTitle": "fix schedule",
            "messageBody": "",
            "insertions": 15,
            "deletions": 11
          },
          {
            "hash": "13f648d597fda9369ce4b38f13905fb3011237b5",
            "messageTitle": "list full",
            "messageBody": "",
            "insertions": 496,
            "deletions": 34
          }
        ]
      },
      {
        "insertions": 521,
        "deletions": 359,
        "date": "2019-11-04",
        "commitResults": [
          {
            "hash": "1ac9f72995378de83dd6a0240e9705ee0bba4e10",
            "messageTitle": "data change",
            "messageBody": "",
            "insertions": 83,
            "deletions": 60
          },
          {
            "hash": "38e55f4156c65c8d8c65c364be0c8ca55a86e830",
            "messageTitle": "fix find\u0026schedule + list finish",
            "messageBody": "",
            "insertions": 173,
            "deletions": 68
          },
          {
            "hash": "f37fd0bd8d306979f06a9d0e521f2e17baeacb1d",
            "messageTitle": "fix edit index problem",
            "messageBody": "",
            "insertions": 6,
            "deletions": 4
          },
          {
            "hash": "8b9b34c5f71d7eee5456d5ba43ad3e5d816450af",
            "messageTitle": "list parser javadoc done",
            "messageBody": "",
            "insertions": 69,
            "deletions": 66
          },
          {
            "hash": "8887816026d6ff278bbc20dc09323c6f44aa2289",
            "messageTitle": "java doc in tasks manager",
            "messageBody": "",
            "insertions": 190,
            "deletions": 161
          }
        ]
      },
      {
        "insertions": 48,
        "deletions": 51,
        "date": "2019-11-07",
        "commitResults": [
          {
            "hash": "6a0155f36fadfd9d0b44931fb02c06b13ef19f38",
            "messageTitle": "java doc",
            "messageBody": "",
            "insertions": 48,
            "deletions": 51
          }
        ]
      },
      {
        "insertions": 835,
        "deletions": 596,
        "date": "2019-11-10",
        "commitResults": [
          {
            "hash": "0dfda48975eb43aa717fec7ab1ca8d857a481adb",
            "messageTitle": "check name",
            "messageBody": "",
            "insertions": 12,
            "deletions": 2
          },
          {
            "hash": "272769b93abc33793cd50603835c40e4bc797dd3",
            "messageTitle": "find command javadoc",
            "messageBody": "",
            "insertions": 300,
            "deletions": 200
          },
          {
            "hash": "7a030511667b47f530d0df601dec6835b669194a",
            "messageTitle": "part of edit javadoc",
            "messageBody": "",
            "insertions": 75,
            "deletions": 94
          },
          {
            "hash": "0fc59bec11511807bb42ca8edc79b8dddac27260",
            "messageTitle": "edit javadoc",
            "messageBody": "",
            "insertions": 112,
            "deletions": 167
          },
          {
            "hash": "00f43dfd321621b1bc20728790da2868f36b2eaa",
            "messageTitle": "logic part java doc",
            "messageBody": "",
            "insertions": 23,
            "deletions": 74
          },
          {
            "hash": "6dbbfe0e6c81abdb6477ecfdbd151805d9c4217b",
            "messageTitle": "model controller javadoc",
            "messageBody": "",
            "insertions": 101,
            "deletions": 1
          },
          {
            "hash": "5567e595d848591dbaa2174de3a9f6b4a73f22bb",
            "messageTitle": "java doc done",
            "messageBody": "",
            "insertions": 186,
            "deletions": 33
          },
          {
            "hash": "ad1a39fff8c71385444b81f83bc42208299fd896",
            "messageTitle": "fix checkstyle",
            "messageBody": "",
            "insertions": 26,
            "deletions": 25
          }
        ]
      },
      {
        "insertions": 1444,
        "deletions": 329,
        "date": "2019-11-11",
        "commitResults": [
          {
            "hash": "b4091490e2d76d6f08f2da776ffa360e8ba5f5ae",
            "messageTitle": "fix structure",
            "messageBody": "",
            "insertions": 56,
            "deletions": 230
          },
          {
            "hash": "ac558f925fa2ff9725cb56de25c505639a5af675",
            "messageTitle": "edit command test",
            "messageBody": "",
            "insertions": 277,
            "deletions": 17
          },
          {
            "hash": "1cfceb6eee3467e96eeb49178d99fcf4ceeec9d5",
            "messageTitle": "find command test",
            "messageBody": "",
            "insertions": 69,
            "deletions": 0
          },
          {
            "hash": "21d8a6b8b91748911f72b76eb9191ed4eb7ab3be",
            "messageTitle": "delete command test",
            "messageBody": "",
            "insertions": 82,
            "deletions": 3
          },
          {
            "hash": "f17e5433401913b2944d8a3a9eab0f5aa05e8e06",
            "messageTitle": "check command test",
            "messageBody": "",
            "insertions": 89,
            "deletions": 4
          },
          {
            "hash": "566c3ada8c4e934fa77d0057028619880795ac57",
            "messageTitle": "schedule command test",
            "messageBody": "",
            "insertions": 201,
            "deletions": 1
          },
          {
            "hash": "7b400df73c579fab2ba31c4ec91f6ef092fc3ecf",
            "messageTitle": "list command test",
            "messageBody": "",
            "insertions": 344,
            "deletions": 43
          },
          {
            "hash": "335690df9a985d4d6777f4b75ddef3b862337780",
            "messageTitle": "change window",
            "messageBody": "",
            "insertions": 36,
            "deletions": 14
          },
          {
            "hash": "656d1d73855cbbaae9d87672f7180e3284d90af5",
            "messageTitle": "travis setting",
            "messageBody": "",
            "insertions": 12,
            "deletions": 1
          },
          {
            "hash": "b8b26a12167aae2c2442d16eb6fe8664efb7fe72",
            "messageTitle": "some parser tests",
            "messageBody": "",
            "insertions": 141,
            "deletions": 1
          },
          {
            "hash": "f60c1d44bb7fb3fa84f38029647010cdf33cf0b5",
            "messageTitle": "update ug",
            "messageBody": "",
            "insertions": 46,
            "deletions": 10
          },
          {
            "hash": "ebff4be8ca4df904942ff361023b8801adf53b4f",
            "messageTitle": "delete data",
            "messageBody": "",
            "insertions": 1,
            "deletions": 1
          },
          {
            "hash": "1973ca38acc6065ead85c8cd8512f952e4f97bb2",
            "messageTitle": "change some test",
            "messageBody": "",
            "insertions": 86,
            "deletions": 0
          },
          {
            "hash": "b4aff1a7b752dceb6ba4874ea90f13918d77557e",
            "messageTitle": "fix edit",
            "messageBody": "",
            "insertions": 4,
            "deletions": 4
          }
        ]
      }
    ]
  },
  "authorFinalContributionMap": {
    "JustinChia1997": 1617,
    "chenyuheng": 952,
    "jasonchanwq": 1201,
    "AugGust": 1323,
    "yuyanglin28": 3927
  },
  "authorFileTypeContributionMap": {
    "JustinChia1997": {
      "tests": 185,
      "functional": 1431,
      "other": 1
    },
    "chenyuheng": {
      "tests": 38,
      "functional": 913,
      "other": 1
    },
    "jasonchanwq": {
      "tests": 451,
      "functional": 750
    },
    "AugGust": {
      "tests": 67,
      "functional": 1254,
      "other": 2
    },
    "yuyanglin28": {
      "tests": 1250,
      "functional": 2668,
      "other": 9
    }
  },
  "authorContributionVariance": {
    "JustinChia1997": 26656.904,
    "chenyuheng": 12293.374,
    "jasonchanwq": 18897.852,
    "AugGust": 20278.148,
    "yuyanglin28": 311812.5
  },
  "authorDisplayNameMap": {
    "JustinChia1997": "CS2113-T14-4 JUS  . . JIN",
    "chenyuheng": "CS2113-T14-4 CHE  . . ENG",
    "jasonchanwq": "CS2113-T14-4 CHA  . . SON",
    "AugGust": "CS2113-T14-4 LIM  . . ING",
    "yuyanglin28": "CS2113-T14-4 LIN  . . ANG"
  }
}
