[
  {
    "path": "build.gradle",
    "fileType": "gradle",
    "lines": [
      {
        "lineNumber": 1,
        "author": {
          "gitId": "-"
        },
        "content": "plugins {"
      },
      {
        "lineNumber": 2,
        "author": {
          "gitId": "-"
        },
        "content": "    id \u0027java\u0027"
      },
      {
        "lineNumber": 3,
        "author": {
          "gitId": "-"
        },
        "content": "    id \u0027application\u0027"
      },
      {
        "lineNumber": 4,
        "author": {
          "gitId": "Tejasvas123"
        },
        "content": "    id \u0027org.openjfx.javafxplugin\u0027 version \u00270.0.7\u0027"
      },
      {
        "lineNumber": 5,
        "author": {
          "gitId": "-"
        },
        "content": "    id \u0027com.github.johnrengelman.shadow\u0027 version \u00275.1.0\u0027"
      },
      {
        "lineNumber": 6,
        "author": {
          "gitId": "-"
        },
        "content": "    id \u0027checkstyle\u0027"
      },
      {
        "lineNumber": 7,
        "author": {
          "gitId": "-"
        },
        "content": "}"
      },
      {
        "lineNumber": 8,
        "author": {
          "gitId": "-"
        },
        "content": ""
      },
      {
        "lineNumber": 9,
        "author": {
          "gitId": "-"
        },
        "content": "group \u0027seedu.duke\u0027"
      },
      {
        "lineNumber": 10,
        "author": {
          "gitId": "-"
        },
        "content": "version \u00270.1.0\u0027"
      },
      {
        "lineNumber": 11,
        "author": {
          "gitId": "-"
        },
        "content": ""
      },
      {
        "lineNumber": 12,
        "author": {
          "gitId": "-"
        },
        "content": "checkstyle {"
      },
      {
        "lineNumber": 13,
        "author": {
          "gitId": "-"
        },
        "content": "    toolVersion \u003d \u00278.23\u0027"
      },
      {
        "lineNumber": 14,
        "author": {
          "gitId": "-"
        },
        "content": "}"
      },
      {
        "lineNumber": 15,
        "author": {
          "gitId": "-"
        },
        "content": ""
      },
      {
        "lineNumber": 16,
        "author": {
          "gitId": "-"
        },
        "content": "shadowJar {"
      },
      {
        "lineNumber": 17,
        "author": {
          "gitId": "-"
        },
        "content": "    archiveBaseName \u003d \"duke\""
      },
      {
        "lineNumber": 18,
        "author": {
          "gitId": "-"
        },
        "content": "    archiveVersion \u003d \"1.1.5\""
      },
      {
        "lineNumber": 19,
        "author": {
          "gitId": "-"
        },
        "content": "    archiveClassifier \u003d null"
      },
      {
        "lineNumber": 20,
        "author": {
          "gitId": "-"
        },
        "content": "    archiveAppendix \u003d null"
      },
      {
        "lineNumber": 21,
        "author": {
          "gitId": "-"
        },
        "content": "}"
      },
      {
        "lineNumber": 22,
        "author": {
          "gitId": "-"
        },
        "content": ""
      },
      {
        "lineNumber": 23,
        "author": {
          "gitId": "-"
        },
        "content": "dependencies {"
      },
      {
        "lineNumber": 24,
        "author": {
          "gitId": "-"
        },
        "content": "    testImplementation \u0027org.junit.jupiter:junit-jupiter:5.5.0\u0027"
      },
      {
        "lineNumber": 25,
        "author": {
          "gitId": "-"
        },
        "content": "}"
      },
      {
        "lineNumber": 26,
        "author": {
          "gitId": "-"
        },
        "content": ""
      },
      {
        "lineNumber": 27,
        "author": {
          "gitId": "-"
        },
        "content": "test {"
      },
      {
        "lineNumber": 28,
        "author": {
          "gitId": "-"
        },
        "content": "    useJUnitPlatform()"
      },
      {
        "lineNumber": 29,
        "author": {
          "gitId": "-"
        },
        "content": "}"
      },
      {
        "lineNumber": 30,
        "author": {
          "gitId": "-"
        },
        "content": ""
      },
      {
        "lineNumber": 31,
        "author": {
          "gitId": "-"
        },
        "content": "repositories {"
      },
      {
        "lineNumber": 32,
        "author": {
          "gitId": "-"
        },
        "content": "    mavenCentral()"
      },
      {
        "lineNumber": 33,
        "author": {
          "gitId": "-"
        },
        "content": "}"
      },
      {
        "lineNumber": 34,
        "author": {
          "gitId": "-"
        },
        "content": ""
      },
      {
        "lineNumber": 35,
        "author": {
          "gitId": "Tejasvas123"
        },
        "content": "javafx {"
      },
      {
        "lineNumber": 36,
        "author": {
          "gitId": "Tejasvas123"
        },
        "content": "    version \u003d \"11.0.2\""
      },
      {
        "lineNumber": 37,
        "author": {
          "gitId": "Tejasvas123"
        },
        "content": "    modules \u003d [ \u0027javafx.controls\u0027, \u0027javafx.fxml\u0027, \u0027javafx.graphics\u0027 ]"
      },
      {
        "lineNumber": 38,
        "author": {
          "gitId": "Tejasvas123"
        },
        "content": "}"
      },
      {
        "lineNumber": 39,
        "author": {
          "gitId": "Tejasvas123"
        },
        "content": ""
      },
      {
        "lineNumber": 40,
        "author": {
          "gitId": "-"
        },
        "content": "application {"
      },
      {
        "lineNumber": 41,
        "author": {
          "gitId": "-"
        },
        "content": "    // Change this to your main class."
      },
      {
        "lineNumber": 42,
        "author": {
          "gitId": "-"
        },
        "content": "    mainClassName \u003d \"duke.Duke\""
      },
      {
        "lineNumber": 43,
        "author": {
          "gitId": "-"
        },
        "content": "}"
      },
      {
        "lineNumber": 44,
        "author": {
          "gitId": "-"
        },
        "content": ""
      },
      {
        "lineNumber": 45,
        "author": {
          "gitId": "-"
        },
        "content": "run {"
      },
      {
        "lineNumber": 46,
        "author": {
          "gitId": "-"
        },
        "content": "    standardInput \u003d System.in"
      },
      {
        "lineNumber": 47,
        "author": {
          "gitId": "-"
        },
        "content": "}"
      }
    ],
    "authorContributionMap": {
      "Tejasvas123": 6,
      "-": 41
    }
  },
  {
    "path": "src/main/java/duke/Duke.java",
    "fileType": "java",
    "lines": [
      {
        "lineNumber": 1,
        "author": {
          "gitId": "-"
        },
        "content": "package duke;"
      },
      {
        "lineNumber": 2,
        "author": {
          "gitId": "-"
        },
        "content": ""
      },
      {
        "lineNumber": 3,
        "author": {
          "gitId": "-"
        },
        "content": "import duke.command.Command;"
      },
      {
        "lineNumber": 4,
        "author": {
          "gitId": "Tejasvas123"
        },
        "content": "import duke.exceptions.DukeException;"
      },
      {
        "lineNumber": 5,
        "author": {
          "gitId": "-"
        },
        "content": "import duke.parser.Parser;"
      },
      {
        "lineNumber": 6,
        "author": {
          "gitId": "Tejasvas123"
        },
        "content": "import duke.storage.FileHandling;"
      },
      {
        "lineNumber": 7,
        "author": {
          "gitId": "Tejasvas123"
        },
        "content": "import duke.tasks.TaskList;"
      },
      {
        "lineNumber": 8,
        "author": {
          "gitId": "Tejasvas123"
        },
        "content": "import duke.ui.Ui;"
      },
      {
        "lineNumber": 9,
        "author": {
          "gitId": "-"
        },
        "content": ""
      },
      {
        "lineNumber": 10,
        "author": {
          "gitId": "-"
        },
        "content": "public class Duke {"
      },
      {
        "lineNumber": 11,
        "author": {
          "gitId": "-"
        },
        "content": "    private Ui ui;"
      },
      {
        "lineNumber": 12,
        "author": {
          "gitId": "-"
        },
        "content": "    private FileHandling storage;"
      },
      {
        "lineNumber": 13,
        "author": {
          "gitId": "-"
        },
        "content": "    private TaskList tasks;"
      },
      {
        "lineNumber": 14,
        "author": {
          "gitId": "-"
        },
        "content": ""
      },
      {
        "lineNumber": 15,
        "author": {
          "gitId": "-"
        },
        "content": "    /**"
      },
      {
        "lineNumber": 16,
        "author": {
          "gitId": "-"
        },
        "content": "     * This constructor instantiates the Duke class by loading data from a file."
      },
      {
        "lineNumber": 17,
        "author": {
          "gitId": "-"
        },
        "content": "     * @param filename stores the file name from which the data is being loaded."
      },
      {
        "lineNumber": 18,
        "author": {
          "gitId": "-"
        },
        "content": "     */"
      },
      {
        "lineNumber": 19,
        "author": {
          "gitId": "-"
        },
        "content": "    public Duke(String filename) {"
      },
      {
        "lineNumber": 20,
        "author": {
          "gitId": "-"
        },
        "content": "        try {"
      },
      {
        "lineNumber": 21,
        "author": {
          "gitId": "-"
        },
        "content": "            ui \u003d new Ui();"
      },
      {
        "lineNumber": 22,
        "author": {
          "gitId": "-"
        },
        "content": "            storage \u003d new FileHandling(filename);"
      },
      {
        "lineNumber": 23,
        "author": {
          "gitId": "-"
        },
        "content": "            tasks \u003d new TaskList(storage.retrieveData());"
      },
      {
        "lineNumber": 24,
        "author": {
          "gitId": "-"
        },
        "content": "        } catch (DukeException e) {"
      },
      {
        "lineNumber": 25,
        "author": {
          "gitId": "-"
        },
        "content": "            ui.showLoadingError(e.getMessage());"
      },
      {
        "lineNumber": 26,
        "author": {
          "gitId": "-"
        },
        "content": "            tasks \u003d new TaskList();"
      },
      {
        "lineNumber": 27,
        "author": {
          "gitId": "-"
        },
        "content": "        }"
      },
      {
        "lineNumber": 28,
        "author": {
          "gitId": "-"
        },
        "content": "    }"
      },
      {
        "lineNumber": 29,
        "author": {
          "gitId": "-"
        },
        "content": ""
      },
      {
        "lineNumber": 30,
        "author": {
          "gitId": "-"
        },
        "content": "    /**"
      },
      {
        "lineNumber": 31,
        "author": {
          "gitId": "-"
        },
        "content": "     * This function is responsible for executing various tasks/commands related to Duke."
      },
      {
        "lineNumber": 32,
        "author": {
          "gitId": "-"
        },
        "content": "     */"
      },
      {
        "lineNumber": 33,
        "author": {
          "gitId": "-"
        },
        "content": "    public void run() {"
      },
      {
        "lineNumber": 34,
        "author": {
          "gitId": "-"
        },
        "content": "        ui.showWelcome();"
      },
      {
        "lineNumber": 35,
        "author": {
          "gitId": "-"
        },
        "content": "        boolean isExit \u003d false;"
      },
      {
        "lineNumber": 36,
        "author": {
          "gitId": "-"
        },
        "content": "        while (!isExit) {"
      },
      {
        "lineNumber": 37,
        "author": {
          "gitId": "-"
        },
        "content": "            try {"
      },
      {
        "lineNumber": 38,
        "author": {
          "gitId": "-"
        },
        "content": "                String fullCommand \u003d ui.readCommand();"
      },
      {
        "lineNumber": 39,
        "author": {
          "gitId": "-"
        },
        "content": "                ui.printDash();"
      },
      {
        "lineNumber": 40,
        "author": {
          "gitId": "-"
        },
        "content": "                Command c \u003d Parser.parse(fullCommand);"
      },
      {
        "lineNumber": 41,
        "author": {
          "gitId": "-"
        },
        "content": "                c.execute(tasks, ui, storage);"
      },
      {
        "lineNumber": 42,
        "author": {
          "gitId": "-"
        },
        "content": "                isExit \u003d c.isExit();"
      },
      {
        "lineNumber": 43,
        "author": {
          "gitId": "-"
        },
        "content": "            } catch (DukeException e) {"
      },
      {
        "lineNumber": 44,
        "author": {
          "gitId": "-"
        },
        "content": "                ui.showError(e.getMessage());"
      },
      {
        "lineNumber": 45,
        "author": {
          "gitId": "-"
        },
        "content": "            }"
      },
      {
        "lineNumber": 46,
        "author": {
          "gitId": "-"
        },
        "content": "        }"
      },
      {
        "lineNumber": 47,
        "author": {
          "gitId": "-"
        },
        "content": "    }"
      },
      {
        "lineNumber": 48,
        "author": {
          "gitId": "-"
        },
        "content": ""
      },
      {
        "lineNumber": 49,
        "author": {
          "gitId": "-"
        },
        "content": "    /**"
      },
      {
        "lineNumber": 50,
        "author": {
          "gitId": "-"
        },
        "content": "     * This function is responsible for instantiating Duke with the file name \"storeData.txt\"."
      },
      {
        "lineNumber": 51,
        "author": {
          "gitId": "-"
        },
        "content": "     * storeData.txt is the file from which the data is loaded for the list of tasks."
      },
      {
        "lineNumber": 52,
        "author": {
          "gitId": "-"
        },
        "content": "     * @param args contains the supplied command-line arguments as an array of String objects."
      },
      {
        "lineNumber": 53,
        "author": {
          "gitId": "-"
        },
        "content": "     */"
      },
      {
        "lineNumber": 54,
        "author": {
          "gitId": "-"
        },
        "content": "    public static void main(String[] args) {"
      },
      {
        "lineNumber": 55,
        "author": {
          "gitId": "-"
        },
        "content": "        new Duke(\"storeData.txt\").run();"
      },
      {
        "lineNumber": 56,
        "author": {
          "gitId": "-"
        },
        "content": "    }"
      },
      {
        "lineNumber": 57,
        "author": {
          "gitId": "-"
        },
        "content": "}"
      }
    ],
    "authorContributionMap": {
      "Tejasvas123": 4,
      "-": 53
    }
  },
  {
    "path": "src/main/java/duke/command/ByeCommand.java",
    "fileType": "java",
    "lines": [
      {
        "lineNumber": 1,
        "author": {
          "gitId": "-"
        },
        "content": "package duke.command;"
      },
      {
        "lineNumber": 2,
        "author": {
          "gitId": "-"
        },
        "content": ""
      },
      {
        "lineNumber": 3,
        "author": {
          "gitId": "-"
        },
        "content": "import duke.storage.FileHandling;"
      },
      {
        "lineNumber": 4,
        "author": {
          "gitId": "-"
        },
        "content": "import duke.tasks.TaskList;"
      },
      {
        "lineNumber": 5,
        "author": {
          "gitId": "-"
        },
        "content": "import duke.ui.Ui;"
      },
      {
        "lineNumber": 6,
        "author": {
          "gitId": "-"
        },
        "content": ""
      },
      {
        "lineNumber": 7,
        "author": {
          "gitId": "-"
        },
        "content": "public class ByeCommand extends Command {"
      },
      {
        "lineNumber": 8,
        "author": {
          "gitId": "-"
        },
        "content": ""
      },
      {
        "lineNumber": 9,
        "author": {
          "gitId": "-"
        },
        "content": "    @Override"
      },
      {
        "lineNumber": 10,
        "author": {
          "gitId": "-"
        },
        "content": "    public void execute(TaskList tasks, Ui ui, FileHandling storage) {"
      },
      {
        "lineNumber": 11,
        "author": {
          "gitId": "Tejasvas123"
        },
        "content": "        this.isExit \u003d true;"
      },
      {
        "lineNumber": 12,
        "author": {
          "gitId": "-"
        },
        "content": "        ui.exitDuke();"
      },
      {
        "lineNumber": 13,
        "author": {
          "gitId": "-"
        },
        "content": "    }"
      },
      {
        "lineNumber": 14,
        "author": {
          "gitId": "-"
        },
        "content": "}"
      }
    ],
    "authorContributionMap": {
      "Tejasvas123": 1,
      "-": 13
    }
  },
  {
    "path": "src/test/java/duketest/command/RemindCommandTest.java",
    "fileType": "java",
    "lines": [
      {
        "lineNumber": 1,
        "author": {
          "gitId": "-"
        },
        "content": "package duketest.command;"
      },
      {
        "lineNumber": 2,
        "author": {
          "gitId": "-"
        },
        "content": ""
      },
      {
        "lineNumber": 3,
        "author": {
          "gitId": "-"
        },
        "content": "import duke.command.Command;"
      },
      {
        "lineNumber": 4,
        "author": {
          "gitId": "-"
        },
        "content": "import duke.command.RemindCommand;"
      },
      {
        "lineNumber": 5,
        "author": {
          "gitId": "-"
        },
        "content": "import org.junit.jupiter.api.Test;"
      },
      {
        "lineNumber": 6,
        "author": {
          "gitId": "-"
        },
        "content": "import static org.junit.jupiter.api.Assertions.assertFalse;"
      },
      {
        "lineNumber": 7,
        "author": {
          "gitId": "-"
        },
        "content": ""
      },
      {
        "lineNumber": 8,
        "author": {
          "gitId": "-"
        },
        "content": "public class RemindCommandTest {"
      },
      {
        "lineNumber": 9,
        "author": {
          "gitId": "-"
        },
        "content": "    @Test"
      },
      {
        "lineNumber": 10,
        "author": {
          "gitId": "Zhubo225"
        },
        "content": "    void checkRemind() {"
      },
      {
        "lineNumber": 11,
        "author": {
          "gitId": "-"
        },
        "content": "        Command c \u003d new RemindCommand();"
      },
      {
        "lineNumber": 12,
        "author": {
          "gitId": "-"
        },
        "content": "        assertFalse(c.isExit);"
      },
      {
        "lineNumber": 13,
        "author": {
          "gitId": "-"
        },
        "content": "    }"
      },
      {
        "lineNumber": 14,
        "author": {
          "gitId": "-"
        },
        "content": "}"
      }
    ],
    "authorContributionMap": {
      "Zhubo225": 1,
      "-": 13
    }
  },
  {
    "path": "src/test/java/duketest/command/SnoozeCommandTest.java",
    "fileType": "java",
    "lines": [
      {
        "lineNumber": 1,
        "author": {
          "gitId": "Zhubo225"
        },
        "content": "package duketest.command;"
      },
      {
        "lineNumber": 2,
        "author": {
          "gitId": "Zhubo225"
        },
        "content": ""
      },
      {
        "lineNumber": 3,
        "author": {
          "gitId": "Zhubo225"
        },
        "content": "import duke.command.SnoozeCommand;"
      },
      {
        "lineNumber": 4,
        "author": {
          "gitId": "Zhubo225"
        },
        "content": "import duke.exceptions.DukeException;"
      },
      {
        "lineNumber": 5,
        "author": {
          "gitId": "Zhubo225"
        },
        "content": ""
      },
      {
        "lineNumber": 6,
        "author": {
          "gitId": "Zhubo225"
        },
        "content": "import java.util.ArrayList;"
      },
      {
        "lineNumber": 7,
        "author": {
          "gitId": "Zhubo225"
        },
        "content": "import java.util.List;"
      },
      {
        "lineNumber": 8,
        "author": {
          "gitId": "Zhubo225"
        },
        "content": ""
      },
      {
        "lineNumber": 9,
        "author": {
          "gitId": "Zhubo225"
        },
        "content": "import duke.storage.FileHandling;"
      },
      {
        "lineNumber": 10,
        "author": {
          "gitId": "Zhubo225"
        },
        "content": "import duke.tasks.TaskList;"
      },
      {
        "lineNumber": 11,
        "author": {
          "gitId": "Zhubo225"
        },
        "content": "import duke.ui.Ui;"
      },
      {
        "lineNumber": 12,
        "author": {
          "gitId": "Zhubo225"
        },
        "content": "import org.junit.jupiter.api.Test;"
      },
      {
        "lineNumber": 13,
        "author": {
          "gitId": "Zhubo225"
        },
        "content": "import static org.junit.jupiter.api.Assertions.assertThrows;"
      },
      {
        "lineNumber": 14,
        "author": {
          "gitId": "Zhubo225"
        },
        "content": ""
      },
      {
        "lineNumber": 15,
        "author": {
          "gitId": "Zhubo225"
        },
        "content": "public class SnoozeCommandTest {"
      },
      {
        "lineNumber": 16,
        "author": {
          "gitId": "Zhubo225"
        },
        "content": "    private final TaskList taskList \u003d new TaskList();"
      },
      {
        "lineNumber": 17,
        "author": {
          "gitId": "Zhubo225"
        },
        "content": "    private final Ui ui \u003d new Ui();"
      },
      {
        "lineNumber": 18,
        "author": {
          "gitId": "Zhubo225"
        },
        "content": "    private final FileHandling storage \u003d new FileHandling(\"storeData.txt\");"
      },
      {
        "lineNumber": 19,
        "author": {
          "gitId": "Zhubo225"
        },
        "content": ""
      },
      {
        "lineNumber": 20,
        "author": {
          "gitId": "Zhubo225"
        },
        "content": "    @Test"
      },
      {
        "lineNumber": 21,
        "author": {
          "gitId": "Zhubo225"
        },
        "content": "    public void checkValidCommand() {"
      },
      {
        "lineNumber": 22,
        "author": {
          "gitId": "Zhubo225"
        },
        "content": "        List\u003cString\u003e splitInput \u003d new ArrayList\u003c\u003e();"
      },
      {
        "lineNumber": 23,
        "author": {
          "gitId": "Zhubo225"
        },
        "content": "        splitInput.add(\"snooze\");"
      },
      {
        "lineNumber": 24,
        "author": {
          "gitId": "Zhubo225"
        },
        "content": "        SnoozeCommand obj \u003d new SnoozeCommand(splitInput, \"snooze\");"
      },
      {
        "lineNumber": 25,
        "author": {
          "gitId": "Zhubo225"
        },
        "content": ""
      },
      {
        "lineNumber": 26,
        "author": {
          "gitId": "Zhubo225"
        },
        "content": "        assertThrows(DukeException.class,() -\u003e"
      },
      {
        "lineNumber": 27,
        "author": {
          "gitId": "Zhubo225"
        },
        "content": "                obj.execute(taskList, ui, storage));"
      },
      {
        "lineNumber": 28,
        "author": {
          "gitId": "Zhubo225"
        },
        "content": "    }"
      },
      {
        "lineNumber": 29,
        "author": {
          "gitId": "Zhubo225"
        },
        "content": ""
      },
      {
        "lineNumber": 30,
        "author": {
          "gitId": "Zhubo225"
        },
        "content": "    @Test"
      },
      {
        "lineNumber": 31,
        "author": {
          "gitId": "Zhubo225"
        },
        "content": "    public void checkValidFormat() {"
      },
      {
        "lineNumber": 32,
        "author": {
          "gitId": "Zhubo225"
        },
        "content": "        List\u003cString\u003e splitInput \u003d new ArrayList\u003c\u003e();"
      },
      {
        "lineNumber": 33,
        "author": {
          "gitId": "Zhubo225"
        },
        "content": "        splitInput.add(\"reschedule\");"
      },
      {
        "lineNumber": 34,
        "author": {
          "gitId": "Zhubo225"
        },
        "content": "        splitInput.add(\"1\");"
      },
      {
        "lineNumber": 35,
        "author": {
          "gitId": "Zhubo225"
        },
        "content": "        SnoozeCommand obj \u003d new SnoozeCommand(splitInput,\"reschedule\");"
      },
      {
        "lineNumber": 36,
        "author": {
          "gitId": "Zhubo225"
        },
        "content": "        assertThrows(DukeException.class,() -\u003e"
      },
      {
        "lineNumber": 37,
        "author": {
          "gitId": "Zhubo225"
        },
        "content": "                obj.execute(taskList, ui, storage));"
      },
      {
        "lineNumber": 38,
        "author": {
          "gitId": "Zhubo225"
        },
        "content": "    }"
      },
      {
        "lineNumber": 39,
        "author": {
          "gitId": "Zhubo225"
        },
        "content": "}"
      }
    ],
    "authorContributionMap": {
      "Zhubo225": 39
    }
  }
]
