{
  "authorDailyContributionsMap": {
    "KevinAlvarez7": [
      {
        "insertions": 47,
        "deletions": 0,
        "date": "2019-10-24",
        "commitResults": [
          {
            "hash": "728bd1e1489032152938de26d90ab5ff615da787",
            "messageTitle": "Dev Guide Changes (#129)",
            "messageBody": "",
            "insertions": 47,
            "deletions": 0
          }
        ]
      }
    ],
    "swang1997": [
      {
        "insertions": 22,
        "deletions": 12,
        "date": "2019-10-09",
        "commitResults": [
          {
            "hash": "55652fc18d5e168ba27f5471998263e617eea9c4",
            "messageTitle": "Changed format of datetime (#76)",
            "messageBody": "* added ui image\r\n\r\n* deleted Q\u0026A\r\n\r\n* added image for developers\r\n\r\n* Create README.adoc\r\n\r\n* Changed image format\r\n\r\n* changed image format\r\n\r\n* Update README.adoc\r\n\r\nmoved README into main folder\r\n\r\n* DateTime Format Changed\r\n\r\nChanged from simple date format to LocalDateTime\r\n\r\n* Update Parser.java\r\n",
            "insertions": 22,
            "deletions": 12
          }
        ]
      },
      {
        "insertions": 3,
        "deletions": 4,
        "date": "2019-10-10",
        "commitResults": [
          {
            "hash": "a2aa13fd9daf1d9df2c41a17b379714eb3d0a79f",
            "messageTitle": "Changed UI (#80)",
            "messageBody": "* added ui image\r\n\r\n* deleted Q\u0026A\r\n\r\n* added image for developers\r\n\r\n* Create README.adoc\r\n\r\n* Changed image format\r\n\r\n* changed image format\r\n\r\n* Update README.adoc\r\n\r\nmoved README into main folder\r\n\r\n* DateTime Format Changed\r\n\r\nChanged from simple date format to LocalDateTime\r\n\r\n* Update Parser.java\r\n\r\n* Update Ui.png\r\n\r\n* make changes\r\n",
            "insertions": 3,
            "deletions": 4
          }
        ]
      },
      {
        "insertions": 95,
        "deletions": 1,
        "date": "2019-10-30",
        "commitResults": [
          {
            "hash": "f1dd864f11cdbb6b26f1e2952107be62f90ac32d",
            "messageTitle": "Edited CSV Writer (#134)",
            "messageBody": "* Merge branch \u0027master\u0027 of https://github.com/AY1920S1-CS2113T-F11-1/main\r\n\r\n* Included CSV Writer\r\n\r\n* Edited CSV Writer\r\n\r\n* Amended changes to CSV Writer\r\n\r\n* Update OpenCsv.java\r\n",
            "insertions": 95,
            "deletions": 1
          }
        ]
      }
    ],
    "Tejasvas123": [
      {
        "insertions": 0,
        "deletions": 30,
        "date": "2019-09-24",
        "commitResults": [
          {
            "hash": "3bab3abbff96aa2c5018545a6507d6fc0fb08eae",
            "messageTitle": "Delete viewSchedule (#17)",
            "messageBody": "* Improve coding style\r\n\r\n* Add Do-After Task\r\n\r\n* Handle checkStyle errors\r\n\r\n* make a release\r\n\r\n* Add test cases for DoAfter\r\n\r\n* Enable SpongeBob to recognize FixDurationTask\r\n\r\n* Minor BugFix\r\n\r\n* Enable testing for FixedCommand\r\n\r\n* Delete viewschedule.java\r\n",
            "insertions": 0,
            "deletions": 30
          }
        ]
      },
      {
        "insertions": 11,
        "deletions": 6,
        "date": "2019-10-01",
        "commitResults": [
          {
            "hash": "82d7a2163c99aa2f9d58fd509ac5c745e7a6b0d2",
            "messageTitle": "Modify gitignore (#23)",
            "messageBody": "* Improve coding style\r\n\r\n* Add Do-After Task\r\n\r\n* Handle checkStyle errors\r\n\r\n* make a release\r\n\r\n* Add test cases for DoAfter\r\n\r\n* Enable SpongeBob to recognize FixDurationTask\r\n\r\n* Minor BugFix\r\n\r\n* Enable testing for FixedCommand\r\n\r\n* add text files to gitignore\r\n",
            "insertions": 11,
            "deletions": 6
          }
        ]
      },
      {
        "insertions": 246,
        "deletions": 134,
        "date": "2019-10-10",
        "commitResults": [
          {
            "hash": "c482798b0cc9944f97c1037688c0b95dfd7af6e1",
            "messageTitle": "Configure json for storing data on hard disk (#77)",
            "messageBody": "* Improve coding style\r\n\r\n* Add Do-After Task\r\n\r\n* Handle checkStyle errors\r\n\r\n* make a release\r\n\r\n* Add test cases for DoAfter\r\n\r\n* Enable SpongeBob to recognize FixDurationTask\r\n\r\n* Minor BugFix\r\n\r\n* Enable testing for FixedCommand\r\n\r\n* add text files to gitignore\r\n\r\n* Configure gradle for javafx\r\n\r\n* ignore text and data files related to json\r\n\r\n* BugFix DateDowithin and typo in errors\r\n\r\n* store list of tasks as a List\r\n\r\n* configure JSON for Filehandling\r\n",
            "insertions": 246,
            "deletions": 134
          }
        ]
      },
      {
        "insertions": 465,
        "deletions": 53,
        "date": "2019-10-17",
        "commitResults": [
          {
            "hash": "999e492be264e14459a5fcaf5cc33a81aa4e76ee",
            "messageTitle": "Morphing to sponge bob (#84)",
            "messageBody": "* Improve coding style\r\n\r\n* Add Do-After Task\r\n\r\n* Handle checkStyle errors\r\n\r\n* make a release\r\n\r\n* Add test cases for DoAfter\r\n\r\n* Enable SpongeBob to recognize FixDurationTask\r\n\r\n* Minor BugFix\r\n\r\n* Enable testing for FixedCommand\r\n\r\n* add text files to gitignore\r\n\r\n* Configure gradle for javafx\r\n\r\n* ignore text and data files related to json\r\n\r\n* BugFix DateDowithin and typo in errors\r\n\r\n* store list of tasks as a List\r\n\r\n* configure JSON for Filehandling\r\n\r\n* put the files related to duke in a temp folder\r\n\r\n* Rebase code\r\n\r\n* add basic add/delete for spongeBob\r\n\r\n* enable spongebob to add delete and edit lockers\r\n",
            "insertions": 465,
            "deletions": 53
          }
        ]
      },
      {
        "insertions": 187,
        "deletions": 27,
        "date": "2019-10-19",
        "commitResults": [
          {
            "hash": "70cf5d62ef84dccf44899d1a245a55c34f8701c1",
            "messageTitle": "Refactor parser #1 (#87)",
            "messageBody": "* make parser command non-static\r\n\r\n* Initial Parser structure for SpongeBob\r\n\r\n* fix checkstyle\r\n",
            "insertions": 187,
            "deletions": 27
          }
        ]
      },
      {
        "insertions": 540,
        "deletions": 105,
        "date": "2019-10-20",
        "commitResults": [
          {
            "hash": "c5631fc18130d5181a84919344d7d68512c32c7a",
            "messageTitle": "Refactor parser #2 (#88)",
            "messageBody": "* Improve coding style\r\n\r\n* Add Do-After Task\r\n\r\n* Handle checkStyle errors\r\n\r\n* make a release\r\n\r\n* Add test cases for DoAfter\r\n\r\n* Enable SpongeBob to recognize FixDurationTask\r\n\r\n* Minor BugFix\r\n\r\n* Enable testing for FixedCommand\r\n\r\n* add text files to gitignore\r\n\r\n* Configure gradle for javafx\r\n\r\n* ignore text and data files related to json\r\n\r\n* BugFix DateDowithin and typo in errors\r\n\r\n* store list of tasks as a List\r\n\r\n* configure JSON for Filehandling\r\n\r\n* make parser command non-static\r\n\r\n* Initial Parser structure for SpongeBob\r\n\r\n* fix checkstyle\r\n\r\n* Refactor Parser to make it more OOP and support for Regex in order to have friendlier syntax\r\n\r\n* BugFix checkStyle\r\n",
            "insertions": 540,
            "deletions": 105
          }
        ]
      },
      {
        "insertions": 183,
        "deletions": 177,
        "date": "2019-10-21",
        "commitResults": [
          {
            "hash": "c829ca593daaf5cc4617307e8a50365816be0e46",
            "messageTitle": "Refactor parser #3 (#89)",
            "messageBody": "* BugFix checkStyle\r\n\r\n* finish refactoring parser\r\n\r\n* delete unncesessary files\r\n",
            "insertions": 183,
            "deletions": 177
          }
        ]
      },
      {
        "insertions": 20,
        "deletions": 20,
        "date": "2019-10-22",
        "commitResults": [
          {
            "hash": "89b892be21e3fce7728c5e28c46b2353e658547c",
            "messageTitle": "minor bugfix related to renaming and refactoring (#90)",
            "messageBody": "* minor bugfix while renaming and refactoring\r\n",
            "insertions": 20,
            "deletions": 20
          }
        ]
      },
      {
        "insertions": 2,
        "deletions": 2,
        "date": "2019-10-24",
        "commitResults": [
          {
            "hash": "39c68164bdc875e8b8285cb92fac45538b3fb365",
            "messageTitle": "add jar file (#127)",
            "messageBody": "",
            "insertions": 2,
            "deletions": 2
          }
        ]
      },
      {
        "insertions": 893,
        "deletions": 38,
        "date": "2019-10-30",
        "commitResults": [
          {
            "hash": "b11f67094c896f5205a3bcc814db54c80d4fb6ce",
            "messageTitle": "Add Ability for auto allocation of lockers (#135)",
            "messageBody": "* refactor code to make it more OOP based and account for auto-allocation\r\n\r\n* modify models to store student related details\r\n\r\n* minor bugfix\r\n\r\n* Modify parser in order to allow auto assigning\r\n\r\n* override equals and hashCode() for models in order to account for checks regarding equality\r\n\r\n* Add ability to autoallocate lockers\r\n\r\n* minor bugFix in regex for email\r\n\r\n* add ability to notify user when no free lockers were found in the listed preferences\r\n\r\n* fix checkstyle errors\r\n",
            "insertions": 893,
            "deletions": 38
          }
        ]
      },
      {
        "insertions": 1070,
        "deletions": 153,
        "date": "2019-10-31",
        "commitResults": [
          {
            "hash": "53ca800c1299e4bb2354817fbbd4be3c69b70556",
            "messageTitle": "Add ability to edit fields for locker (#136)",
            "messageBody": "* refactor code to make it more OOP based and account for auto-allocation\r\n\r\n* modify models to store student related details\r\n\r\n* minor bugfix\r\n\r\n* Modify parser in order to allow auto assigning\r\n\r\n* override equals and hashCode() for models in order to account for checks regarding equality\r\n\r\n* Add ability to autoallocate lockers\r\n\r\n* minor bugFix in regex for email\r\n\r\n* add ability to notify user when no free lockers were found in the listed preferences\r\n\r\n* fix checkstyle errors\r\n\r\n* Change some commands in order to improve architecture\r\n\r\n* add ability to edit states of lockers\r\n\r\n* modify edit locker\r\n\r\n* add ability to edit usage fields\r\n\r\n* minor bugfix for editusage and editlocker\r\n\r\n* fix checkstyle errors\r\n",
            "insertions": 774,
            "deletions": 59
          },
          {
            "hash": "e57aee0125a4653180ff57645d660cd21fc0a5ff",
            "messageTitle": "minor changes for CLI UI (#138)",
            "messageBody": "* refactor code to make it more OOP based and account for auto-allocation\r\n\r\n* modify models to store student related details\r\n\r\n* minor bugfix\r\n\r\n* Modify parser in order to allow auto assigning\r\n\r\n* override equals and hashCode() for models in order to account for checks regarding equality\r\n\r\n* Add ability to autoallocate lockers\r\n\r\n* minor bugFix in regex for email\r\n\r\n* add ability to notify user when no free lockers were found in the listed preferences\r\n\r\n* fix checkstyle errors\r\n\r\n* Change some commands in order to improve architecture\r\n\r\n* add ability to edit states of lockers\r\n\r\n* modify edit locker\r\n\r\n* add ability to edit usage fields\r\n\r\n* minor bugfix for editusage and editlocker\r\n\r\n* fix checkstyle errors\r\n\r\n* modify ui\r\n\r\n* fix checkstyle\r\n",
            "insertions": 46,
            "deletions": 33
          },
          {
            "hash": "526484a714f3a1ca753cb883548504b0f6ed3b2f",
            "messageTitle": "Configure Json (#140)",
            "messageBody": "* configure json\r\n\r\n* configure json and fix bugs related to it\r\n\r\n* fix checkstyle errors\r\n\r\n* minor bugFix\r\n",
            "insertions": 247,
            "deletions": 59
          },
          {
            "hash": "a730c82b44120883aacf4c730125a69aeda3f00b",
            "messageTitle": "version 1.3",
            "messageBody": "",
            "insertions": 1,
            "deletions": 1
          },
          {
            "hash": "dc8f937e4bd9b817e2f27eb23ba4ad334cd77041",
            "messageTitle": "version 1.3 (#143)",
            "messageBody": "",
            "insertions": 2,
            "deletions": 1
          }
        ]
      },
      {
        "insertions": 108,
        "deletions": 56,
        "date": "2019-11-01",
        "commitResults": [
          {
            "hash": "907ee13f01f216918ca5e0a888971f758369c354",
            "messageTitle": "add ability to delete usage and delete lockers",
            "messageBody": "",
            "insertions": 102,
            "deletions": 43
          },
          {
            "hash": "56ccb3e36c93cc8c5698eb6b4d1869b2437e609d",
            "messageTitle": "change ui",
            "messageBody": "",
            "insertions": 6,
            "deletions": 13
          }
        ]
      },
      {
        "insertions": 151,
        "deletions": 225,
        "date": "2019-11-06",
        "commitResults": [
          {
            "hash": "cafd5769e26cf69e59e5ac5a2f133a4a2c8c2a14",
            "messageTitle": "refactor usage to improve code quality and fix exception bugs",
            "messageBody": "",
            "insertions": 72,
            "deletions": 97
          },
          {
            "hash": "9ce743bfe707bf3dd29274b44433fc962fd82044",
            "messageTitle": "resolve date time errors",
            "messageBody": "",
            "insertions": 2,
            "deletions": 1
          },
          {
            "hash": "13295422cb998771b55aafdbc7775560b5e73ea3",
            "messageTitle": "improve code quality by following OOP principles",
            "messageBody": "",
            "insertions": 68,
            "deletions": 95
          },
          {
            "hash": "0a350773c05831e43ac32b03237cf5b071f3676e",
            "messageTitle": "restructure usage command",
            "messageBody": "",
            "insertions": 9,
            "deletions": 32
          }
        ]
      },
      {
        "insertions": 69,
        "deletions": 140,
        "date": "2019-11-07",
        "commitResults": [
          {
            "hash": "f0dd76b5276a770b1f287524257518be93669408",
            "messageTitle": "add support for storing and retrieving data from JSON file",
            "messageBody": "",
            "insertions": 58,
            "deletions": 140
          },
          {
            "hash": "ab00635648616873087908eb78541a77a7743208",
            "messageTitle": "fix checkstyle errors",
            "messageBody": "",
            "insertions": 11,
            "deletions": 0
          }
        ]
      },
      {
        "insertions": 118,
        "deletions": 24,
        "date": "2019-11-08",
        "commitResults": [
          {
            "hash": "a69be3162e1f83ef6c8fe46bdd25a3b091ad4869",
            "messageTitle": "Made file parsing more comprehensive (#178)",
            "messageBody": "* change error message for zone (bugfix)\r\n\r\n* make file parsing more comprehensive\r\n",
            "insertions": 118,
            "deletions": 24
          }
        ]
      }
    ],
    "Zhubo225": [
      {
        "insertions": 40,
        "deletions": 8,
        "date": "2019-09-27",
        "commitResults": [
          {
            "hash": "52240376a3e2fe618426efab0b8fa8da50ad1675",
            "messageTitle": "Update RemindCommandTest and SnoozeCommandTest (#19)",
            "messageBody": "",
            "insertions": 40,
            "deletions": 8
          }
        ]
      },
      {
        "insertions": 1,
        "deletions": 1,
        "date": "2019-10-18",
        "commitResults": [
          {
            "hash": "2dd74b75ac6a61a437aeca28fb7fb4e434449f34",
            "messageTitle": "DG2.0 (#85)",
            "messageBody": "* UIstuff\r\n\r\n* DeveloperGuide2.0\r\n\r\n* DG2.0\r\n\r\n* modify dg\r\n",
            "insertions": 1,
            "deletions": 1
          }
        ]
      },
      {
        "insertions": 136,
        "deletions": 4,
        "date": "2019-10-31",
        "commitResults": [
          {
            "hash": "4e8b8336364f3ffe24924751c2b026949f3c8f58",
            "messageTitle": "Help Command Updated (#137)",
            "messageBody": "* help command updated\r\n\r\n* fix checkstyle\r\n",
            "insertions": 136,
            "deletions": 4
          }
        ]
      },
      {
        "insertions": 179,
        "deletions": 8,
        "date": "2019-11-01",
        "commitResults": [
          {
            "hash": "e329d6c3fa67f4237de3b3daa05e6aafa125f319",
            "messageTitle": "update ListCommand (#148)",
            "messageBody": "",
            "insertions": 179,
            "deletions": 8
          }
        ]
      }
    ]
  },
  "authorFinalContributionMap": {
    "KevinAlvarez7": 50,
    "swang1997": 109,
    "Tejasvas123": 3162,
    "Zhubo225": 342
  },
  "authorFileTypeContributionMap": {
    "KevinAlvarez7": {
      "tests": 0,
      "functional": 47,
      "other": 3
    },
    "swang1997": {
      "tests": 0,
      "functional": 92,
      "other": 17
    },
    "Tejasvas123": {
      "tests": 0,
      "functional": 2867,
      "other": 295
    },
    "Zhubo225": {
      "tests": 0,
      "functional": 300,
      "other": 42
    }
  },
  "authorContributionVariance": {
    "KevinAlvarez7": 44.161568,
    "swang1997": 204.85632,
    "Tejasvas123": 62008.445,
    "Zhubo225": 1101.5593
  },
  "authorDisplayNameMap": {
    "KevinAlvarez7": "CS2113T-F11-1 ALV  . . BOL",
    "swang1997": "CS2113T-F11-1 WAN  . . ONG",
    "Tejasvas123": "CS2113T-F11-1 VAS  . . HIR",
    "Zhubo225": "CS2113T-F11-1 ZHU  . .  BO"
  }
}
