{
  "authorDailyContributionsMap": {
    "Xdecosee": [
      {
        "insertions": 0,
        "deletions": 263,
        "date": "2019-09-30",
        "commitResults": [
          {
            "hash": "a6c93a41a994203ea1928032dd39c6959e30e216",
            "messageTitle": "try fix gitignore 9",
            "messageBody": "",
            "insertions": 0,
            "deletions": 263
          }
        ]
      },
      {
        "insertions": 713,
        "deletions": 466,
        "date": "2019-10-13",
        "commitResults": [
          {
            "hash": "19869943e6c8aeb62a6e82d8255d61cb52961ad5",
            "messageTitle": "Remove B-TentativeScheduling Codes",
            "messageBody": "",
            "insertions": 0,
            "deletions": 177
          },
          {
            "hash": "1f5b6076545acc8af9d8ea30e991a70784f84408",
            "messageTitle": "walletcli help",
            "messageBody": "",
            "insertions": 156,
            "deletions": 0
          },
          {
            "hash": "f5fcf7f5cf0e8ca8fa92887a42d0b32afe757a43",
            "messageTitle": "updated help",
            "messageBody": "",
            "insertions": 45,
            "deletions": 37
          },
          {
            "hash": "8a9c4b58ca080b309e53104a26c6d7e7a5829784",
            "messageTitle": "add contact (with some errors not catched)",
            "messageBody": "",
            "insertions": 137,
            "deletions": 46
          },
          {
            "hash": "08a44927ef1caa15d474d249243adeb4f67ae974",
            "messageTitle": "edit contact",
            "messageBody": "",
            "insertions": 173,
            "deletions": 19
          },
          {
            "hash": "34e5c5355e1c17f4fcfe2885a37cbafcb60db55b",
            "messageTitle": "fix travis part 1",
            "messageBody": "",
            "insertions": 53,
            "deletions": 53
          },
          {
            "hash": "ce3169efe0541214b2a357252e912869daca3f99",
            "messageTitle": "fix travis part 2",
            "messageBody": "",
            "insertions": 12,
            "deletions": 12
          },
          {
            "hash": "240cd37d044bba5f185155e95e7226b5517985ce",
            "messageTitle": "fix travis part 3",
            "messageBody": "",
            "insertions": 70,
            "deletions": 70
          },
          {
            "hash": "e60fc16bc533086718fd69e34e59a590db5e7ff8",
            "messageTitle": "fix travis part 4",
            "messageBody": "",
            "insertions": 9,
            "deletions": 4
          },
          {
            "hash": "0d2e104c2872a578f718b7a4277a4075d149aa80",
            "messageTitle": "fixed mini logic error for edit",
            "messageBody": "",
            "insertions": 39,
            "deletions": 29
          },
          {
            "hash": "934ea0a52a3620e07748a029c8c88e472ab71a7d",
            "messageTitle": "switch case",
            "messageBody": "",
            "insertions": 19,
            "deletions": 19
          }
        ]
      },
      {
        "insertions": 10,
        "deletions": 5,
        "date": "2019-10-14",
        "commitResults": [
          {
            "hash": "ac767a64ca05affc2bb7b278850e51e47073abad",
            "messageTitle": "handle wrong command input",
            "messageBody": "",
            "insertions": 10,
            "deletions": 3
          },
          {
            "hash": "56d2e54763806f8c00c280d9b65e2dcfd5dbe6f0",
            "messageTitle": "remove print stacktrace",
            "messageBody": "",
            "insertions": 0,
            "deletions": 2
          }
        ]
      },
      {
        "insertions": 80,
        "deletions": 10,
        "date": "2019-10-16",
        "commitResults": [
          {
            "hash": "453579cc93d885fd680678963fd2abf7681637a8",
            "messageTitle": "delete contact and logic error fix",
            "messageBody": "",
            "insertions": 80,
            "deletions": 10
          }
        ]
      },
      {
        "insertions": 111,
        "deletions": 61,
        "date": "2019-10-17",
        "commitResults": [
          {
            "hash": "dd8ffbce05251238f53ac76e3e4779b7e73486fb",
            "messageTitle": "Contact bug fixes",
            "messageBody": "",
            "insertions": 60,
            "deletions": 39
          },
          {
            "hash": "5701181cb507f9e88af8a57c4b85444380cf92e1",
            "messageTitle": "fix codacy",
            "messageBody": "",
            "insertions": 3,
            "deletions": 8
          },
          {
            "hash": "9ea88b64f22954600a2f4e50cab0dff5954c1f5c",
            "messageTitle": "Added Contact Table",
            "messageBody": "",
            "insertions": 43,
            "deletions": 1
          },
          {
            "hash": "47db5cd555204de508c9227786405f589ae349ac",
            "messageTitle": "Contact table javadoc",
            "messageBody": "",
            "insertions": 3,
            "deletions": 0
          },
          {
            "hash": "266d18ad79e1934dd2505b0ff2495c9c3945101a",
            "messageTitle": "Contact Table Bug",
            "messageBody": "",
            "insertions": 2,
            "deletions": 9
          },
          {
            "hash": "d1ac19d6937e3abce7211f19bdc036333db6e0d4",
            "messageTitle": "Contact Table Bug",
            "messageBody": "",
            "insertions": 0,
            "deletions": 4
          }
        ]
      },
      {
        "insertions": 242,
        "deletions": 79,
        "date": "2019-10-21",
        "commitResults": [
          {
            "hash": "464491e8df8e605ef627c547e0c8635d391be93a",
            "messageTitle": "Setting up Import/Export Env",
            "messageBody": "",
            "insertions": 58,
            "deletions": 0
          },
          {
            "hash": "c74950853f0eebcbd44d29f265d91e7f35ca290c",
            "messageTitle": "Testing Export",
            "messageBody": "",
            "insertions": 90,
            "deletions": 9
          },
          {
            "hash": "e5da8de07e6f377c0717383cdb769a85cb8fc69d",
            "messageTitle": "test export and general bugs",
            "messageBody": "",
            "insertions": 18,
            "deletions": 18
          },
          {
            "hash": "c7f54460b46c13a9a0d1e4af87ffa61a592a18b3",
            "messageTitle": "update loan when update contact",
            "messageBody": "",
            "insertions": 38,
            "deletions": 8
          },
          {
            "hash": "8e9a2d7ef63c347a596cfc0b4ab3e18ac5e679ca",
            "messageTitle": "get latest loan class",
            "messageBody": "",
            "insertions": 2,
            "deletions": 5
          },
          {
            "hash": "89e2f73208ed932d942c3d13d1853530c06529ac",
            "messageTitle": "fix checkstyle 1",
            "messageBody": "",
            "insertions": 8,
            "deletions": 10
          },
          {
            "hash": "1815db7a1358a1ebf9fc593164cc75ff68ddd789",
            "messageTitle": "test tab",
            "messageBody": "",
            "insertions": 4,
            "deletions": 2
          },
          {
            "hash": "fb3bd90249111ec5de7239e6ad5cd8240514fa4b",
            "messageTitle": "use message_list_contacts",
            "messageBody": "",
            "insertions": 1,
            "deletions": 7
          },
          {
            "hash": "fe08bcf6ca7a3925f26ffd10e396e07e21f3b638",
            "messageTitle": "add back fallthrough",
            "messageBody": "",
            "insertions": 4,
            "deletions": 0
          },
          {
            "hash": "5ae7a710abaea196686ec997fed70656cbea8064",
            "messageTitle": "switch index to id in deletecommand",
            "messageBody": "",
            "insertions": 15,
            "deletions": 16
          },
          {
            "hash": "89edb8c62f445f364b1785f6faf6b1bf4918c11c",
            "messageTitle": "helpData",
            "messageBody": "",
            "insertions": 4,
            "deletions": 4
          }
        ]
      },
      {
        "insertions": 91,
        "deletions": 48,
        "date": "2019-10-22",
        "commitResults": [
          {
            "hash": "b00a6d87483aa6cefa4ad8a53afcb873a929fa1b",
            "messageTitle": "oop for help",
            "messageBody": "",
            "insertions": 53,
            "deletions": 43
          },
          {
            "hash": "d14819423390be5cde2596459bf26cdaf59decd1",
            "messageTitle": "added author tags - hopefully correct",
            "messageBody": "",
            "insertions": 31,
            "deletions": 5
          },
          {
            "hash": "a1c5478bdacd5cddc0a3a96a1078e84b6b1a29da",
            "messageTitle": "add spacing before package",
            "messageBody": "",
            "insertions": 7,
            "deletions": 0
          }
        ]
      },
      {
        "insertions": 144,
        "deletions": 34,
        "date": "2019-10-24",
        "commitResults": [
          {
            "hash": "8ba97168e48b3852e14e3193f36bcc6b57f7a2da",
            "messageTitle": "Export Expenses and Global Error Msg",
            "messageBody": "",
            "insertions": 121,
            "deletions": 24
          },
          {
            "hash": "bb3598ede76a3852bed2b891d0f5b769312c6814",
            "messageTitle": "fix checkstyle and -1 logic",
            "messageBody": "",
            "insertions": 14,
            "deletions": 5
          },
          {
            "hash": "da0f5be9ee459ac5491e40a040cc9c4e1f18f7bd",
            "messageTitle": "replace repeat() since only java 11 support",
            "messageBody": "",
            "insertions": 6,
            "deletions": 2
          },
          {
            "hash": "82a8b69fb52db45480536c08bd7d29f7b14eb82e",
            "messageTitle": "amount and date swap",
            "messageBody": "",
            "insertions": 1,
            "deletions": 1
          },
          {
            "hash": "ff3acf66b9b2ef9f355d0021731e141d8141a070",
            "messageTitle": "add dollar sign to headers",
            "messageBody": "",
            "insertions": 2,
            "deletions": 2
          }
        ]
      },
      {
        "insertions": 865,
        "deletions": 408,
        "date": "2019-10-26",
        "commitResults": [
          {
            "hash": "6e6276dcf0e7589e912033caa18b59c62d35d143",
            "messageTitle": "working on import",
            "messageBody": "",
            "insertions": 335,
            "deletions": 6
          },
          {
            "hash": "ab018c608bbdc0fc612c379ea06f16bc3a1f3f09",
            "messageTitle": "import done",
            "messageBody": "",
            "insertions": 22,
            "deletions": 30
          },
          {
            "hash": "44455411ba4374ea3dab9dbe98196a2fcf4703fd",
            "messageTitle": "add javadoc for import and export",
            "messageBody": "",
            "insertions": 64,
            "deletions": 3
          },
          {
            "hash": "9c4d46e46db1999068239b7c467e4751b9645e0e",
            "messageTitle": "minor fixes",
            "messageBody": "",
            "insertions": 21,
            "deletions": 23
          },
          {
            "hash": "4e52aff7ba0dd828a94a8c39d3501a9efbb2a323",
            "messageTitle": "junit tests",
            "messageBody": "",
            "insertions": 88,
            "deletions": 18
          },
          {
            "hash": "6b3e4ff3ad9be6bc6dab30a250d7b6996885f30d",
            "messageTitle": "fix checkstyle",
            "messageBody": "",
            "insertions": 29,
            "deletions": 27
          },
          {
            "hash": "ea5d13404c9cef2de721fc135a1573287d305561",
            "messageTitle": "checkstyle 2",
            "messageBody": "",
            "insertions": 40,
            "deletions": 40
          },
          {
            "hash": "f061d2a7bca7f782f2a80edc6afabd1b53c12f88",
            "messageTitle": "checkstyle 3",
            "messageBody": "",
            "insertions": 43,
            "deletions": 37
          },
          {
            "hash": "9f818752a331407e18eaab77ca8d90b4c6e9a7d3",
            "messageTitle": "checkstyle 4",
            "messageBody": "",
            "insertions": 6,
            "deletions": 0
          },
          {
            "hash": "b377c39d8075361a1d8760b5c7d09ba05fca480c",
            "messageTitle": "add javadoc for import and export",
            "messageBody": "",
            "insertions": 2,
            "deletions": 2
          },
          {
            "hash": "95d042c22ee1467bd877da991509e4b48eac15a6",
            "messageTitle": "junit tests",
            "messageBody": "",
            "insertions": 94,
            "deletions": 6
          },
          {
            "hash": "fe531c6d9860c408f6bcdf16c9183451d2fa36db",
            "messageTitle": "fix checkstyle",
            "messageBody": "",
            "insertions": 23,
            "deletions": 29
          },
          {
            "hash": "b8e95de4462d258a0f84eb57330b742b6ff17ecb",
            "messageTitle": "checkstyle 2",
            "messageBody": "",
            "insertions": 39,
            "deletions": 39
          },
          {
            "hash": "fad48ac99145b3d59095e0caa9173b7cb980fd98",
            "messageTitle": "checkstyle 3",
            "messageBody": "",
            "insertions": 40,
            "deletions": 34
          },
          {
            "hash": "4836f657296f7584180560c6fc71924f0f587013",
            "messageTitle": "checkstyle 4",
            "messageBody": "",
            "insertions": 6,
            "deletions": 0
          },
          {
            "hash": "574799845b6692b27a6e06ae52810076d7450cc1",
            "messageTitle": "resolve conflicts and getwallet()",
            "messageBody": "",
            "insertions": 4,
            "deletions": 59
          },
          {
            "hash": "9e82ef22af2269b1e904559b322e736ec14e855f",
            "messageTitle": "fix checkstyle",
            "messageBody": "",
            "insertions": 1,
            "deletions": 45
          },
          {
            "hash": "c5d77029c3c8b4fad9a4ca67a8fa231516c53361",
            "messageTitle": "checkstyle 1",
            "messageBody": "",
            "insertions": 8,
            "deletions": 10
          }
        ]
      }
    ],
    "kyang96": [
      {
        "insertions": 169,
        "deletions": 136,
        "date": "2019-09-21",
        "commitResults": [
          {
            "hash": "10e43e3e69552825085f39ead77c975297270569",
            "messageTitle": "Added DeleteCommand and DeleteCommandParser class",
            "messageBody": "",
            "insertions": 66,
            "deletions": 13
          },
          {
            "hash": "b75e822568389ea585680c100f59f14a0384dbfd",
            "messageTitle": "Fixed Storage for OOP",
            "messageBody": "",
            "insertions": 35,
            "deletions": 45
          },
          {
            "hash": "308e49d1e30145f38f839600b52e6d8dfca72d8c",
            "messageTitle": "Reorganise record,task and contact packages",
            "messageBody": "",
            "insertions": 68,
            "deletions": 78
          }
        ]
      },
      {
        "insertions": 34,
        "deletions": 25,
        "date": "2019-09-23",
        "commitResults": [
          {
            "hash": "492d248c7381ebbb2e52f0df3ee01aada56eb703",
            "messageTitle": "Modified syntax for adding expense.",
            "messageBody": "",
            "insertions": 34,
            "deletions": 25
          }
        ]
      },
      {
        "insertions": 398,
        "deletions": 212,
        "date": "2019-09-25",
        "commitResults": [
          {
            "hash": "bc1bfa535fba8f9ef70f75a2811e3aceaf82fc20",
            "messageTitle": "Added StorageManager class to handle all read/write of data and make Storage more OOP",
            "messageBody": "",
            "insertions": 312,
            "deletions": 205
          },
          {
            "hash": "ca325ee5e46bae41c32ce0fccccf18bfa70ff8a8",
            "messageTitle": "Added ExpenseStorage class",
            "messageBody": "",
            "insertions": 86,
            "deletions": 7
          }
        ]
      },
      {
        "insertions": 116,
        "deletions": 93,
        "date": "2019-09-28",
        "commitResults": [
          {
            "hash": "9d6dc8fdf5080ce28a581198df5cf3aff57be003",
            "messageTitle": "Fixed issues when adding recurring expenses",
            "messageBody": "",
            "insertions": 116,
            "deletions": 93
          }
        ]
      },
      {
        "insertions": 189,
        "deletions": 161,
        "date": "2019-10-06",
        "commitResults": [
          {
            "hash": "596f6d306220822589599acffbab361168aa9599",
            "messageTitle": "Added delete function for expenses.",
            "messageBody": "",
            "insertions": 46,
            "deletions": 9
          },
          {
            "hash": "cd0b4c3661cd54f22642491df1ccdd9683e8b623",
            "messageTitle": "Modified how Storage class works.",
            "messageBody": "",
            "insertions": 143,
            "deletions": 152
          }
        ]
      },
      {
        "insertions": 18,
        "deletions": 42,
        "date": "2019-10-07",
        "commitResults": [
          {
            "hash": "0b7d69161b2349387f2dbfe14f8baf5e2b292482",
            "messageTitle": "Removed passing of StorageManager object in parse function of Command classes.",
            "messageBody": "",
            "insertions": 18,
            "deletions": 42
          }
        ]
      },
      {
        "insertions": 113,
        "deletions": 3,
        "date": "2019-10-08",
        "commitResults": [
          {
            "hash": "3e4d32071b5eb1be7a32b21d3d530344772c60d5",
            "messageTitle": "Modified EditCommand and EditCommandParser.",
            "messageBody": "",
            "insertions": 113,
            "deletions": 3
          }
        ]
      },
      {
        "insertions": 3,
        "deletions": 3,
        "date": "2019-10-10",
        "commitResults": [
          {
            "hash": "a4d2fcfa39f4e38259e3d4671346d88db0bf440b",
            "messageTitle": "Fixed codacy issues.",
            "messageBody": "",
            "insertions": 3,
            "deletions": 3
          }
        ]
      },
      {
        "insertions": 66,
        "deletions": 10,
        "date": "2019-10-12",
        "commitResults": [
          {
            "hash": "6a2dfe6a983bc0006688bc3eb89cf203f4033349",
            "messageTitle": "Added DeleteCommandTest for testing of DeleteCommand",
            "messageBody": "",
            "insertions": 66,
            "deletions": 10
          }
        ]
      },
      {
        "insertions": 104,
        "deletions": 31,
        "date": "2019-10-13",
        "commitResults": [
          {
            "hash": "e0250c056ea2464ec8ddf0f0080bb977d55bd6f7",
            "messageTitle": "Added testing for EditCommand class.",
            "messageBody": "",
            "insertions": 42,
            "deletions": 9
          },
          {
            "hash": "d26b13d312d6645bcde029ca90f242d446156613",
            "messageTitle": "Added testing for EditCommandParser class.",
            "messageBody": "",
            "insertions": 41,
            "deletions": 0
          },
          {
            "hash": "8144a731fc05d43a71c05f609a479d0e0254f6ec",
            "messageTitle": "Fix checkstyle issues",
            "messageBody": "",
            "insertions": 21,
            "deletions": 22
          }
        ]
      },
      {
        "insertions": 42,
        "deletions": 10,
        "date": "2019-10-14",
        "commitResults": [
          {
            "hash": "d5b531c96c69c2253cbdbc6e8ec4230d04395e71",
            "messageTitle": "Updated UI for listing expenses.",
            "messageBody": "",
            "insertions": 29,
            "deletions": 4
          },
          {
            "hash": "8e94a24e8f42e6bc4e82d1c7c4a82dd40e77409d",
            "messageTitle": "Fix checkstyle issues.",
            "messageBody": "",
            "insertions": 13,
            "deletions": 6
          }
        ]
      },
      {
        "insertions": 94,
        "deletions": 41,
        "date": "2019-10-21",
        "commitResults": [
          {
            "hash": "0777fe92fe13cc554b123c88dcb69e8ef7f89a6d",
            "messageTitle": "Added Category Enum",
            "messageBody": "",
            "insertions": 94,
            "deletions": 41
          }
        ]
      },
      {
        "insertions": 137,
        "deletions": 41,
        "date": "2019-10-22",
        "commitResults": [
          {
            "hash": "deabe76e626af2edb84bdda41d6b8e6e6903ac98",
            "messageTitle": "Added view statistics feature to view monthly expenses in each category",
            "messageBody": "",
            "insertions": 70,
            "deletions": 7
          },
          {
            "hash": "5a3c3bd3fcfd08e64211e600e11a26e23ec2ad54",
            "messageTitle": "Added AddCommandParserTest class",
            "messageBody": "",
            "insertions": 43,
            "deletions": 6
          },
          {
            "hash": "34ba794ea107b7148fdc4f2358befda9b2aab488",
            "messageTitle": "Removed DukeTest.java",
            "messageBody": "",
            "insertions": 7,
            "deletions": 13
          },
          {
            "hash": "957fb31674f328375cb4935fc65f911f4dc44d92",
            "messageTitle": "Updated output of list recurring expenses to table form.",
            "messageBody": "",
            "insertions": 17,
            "deletions": 15
          }
        ]
      }
    ],
    "matthewng1996": [
      {
        "insertions": 57,
        "deletions": 70,
        "date": "2019-09-22",
        "commitResults": [
          {
            "hash": "44129c153805341f6b583065587bc79ff48fe6c5",
            "messageTitle": "Update viewSchedules Changed createdDate to date",
            "messageBody": "",
            "insertions": 46,
            "deletions": 65
          },
          {
            "hash": "2c8c472753d5c060ee8aac4315f04bf1c6cfcfdd",
            "messageTitle": "Checkstyle changes",
            "messageBody": "",
            "insertions": 11,
            "deletions": 5
          }
        ]
      },
      {
        "insertions": 5,
        "deletions": 5,
        "date": "2019-09-24",
        "commitResults": [
          {
            "hash": "ce013224c7dd04684b8dd5354c5ce9a24de4db1f",
            "messageTitle": "Added Annette image into Aboutus.adoc Uncomment Loans for ViewCommand",
            "messageBody": "",
            "insertions": 5,
            "deletions": 5
          }
        ]
      },
      {
        "insertions": 264,
        "deletions": 0,
        "date": "2019-09-30",
        "commitResults": [
          {
            "hash": "0e1ea9f5efed5d1b936c88669f44e6c6f24db4a3",
            "messageTitle": "Add main screenshot Modified README.adoc Fix ViewCommand.java (Import Loan class)",
            "messageBody": "",
            "insertions": 1,
            "deletions": 0
          },
          {
            "hash": "064b73f7db7cdba89fb98d13425afe5f5581da46",
            "messageTitle": "Add JAR file",
            "messageBody": "",
            "insertions": 263,
            "deletions": 0
          }
        ]
      },
      {
        "insertions": 384,
        "deletions": 54,
        "date": "2019-10-04",
        "commitResults": [
          {
            "hash": "2890029e4b8e3ee20e73fa9c8c1596833d4a91af",
            "messageTitle": "Set expenses goals/budget for specified months",
            "messageBody": "",
            "insertions": 320,
            "deletions": 20
          },
          {
            "hash": "e9d11ed7f66f91d4ff17d02d14bfa37782394d53",
            "messageTitle": "Fix Checkstyle. Change set to budget in SetBudgetCommand",
            "messageBody": "",
            "insertions": 50,
            "deletions": 28
          },
          {
            "hash": "72acbbe9d4741b063794415b0904300f283d3dbf",
            "messageTitle": "Fixed Checkstyle yet again.",
            "messageBody": "",
            "insertions": 10,
            "deletions": 3
          },
          {
            "hash": "0a0dad538eac7fd3e1daf246c00f3f609937131d",
            "messageTitle": "Checkstyle Fix #3...",
            "messageBody": "",
            "insertions": 4,
            "deletions": 3
          }
        ]
      },
      {
        "insertions": 81,
        "deletions": 15,
        "date": "2019-10-07",
        "commitResults": [
          {
            "hash": "3b337ea8b134d785ace20e2de0152dda2ecacb33",
            "messageTitle": "editing Budget",
            "messageBody": "",
            "insertions": 38,
            "deletions": 12
          },
          {
            "hash": "a118127e901200a69fa113d76fb02d014316238a",
            "messageTitle": "Added the code to edit budget if month and year match a budget in current loaded data Added the code to produce error for negative budget Added the code to delete budget by setting budget to $0 for month and year Added the code to produce error when deleting a budget that cannot be found.",
            "messageBody": "",
            "insertions": 41,
            "deletions": 2
          },
          {
            "hash": "f8a907620b1aa27cdb6e3881dc6cd5bbecec596a",
            "messageTitle": "Pleasing Travis #1",
            "messageBody": "",
            "insertions": 2,
            "deletions": 1
          }
        ]
      },
      {
        "insertions": 62,
        "deletions": 35,
        "date": "2019-10-12",
        "commitResults": [
          {
            "hash": "eca2dadf37ac089a9de5ca1990e3ca77d91d2c96",
            "messageTitle": "Added View Budget Command for users to check their remaining budget by their specific month/year",
            "messageBody": "Change ViewCommand to take in variable length String arguments\n",
            "insertions": 61,
            "deletions": 34
          },
          {
            "hash": "dbdbb12a14cec3817d54915ed8ebafe7cd110910",
            "messageTitle": "Minor fix in language for String",
            "messageBody": "",
            "insertions": 1,
            "deletions": 1
          }
        ]
      },
      {
        "insertions": 151,
        "deletions": 74,
        "date": "2019-10-18",
        "commitResults": [
          {
            "hash": "5d2e1d3e1bd0e62aec29124364f07c4bac6ea457",
            "messageTitle": "1) Shift view \u003cdate\u003e to list 2) Create ChartThread to draw pie chart due to Java\u0027s race condition 3) Pie chart currently prints fixed values, code will be changed to take in parameters 4) Modify printExpense table to take in an ArrayList\u003cExpense\u003e so that method can be reused.",
            "messageBody": "",
            "insertions": 143,
            "deletions": 60
          },
          {
            "hash": "dc9b56453c6f58f7592ce064eaacf270628dfe08",
            "messageTitle": "CheckStyle fix #1",
            "messageBody": "",
            "insertions": 1,
            "deletions": 5
          },
          {
            "hash": "996833860b1193a22f7e4e062bda055a593cf787",
            "messageTitle": "Variable names - CheckStyle Fix #2",
            "messageBody": "",
            "insertions": 7,
            "deletions": 7
          },
          {
            "hash": "88c69f5a95a009bcbd698398eacda70fbe8c0a1c",
            "messageTitle": "CheckStyle Fix #3",
            "messageBody": "",
            "insertions": 0,
            "deletions": 2
          }
        ]
      },
      {
        "insertions": 10,
        "deletions": 1083,
        "date": "2019-10-19",
        "commitResults": [
          {
            "hash": "77a1943d0309fab77906e77c588e688ee9d3c8f9",
            "messageTitle": "Purge all unused classes from the original Duke Fixed most issues highlighted by TA",
            "messageBody": "",
            "insertions": 7,
            "deletions": 1083
          },
          {
            "hash": "5a279910aa0ab9b066b82b0d0efd672c8d149f70",
            "messageTitle": "checkstyle fix",
            "messageBody": "",
            "insertions": 3,
            "deletions": 0
          }
        ]
      },
      {
        "insertions": 199,
        "deletions": 92,
        "date": "2019-10-21",
        "commitResults": [
          {
            "hash": "9754f943564df0d8b6778599894e65da00bbf0ba",
            "messageTitle": "Added notifications for Budget when adding expenses. Update budget amount when expenses are added.",
            "messageBody": "",
            "insertions": 100,
            "deletions": 22
          },
          {
            "hash": "37effa03eced7429359bbf1ff1aa11b3f0cd687d",
            "messageTitle": "Fix budget commands bug Added more strings to budget-expense notifications",
            "messageBody": "",
            "insertions": 98,
            "deletions": 69
          },
          {
            "hash": "9afbf20d1684b438b8ec7c4e9f3d75d004094942",
            "messageTitle": "Added Loan Table to ListCommand ie list 01/01/2019 will show both expenses and loans with the date",
            "messageBody": "",
            "insertions": 1,
            "deletions": 1
          }
        ]
      },
      {
        "insertions": 279,
        "deletions": 20,
        "date": "2019-10-22",
        "commitResults": [
          {
            "hash": "f28eec04c9d8d58ec525aaa798b7b8ee4b524ad6",
            "messageTitle": "Added JUnit test for Budget, BudgetParser, View, ViewCommandParser Added authors for RepoSense",
            "messageBody": "",
            "insertions": 259,
            "deletions": 3
          },
          {
            "hash": "1d42eb13c6da56c8181896c0f44c988b5a05b885",
            "messageTitle": "Slight fix RepoSense",
            "messageBody": "",
            "insertions": 2,
            "deletions": 0
          },
          {
            "hash": "df17330772cbad5321010cd172cd933d25d7ec0b",
            "messageTitle": "Codacy Fix",
            "messageBody": "",
            "insertions": 18,
            "deletions": 17
          }
        ]
      },
      {
        "insertions": 181,
        "deletions": 84,
        "date": "2019-10-25",
        "commitResults": [
          {
            "hash": "a1737dc30054faf15f7ff00fddd85faaa1bf7a8d",
            "messageTitle": "Pie chart is now able to read existing Expenses and draw them. Changed \"view pie\" to \"view stats\" Commented off ui.printLine due to race condition existing from printline.",
            "messageBody": "",
            "insertions": 93,
            "deletions": 14
          },
          {
            "hash": "a3cf29459e7190c8762eaff177c2b140c89a44f0",
            "messageTitle": "Remove unused method.",
            "messageBody": "",
            "insertions": 0,
            "deletions": 7
          },
          {
            "hash": "d9be19f8157e0ca953831ac3dde47d368f684be2",
            "messageTitle": "Pie chart to take in Arraylist of expenses parameter to draw pie charts for selected months Debug: Rearrange condition in View Command Debug: Expenses table printed twice, removed a few lines to debug. Checkstyle fix",
            "messageBody": "",
            "insertions": 88,
            "deletions": 63
          }
        ]
      }
    ],
    "A0171206R": [
      {
        "insertions": 553,
        "deletions": 67,
        "date": "2019-09-23",
        "commitResults": [
          {
            "hash": "06b74d5cd431d15c3090239cb68e5467aadd085d",
            "messageTitle": "Completed: Loan and LoanList classes",
            "messageBody": "",
            "insertions": 4,
            "deletions": 0
          },
          {
            "hash": "14c3688c6f9f99d344233bcae1d4f1eb6ade50ca",
            "messageTitle": "Added: java documents for new classes.",
            "messageBody": "",
            "insertions": 440,
            "deletions": 47
          },
          {
            "hash": "2f8d86bd219a7af6f3af05e8e593357fe3603571",
            "messageTitle": "Modified: MyThread and Reminder class. However, more changes will come when Storage becomes more OOP.",
            "messageBody": "",
            "insertions": 41,
            "deletions": 14
          },
          {
            "hash": "1eae026290207337501f245feeca4fc71864d8df",
            "messageTitle": "Junit Testing: Added LoanListTest",
            "messageBody": "",
            "insertions": 68,
            "deletions": 6
          }
        ]
      },
      {
        "insertions": 195,
        "deletions": 28,
        "date": "2019-10-04",
        "commitResults": [
          {
            "hash": "c942baf6bd1e579c36e868339be751c6ffd75a41",
            "messageTitle": "Added: Given ID to all models. Added: LoanStorage",
            "messageBody": "",
            "insertions": 4,
            "deletions": 0
          },
          {
            "hash": "2173c0bc12cdee026173e06faeb7ad83e5e44259",
            "messageTitle": "Added: LoanStorage Added: ID for all models",
            "messageBody": "",
            "insertions": 191,
            "deletions": 28
          }
        ]
      },
      {
        "insertions": 21,
        "deletions": 18,
        "date": "2019-10-05",
        "commitResults": [
          {
            "hash": "66b6822368eb5aaf6142ff91bce0fa429ff3bdce",
            "messageTitle": "Edited: Reminder Class now working with basic loan reminders. Also thread gets killed upon bye message",
            "messageBody": "",
            "insertions": 21,
            "deletions": 18
          }
        ]
      },
      {
        "insertions": 459,
        "deletions": 95,
        "date": "2019-10-06",
        "commitResults": [
          {
            "hash": "395360c0b693a545eeb95d5b18330627ceaae136",
            "messageTitle": "Added: Add loans now references contacts",
            "messageBody": "",
            "insertions": 214,
            "deletions": 45
          },
          {
            "hash": "186c23024b31bb0ca9f5490fe4b963aab35677de",
            "messageTitle": "Added:: Javadocs with travis passing Removed Temporarily: Junit testing for loans",
            "messageBody": "",
            "insertions": 241,
            "deletions": 45
          },
          {
            "hash": "10a0aa19f73a866c209645798012a10491080769",
            "messageTitle": "Fixed:codacy issues",
            "messageBody": "",
            "insertions": 4,
            "deletions": 5
          }
        ]
      },
      {
        "insertions": 9,
        "deletions": 35,
        "date": "2019-10-07",
        "commitResults": [
          {
            "hash": "aa49151a944b00f18d4977d9fde44c53f3507f97",
            "messageTitle": "Removed log files",
            "messageBody": "",
            "insertions": 1,
            "deletions": 0
          },
          {
            "hash": "06110c7b9045bc4d885b194e29fb5f0def54b8bd",
            "messageTitle": "Removed: StorageManager object from AddCommandParser Added: static Wallet getWallet() in LogicManager for easier reference.",
            "messageBody": "",
            "insertions": 8,
            "deletions": 35
          }
        ]
      },
      {
        "insertions": 189,
        "deletions": 39,
        "date": "2019-10-13",
        "commitResults": [
          {
            "hash": "f883275e5d8bac9e8d6608f76bcd9a8290b74466",
            "messageTitle": "Added: ReminderCommand and ReminderCommandParser",
            "messageBody": "",
            "insertions": 122,
            "deletions": 25
          },
          {
            "hash": "e1d9f1a2dfda064609a8858da862307307dd3ec0",
            "messageTitle": "Fixed: JavaDocs issues",
            "messageBody": "",
            "insertions": 5,
            "deletions": 9
          },
          {
            "hash": "f5043be4280427a8d3a1ccaf7d583d1485eb014a",
            "messageTitle": "Added: Deleting Loans via ID is now possible.",
            "messageBody": "",
            "insertions": 62,
            "deletions": 5
          }
        ]
      },
      {
        "insertions": 174,
        "deletions": 58,
        "date": "2019-10-14",
        "commitResults": [
          {
            "hash": "735c162f82f75244a592566201c5e23e914c7b1b",
            "messageTitle": "Added: DoneCommand and DoneCommandParser",
            "messageBody": "",
            "insertions": 133,
            "deletions": 16
          },
          {
            "hash": "bb7c2af90e2f03c16e5390aa4931296e7543c46b",
            "messageTitle": "Fixed checkstyle",
            "messageBody": "",
            "insertions": 12,
            "deletions": 2
          },
          {
            "hash": "4cba2c4579844f5a1d1646501a6fa655a957a988",
            "messageTitle": "Fixed: Reminder bug issues.",
            "messageBody": "",
            "insertions": 28,
            "deletions": 39
          },
          {
            "hash": "a037e5d5859e475695d726f17a6c39d5006843a9",
            "messageTitle": "Fixed: small java docs issue",
            "messageBody": "",
            "insertions": 1,
            "deletions": 1
          }
        ]
      },
      {
        "insertions": 288,
        "deletions": 61,
        "date": "2019-10-19",
        "commitResults": [
          {
            "hash": "9db73bcab5c67a6855218d091c3e919427d37cd3",
            "messageTitle": "Added: printing loan list in table format Half added: edit loans Half added: command history",
            "messageBody": "",
            "insertions": 288,
            "deletions": 61
          }
        ]
      },
      {
        "insertions": 106,
        "deletions": 144,
        "date": "2019-10-20",
        "commitResults": [
          {
            "hash": "d03317e51e2ee4840dade80b86e20c726bb26989",
            "messageTitle": "Edited: Printing format for add, delete, done, edit and list loans",
            "messageBody": "",
            "insertions": 104,
            "deletions": 142
          },
          {
            "hash": "ba16eb107e34d3fed167c7b8e6e06a0fa56bef09",
            "messageTitle": "fixed: add loans ((borrow /lend) bug",
            "messageBody": "",
            "insertions": 2,
            "deletions": 2
          }
        ]
      },
      {
        "insertions": 42,
        "deletions": 68,
        "date": "2019-10-21",
        "commitResults": [
          {
            "hash": "47dc0fd56c7e9e7f0773d3e8edad5fb4b2097af4",
            "messageTitle": "Fixed: changes requested by Matthew",
            "messageBody": "",
            "insertions": 10,
            "deletions": 14
          },
          {
            "hash": "deef2e67f2105b71e72fee5fc42964c028acbd1e",
            "messageTitle": "FIxed: Edit loan date bugs and complexity Fixed: Command History bugs",
            "messageBody": "",
            "insertions": 29,
            "deletions": 50
          },
          {
            "hash": "6444058b9be470f504d8180c99716e333b58e1da",
            "messageTitle": "Fixed: checkstyle",
            "messageBody": "",
            "insertions": 3,
            "deletions": 4
          }
        ]
      },
      {
        "insertions": 52,
        "deletions": 1,
        "date": "2019-10-22",
        "commitResults": [
          {
            "hash": "470593a6744330a6af337ce3abbb8125dbadca90",
            "messageTitle": "added: undo,redo halfway",
            "messageBody": "",
            "insertions": 52,
            "deletions": 1
          }
        ]
      },
      {
        "insertions": 310,
        "deletions": 135,
        "date": "2019-10-25",
        "commitResults": [
          {
            "hash": "0671c13dd63460ef9304085a7f9285cd9392b30c",
            "messageTitle": "Added: undo working properly",
            "messageBody": "",
            "insertions": 153,
            "deletions": 42
          },
          {
            "hash": "26909ea8da349a332f2c74a29c8fc8494dee83fd",
            "messageTitle": "added: RedoCommand class edited: Refactored all LogicManager.getWallet() --\u003e LogicManager.getWalletList().getWalletList().get(LogicManager.getWalletList().getState()) as there is no longer just a single Wallet object. There are multiple Wallet objects which hold a particular state.",
            "messageBody": "",
            "insertions": 127,
            "deletions": 54
          },
          {
            "hash": "54e71ea01ac26768af8992a61388fd3d960e9e3b",
            "messageTitle": "Added: //@@A0171206R to claim my code",
            "messageBody": "",
            "insertions": 30,
            "deletions": 39
          }
        ]
      },
      {
        "insertions": 487,
        "deletions": 37,
        "date": "2019-10-26",
        "commitResults": [
          {
            "hash": "3ca25496656de1d34020ee77b4eac5a31d853421",
            "messageTitle": "Added: basic junit testing",
            "messageBody": "",
            "insertions": 487,
            "deletions": 37
          }
        ]
      }
    ]
  },
  "authorFinalContributionMap": {
    "Xdecosee": 1333,
    "kyang96": 1164,
    "matthewng1996": 1086,
    "A0171206R": 2415
  },
  "authorFileTypeContributionMap": {
    "Xdecosee": {
      "tests": 98,
      "functional": 1233,
      "other": 2
    },
    "kyang96": {
      "tests": 307,
      "functional": 857
    },
    "matthewng1996": {
      "tests": 240,
      "functional": 846
    },
    "A0171206R": {
      "tests": 421,
      "functional": 1994
    }
  },
  "authorContributionVariance": {
    "Xdecosee": 80713.03,
    "kyang96": 16186.016,
    "matthewng1996": 41684.48,
    "A0171206R": 31882.803
  },
  "authorDisplayNameMap": {
    "Xdecosee": "CS2113T-W17-2 HO   . . TTE",
    "kyang96": "CS2113T-W17-2 ANG  . . ANG",
    "matthewng1996": "CS2113T-W17-2 MAT  . .  LE",
    "A0171206R": "CS2113T-W17-2 GER  . . OON"
  }
}
