{
  "authorDailyContributionsMap": {
    "mong-nus": [
      {
        "insertions": 225,
        "deletions": 3,
        "date": "2019-09-30",
        "commitResults": [
          {
            "hash": "083e5dca9154d045c8ba9fc3edadafa7e358df21",
            "messageTitle": "Implement Add function for Expenditure to Saving Account",
            "messageBody": "This commit contain the function to add expenditure to saving accounts.\n",
            "insertions": 225,
            "deletions": 3
          }
        ]
      },
      {
        "insertions": 289,
        "deletions": 42,
        "date": "2019-10-13",
        "commitResults": [
          {
            "hash": "22f7c03a1a2f26785dde096cfefc515125c2e989",
            "messageTitle": "Resolves #36 Resolves #37",
            "messageBody": "Implemented edit card details, add expenditure to card and list expenditure in card functions.\nCollaborated with @TerenceTanWT.\n",
            "insertions": 289,
            "deletions": 42
          }
        ]
      },
      {
        "insertions": 15,
        "deletions": 14,
        "date": "2019-10-14",
        "commitResults": [
          {
            "hash": "10f3c0d00812035fe478fe60d60de318fe71124f",
            "messageTitle": "Checkstyle fix",
            "messageBody": "",
            "insertions": 12,
            "deletions": 11
          },
          {
            "hash": "7b800501425b4374d523310d86c49a8711d28a25",
            "messageTitle": "minor bug fix",
            "messageBody": "",
            "insertions": 3,
            "deletions": 3
          }
        ]
      },
      {
        "insertions": 99,
        "deletions": 40,
        "date": "2019-10-15",
        "commitResults": [
          {
            "hash": "65be09f073b44d32d9b440d108347aa509cde38f",
            "messageTitle": "add javadoc and minor change to error message",
            "messageBody": "",
            "insertions": 22,
            "deletions": 23
          },
          {
            "hash": "050a0383898bbcc0e023866df186fe3460d6185a",
            "messageTitle": "corrected more error message",
            "messageBody": "",
            "insertions": 2,
            "deletions": 2
          },
          {
            "hash": "20fa1d5a7c8580a628c3fd8ae0f111c1c1128416",
            "messageTitle": "added function to check for duplicate credit card name",
            "messageBody": "",
            "insertions": 25,
            "deletions": 12
          },
          {
            "hash": "52d6fa60c4ebc69a263727052a3babd1b39c8168",
            "messageTitle": "added missing javadoc for bank, transaction and card command",
            "messageBody": "",
            "insertions": 33,
            "deletions": 2
          },
          {
            "hash": "bb9809fc327781495a0db020284c064ce7af9c3c",
            "messageTitle": "add check duplicate name for edit card",
            "messageBody": "",
            "insertions": 17,
            "deletions": 1
          }
        ]
      }
    ],
    "BrianTKM": [
      {
        "insertions": 260,
        "deletions": 17,
        "date": "2019-09-30",
        "commitResults": [
          {
            "hash": "5a2c88b13570e95b3a0e1a7e3fc3f34af09ccdc4",
            "messageTitle": "Implemented adding and deleting of savings",
            "messageBody": "This commit contains the function of creating a profile, adding and deleting of the savings account\n",
            "insertions": 260,
            "deletions": 17
          }
        ]
      },
      {
        "insertions": 353,
        "deletions": 98,
        "date": "2019-10-01",
        "commitResults": [
          {
            "hash": "bd2db2979f59452b57dc1e376d71a14fe61a57f7",
            "messageTitle": "Implement delete expenditure and list savings and expenditure",
            "messageBody": "This commit contains the code for deleting expenditure and listing savings and expenditure.\n",
            "insertions": 353,
            "deletions": 98
          }
        ]
      },
      {
        "insertions": 1077,
        "deletions": 154,
        "date": "2019-10-08",
        "commitResults": [
          {
            "hash": "617bafe13f4fb4cd8b97387eec9251397c5eea46",
            "messageTitle": "Update Savings and transactions",
            "messageBody": "This PR adds deposit functions and edit function\n",
            "insertions": 10,
            "deletions": 9
          },
          {
            "hash": "a4fea285aa3572eb2a1ead2b133ae0f99fd920c1",
            "messageTitle": "Added files which were not staged",
            "messageBody": "",
            "insertions": 1067,
            "deletions": 145
          }
        ]
      },
      {
        "insertions": 348,
        "deletions": 126,
        "date": "2019-10-09",
        "commitResults": [
          {
            "hash": "073c988e6cbb3fef1d0dec347024b02a244efd0c",
            "messageTitle": "Added regex functions to checks",
            "messageBody": "This commit utilizes regex functions to perform checks and touch up code\n",
            "insertions": 348,
            "deletions": 126
          }
        ]
      },
      {
        "insertions": 1331,
        "deletions": 345,
        "date": "2019-10-10",
        "commitResults": [
          {
            "hash": "3eb9345ef0b641e01d55fea6e22fc42a436db6ca",
            "messageTitle": "fix codacy issues except javadocs",
            "messageBody": "",
            "insertions": 176,
            "deletions": 186
          },
          {
            "hash": "651dd7ed114a6a97ea8ffe17c64730eca2ac66b6",
            "messageTitle": "Added javadocs",
            "messageBody": "",
            "insertions": 1019,
            "deletions": 49
          },
          {
            "hash": "81a7365bd64ea54dc4f4a98b12dbaca74bf69379",
            "messageTitle": "clean up parsing command",
            "messageBody": "",
            "insertions": 129,
            "deletions": 95
          },
          {
            "hash": "98b0847f0e5f2f599d32af272192067540af9397",
            "messageTitle": "fix codacy issues",
            "messageBody": "",
            "insertions": 1,
            "deletions": 2
          },
          {
            "hash": "98ba025a6daedd72a6ab64371a44611b978fa8f2",
            "messageTitle": "fix indentation issues",
            "messageBody": "",
            "insertions": 6,
            "deletions": 13
          }
        ]
      },
      {
        "insertions": 49,
        "deletions": 34,
        "date": "2019-10-13",
        "commitResults": [
          {
            "hash": "54afd9b5898eed68aeac7144c9cc03e1fb02548c",
            "messageTitle": "Fixed uniqueness of adding bank account",
            "messageBody": "This commit checks for uniqueness of bank accounts before adding it. Also changed printing for deposit/expenditure\n",
            "insertions": 45,
            "deletions": 30
          },
          {
            "hash": "b9f8ba0f169de0b80b38f89fef527c64ebb89c50",
            "messageTitle": "added \u0027$\u0027 for printing money",
            "messageBody": "",
            "insertions": 4,
            "deletions": 4
          }
        ]
      },
      {
        "insertions": 127,
        "deletions": 21,
        "date": "2019-10-14",
        "commitResults": [
          {
            "hash": "5d3bcc56c1c69f45ba35b1a6be9b58200918273a",
            "messageTitle": "fix edit bank account",
            "messageBody": "",
            "insertions": 120,
            "deletions": 21
          },
          {
            "hash": "dd46c49a92854b7b2aa47d9a9c27b62950d2095b",
            "messageTitle": "added javadocs",
            "messageBody": "",
            "insertions": 7,
            "deletions": 0
          }
        ]
      },
      {
        "insertions": 116,
        "deletions": 74,
        "date": "2019-10-15",
        "commitResults": [
          {
            "hash": "083d6eb9603493d5c7ad780d77c5692ee7e92eed",
            "messageTitle": "Fix bugs in code",
            "messageBody": "Bugs fixed:\nAdd expediture/deposit to investment\nList /savings RUBBISH\nDisplay +/- for transactions\nUninitialised goalsList\n",
            "insertions": 114,
            "deletions": 72
          },
          {
            "hash": "d46b0a303729ad0b212a5e8ca9afffd6d2cd79e2",
            "messageTitle": "change edit card from /new_name to /newname",
            "messageBody": "",
            "insertions": 2,
            "deletions": 2
          }
        ]
      }
    ],
    "TerenceTanWT": [
      {
        "insertions": 196,
        "deletions": 5,
        "date": "2019-09-27",
        "commitResults": [
          {
            "hash": "e6bf6f049f9f58197278be40a176637e5156b118",
            "messageTitle": "Implement ParseRawData and ParseSaving",
            "messageBody": "",
            "insertions": 196,
            "deletions": 5
          }
        ]
      },
      {
        "insertions": 659,
        "deletions": 26,
        "date": "2019-10-13",
        "commitResults": [
          {
            "hash": "a6bb4e286052eb07ae860c7d74efa66ab90384f1",
            "messageTitle": "Implemented add and delete credit card function Resolves #35 Resolves #76",
            "messageBody": "Implemented adding and deleting of credit card functionality. Collaborated with @mong-nus.\n",
            "insertions": 647,
            "deletions": 4
          },
          {
            "hash": "0ecafbcf2bfe930342cbaa5a4dec205dc96ae014",
            "messageTitle": "Fix Codacy checks",
            "messageBody": "",
            "insertions": 11,
            "deletions": 21
          },
          {
            "hash": "3c99cbd682b1afd97e02d11185da54591b9863f6",
            "messageTitle": "Fixed ParaeType fall through",
            "messageBody": "",
            "insertions": 1,
            "deletions": 1
          }
        ]
      },
      {
        "insertions": 219,
        "deletions": 85,
        "date": "2019-10-14",
        "commitResults": [
          {
            "hash": "63091d2503676384d98b01897051c6651c087bd7",
            "messageTitle": "Implemented edit and delete credit card expenditure Resolves #83 Resolves #84",
            "messageBody": "Implemented functions to delete and edit credit card expenditure. Also added credit card limit checking during adding, deleting, and editing of card limit and card expenditures. Collaborated with @mong-nus.\n",
            "insertions": 209,
            "deletions": 74
          },
          {
            "hash": "1798706e01265d0f19ec7401cb577fc507c088c7",
            "messageTitle": "Fixed Codacy and Travis issue",
            "messageBody": "",
            "insertions": 10,
            "deletions": 11
          }
        ]
      }
    ],
    "valerietyj": [
      {
        "insertions": 1035,
        "deletions": 186,
        "date": "2019-10-14",
        "commitResults": [
          {
            "hash": "392dd671b44449311f08ef2ab07ebd327329c6c1",
            "messageTitle": "Implement Goals",
            "messageBody": "",
            "insertions": 467,
            "deletions": 1
          },
          {
            "hash": "0668cce84346e3bd20ff8f303d90930f2844e673",
            "messageTitle": "Fixed some bugs with Goals",
            "messageBody": "",
            "insertions": 182,
            "deletions": 101
          },
          {
            "hash": "906e626543c6dd612e78459057cd718bf3f10d86",
            "messageTitle": "Fixed errors when editing goals, fixed bugs, added JavaDoc",
            "messageBody": "",
            "insertions": 363,
            "deletions": 57
          },
          {
            "hash": "20ee39b0020b1372123aee4ad4551d17c32c68bf",
            "messageTitle": "Fixed checkstyle errors,javadoc and bugs",
            "messageBody": "",
            "insertions": 23,
            "deletions": 27
          }
        ]
      }
    ],
    "shamussy": [
      {
        "insertions": 130,
        "deletions": 132,
        "date": "2019-09-21",
        "commitResults": [
          {
            "hash": "03cf7f22f8a9ab4b8d418b8e226851cf17552e7c",
            "messageTitle": "Initial commit to change package structure towards v1.1 direction",
            "messageBody": "",
            "insertions": 130,
            "deletions": 132
          }
        ]
      },
      {
        "insertions": 155,
        "deletions": 145,
        "date": "2019-09-27",
        "commitResults": [
          {
            "hash": "5573a9166822556ae9b98392c92751c8bc133d40",
            "messageTitle": "Update initial phase for OwlMoney baseline with basic parsing",
            "messageBody": "This commit is ready for further development with regards to parsing raw\ndata\n",
            "insertions": 155,
            "deletions": 145
          }
        ]
      },
      {
        "insertions": 85,
        "deletions": 1827,
        "date": "2019-10-05",
        "commitResults": [
          {
            "hash": "60e1981a611b037018364a08ebe6a90ff89ba5dd",
            "messageTitle": "Replace old duke related code with new OwlMoney functions",
            "messageBody": "",
            "insertions": 40,
            "deletions": 1801
          },
          {
            "hash": "fcc6c0d262f3a9f3c0795318ece81a78e87edf30",
            "messageTitle": "Fix bugs with invalid commands and /newname parsing",
            "messageBody": "",
            "insertions": 45,
            "deletions": 26
          }
        ]
      },
      {
        "insertions": 417,
        "deletions": 71,
        "date": "2019-10-06",
        "commitResults": [
          {
            "hash": "112ede85663a29373c5ab5df765be0a9b086ba38",
            "messageTitle": "Add javadocs for model and general parsing logic",
            "messageBody": "",
            "insertions": 396,
            "deletions": 55
          },
          {
            "hash": "55536b5b1925d6e1a1880a19874100b3a6e3538c",
            "messageTitle": "Minor checkstyle bugfixes",
            "messageBody": "",
            "insertions": 21,
            "deletions": 16
          }
        ]
      },
      {
        "insertions": 298,
        "deletions": 18,
        "date": "2019-10-08",
        "commitResults": [
          {
            "hash": "ecf3f283caba29e8f43d14cc10fc08d89d66c9ba",
            "messageTitle": "Add basic regex check for base features",
            "messageBody": "",
            "insertions": 111,
            "deletions": 2
          },
          {
            "hash": "b348b37a7bc0d9d4c7c58a8e8279758f7c25bf19",
            "messageTitle": "Fix bugs to fulfill codacy",
            "messageBody": "",
            "insertions": 16,
            "deletions": 16
          },
          {
            "hash": "d250d2951aaabba6dd6285b516a093e2c7413462",
            "messageTitle": "Add regexDateFormat to check for date format",
            "messageBody": "",
            "insertions": 12,
            "deletions": 0
          },
          {
            "hash": "670fb99caf3e294436962ac408ed67321a815abf",
            "messageTitle": "Add basic investment and bonds",
            "messageBody": "",
            "insertions": 159,
            "deletions": 0
          }
        ]
      },
      {
        "insertions": 721,
        "deletions": 284,
        "date": "2019-10-12",
        "commitResults": [
          {
            "hash": "aeaed89e0541a42b97d6c463e9e2f861447ae22a",
            "messageTitle": "Add investment account",
            "messageBody": "",
            "insertions": 293,
            "deletions": 75
          },
          {
            "hash": "0a4ee3bc1b3659e9110c0c19ffdbd4d72afccb91",
            "messageTitle": "Add features for edit investment account details",
            "messageBody": "",
            "insertions": 86,
            "deletions": 6
          },
          {
            "hash": "0f01c83d9189ac36f37418e0c650f3e2cb787b78",
            "messageTitle": "Add edit investment account features",
            "messageBody": "",
            "insertions": 141,
            "deletions": 6
          },
          {
            "hash": "abbc8d61afc9b55154ebe13dca08719783ea737d",
            "messageTitle": "Add javadocs for investment and fix minor syntax and content for javadocs of savings",
            "messageBody": "",
            "insertions": 201,
            "deletions": 197
          }
        ]
      },
      {
        "insertions": 1325,
        "deletions": 1097,
        "date": "2019-10-13",
        "commitResults": [
          {
            "hash": "f134d0b455a37fef7b3b88fe189e6dd13b4d3136",
            "messageTitle": "Fix logic issue with deletion of accounts",
            "messageBody": "Fix issue of not being able to delete investmentaccount if it is the\nonly account.\nFix rogue deletion of accounts where a user can delete an investment\naccount by specifying to delete savings account.\n",
            "insertions": 271,
            "deletions": 193
          },
          {
            "hash": "beeeaa2ac3629b37b05764df4f68231414ab1626",
            "messageTitle": "Add list investment account features",
            "messageBody": "",
            "insertions": 229,
            "deletions": 203
          },
          {
            "hash": "722e99458f6d10c84de74f14609b9d12e31318db",
            "messageTitle": "Fix minor indentation issues with bankList",
            "messageBody": "",
            "insertions": 22,
            "deletions": 20
          },
          {
            "hash": "9cda45e8a7a826d70a4d8e600705f0de532bb630",
            "messageTitle": "Add base code for bond to facilitate development of bonds",
            "messageBody": "",
            "insertions": 31,
            "deletions": 2
          },
          {
            "hash": "a1dac40b66634b3a47189c58189e299d082dc38b",
            "messageTitle": "Fix minor checkstyle issues with  javadocs and indentation",
            "messageBody": "",
            "insertions": 17,
            "deletions": 7
          },
          {
            "hash": "b39ed199d7ee3636319874e1daf1e4ea67dfbf5a",
            "messageTitle": "Remove old test files to facilitate addition of new junit tests",
            "messageBody": "",
            "insertions": 0,
            "deletions": 431
          },
          {
            "hash": "d13f557102d7db13a7c7863dd73efe09d96a1e4b",
            "messageTitle": "Fix add bond feature",
            "messageBody": "",
            "insertions": 743,
            "deletions": 225
          },
          {
            "hash": "395821ab965fad942c88f49362b7bb2eb58fdf6f",
            "messageTitle": "Fix checkstyle issues",
            "messageBody": "",
            "insertions": 10,
            "deletions": 13
          },
          {
            "hash": "833504f3eb949ecec85cf200099213525d7c5a11",
            "messageTitle": "Fix unused ui in banklist",
            "messageBody": "",
            "insertions": 2,
            "deletions": 3
          }
        ]
      },
      {
        "insertions": 1101,
        "deletions": 271,
        "date": "2019-10-14",
        "commitResults": [
          {
            "hash": "daada3b72ce01dc1aefa42106cad96a1cecf2eb7",
            "messageTitle": "Add edit and deletion of bonds features",
            "messageBody": "",
            "insertions": 764,
            "deletions": 63
          },
          {
            "hash": "71202d95ee5fc322ba830e83cab191cbcd4f2ab7",
            "messageTitle": "Fix javadocs and highlighted errors in card sections of javadocs. Standardised name convention",
            "messageBody": "",
            "insertions": 316,
            "deletions": 201
          },
          {
            "hash": "953ac5f99c6c3645ab0c9c328cd073e60c69b859",
            "messageTitle": "Fix checkstyle issues and try openjdk11 in travis",
            "messageBody": "",
            "insertions": 7,
            "deletions": 6
          },
          {
            "hash": "203fe60df5b0d8e2f396eed8203beea16371e8ea",
            "messageTitle": "Fix minor Javadoc aesthetic issues",
            "messageBody": "",
            "insertions": 14,
            "deletions": 1
          }
        ]
      }
    ]
  },
  "authorFinalContributionMap": {
    "mong-nus": 506,
    "BrianTKM": 2682,
    "TerenceTanWT": 884,
    "valerietyj": 857,
    "shamussy": 3007
  },
  "authorFileTypeContributionMap": {
    "mong-nus": {
      "tests": 0,
      "functional": 506
    },
    "BrianTKM": {
      "tests": 0,
      "functional": 2682
    },
    "TerenceTanWT": {
      "tests": 0,
      "functional": 884
    },
    "valerietyj": {
      "tests": 0,
      "functional": 857
    },
    "shamussy": {
      "tests": 0,
      "functional": 3002,
      "other": 5
    }
  },
  "authorContributionVariance": {
    "mong-nus": 6422.6323,
    "BrianTKM": 162928.02,
    "TerenceTanWT": 21815.92,
    "valerietyj": 57248.3,
    "shamussy": 412054.56
  },
  "authorDisplayNameMap": {
    "mong-nus": "CS2113T-W17-3 MON  . . WEI",
    "BrianTKM": "CS2113T-W17-3 TAN  . . IAN",
    "TerenceTanWT": "CS2113T-W17-3 TAN  . . NCE",
    "valerietyj": "CS2113T-W17-3 VAL  . . JIA",
    "shamussy": "CS2113T-W17-3 SHA  . . KAI"
  }
}
