{
  "authorDailyContributionsMap": {
    "mong-nus": [
      {
        "insertions": 225,
        "deletions": 3,
        "date": "2019-09-30",
        "commitResults": [
          {
            "hash": "083e5dca9154d045c8ba9fc3edadafa7e358df21",
            "messageTitle": "Implement Add function for Expenditure to Saving Account",
            "messageBody": "This commit contain the function to add expenditure to saving accounts.\n",
            "insertions": 225,
            "deletions": 3
          }
        ]
      },
      {
        "insertions": 289,
        "deletions": 42,
        "date": "2019-10-13",
        "commitResults": [
          {
            "hash": "22f7c03a1a2f26785dde096cfefc515125c2e989",
            "messageTitle": "Resolves #36 Resolves #37",
            "messageBody": "Implemented edit card details, add expenditure to card and list expenditure in card functions.\nCollaborated with @TerenceTanWT.\n",
            "insertions": 289,
            "deletions": 42
          }
        ]
      },
      {
        "insertions": 15,
        "deletions": 14,
        "date": "2019-10-14",
        "commitResults": [
          {
            "hash": "10f3c0d00812035fe478fe60d60de318fe71124f",
            "messageTitle": "Checkstyle fix",
            "messageBody": "",
            "insertions": 12,
            "deletions": 11
          },
          {
            "hash": "7b800501425b4374d523310d86c49a8711d28a25",
            "messageTitle": "minor bug fix",
            "messageBody": "",
            "insertions": 3,
            "deletions": 3
          }
        ]
      },
      {
        "insertions": 99,
        "deletions": 40,
        "date": "2019-10-15",
        "commitResults": [
          {
            "hash": "65be09f073b44d32d9b440d108347aa509cde38f",
            "messageTitle": "add javadoc and minor change to error message",
            "messageBody": "",
            "insertions": 22,
            "deletions": 23
          },
          {
            "hash": "050a0383898bbcc0e023866df186fe3460d6185a",
            "messageTitle": "corrected more error message",
            "messageBody": "",
            "insertions": 2,
            "deletions": 2
          },
          {
            "hash": "20fa1d5a7c8580a628c3fd8ae0f111c1c1128416",
            "messageTitle": "added function to check for duplicate credit card name",
            "messageBody": "",
            "insertions": 25,
            "deletions": 12
          },
          {
            "hash": "52d6fa60c4ebc69a263727052a3babd1b39c8168",
            "messageTitle": "added missing javadoc for bank, transaction and card command",
            "messageBody": "",
            "insertions": 33,
            "deletions": 2
          },
          {
            "hash": "bb9809fc327781495a0db020284c064ce7af9c3c",
            "messageTitle": "add check duplicate name for edit card",
            "messageBody": "",
            "insertions": 17,
            "deletions": 1
          }
        ]
      },
      {
        "insertions": 724,
        "deletions": 341,
        "date": "2019-10-18",
        "commitResults": [
          {
            "hash": "79b49b08b6d5545fd6f7e32f2aab4428177785a3",
            "messageTitle": "This commit consist the implementation of outputing all data in a neat and easy to read table format for all features. On top of that, slight change to files from different features is also made for compliance with checkstyle.",
            "messageBody": "",
            "insertions": 538,
            "deletions": 200
          },
          {
            "hash": "158629331b2a870bab2783e4d0bbace4c7cc9429",
            "messageTitle": "adjustment to the output format",
            "messageBody": "",
            "insertions": 160,
            "deletions": 116
          },
          {
            "hash": "413345d08672ff1ee67b53cde5a0be176b79a7fd",
            "messageTitle": "slight amendment to javadoc for ui",
            "messageBody": "",
            "insertions": 3,
            "deletions": 2
          },
          {
            "hash": "1cdeca354ff8f7fc023283d72433d902d1e9108a",
            "messageTitle": "minor checkstyle amendment",
            "messageBody": "",
            "insertions": 23,
            "deletions": 23
          }
        ]
      },
      {
        "insertions": 671,
        "deletions": 356,
        "date": "2019-10-20",
        "commitResults": [
          {
            "hash": "875bf2d530052ce99b1d137a98ee8586c33564b1",
            "messageTitle": "This commit implement the functions that allow user to transfer fund from one bank account to another bank account.",
            "messageBody": "",
            "insertions": 451,
            "deletions": 121
          },
          {
            "hash": "c821a366e86a081802ff480a7d11d347c46cba98",
            "messageTitle": "resolve merge issue with upstream",
            "messageBody": "",
            "insertions": 120,
            "deletions": 79
          },
          {
            "hash": "188933536eee37852095e1f541ea64cf2d5f8576",
            "messageTitle": "minor fix for transfer fund output",
            "messageBody": "",
            "insertions": 2,
            "deletions": 1
          },
          {
            "hash": "165cdb94e32e5e9e055e835ac34579cfcbccb34d",
            "messageTitle": "amend checkstyle and magic number",
            "messageBody": "",
            "insertions": 91,
            "deletions": 148
          },
          {
            "hash": "86cf46f6dd056423a3c971c964d09c57dea1f243",
            "messageTitle": "fix travis error",
            "messageBody": "",
            "insertions": 4,
            "deletions": 4
          },
          {
            "hash": "f0746850700177c110b7e57af56a41542043162c",
            "messageTitle": "fix operator wrap issue",
            "messageBody": "",
            "insertions": 2,
            "deletions": 2
          },
          {
            "hash": "fe02748b37846e6024d92dd81e7e1dd5f57f9a96",
            "messageTitle": "fix minor ui output format issue",
            "messageBody": "",
            "insertions": 1,
            "deletions": 1
          }
        ]
      },
      {
        "insertions": 310,
        "deletions": 1,
        "date": "2019-10-21",
        "commitResults": [
          {
            "hash": "ab038a80ed92891f27931058f06bd8f595868bb6",
            "messageTitle": "implemented find saving account function",
            "messageBody": "",
            "insertions": 310,
            "deletions": 1
          }
        ]
      },
      {
        "insertions": 102,
        "deletions": 95,
        "date": "2019-10-22",
        "commitResults": [
          {
            "hash": "9bf95e1323ef610386b243f6efa6170c9fae5e9e",
            "messageTitle": "fix javadoc issue",
            "messageBody": "",
            "insertions": 102,
            "deletions": 95
          }
        ]
      },
      {
        "insertions": 236,
        "deletions": 16,
        "date": "2019-10-23",
        "commitResults": [
          {
            "hash": "4b8f7c61d11c442d978684f160176638dc4d1322",
            "messageTitle": "implement find investment, card and bond",
            "messageBody": "",
            "insertions": 236,
            "deletions": 16
          }
        ]
      },
      {
        "insertions": 5,
        "deletions": 0,
        "date": "2019-10-24",
        "commitResults": [
          {
            "hash": "bfa84a7934b2ab2d6bb1ba5cdd3c8b4714f6ec1d",
            "messageTitle": "changes to ParseType.java for find investment function",
            "messageBody": "",
            "insertions": 5,
            "deletions": 0
          }
        ]
      },
      {
        "insertions": 716,
        "deletions": 242,
        "date": "2019-10-25",
        "commitResults": [
          {
            "hash": "aa56368d84fca17b6151ca10a29adaab3867949d",
            "messageTitle": "implement find transaction and regex for category",
            "messageBody": "",
            "insertions": 448,
            "deletions": 28
          },
          {
            "hash": "79a167be3670cfa77245bf6f59efda8edb282997",
            "messageTitle": "add javadoc to find feature",
            "messageBody": "",
            "insertions": 227,
            "deletions": 170
          },
          {
            "hash": "4bbafd87169fa9f91f6cb4a4817a3a0c83254f85",
            "messageTitle": "fix bug with parsing in ParseFindTransaction.java",
            "messageBody": "",
            "insertions": 0,
            "deletions": 1
          },
          {
            "hash": "5eeb65a047f6e4d4758f0be8cf5419e7582ad959",
            "messageTitle": "fix minor bug for transfer and find feature",
            "messageBody": "",
            "insertions": 17,
            "deletions": 11
          },
          {
            "hash": "8b37ccb459d5ea0fd2ee0e16aacdcf998fd6ff40",
            "messageTitle": "fix codacy issue",
            "messageBody": "",
            "insertions": 2,
            "deletions": 11
          },
          {
            "hash": "49816d925eebdb742f5de2f67b8118dfffc3d711",
            "messageTitle": "fix travis issue",
            "messageBody": "",
            "insertions": 16,
            "deletions": 15
          },
          {
            "hash": "b94fab963664d3a7f5adaca13c35ac6384880c33",
            "messageTitle": "fix appveyor issue",
            "messageBody": "",
            "insertions": 3,
            "deletions": 3
          },
          {
            "hash": "6d497478ae55722362e3bba4fe2c36ba80ef8990",
            "messageTitle": "fix more travis and appveyor issue",
            "messageBody": "",
            "insertions": 3,
            "deletions": 3
          }
        ]
      },
      {
        "insertions": 6,
        "deletions": 23,
        "date": "2019-10-26",
        "commitResults": [
          {
            "hash": "df8f0679b4982d794077c6a0db288f33127da124",
            "messageTitle": "allow finding of investment transaction",
            "messageBody": "",
            "insertions": 6,
            "deletions": 23
          }
        ]
      },
      {
        "insertions": 1062,
        "deletions": 45,
        "date": "2019-10-27",
        "commitResults": [
          {
            "hash": "3c26a4d4d03ad3d38a4f5403d3d0801bea1f46c8",
            "messageTitle": "Junit testing for find transfer and card",
            "messageBody": "",
            "insertions": 1020,
            "deletions": 8
          },
          {
            "hash": "2964325e322599698b2908108b7c6f726e7fd788",
            "messageTitle": "fix codacy and appveyor issue",
            "messageBody": "",
            "insertions": 35,
            "deletions": 29
          },
          {
            "hash": "b5ed764416d5292a5270aeb374279947aeead5a6",
            "messageTitle": "fix travis issue",
            "messageBody": "",
            "insertions": 7,
            "deletions": 8
          }
        ]
      },
      {
        "insertions": 679,
        "deletions": 501,
        "date": "2019-10-29",
        "commitResults": [
          {
            "hash": "f76325869fc01f548834a183d5b48e96d296ce25",
            "messageTitle": "added and amend Junit for Find, Card and Transfer",
            "messageBody": "",
            "insertions": 676,
            "deletions": 489
          },
          {
            "hash": "3c8fc22145237d15fab0d009a1740beac010fc45",
            "messageTitle": "minor adjustment to find bond feature",
            "messageBody": "",
            "insertions": 1,
            "deletions": 0
          },
          {
            "hash": "da9426e3210987ab39eacb285517b6d26601e54c",
            "messageTitle": "fix codacy issue",
            "messageBody": "",
            "insertions": 0,
            "deletions": 9
          },
          {
            "hash": "d84ab3b28e636f2afa2dc13e515d900203f1fd06",
            "messageTitle": "fix more codacy issue",
            "messageBody": "",
            "insertions": 0,
            "deletions": 1
          },
          {
            "hash": "a6c690eaeb1232d024c593483f868b1db0133bfc",
            "messageTitle": "minor fix on Junit Function name for InvestmentTest.java",
            "messageBody": "",
            "insertions": 2,
            "deletions": 2
          }
        ]
      },
      {
        "insertions": 331,
        "deletions": 42,
        "date": "2019-11-03",
        "commitResults": [
          {
            "hash": "edd16d0efe2c68a273d0986760e468fd144a9c79",
            "messageTitle": "implement find recurring expenditure feature",
            "messageBody": "",
            "insertions": 270,
            "deletions": 0
          },
          {
            "hash": "cd9a856e142366e92d140a6f3aaaa3fbf4ad889c",
            "messageTitle": "add javadoc comment for find recurring expenditure",
            "messageBody": "",
            "insertions": 45,
            "deletions": 42
          },
          {
            "hash": "e19fb5272e81a32df3bdf7435dfbdac020b5c462",
            "messageTitle": "implement find paid expenditure for card",
            "messageBody": "",
            "insertions": 16,
            "deletions": 0
          }
        ]
      },
      {
        "insertions": 296,
        "deletions": 11,
        "date": "2019-11-04",
        "commitResults": [
          {
            "hash": "58b60ddd9393ccbdf0b363760cf1754da38c946e",
            "messageTitle": "refactor transfer fund function name in BankList.java",
            "messageBody": "",
            "insertions": 11,
            "deletions": 11
          },
          {
            "hash": "cad0d23d168dbabc5f52e1ccf20995b5cf2fb1c5",
            "messageTitle": "add Junit for find recurring expenditure",
            "messageBody": "",
            "insertions": 170,
            "deletions": 0
          },
          {
            "hash": "ae92e12d9090e1910df02c8cf71ea487fcb93ee0",
            "messageTitle": "add more Junit for transactionListTest",
            "messageBody": "",
            "insertions": 115,
            "deletions": 0
          }
        ]
      },
      {
        "insertions": 18,
        "deletions": 11,
        "date": "2019-11-05",
        "commitResults": [
          {
            "hash": "de4336c643c7558a8101b58b5e3275d461b6eb87",
            "messageTitle": "minor change to find recurring expenditure Junit testing",
            "messageBody": "",
            "insertions": 18,
            "deletions": 11
          }
        ]
      }
    ],
    "BrianTKM": [
      {
        "insertions": 260,
        "deletions": 17,
        "date": "2019-09-30",
        "commitResults": [
          {
            "hash": "5a2c88b13570e95b3a0e1a7e3fc3f34af09ccdc4",
            "messageTitle": "Implemented adding and deleting of savings",
            "messageBody": "This commit contains the function of creating a profile, adding and deleting of the savings account\n",
            "insertions": 260,
            "deletions": 17
          }
        ]
      },
      {
        "insertions": 353,
        "deletions": 98,
        "date": "2019-10-01",
        "commitResults": [
          {
            "hash": "bd2db2979f59452b57dc1e376d71a14fe61a57f7",
            "messageTitle": "Implement delete expenditure and list savings and expenditure",
            "messageBody": "This commit contains the code for deleting expenditure and listing savings and expenditure.\n",
            "insertions": 353,
            "deletions": 98
          }
        ]
      },
      {
        "insertions": 1077,
        "deletions": 154,
        "date": "2019-10-08",
        "commitResults": [
          {
            "hash": "617bafe13f4fb4cd8b97387eec9251397c5eea46",
            "messageTitle": "Update Savings and transactions",
            "messageBody": "This PR adds deposit functions and edit function\n",
            "insertions": 10,
            "deletions": 9
          },
          {
            "hash": "a4fea285aa3572eb2a1ead2b133ae0f99fd920c1",
            "messageTitle": "Added files which were not staged",
            "messageBody": "",
            "insertions": 1067,
            "deletions": 145
          }
        ]
      },
      {
        "insertions": 348,
        "deletions": 126,
        "date": "2019-10-09",
        "commitResults": [
          {
            "hash": "073c988e6cbb3fef1d0dec347024b02a244efd0c",
            "messageTitle": "Added regex functions to checks",
            "messageBody": "This commit utilizes regex functions to perform checks and touch up code\n",
            "insertions": 348,
            "deletions": 126
          }
        ]
      },
      {
        "insertions": 1331,
        "deletions": 345,
        "date": "2019-10-10",
        "commitResults": [
          {
            "hash": "3eb9345ef0b641e01d55fea6e22fc42a436db6ca",
            "messageTitle": "fix codacy issues except javadocs",
            "messageBody": "",
            "insertions": 176,
            "deletions": 186
          },
          {
            "hash": "651dd7ed114a6a97ea8ffe17c64730eca2ac66b6",
            "messageTitle": "Added javadocs",
            "messageBody": "",
            "insertions": 1019,
            "deletions": 49
          },
          {
            "hash": "81a7365bd64ea54dc4f4a98b12dbaca74bf69379",
            "messageTitle": "clean up parsing command",
            "messageBody": "",
            "insertions": 129,
            "deletions": 95
          },
          {
            "hash": "98b0847f0e5f2f599d32af272192067540af9397",
            "messageTitle": "fix codacy issues",
            "messageBody": "",
            "insertions": 1,
            "deletions": 2
          },
          {
            "hash": "98ba025a6daedd72a6ab64371a44611b978fa8f2",
            "messageTitle": "fix indentation issues",
            "messageBody": "",
            "insertions": 6,
            "deletions": 13
          }
        ]
      },
      {
        "insertions": 49,
        "deletions": 34,
        "date": "2019-10-13",
        "commitResults": [
          {
            "hash": "54afd9b5898eed68aeac7144c9cc03e1fb02548c",
            "messageTitle": "Fixed uniqueness of adding bank account",
            "messageBody": "This commit checks for uniqueness of bank accounts before adding it. Also changed printing for deposit/expenditure\n",
            "insertions": 45,
            "deletions": 30
          },
          {
            "hash": "b9f8ba0f169de0b80b38f89fef527c64ebb89c50",
            "messageTitle": "added \u0027$\u0027 for printing money",
            "messageBody": "",
            "insertions": 4,
            "deletions": 4
          }
        ]
      },
      {
        "insertions": 127,
        "deletions": 21,
        "date": "2019-10-14",
        "commitResults": [
          {
            "hash": "5d3bcc56c1c69f45ba35b1a6be9b58200918273a",
            "messageTitle": "fix edit bank account",
            "messageBody": "",
            "insertions": 120,
            "deletions": 21
          },
          {
            "hash": "dd46c49a92854b7b2aa47d9a9c27b62950d2095b",
            "messageTitle": "added javadocs",
            "messageBody": "",
            "insertions": 7,
            "deletions": 0
          }
        ]
      },
      {
        "insertions": 116,
        "deletions": 74,
        "date": "2019-10-15",
        "commitResults": [
          {
            "hash": "083d6eb9603493d5c7ad780d77c5692ee7e92eed",
            "messageTitle": "Fix bugs in code",
            "messageBody": "Bugs fixed:\nAdd expediture/deposit to investment\nList /savings RUBBISH\nDisplay +/- for transactions\nUninitialised goalsList\n",
            "insertions": 114,
            "deletions": 72
          },
          {
            "hash": "d46b0a303729ad0b212a5e8ca9afffd6d2cd79e2",
            "messageTitle": "change edit card from /new_name to /newname",
            "messageBody": "",
            "insertions": 2,
            "deletions": 2
          }
        ]
      },
      {
        "insertions": 883,
        "deletions": 67,
        "date": "2019-10-19",
        "commitResults": [
          {
            "hash": "0dabe18ff7b3c3608e03f247cb251d23d3189d4a",
            "messageTitle": "Added some JUnit testing for TransactionList and Saving",
            "messageBody": "This commit adds some JUnit testing for TransactionList and Saving class\n",
            "insertions": 842,
            "deletions": 26
          },
          {
            "hash": "9dfa4ed01647eae4d8457a8d1e06451432156147",
            "messageTitle": "fix gradlew check failures",
            "messageBody": "",
            "insertions": 4,
            "deletions": 4
          },
          {
            "hash": "40f43265e112b064a59d8be5316f0c58b3a3539b",
            "messageTitle": "rename methods",
            "messageBody": "",
            "insertions": 36,
            "deletions": 36
          },
          {
            "hash": "144bbbdb424c89ac3ecd6c65f12a03f2ae3cf40f",
            "messageTitle": "testing travis",
            "messageBody": "",
            "insertions": 1,
            "deletions": 0
          },
          {
            "hash": "78dd79252f0c69b7e8b09cc20b96b437492c4610",
            "messageTitle": "testing travis removed extra new line",
            "messageBody": "",
            "insertions": 0,
            "deletions": 1
          }
        ]
      },
      {
        "insertions": 1426,
        "deletions": 189,
        "date": "2019-10-22",
        "commitResults": [
          {
            "hash": "8e8b1c21b23ab555051e0334e4445eac75f83985",
            "messageTitle": "Added recurring expenditure",
            "messageBody": "This commit adds the adding/deleting/listing/editing function of recurring expenditures and /update function\n",
            "insertions": 1329,
            "deletions": 71
          },
          {
            "hash": "10a22afc36012798ccef9f0763c3d1ce4b3bc57f",
            "messageTitle": "fix travis and codacy issues",
            "messageBody": "",
            "insertions": 7,
            "deletions": 9
          },
          {
            "hash": "48bdcce0bffc27f666e8054bf242cbb7babcf516",
            "messageTitle": "fix codacy issues v2",
            "messageBody": "",
            "insertions": 3,
            "deletions": 2
          },
          {
            "hash": "fdcca51f862e6541fc1156179c18b3ebe54a813f",
            "messageTitle": "corrected javadocs",
            "messageBody": "",
            "insertions": 87,
            "deletions": 107
          }
        ]
      },
      {
        "insertions": 15,
        "deletions": 16,
        "date": "2019-10-23",
        "commitResults": [
          {
            "hash": "5abaed67272666f574acd4cdef5b381f109d1cad",
            "messageTitle": "fix minor bug and javadocs",
            "messageBody": "",
            "insertions": 15,
            "deletions": 13
          },
          {
            "hash": "737a212f7a212e3d7bae609070edf49f15155e96",
            "messageTitle": "fixed javadocs",
            "messageBody": "",
            "insertions": 0,
            "deletions": 3
          }
        ]
      },
      {
        "insertions": 1458,
        "deletions": 939,
        "date": "2019-10-28",
        "commitResults": [
          {
            "hash": "e5277965153eab465c271830527b2e27d06858ee",
            "messageTitle": "updated JUnit",
            "messageBody": "",
            "insertions": 537,
            "deletions": 488
          },
          {
            "hash": "dec5e9e28ab553b399e10223798e4a7e33062bc3",
            "messageTitle": "Added minor adjustments and JUnit",
            "messageBody": "This commit adds the limit of each bank, untying deleted bank from goals and bankList JUnit for non-dependant parts.\n",
            "insertions": 886,
            "deletions": 270
          },
          {
            "hash": "bf71cb4bc017dd741811e8964ab04d6c2357b6d6",
            "messageTitle": "fix codacy issues",
            "messageBody": "",
            "insertions": 2,
            "deletions": 5
          },
          {
            "hash": "6af041b2922270eee8e0c0bf18799540874543ba",
            "messageTitle": "fix codacy, travis and appveyor issues",
            "messageBody": "",
            "insertions": 3,
            "deletions": 4
          },
          {
            "hash": "2f32353d571fc3711c8c4ed8104f43a62b8ad8f5",
            "messageTitle": "removed PlaceHolderCommand.java",
            "messageBody": "",
            "insertions": 0,
            "deletions": 18
          },
          {
            "hash": "7965a2ac031553a9688f01f4120c4839f696c326",
            "messageTitle": "changed JUnit storage path",
            "messageBody": "",
            "insertions": 17,
            "deletions": 17
          },
          {
            "hash": "c811c585b3f0ee308e54117986392c2e9bdeac45",
            "messageTitle": "corrected error displays",
            "messageBody": "",
            "insertions": 9,
            "deletions": 9
          },
          {
            "hash": "24a37c22b151933297771b479d2787ae765236af",
            "messageTitle": "changed JUnit test variable",
            "messageBody": "",
            "insertions": 1,
            "deletions": 1
          },
          {
            "hash": "0f098ec889582a835f7103c196d559fba7fe930c",
            "messageTitle": "changed one short form name",
            "messageBody": "",
            "insertions": 3,
            "deletions": 3
          },
          {
            "hash": "2508d0d53c3445fb8ca736c1ab956db88103eaf5",
            "messageTitle": "removed failing tests",
            "messageBody": "",
            "insertions": 0,
            "deletions": 124
          }
        ]
      },
      {
        "insertions": 3,
        "deletions": 3,
        "date": "2019-10-29",
        "commitResults": [
          {
            "hash": "08c09ffd444830ede4af6b40d987a4a9ed8b756e",
            "messageTitle": "fix failing JUnit",
            "messageBody": "",
            "insertions": 3,
            "deletions": 3
          }
        ]
      },
      {
        "insertions": 171,
        "deletions": 163,
        "date": "2019-10-30",
        "commitResults": [
          {
            "hash": "e37627e8c9c9f772618e299c0e2b89fafa42434f",
            "messageTitle": "Changed Ui header and added UG",
            "messageBody": "",
            "insertions": 20,
            "deletions": 12
          },
          {
            "hash": "0f734fe9cef9199841e5bf146e44516e0db4f17c",
            "messageTitle": "fix JUnit except goals",
            "messageBody": "",
            "insertions": 137,
            "deletions": 17
          },
          {
            "hash": "c447268153995d50b16f97a3b2eb84104cb491a6",
            "messageTitle": "fix JUnit failings",
            "messageBody": "",
            "insertions": 4,
            "deletions": 1
          },
          {
            "hash": "24dbed735ee20d5235e9fc43c8bdd0bb02c1e16d",
            "messageTitle": "added output to JUnit",
            "messageBody": "",
            "insertions": 7,
            "deletions": 1
          },
          {
            "hash": "ef9ccfdb2e11565a5f798b1995f7c772b195a860",
            "messageTitle": "added spacing to output for debugging",
            "messageBody": "",
            "insertions": 3,
            "deletions": 0
          },
          {
            "hash": "7de8e9e5b77e10152a7cfb2956ed91e934b8b2ea",
            "messageTitle": "removed failing tests",
            "messageBody": "",
            "insertions": 0,
            "deletions": 130
          },
          {
            "hash": "5e250e5f7f47bab5218ecca1ec1e9ba18214b3f0",
            "messageTitle": "fix codacy issue",
            "messageBody": "",
            "insertions": 0,
            "deletions": 2
          }
        ]
      },
      {
        "insertions": 171,
        "deletions": 28,
        "date": "2019-10-31",
        "commitResults": [
          {
            "hash": "c8fda25c941232fd9978f1f3022c5d426e3959bb",
            "messageTitle": "added back test cases and corrected part of DG",
            "messageBody": "",
            "insertions": 123,
            "deletions": 0
          },
          {
            "hash": "650990a528e6d39d4d36f0aa3a50fd93e0c4209b",
            "messageTitle": "added debugging print lines for travis",
            "messageBody": "",
            "insertions": 8,
            "deletions": 0
          },
          {
            "hash": "cab1efb6387032cc9fc61340feda3e468f77646c",
            "messageTitle": "created /data directory",
            "messageBody": "",
            "insertions": 3,
            "deletions": 1
          },
          {
            "hash": "e92567bd5dd2b1866d577a4b712bf715b7f96b2d",
            "messageTitle": "created /data if doesn\u0027t exist for all test cases",
            "messageBody": "",
            "insertions": 9,
            "deletions": 12
          },
          {
            "hash": "1ba17f80a08b56c64b7011878617f2cdc90fba6f",
            "messageTitle": "fix checkstyle issues",
            "messageBody": "",
            "insertions": 6,
            "deletions": 3
          },
          {
            "hash": "33af775a64fd8b883eeb0b19371ffa7e6f87a98a",
            "messageTitle": "fix codacy issue",
            "messageBody": "",
            "insertions": 0,
            "deletions": 2
          },
          {
            "hash": "dea0ad95a1a1834d60be9b04c49a4c1e4ee1bbc4",
            "messageTitle": "added deposit when adding income of month and add PPP",
            "messageBody": "",
            "insertions": 22,
            "deletions": 10
          }
        ]
      },
      {
        "insertions": 571,
        "deletions": 302,
        "date": "2019-11-03",
        "commitResults": [
          {
            "hash": "63e7aa8f76cd707bd771db809761fab8e33fac11",
            "messageTitle": "Changed name checking and updated UG",
            "messageBody": "This commit makes names case-insensitive\nThis commit updates the profile on launch\nThis commit adds /update to UG\n",
            "insertions": 570,
            "deletions": 301
          },
          {
            "hash": "80bf3fc553ba70176efd9dc61c5873dde9756cd6",
            "messageTitle": "fix codacy issue",
            "messageBody": "",
            "insertions": 1,
            "deletions": 1
          }
        ]
      }
    ],
    "TerenceTanWT": [
      {
        "insertions": 196,
        "deletions": 5,
        "date": "2019-09-27",
        "commitResults": [
          {
            "hash": "e6bf6f049f9f58197278be40a176637e5156b118",
            "messageTitle": "Implement ParseRawData and ParseSaving",
            "messageBody": "",
            "insertions": 196,
            "deletions": 5
          }
        ]
      },
      {
        "insertions": 659,
        "deletions": 26,
        "date": "2019-10-13",
        "commitResults": [
          {
            "hash": "a6bb4e286052eb07ae860c7d74efa66ab90384f1",
            "messageTitle": "Implemented add and delete credit card function Resolves #35 Resolves #76",
            "messageBody": "Implemented adding and deleting of credit card functionality. Collaborated with @mong-nus.\n",
            "insertions": 647,
            "deletions": 4
          },
          {
            "hash": "0ecafbcf2bfe930342cbaa5a4dec205dc96ae014",
            "messageTitle": "Fix Codacy checks",
            "messageBody": "",
            "insertions": 11,
            "deletions": 21
          },
          {
            "hash": "3c99cbd682b1afd97e02d11185da54591b9863f6",
            "messageTitle": "Fixed ParaeType fall through",
            "messageBody": "",
            "insertions": 1,
            "deletions": 1
          }
        ]
      },
      {
        "insertions": 219,
        "deletions": 85,
        "date": "2019-10-14",
        "commitResults": [
          {
            "hash": "63091d2503676384d98b01897051c6651c087bd7",
            "messageTitle": "Implemented edit and delete credit card expenditure Resolves #83 Resolves #84",
            "messageBody": "Implemented functions to delete and edit credit card expenditure. Also added credit card limit checking during adding, deleting, and editing of card limit and card expenditures. Collaborated with @mong-nus.\n",
            "insertions": 209,
            "deletions": 74
          },
          {
            "hash": "1798706e01265d0f19ec7401cb577fc507c088c7",
            "messageTitle": "Fixed Codacy and Travis issue",
            "messageBody": "",
            "insertions": 10,
            "deletions": 11
          }
        ]
      },
      {
        "insertions": 128,
        "deletions": 86,
        "date": "2019-10-20",
        "commitResults": [
          {
            "hash": "52940172428863fc9897863fb299d9eac4cec030",
            "messageTitle": "Fixed credit card limit not based on monthly card expenditures. Resolves #104",
            "messageBody": "Previous implementation of credit card limit was only temporary. Re-implemented credit card limit checking based on monthly card expenditures. Collaborated with @mong-nus.\n",
            "insertions": 122,
            "deletions": 71
          },
          {
            "hash": "943fd2da3833b4a1c4d07f997376670bf3a90fce",
            "messageTitle": "Fixed Codacy and Travis issue",
            "messageBody": "",
            "insertions": 3,
            "deletions": 12
          },
          {
            "hash": "7dc50a0a91dbcc8e283e4ea9b23a24961a990b2e",
            "messageTitle": "Fixed Travis checkstyle issue",
            "messageBody": "",
            "insertions": 3,
            "deletions": 3
          }
        ]
      },
      {
        "insertions": 729,
        "deletions": 6,
        "date": "2019-10-27",
        "commitResults": [
          {
            "hash": "2373ed3f487038fae46b2ab0bcc95c2e075a387e",
            "messageTitle": "Implemented Add and Delete credit card bill",
            "messageBody": "",
            "insertions": 729,
            "deletions": 6
          }
        ]
      },
      {
        "insertions": 196,
        "deletions": 35,
        "date": "2019-10-28",
        "commitResults": [
          {
            "hash": "11b79cd20dc8f92e3a06d20ad2aa68781c558c7d",
            "messageTitle": "Added Javadocs and fixed checkstyle",
            "messageBody": "",
            "insertions": 184,
            "deletions": 17
          },
          {
            "hash": "2944910e3a39af5d24658d7a1483e08bd29b9e09",
            "messageTitle": "Fixed Codacy and Travis issues",
            "messageBody": "",
            "insertions": 3,
            "deletions": 13
          },
          {
            "hash": "6cbef762202a3893afec058566ab74830eed261c",
            "messageTitle": "Fixed some Javadocs",
            "messageBody": "",
            "insertions": 4,
            "deletions": 0
          },
          {
            "hash": "0e3e81dcf10df9b3fb49ac05ee15283104ef50ca",
            "messageTitle": "Fixed some Javadocs",
            "messageBody": "",
            "insertions": 5,
            "deletions": 5
          }
        ]
      },
      {
        "insertions": 752,
        "deletions": 60,
        "date": "2019-10-29",
        "commitResults": [
          {
            "hash": "a8716326b777b73e75104d0ace8c47671143fa96",
            "messageTitle": "Implemented JUnit for Card.java Implemented JUnit for methods in Card.java which are used for card expenditures and bills.",
            "messageBody": "",
            "insertions": 702,
            "deletions": 31
          },
          {
            "hash": "93fce07bc4fef8f193b40a8b4fa62443afbef563",
            "messageTitle": "Fixed integer overflow bug for card list. Resolves #99",
            "messageBody": "Fixed integer overflow bug for card list by implementing a 10 card limit.\n",
            "insertions": 5,
            "deletions": 7
          },
          {
            "hash": "c44b549b5eb8101fa18e3d429e11559291a06052",
            "messageTitle": "Fixes bug #143 incorrect error message. Resolves #143",
            "messageBody": "Fixes bug incorrect error message when user list card expenditures with empty card transaction list.\n",
            "insertions": 45,
            "deletions": 22
          }
        ]
      },
      {
        "insertions": 192,
        "deletions": 141,
        "date": "2019-10-31",
        "commitResults": [
          {
            "hash": "9a810531cd95156396f0041b0c1f6b9910b1045d",
            "messageTitle": "Fixes bug #150 and #154 related to card rebates and listing card expenditures Resolves #150 Resolves #154",
            "messageBody": "Fixes bug #150 where credit card does not limit to 20% and credit card rebate was incorrectly calculated.\nFixes bug #154 so that when user list card expenditure, paid and unpaid expenditures are listed.\n",
            "insertions": 162,
            "deletions": 121
          },
          {
            "hash": "a339a1651a711e3cb031e0b93051a26a493a527c",
            "messageTitle": "Fixed checkstyle issue",
            "messageBody": "",
            "insertions": 1,
            "deletions": 1
          },
          {
            "hash": "3414e413acefde550f8efbee06fc9b5d2169c310",
            "messageTitle": "Fixed Codacy issue",
            "messageBody": "",
            "insertions": 6,
            "deletions": 6
          },
          {
            "hash": "263f1d7257a99bb9683641758847f3155453ef15",
            "messageTitle": "Fixed Travis issue",
            "messageBody": "",
            "insertions": 0,
            "deletions": 3
          },
          {
            "hash": "8b96def50a303c3a14dfb6bcebeca44b75f628fc",
            "messageTitle": "Fixed Travis issue",
            "messageBody": "",
            "insertions": 0,
            "deletions": 2
          },
          {
            "hash": "d88009574f47735ec1909980788bac5394d554dc",
            "messageTitle": "Fixes bug #145 /find feature unable to locate card bill and fixes Appveyor JUnit Resolves #145",
            "messageBody": "Fixes big #145 where the /find feature is unable to locate credit card bill expenditure in savings account when filtering by /date. Also resolves Appveyor JUnit issue by using NEWLINE instead of \\n.\n",
            "insertions": 20,
            "deletions": 5
          },
          {
            "hash": "a2a2ffe0586e9462f2fa230e82d7084bd2dcd283",
            "messageTitle": "Fixed AppVeyor newline issue",
            "messageBody": "",
            "insertions": 3,
            "deletions": 3
          }
        ]
      },
      {
        "insertions": 426,
        "deletions": 134,
        "date": "2019-11-02",
        "commitResults": [
          {
            "hash": "131db5d7e0bfbfcfbba24903a64395f873c63c01",
            "messageTitle": "Revamp delete credit card bill feature",
            "messageBody": "Revamp delete credit card bill feature as previous implementation was unintuitive to the user, prone to data corruption, and exploitable by user to increase his money. This new implementation is more intuitive as it no longer requires user to enter savings account expenditure and deposit number as the program will automatically look for the appropriate transactions.\n",
            "insertions": 412,
            "deletions": 111
          },
          {
            "hash": "2431951f1b28fc5ab4edd5c194d2b14bb728fec6",
            "messageTitle": "Fix Gradle checkstyle issue",
            "messageBody": "",
            "insertions": 12,
            "deletions": 12
          },
          {
            "hash": "b7d75392b48dc6fb690f371562fa11afcbc76cb3",
            "messageTitle": "Fixed Codacy issues",
            "messageBody": "",
            "insertions": 2,
            "deletions": 11
          }
        ]
      }
    ],
    "valerietyj": [
      {
        "insertions": 1035,
        "deletions": 186,
        "date": "2019-10-14",
        "commitResults": [
          {
            "hash": "392dd671b44449311f08ef2ab07ebd327329c6c1",
            "messageTitle": "Implement Goals",
            "messageBody": "",
            "insertions": 467,
            "deletions": 1
          },
          {
            "hash": "0668cce84346e3bd20ff8f303d90930f2844e673",
            "messageTitle": "Fixed some bugs with Goals",
            "messageBody": "",
            "insertions": 182,
            "deletions": 101
          },
          {
            "hash": "906e626543c6dd612e78459057cd718bf3f10d86",
            "messageTitle": "Fixed errors when editing goals, fixed bugs, added JavaDoc",
            "messageBody": "",
            "insertions": 363,
            "deletions": 57
          },
          {
            "hash": "20ee39b0020b1372123aee4ad4551d17c32c68bf",
            "messageTitle": "Fixed checkstyle errors,javadoc and bugs",
            "messageBody": "",
            "insertions": 23,
            "deletions": 27
          }
        ]
      },
      {
        "insertions": 293,
        "deletions": 83,
        "date": "2019-10-22",
        "commitResults": [
          {
            "hash": "d74e0af4721057c40a4dc7dd5f5e051fa28b4fe8",
            "messageTitle": "Fixed javadocs, added goals to be able to tie to savings account and allowed user to add or edit goals with /in or /by.",
            "messageBody": "",
            "insertions": 263,
            "deletions": 55
          },
          {
            "hash": "ef2ecc216072c0932245ecd09bea00e211692461",
            "messageTitle": "Fixed Javadocs, and goals bugs",
            "messageBody": "",
            "insertions": 28,
            "deletions": 26
          },
          {
            "hash": "feb7fc1551a972d176481c19d55e4ea9f471be09",
            "messageTitle": "add new line to EOF of GoalsList",
            "messageBody": "",
            "insertions": 1,
            "deletions": 1
          },
          {
            "hash": "d1b9109be431fb87aa497e3ca2291ceb0454f017",
            "messageTitle": "Fixed accidentally changed Bond Header",
            "messageBody": "",
            "insertions": 1,
            "deletions": 1
          }
        ]
      },
      {
        "insertions": 63,
        "deletions": 5,
        "date": "2019-10-25",
        "commitResults": [
          {
            "hash": "e5100d3c7f9a179a884fbb4529381cde712e3408",
            "messageTitle": "Fixed username can be empty on first run and cannot contain special characters",
            "messageBody": "",
            "insertions": 63,
            "deletions": 5
          }
        ]
      },
      {
        "insertions": 239,
        "deletions": 24,
        "date": "2019-10-26",
        "commitResults": [
          {
            "hash": "7527e18ef9a04b205a0421d9edf3d9c26046e0eb",
            "messageTitle": "Allow editing of profile name, fixed javadocs for Goals",
            "messageBody": "",
            "insertions": 226,
            "deletions": 13
          },
          {
            "hash": "5027e006f98979da0b528fd0827e09bf377db500",
            "messageTitle": "Fix javadocs violations",
            "messageBody": "",
            "insertions": 2,
            "deletions": 0
          },
          {
            "hash": "51fa9665517f58d9de5d8f5cb222c153e5eb46af",
            "messageTitle": "Fix all checkname error message from letters to alphanumeric",
            "messageBody": "",
            "insertions": 11,
            "deletions": 11
          }
        ]
      },
      {
        "insertions": 99,
        "deletions": 15,
        "date": "2019-10-28",
        "commitResults": [
          {
            "hash": "88221092ca6320f20d190cfa85e75c343f7b0da8",
            "messageTitle": "Disallow adding goals that are already achieved, limit num of goals that one can add, limit input parameter of /in to 1 - 365",
            "messageBody": "",
            "insertions": 99,
            "deletions": 15
          }
        ]
      },
      {
        "insertions": 504,
        "deletions": 109,
        "date": "2019-10-29",
        "commitResults": [
          {
            "hash": "51caa28f484812fede3474398eb4e30e4f561359",
            "messageTitle": "Included JUnit for Goals class, convert date to number of days for goals.",
            "messageBody": "",
            "insertions": 328,
            "deletions": 27
          },
          {
            "hash": "07b3ffa7a283fd49c77b45e7b1b846c4b49e7897",
            "messageTitle": "Fix codacy errors",
            "messageBody": "",
            "insertions": 0,
            "deletions": 6
          },
          {
            "hash": "ee498551101ddd070851578446b7814d4b75bffc",
            "messageTitle": "remove unused methods in JUnit",
            "messageBody": "",
            "insertions": 0,
            "deletions": 7
          },
          {
            "hash": "cc28a02b3d1814f000925f207e0e3ce4b92eeba4",
            "messageTitle": "fix codacy error",
            "messageBody": "",
            "insertions": 0,
            "deletions": 1
          },
          {
            "hash": "207032af12b290791861ceef838e0faf4b3eab92",
            "messageTitle": "remove unused methods in junit",
            "messageBody": "",
            "insertions": 0,
            "deletions": 6
          },
          {
            "hash": "44f20ec3c72c58acc4510e6059693d5265385052",
            "messageTitle": "Add JUnit for GoalsList, Fix bugs when trying to delete invalid goals, Edit consistency when printing goals.",
            "messageBody": "",
            "insertions": 173,
            "deletions": 3
          },
          {
            "hash": "b59ec59d8ffdeafdca8c0a8e34996e14b3905890",
            "messageTitle": "Fix failing test",
            "messageBody": "",
            "insertions": 2,
            "deletions": 2
          },
          {
            "hash": "763fb11c84062e3a3a1161870a5d8093e8e4478e",
            "messageTitle": "remove failing tests",
            "messageBody": "",
            "insertions": 1,
            "deletions": 57
          }
        ]
      },
      {
        "insertions": 8,
        "deletions": 0,
        "date": "2019-10-31",
        "commitResults": [
          {
            "hash": "4204e2f03408cf2879ffe13dfda1f19995fcdc22",
            "messageTitle": "Documented PPP, add tags and edit goals section of User Guide, add tags in Developer Guide for access in PPP",
            "messageBody": "",
            "insertions": 8,
            "deletions": 0
          }
        ]
      },
      {
        "insertions": 69,
        "deletions": 0,
        "date": "2019-11-03",
        "commitResults": [
          {
            "hash": "c2416e23e80198f81f1c31f46250498849b0fc8c",
            "messageTitle": "Add more unit testing",
            "messageBody": "",
            "insertions": 69,
            "deletions": 0
          }
        ]
      },
      {
        "insertions": 644,
        "deletions": 183,
        "date": "2019-11-05",
        "commitResults": [
          {
            "hash": "08eda4fb9c1a7c86285061efead508eaa69f0dee",
            "messageTitle": "Added achievements when goal completed before goals deadline, added mark done feature for un-tracked goals, check when user gives same input during edits, amended user guide.",
            "messageBody": "",
            "insertions": 326,
            "deletions": 78
          },
          {
            "hash": "05b2d3f439f6d79d629d8802df73968f8bade308",
            "messageTitle": "Fixed checkstyle errors, added javadocs for achievements",
            "messageBody": "",
            "insertions": 96,
            "deletions": 21
          },
          {
            "hash": "e4ea07979f2d742f3d78ff7e23ba3ea7f1755215",
            "messageTitle": "\"Fix codacy issue\"",
            "messageBody": "",
            "insertions": 5,
            "deletions": 7
          },
          {
            "hash": "439a8355f993aa05c1c535d3e42d9e8a7364ceab",
            "messageTitle": "Fix failing test cases",
            "messageBody": "",
            "insertions": 2,
            "deletions": 2
          },
          {
            "hash": "369093022db8f37bb9fb255b0bbd846d44a5a809",
            "messageTitle": "Remove failing test case",
            "messageBody": "",
            "insertions": 0,
            "deletions": 58
          },
          {
            "hash": "c44208b31cb355d3ff6f04d52e3ec469033335cc",
            "messageTitle": "Fix \\n issue in test case, updated user guide",
            "messageBody": "",
            "insertions": 59,
            "deletions": 1
          },
          {
            "hash": "47796ac6a8deebca8f379809c7a08d8a0adfe814",
            "messageTitle": "Further amended User Guide, Disallow editing of goals when goals are achieved.",
            "messageBody": "",
            "insertions": 4,
            "deletions": 0
          },
          {
            "hash": "78b12685cf1d9611849b91819b41f7ed32119c9b",
            "messageTitle": "Add reminder for goals due in 10 days.",
            "messageBody": "",
            "insertions": 30,
            "deletions": 7
          },
          {
            "hash": "5d103b51b3085acc41ce765f66147dc480373de6",
            "messageTitle": "Implement storage for Achievements",
            "messageBody": "",
            "insertions": 121,
            "deletions": 8
          },
          {
            "hash": "834d8a5e7d45123dea2a551e082b669cbd54e611",
            "messageTitle": "Fix reminder bugs",
            "messageBody": "",
            "insertions": 1,
            "deletions": 1
          }
        ]
      },
      {
        "insertions": 26,
        "deletions": 53,
        "date": "2019-11-06",
        "commitResults": [
          {
            "hash": "7edbc3307f69eff76ed5af93c2e24eab96ac67e9",
            "messageTitle": "Implemented untying of goals when linked to bank acc",
            "messageBody": "",
            "insertions": 18,
            "deletions": 45
          },
          {
            "hash": "f175b67aa67ddeeb4e2aed68bb61f3bc0bd3fde4",
            "messageTitle": "Update user guide and fix checkstyle",
            "messageBody": "",
            "insertions": 6,
            "deletions": 2
          },
          {
            "hash": "23ac8de1a6af7a2c41ab83104825e5c4ea5ac894",
            "messageTitle": "Fix codacy error",
            "messageBody": "",
            "insertions": 1,
            "deletions": 2
          },
          {
            "hash": "3bee0ba023a7c1313a7a7d1984bdcb5eddb1547b",
            "messageTitle": "Fix codacy error",
            "messageBody": "",
            "insertions": 1,
            "deletions": 4
          }
        ]
      }
    ],
    "shamussy": [
      {
        "insertions": 130,
        "deletions": 132,
        "date": "2019-09-21",
        "commitResults": [
          {
            "hash": "03cf7f22f8a9ab4b8d418b8e226851cf17552e7c",
            "messageTitle": "Initial commit to change package structure towards v1.1 direction",
            "messageBody": "",
            "insertions": 130,
            "deletions": 132
          }
        ]
      },
      {
        "insertions": 155,
        "deletions": 145,
        "date": "2019-09-27",
        "commitResults": [
          {
            "hash": "5573a9166822556ae9b98392c92751c8bc133d40",
            "messageTitle": "Update initial phase for OwlMoney baseline with basic parsing",
            "messageBody": "This commit is ready for further development with regards to parsing raw\ndata\n",
            "insertions": 155,
            "deletions": 145
          }
        ]
      },
      {
        "insertions": 85,
        "deletions": 1827,
        "date": "2019-10-05",
        "commitResults": [
          {
            "hash": "60e1981a611b037018364a08ebe6a90ff89ba5dd",
            "messageTitle": "Replace old duke related code with new OwlMoney functions",
            "messageBody": "",
            "insertions": 40,
            "deletions": 1801
          },
          {
            "hash": "fcc6c0d262f3a9f3c0795318ece81a78e87edf30",
            "messageTitle": "Fix bugs with invalid commands and /newname parsing",
            "messageBody": "",
            "insertions": 45,
            "deletions": 26
          }
        ]
      },
      {
        "insertions": 417,
        "deletions": 71,
        "date": "2019-10-06",
        "commitResults": [
          {
            "hash": "112ede85663a29373c5ab5df765be0a9b086ba38",
            "messageTitle": "Add javadocs for model and general parsing logic",
            "messageBody": "",
            "insertions": 396,
            "deletions": 55
          },
          {
            "hash": "55536b5b1925d6e1a1880a19874100b3a6e3538c",
            "messageTitle": "Minor checkstyle bugfixes",
            "messageBody": "",
            "insertions": 21,
            "deletions": 16
          }
        ]
      },
      {
        "insertions": 298,
        "deletions": 18,
        "date": "2019-10-08",
        "commitResults": [
          {
            "hash": "ecf3f283caba29e8f43d14cc10fc08d89d66c9ba",
            "messageTitle": "Add basic regex check for base features",
            "messageBody": "",
            "insertions": 111,
            "deletions": 2
          },
          {
            "hash": "b348b37a7bc0d9d4c7c58a8e8279758f7c25bf19",
            "messageTitle": "Fix bugs to fulfill codacy",
            "messageBody": "",
            "insertions": 16,
            "deletions": 16
          },
          {
            "hash": "d250d2951aaabba6dd6285b516a093e2c7413462",
            "messageTitle": "Add regexDateFormat to check for date format",
            "messageBody": "",
            "insertions": 12,
            "deletions": 0
          },
          {
            "hash": "670fb99caf3e294436962ac408ed67321a815abf",
            "messageTitle": "Add basic investment and bonds",
            "messageBody": "",
            "insertions": 159,
            "deletions": 0
          }
        ]
      },
      {
        "insertions": 721,
        "deletions": 284,
        "date": "2019-10-12",
        "commitResults": [
          {
            "hash": "aeaed89e0541a42b97d6c463e9e2f861447ae22a",
            "messageTitle": "Add investment account",
            "messageBody": "",
            "insertions": 293,
            "deletions": 75
          },
          {
            "hash": "0a4ee3bc1b3659e9110c0c19ffdbd4d72afccb91",
            "messageTitle": "Add features for edit investment account details",
            "messageBody": "",
            "insertions": 86,
            "deletions": 6
          },
          {
            "hash": "0f01c83d9189ac36f37418e0c650f3e2cb787b78",
            "messageTitle": "Add edit investment account features",
            "messageBody": "",
            "insertions": 141,
            "deletions": 6
          },
          {
            "hash": "abbc8d61afc9b55154ebe13dca08719783ea737d",
            "messageTitle": "Add javadocs for investment and fix minor syntax and content for javadocs of savings",
            "messageBody": "",
            "insertions": 201,
            "deletions": 197
          }
        ]
      },
      {
        "insertions": 1325,
        "deletions": 1097,
        "date": "2019-10-13",
        "commitResults": [
          {
            "hash": "f134d0b455a37fef7b3b88fe189e6dd13b4d3136",
            "messageTitle": "Fix logic issue with deletion of accounts",
            "messageBody": "Fix issue of not being able to delete investmentaccount if it is the\nonly account.\nFix rogue deletion of accounts where a user can delete an investment\naccount by specifying to delete savings account.\n",
            "insertions": 271,
            "deletions": 193
          },
          {
            "hash": "beeeaa2ac3629b37b05764df4f68231414ab1626",
            "messageTitle": "Add list investment account features",
            "messageBody": "",
            "insertions": 229,
            "deletions": 203
          },
          {
            "hash": "722e99458f6d10c84de74f14609b9d12e31318db",
            "messageTitle": "Fix minor indentation issues with bankList",
            "messageBody": "",
            "insertions": 22,
            "deletions": 20
          },
          {
            "hash": "9cda45e8a7a826d70a4d8e600705f0de532bb630",
            "messageTitle": "Add base code for bond to facilitate development of bonds",
            "messageBody": "",
            "insertions": 31,
            "deletions": 2
          },
          {
            "hash": "a1dac40b66634b3a47189c58189e299d082dc38b",
            "messageTitle": "Fix minor checkstyle issues with  javadocs and indentation",
            "messageBody": "",
            "insertions": 17,
            "deletions": 7
          },
          {
            "hash": "b39ed199d7ee3636319874e1daf1e4ea67dfbf5a",
            "messageTitle": "Remove old test files to facilitate addition of new junit tests",
            "messageBody": "",
            "insertions": 0,
            "deletions": 431
          },
          {
            "hash": "d13f557102d7db13a7c7863dd73efe09d96a1e4b",
            "messageTitle": "Fix add bond feature",
            "messageBody": "",
            "insertions": 743,
            "deletions": 225
          },
          {
            "hash": "395821ab965fad942c88f49362b7bb2eb58fdf6f",
            "messageTitle": "Fix checkstyle issues",
            "messageBody": "",
            "insertions": 10,
            "deletions": 13
          },
          {
            "hash": "833504f3eb949ecec85cf200099213525d7c5a11",
            "messageTitle": "Fix unused ui in banklist",
            "messageBody": "",
            "insertions": 2,
            "deletions": 3
          }
        ]
      },
      {
        "insertions": 1101,
        "deletions": 271,
        "date": "2019-10-14",
        "commitResults": [
          {
            "hash": "daada3b72ce01dc1aefa42106cad96a1cecf2eb7",
            "messageTitle": "Add edit and deletion of bonds features",
            "messageBody": "",
            "insertions": 764,
            "deletions": 63
          },
          {
            "hash": "71202d95ee5fc322ba830e83cab191cbcd4f2ab7",
            "messageTitle": "Fix javadocs and highlighted errors in card sections of javadocs. Standardised name convention",
            "messageBody": "",
            "insertions": 316,
            "deletions": 201
          },
          {
            "hash": "953ac5f99c6c3645ab0c9c328cd073e60c69b859",
            "messageTitle": "Fix checkstyle issues and try openjdk11 in travis",
            "messageBody": "",
            "insertions": 7,
            "deletions": 6
          },
          {
            "hash": "203fe60df5b0d8e2f396eed8203beea16371e8ea",
            "messageTitle": "Fix minor Javadoc aesthetic issues",
            "messageBody": "",
            "insertions": 14,
            "deletions": 1
          }
        ]
      },
      {
        "insertions": 95,
        "deletions": 44,
        "date": "2019-10-19",
        "commitResults": [
          {
            "hash": "4768962efe2d7448f0f497f77421d967e8b6538b",
            "messageTitle": "Fix line break issues with multiple files and remove irrelevant tutorials and old text-ui-test",
            "messageBody": "",
            "insertions": 3,
            "deletions": 3
          },
          {
            "hash": "9d3fc24e32eed1bc1cf8bc7af2f0065a0efc57a1",
            "messageTitle": "Add line breaks for bond and transaction at end of file",
            "messageBody": "",
            "insertions": 2,
            "deletions": 2
          },
          {
            "hash": "0668349de2dc23ca5b8af77c899e4ff8752fee7f",
            "messageTitle": "update build.gradle to support asciidoctor",
            "messageBody": "",
            "insertions": 53,
            "deletions": 0
          },
          {
            "hash": "b66dfcd5dc5c1bc418c39284a5e84bcb9a270d32",
            "messageTitle": "Add more configurations to fix travis and asciidoctor",
            "messageBody": "",
            "insertions": 4,
            "deletions": 26
          },
          {
            "hash": "5d895c7f932b416a3df22f5475cbf81651a970ea",
            "messageTitle": "Change travis back to oraclejdk11",
            "messageBody": "",
            "insertions": 1,
            "deletions": 1
          },
          {
            "hash": "8784768605ed50ed07dff331d42627233385c61c",
            "messageTitle": "Add build.gradle to support stylesheet copying",
            "messageBody": "",
            "insertions": 20,
            "deletions": 0
          },
          {
            "hash": "e16aec5c7aa5ae1ae841a2cacfcea84e046014a6",
            "messageTitle": "Fix gradle for stylesheet issues",
            "messageBody": "",
            "insertions": 9,
            "deletions": 8
          },
          {
            "hash": "530135975d19a8aab8b7bdb587231eda129135c6",
            "messageTitle": "Add newline to build.gradle",
            "messageBody": "",
            "insertions": 1,
            "deletions": 1
          },
          {
            "hash": "12979897f6d216feaeb694c8d2ba8003d3b9d4be",
            "messageTitle": "Update repo url for travis",
            "messageBody": "",
            "insertions": 2,
            "deletions": 3
          }
        ]
      },
      {
        "insertions": 288,
        "deletions": 1,
        "date": "2019-10-20",
        "commitResults": [
          {
            "hash": "9ed1dcbe17ff56f923051b63d95b40197b495fbb",
            "messageTitle": "Add bondstubs and junit tests for bonds and bondstubs",
            "messageBody": "",
            "insertions": 288,
            "deletions": 1
          }
        ]
      },
      {
        "insertions": 634,
        "deletions": 104,
        "date": "2019-10-21",
        "commitResults": [
          {
            "hash": "9abf57ab183011fcd705d9810cd44e4b5d74d6bf",
            "messageTitle": "Add junit for bondlist",
            "messageBody": "",
            "insertions": 525,
            "deletions": 2
          },
          {
            "hash": "fa6348775f62cf9d4c381877384e3a50e8b30695",
            "messageTitle": "Fix checkstyle issue and trial jacoco and coveralls using gradle",
            "messageBody": "",
            "insertions": 31,
            "deletions": 16
          },
          {
            "hash": "6b98e20d48d5844f25d3880b86d3e8f0f5eb2082",
            "messageTitle": "Enforce checkstyle on junit test scripts and make travis run coverage",
            "messageBody": "",
            "insertions": 23,
            "deletions": 26
          },
          {
            "hash": "33b05f0d10e6d760cb58179ad1131503583a1fb0",
            "messageTitle": "Add config for travis and gradle for coverage",
            "messageBody": "",
            "insertions": 12,
            "deletions": 18
          },
          {
            "hash": "f56b53d58e9251b6418dccff60f1f8154cc4759b",
            "messageTitle": "Test travis for coverage",
            "messageBody": "",
            "insertions": 30,
            "deletions": 12
          },
          {
            "hash": "2bddf501358286cae1fa2e27118aea91b6a7f904",
            "messageTitle": "Add newline at end of build.gradle",
            "messageBody": "",
            "insertions": 1,
            "deletions": 1
          },
          {
            "hash": "72f40e30c5663f96b1d841291efc5dfe5a6694a9",
            "messageTitle": "Test build.gradle config",
            "messageBody": "",
            "insertions": 3,
            "deletions": 3
          },
          {
            "hash": "ae9811e2962d6fc61030afb9153f2d42eec6d477",
            "messageTitle": "Update travis config for coverage",
            "messageBody": "",
            "insertions": 5,
            "deletions": 26
          },
          {
            "hash": "cc3c5e60b32210d6cf3974d9f2e1bf221904adc8",
            "messageTitle": "config travis for coveralls",
            "messageBody": "",
            "insertions": 4,
            "deletions": 0
          }
        ]
      },
      {
        "insertions": 941,
        "deletions": 598,
        "date": "2019-10-22",
        "commitResults": [
          {
            "hash": "863e349f2a168867d67d0d1a6e14ac7c34dc12bc",
            "messageTitle": "Config travis for coveralls",
            "messageBody": "",
            "insertions": 1,
            "deletions": 1
          },
          {
            "hash": "4355ed4f91e96aea464b3fa63864aa96ea3b2eb0",
            "messageTitle": "Fix inconsistencies with bonds and bond for category",
            "messageBody": "",
            "insertions": 125,
            "deletions": 27
          },
          {
            "hash": "0c0be6f0dfbe0c019d2a3943391da4c2a48fcc68",
            "messageTitle": "Fix issue with transactionlist not in sync with bonds category",
            "messageBody": "",
            "insertions": 1,
            "deletions": 1
          },
          {
            "hash": "840dc763687eddbd126e957683296ff3174cd481",
            "messageTitle": "Fix issue with breakline of checkstyle",
            "messageBody": "",
            "insertions": 52,
            "deletions": 52
          },
          {
            "hash": "549578baf87b2c163ec47c24f3323b257d6d54dc",
            "messageTitle": "Fix more issues with checkstyle of newline",
            "messageBody": "",
            "insertions": 6,
            "deletions": 6
          },
          {
            "hash": "50cadb8e8783fa7ae0f1a0ced540e641f5646e54",
            "messageTitle": "Fix windows \\r\\n compatibility",
            "messageBody": "",
            "insertions": 1,
            "deletions": 417
          },
          {
            "hash": "26c8ff9acdcff2c3517db89f6d2d73af55d4dbae",
            "messageTitle": "Fix windows \\r\\n issue",
            "messageBody": "",
            "insertions": 417,
            "deletions": 1
          },
          {
            "hash": "2e6017e8348d673ea741b570b963068cbc2637ba",
            "messageTitle": "Make newline platform independent",
            "messageBody": "",
            "insertions": 26,
            "deletions": 26
          },
          {
            "hash": "c4fbeb72fcc6fa893a4bdb6f938891f3967d5945",
            "messageTitle": "Seperate constant seperator",
            "messageBody": "",
            "insertions": 1,
            "deletions": 0
          },
          {
            "hash": "a438a71a1ea038358dc81a2c5d17238ae0658fd9",
            "messageTitle": "Add investment junit",
            "messageBody": "",
            "insertions": 295,
            "deletions": 22
          },
          {
            "hash": "63e1ccdffbebf76626f153757cc86d088ab016ab",
            "messageTitle": "Fix multiple issues with javadocs and unwanted newlines",
            "messageBody": "",
            "insertions": 14,
            "deletions": 25
          },
          {
            "hash": "65ce35d41418d358e73e44eb9b0851be08e6d3ab",
            "messageTitle": "Fix missing ending periods in javadocs",
            "messageBody": "",
            "insertions": 2,
            "deletions": 2
          },
          {
            "hash": "f44c5d7d5caf6dec7cff59854bc4fbe65f086e32",
            "messageTitle": "Remove unused junit variables",
            "messageBody": "",
            "insertions": 0,
            "deletions": 15
          },
          {
            "hash": "f09c72230e7ff9d1126b87271dc853bd97c5b2f6",
            "messageTitle": "Remove more unused ui objects in bondlisttest",
            "messageBody": "",
            "insertions": 0,
            "deletions": 3
          }
        ]
      },
      {
        "insertions": 26,
        "deletions": 1,
        "date": "2019-10-24",
        "commitResults": [
          {
            "hash": "0c6e3d0d72a678f54ce63e4773253f42bfe98b5b",
            "messageTitle": "Update gradle to support jar exporting and tests, added appveyor configs, update DG for gradle tests",
            "messageBody": "",
            "insertions": 26,
            "deletions": 1
          }
        ]
      },
      {
        "insertions": 286,
        "deletions": 63,
        "date": "2019-10-25",
        "commitResults": [
          {
            "hash": "95bacfd1f63eb4d001a910278d784a299bbd73d6",
            "messageTitle": "Add functionality to make bonds auto credit interest",
            "messageBody": "Makes use of recurring features\n\nResolves: #57\n",
            "insertions": 284,
            "deletions": 23
          },
          {
            "hash": "f7da3f3e4caeba586a440172ceb9224bfe451c7d",
            "messageTitle": "Fix codacy issues with brackets and spaces",
            "messageBody": "",
            "insertions": 2,
            "deletions": 2
          },
          {
            "hash": "16c484afd7a276ec4afcd1e283f70480ea785cb1",
            "messageTitle": "Update bondlistStub to remove unused methods",
            "messageBody": "",
            "insertions": 0,
            "deletions": 38
          }
        ]
      },
      {
        "insertions": 2,
        "deletions": 0,
        "date": "2019-10-26",
        "commitResults": [
          {
            "hash": "de43338efcdf42e679066d3639ef908566b2d033",
            "messageTitle": "Add gson to gradle",
            "messageBody": "",
            "insertions": 2,
            "deletions": 0
          }
        ]
      },
      {
        "insertions": 1160,
        "deletions": 147,
        "date": "2019-10-27",
        "commitResults": [
          {
            "hash": "bdf06654c9b51e377f4386dc578219b8b79f4de9",
            "messageTitle": "Add functionality for persistent storage for editing of username, savings, investment accounts and investment bonds",
            "messageBody": "",
            "insertions": 1083,
            "deletions": 75
          },
          {
            "hash": "aa2eb0d000f7002bd4e2aa9cd26cc479fac04239",
            "messageTitle": "Fix checkstyle issues",
            "messageBody": "",
            "insertions": 68,
            "deletions": 66
          },
          {
            "hash": "2e76967182918cbf23d4e38f596dbbc086fbff6e",
            "messageTitle": "Fix minor unused variables",
            "messageBody": "",
            "insertions": 9,
            "deletions": 6
          }
        ]
      },
      {
        "insertions": 152,
        "deletions": 23,
        "date": "2019-10-28",
        "commitResults": [
          {
            "hash": "60c3d52d19ca770748d709f26cbbbde69a18a74a",
            "messageTitle": "Add persistent storage for goals, transfer functions.",
            "messageBody": "",
            "insertions": 149,
            "deletions": 20
          },
          {
            "hash": "64f8ab1e6b09418953efdaeffa890008d4d50a1f",
            "messageTitle": "Shift storing of goals code chunk down to end of method in goallist",
            "messageBody": "",
            "insertions": 3,
            "deletions": 3
          }
        ]
      },
      {
        "insertions": 119,
        "deletions": 52,
        "date": "2019-10-29",
        "commitResults": [
          {
            "hash": "d12468cd01a06b6ab575f5905cf83021a805b6a0",
            "messageTitle": "Fix minor bug in duplicated deposits  in bonds and UG syntax mismatch",
            "messageBody": "",
            "insertions": 0,
            "deletions": 3
          },
          {
            "hash": "04f47275a109628407986699c33abb75cbd37f59",
            "messageTitle": "Fix logic error with bond interest as well as FAQ in UG",
            "messageBody": "",
            "insertions": 6,
            "deletions": 2
          },
          {
            "hash": "8b4824efcc5f57e6eda8c5d72dfef20461ab5510",
            "messageTitle": "Fix banklist throwing error when bonds does not exist.",
            "messageBody": "",
            "insertions": 1,
            "deletions": 0
          },
          {
            "hash": "bd481163777295fbd703c71989d7dca244d37146",
            "messageTitle": "Update profile to have more elaborate error codes.",
            "messageBody": "",
            "insertions": 4,
            "deletions": 1
          },
          {
            "hash": "22a3bee1a2173db4afb6d7abf33fbdb0bbf82d46",
            "messageTitle": "Add startup logo",
            "messageBody": "",
            "insertions": 25,
            "deletions": 1
          },
          {
            "hash": "535ec9971d70e9bf54ddf312b229b1ced8448228",
            "messageTitle": "Update UG DG to reflect latest images",
            "messageBody": "",
            "insertions": 28,
            "deletions": 27
          },
          {
            "hash": "a9e3985d9d9b5d6802203e5408b95dc02f910030",
            "messageTitle": "Urgent fixes to storage on jar files",
            "messageBody": "",
            "insertions": 46,
            "deletions": 9
          },
          {
            "hash": "770bd6ba831c3b60aea69d06c964218c4b760d70",
            "messageTitle": "Update UG Photo",
            "messageBody": "",
            "insertions": 3,
            "deletions": 3
          },
          {
            "hash": "c8116f740be44cacffdb651610f00fd29a9f4284",
            "messageTitle": "Update failing goals test case",
            "messageBody": "",
            "insertions": 4,
            "deletions": 4
          },
          {
            "hash": "5177170cb8fae4dd75974b57843adfc965b391b9",
            "messageTitle": "Fix string comparison order",
            "messageBody": "",
            "insertions": 2,
            "deletions": 2
          }
        ]
      },
      {
        "insertions": 124,
        "deletions": 104,
        "date": "2019-10-30",
        "commitResults": [
          {
            "hash": "4309a108647f0a6608afe0a62c47bd5177248d5c",
            "messageTitle": "Fix storage directory not uploaded",
            "messageBody": "",
            "insertions": 86,
            "deletions": 84
          },
          {
            "hash": "cb80510a0a0408c68ac3ab0099f6a3524682a183",
            "messageTitle": "Update spacing issues",
            "messageBody": "",
            "insertions": 21,
            "deletions": 10
          },
          {
            "hash": "3f741dcf86b6704035a346e7a1ddf9746a8eb9ba",
            "messageTitle": "Add javadocs for missing statements",
            "messageBody": "",
            "insertions": 17,
            "deletions": 10
          }
        ]
      },
      {
        "insertions": 4,
        "deletions": 0,
        "date": "2019-10-31",
        "commitResults": [
          {
            "hash": "d53e12ab18751c8653a897135e8dfd994924bc58",
            "messageTitle": "Update bond test so fit 30th",
            "messageBody": "",
            "insertions": 4,
            "deletions": 0
          }
        ]
      },
      {
        "insertions": 102,
        "deletions": 33,
        "date": "2019-11-02",
        "commitResults": [
          {
            "hash": "64e863c34cda0b52e6075f11f68a8a48808f77c8",
            "messageTitle": "Add nextIncomeDate imports for savings",
            "messageBody": "",
            "insertions": 61,
            "deletions": 7
          },
          {
            "hash": "57bc54c0af6a1a46d47b281f27b748bcacc2df97",
            "messageTitle": "Fixes #191 and #183",
            "messageBody": "Also fixes bug where nextinetrestdate and nextincomedate are not imported\n",
            "insertions": 20,
            "deletions": 8
          },
          {
            "hash": "dc6c8b19eb87025999aa3c3e6c2d7d2427344eee",
            "messageTitle": "Fix syntax issues with checkstyle",
            "messageBody": "",
            "insertions": 14,
            "deletions": 5
          },
          {
            "hash": "a0c0115fc8d65c52d97856e9860ca67ba56c1020",
            "messageTitle": "Fix checkstyle issues",
            "messageBody": "",
            "insertions": 2,
            "deletions": 1
          },
          {
            "hash": "3143953922d1169ea8353b9be1e8057fb1a7d7d5",
            "messageTitle": "Fix minor vague javadocs and remove unused code",
            "messageBody": "",
            "insertions": 2,
            "deletions": 8
          },
          {
            "hash": "13b4540a40d461ab4bee13edf870061d313cb125",
            "messageTitle": "Fix typo in error message. Resolves #180 Even though that was not the issue the tester was talking about.",
            "messageBody": "",
            "insertions": 1,
            "deletions": 1
          },
          {
            "hash": "f385edbd5fca8a6c651ffd6f595bea56775e3b22",
            "messageTitle": "Fix corresponding junit",
            "messageBody": "",
            "insertions": 2,
            "deletions": 3
          }
        ]
      },
      {
        "insertions": 476,
        "deletions": 49,
        "date": "2019-11-03",
        "commitResults": [
          {
            "hash": "4863d254f34b866a01c874610b18130fbaaf7629",
            "messageTitle": "Add prelimary functions of persistent storage of cards",
            "messageBody": "",
            "insertions": 129,
            "deletions": 8
          },
          {
            "hash": "d39233021536e95f3ad9a324c6e4fb574e2f245a",
            "messageTitle": "Fix travis issues",
            "messageBody": "",
            "insertions": 8,
            "deletions": 4
          },
          {
            "hash": "6bb803fd732341eea7aa0dc16ba29e19c26e0270",
            "messageTitle": "Test fix storage affecting junit",
            "messageBody": "",
            "insertions": 12,
            "deletions": 0
          },
          {
            "hash": "76a5f787bd92be3c6e54813859df9147bf2bb9f4",
            "messageTitle": "Add finishing features for importing of card transactions",
            "messageBody": "",
            "insertions": 306,
            "deletions": 16
          },
          {
            "hash": "693e11287a87a7209f3e832f9a6ed3942850a27a",
            "messageTitle": "Fix checkstyle issues",
            "messageBody": "",
            "insertions": 19,
            "deletions": 19
          },
          {
            "hash": "a33000e75aa9869736868a58b923f9a934b708c1",
            "messageTitle": "Fix minor checkstyle issues",
            "messageBody": "",
            "insertions": 2,
            "deletions": 2
          }
        ]
      },
      {
        "insertions": 2,
        "deletions": 2,
        "date": "2019-11-05",
        "commitResults": [
          {
            "hash": "2f9285ce7f2cd881838a3c74d8741709fec340ae",
            "messageTitle": "Fix minor storage checking bug in profile",
            "messageBody": "",
            "insertions": 2,
            "deletions": 2
          }
        ]
      }
    ]
  },
  "authorFinalContributionMap": {
    "mong-nus": 4086,
    "BrianTKM": 5964,
    "TerenceTanWT": 2695,
    "valerietyj": 2328,
    "shamussy": 6086
  },
  "authorFileTypeContributionMap": {
    "mong-nus": {
      "tests": 1476,
      "functional": 2610
    },
    "BrianTKM": {
      "tests": 1441,
      "functional": 4523
    },
    "TerenceTanWT": {
      "tests": 651,
      "functional": 2044
    },
    "valerietyj": {
      "tests": 497,
      "functional": 1831
    },
    "shamussy": {
      "tests": 1210,
      "functional": 4766,
      "other": 110
    }
  },
  "authorContributionVariance": {
    "mong-nus": 108980.98,
    "BrianTKM": 266394.03,
    "TerenceTanWT": 41956.29,
    "valerietyj": 53365.38,
    "shamussy": 301377.66
  },
  "authorDisplayNameMap": {
    "mong-nus": "CS2113T-W17-3 MON  . . WEI",
    "BrianTKM": "CS2113T-W17-3 TAN  . . IAN",
    "TerenceTanWT": "CS2113T-W17-3 TAN  . . NCE",
    "valerietyj": "CS2113T-W17-3 VAL  . . JIA",
    "shamussy": "CS2113T-W17-3 SHA  . . KAI"
  }
}
