{
  "authorDailyContributionsMap": {
    "E0310898": [
      {
        "insertions": 578,
        "deletions": 168,
        "date": "2019-10-10",
        "commitResults": [
          {
            "hash": "5fec7d339391567e5296275fa68a9ff17d52f211",
            "messageTitle": "Done the very first version of GUI for Duke",
            "messageBody": "",
            "insertions": 487,
            "deletions": 91
          },
          {
            "hash": "6f595ce3dfa187b038a183d5de39c6e331f6de8b",
            "messageTitle": "Made first edition of GUI with bug fixes to Today\u0027s Task rendering",
            "messageBody": "",
            "insertions": 13,
            "deletions": 17
          },
          {
            "hash": "8420cb6ba4ea99067400fe0b8ac90ede08aa0a71",
            "messageTitle": "Added the Organization logo to the GUI",
            "messageBody": "",
            "insertions": 2,
            "deletions": 0
          },
          {
            "hash": "466b6801fac2a9866feda62e2749625a434c6f53",
            "messageTitle": "Cleared up issues with checkstyle",
            "messageBody": "",
            "insertions": 76,
            "deletions": 60
          }
        ]
      },
      {
        "insertions": 174,
        "deletions": 66,
        "date": "2019-10-16",
        "commitResults": [
          {
            "hash": "0d1f6b3518333bbe0817c6ef16fe95c731f16758",
            "messageTitle": "Completed a fully working version of GUI",
            "messageBody": "",
            "insertions": 61,
            "deletions": 33
          },
          {
            "hash": "7d1853cfd6c7881ad56cd30db2c51bc039882fc3",
            "messageTitle": "Added a Location feature which can be added to tasks!",
            "messageBody": "",
            "insertions": 79,
            "deletions": 6
          },
          {
            "hash": "c1d45aa6b6d068c9077449b920a6c7c05d8d7701",
            "messageTitle": "minor touch up on GUI, added location command",
            "messageBody": "",
            "insertions": 34,
            "deletions": 27
          }
        ]
      },
      {
        "insertions": 135,
        "deletions": 71,
        "date": "2019-10-21",
        "commitResults": [
          {
            "hash": "9da8fc1e777ac1b7ee3431e764eb25de5eea1f7d",
            "messageTitle": "Cleaned up GUI code and fixed errors regrading view schedule, todo tasks with dates",
            "messageBody": "",
            "insertions": 45,
            "deletions": 51
          },
          {
            "hash": "ab7e63c0230187df915d6236aead8f59b9ed02f4",
            "messageTitle": "minor touch up",
            "messageBody": "",
            "insertions": 21,
            "deletions": 4
          },
          {
            "hash": "c8e66ff9d8eb0f0ec1024b53474d25a5b2e16256",
            "messageTitle": "first edition of timeline done, only displaying sunday",
            "messageBody": "",
            "insertions": 69,
            "deletions": 16
          }
        ]
      },
      {
        "insertions": 157,
        "deletions": 41,
        "date": "2019-10-22",
        "commitResults": [
          {
            "hash": "206655fd239e27b33e5fcae169afd98fa0c8d62b",
            "messageTitle": "Completed timeline with all days and tasks dyncamically updated; also did a description only extraction function",
            "messageBody": "",
            "insertions": 157,
            "deletions": 41
          }
        ]
      },
      {
        "insertions": 440,
        "deletions": 405,
        "date": "2019-10-23",
        "commitResults": [
          {
            "hash": "803fb14f32fca379cbad2dfd9f2ad1a707cc34ae",
            "messageTitle": "Completed GUI edition 1.",
            "messageBody": "",
            "insertions": 159,
            "deletions": 144
          },
          {
            "hash": "c7d6b3411659b04510b373ffdfa314a6f40c7b86",
            "messageTitle": "Updated GUI from some trial users feedback. Fixed issues from the comments 1/2 of commands",
            "messageBody": "",
            "insertions": 78,
            "deletions": 94
          },
          {
            "hash": "e8e3d7fae3556ab4a97f9d8dc1a629bff0c320aa",
            "messageTitle": "Edited all command class Javadocs to adhere to requirements.",
            "messageBody": "",
            "insertions": 198,
            "deletions": 151
          },
          {
            "hash": "3c27829babd4268fd299544208382653ea47a53a",
            "messageTitle": "removed redundant imports.",
            "messageBody": "",
            "insertions": 0,
            "deletions": 12
          },
          {
            "hash": "790bc314bd27dffcf7a12daecd3fb716f7b3eb70",
            "messageTitle": "Fixed checkStyle issues.",
            "messageBody": "",
            "insertions": 5,
            "deletions": 4
          }
        ]
      },
      {
        "insertions": 29,
        "deletions": 53,
        "date": "2019-10-25",
        "commitResults": [
          {
            "hash": "ae34081926b85ded2e1a9df1cfe0b039350df03b",
            "messageTitle": "simpliefied MainWindow code and updated our build.gradle",
            "messageBody": "",
            "insertions": 29,
            "deletions": 53
          }
        ]
      },
      {
        "insertions": 1261,
        "deletions": 900,
        "date": "2019-10-27",
        "commitResults": [
          {
            "hash": "64be109969090e81ac783dd65012d861c282f93a",
            "messageTitle": "Refactored, organized and cleaned up a lot of the code.",
            "messageBody": "",
            "insertions": 1261,
            "deletions": 900
          }
        ]
      },
      {
        "insertions": 332,
        "deletions": 433,
        "date": "2019-10-28",
        "commitResults": [
          {
            "hash": "e15107e2ef113b14de2812eb4e3b207dc91f4c10",
            "messageTitle": "Live updates for the days are up.",
            "messageBody": "",
            "insertions": 74,
            "deletions": 33
          },
          {
            "hash": "fd810d5d5ea337b974ff30b3f0b6cea45b40b3a0",
            "messageTitle": "updated the chatbot images",
            "messageBody": "",
            "insertions": 9,
            "deletions": 10
          },
          {
            "hash": "ed6f4a4df14ea9f1c88fb5f8824c67d359f38f06",
            "messageTitle": "updated aspects of tasklist to update windows of timeline correctly",
            "messageBody": "",
            "insertions": 0,
            "deletions": 2
          },
          {
            "hash": "876fd1a265be0a2cb64211a4f70cdd40224cdae3",
            "messageTitle": "Checkstyle issues fixed along with packaging issues.",
            "messageBody": "",
            "insertions": 109,
            "deletions": 106
          },
          {
            "hash": "c991381e3ef6e162a3df06d8de421be49c3b5201",
            "messageTitle": "Fixed testing issues.",
            "messageBody": "",
            "insertions": 2,
            "deletions": 2
          },
          {
            "hash": "dcc2c7231670d7e06f3e87d5046788bbebc61806",
            "messageTitle": "Updated local repo to not have these files which have depreciated.",
            "messageBody": "",
            "insertions": 0,
            "deletions": 181
          },
          {
            "hash": "23a75fc02f994177f0ad085b75cdb8664bfbf477",
            "messageTitle": "changed colour of listview objects",
            "messageBody": "",
            "insertions": 29,
            "deletions": 1
          },
          {
            "hash": "5ea184052cf64666c6de38511edd47ddef1131cb",
            "messageTitle": "updated the core filename of chronologer to lowercase.",
            "messageBody": "",
            "insertions": 0,
            "deletions": 0
          },
          {
            "hash": "c88db087bd4e3932da052d2255df75a64ce621c7",
            "messageTitle": "Finished up dark mode proper with listview rendered in darkmode too.",
            "messageBody": "",
            "insertions": 41,
            "deletions": 32
          },
          {
            "hash": "f46a0903ff909a06bcbd54254530345a655eeebd",
            "messageTitle": "minor code fix and changed font size",
            "messageBody": "",
            "insertions": 11,
            "deletions": 11
          },
          {
            "hash": "a3dfa3b9c46809c9beb6536963a9195f2446a074",
            "messageTitle": "updated GUI user and chronologer images.",
            "messageBody": "",
            "insertions": 55,
            "deletions": 54
          },
          {
            "hash": "6f9d02ff5d7adce860fa9143b9d77f25acd756c0",
            "messageTitle": "changed description extractor to accomodate assignments etc.",
            "messageBody": "",
            "insertions": 1,
            "deletions": 1
          },
          {
            "hash": "1fc9232e2516ea4a4a9565e958126d8c6a254b82",
            "messageTitle": "fixed checkstyle.",
            "messageBody": "",
            "insertions": 1,
            "deletions": 0
          }
        ]
      },
      {
        "insertions": 46,
        "deletions": 14,
        "date": "2019-10-29",
        "commitResults": [
          {
            "hash": "8d92f8c5b0fec976f798fdcc2da1677e73047f6a",
            "messageTitle": "Fixed small bugs with timeline rendering and added the reminder window logic!",
            "messageBody": "",
            "insertions": 46,
            "deletions": 14
          }
        ]
      },
      {
        "insertions": 207,
        "deletions": 69,
        "date": "2019-10-30",
        "commitResults": [
          {
            "hash": "b1a3ccc4db0198c4cd081c930ac5d6497dfaf533",
            "messageTitle": "implemented first verion of undo/redo command with add/delete command tracking only.",
            "messageBody": "",
            "insertions": 138,
            "deletions": 24
          },
          {
            "hash": "a3d0a46158aaa161dd44542dc483031d628d2a30",
            "messageTitle": "Updated the redo/undo based on getters/updaters",
            "messageBody": "",
            "insertions": 11,
            "deletions": 11
          },
          {
            "hash": "a4e22ded5d657552beba6d06a13b94697aea1f46",
            "messageTitle": "Completed stack based implementation of Undo/Redo no bugs",
            "messageBody": "",
            "insertions": 44,
            "deletions": 23
          },
          {
            "hash": "7364605ab085988df1c6426b2da6b80b181cecff",
            "messageTitle": "Fixed checkstyle",
            "messageBody": "",
            "insertions": 8,
            "deletions": 9
          },
          {
            "hash": "0bb3046e07916c5f04c908f3984c7d0a55ec2fb3",
            "messageTitle": "Updated work around issue with Postpone command.",
            "messageBody": "",
            "insertions": 6,
            "deletions": 2
          }
        ]
      },
      {
        "insertions": 17,
        "deletions": 7,
        "date": "2019-11-01",
        "commitResults": [
          {
            "hash": "d8cc69c20ec16c9e5079796601278ba96b9225fa",
            "messageTitle": "Bug fix for send button.",
            "messageBody": "",
            "insertions": 2,
            "deletions": 5
          },
          {
            "hash": "bdc47bfd96b54509a5b4cfdfc75a85cc128c9313",
            "messageTitle": "Updated the build.gradle to work on other Operating Systems.",
            "messageBody": "",
            "insertions": 15,
            "deletions": 2
          }
        ]
      },
      {
        "insertions": 104,
        "deletions": 25,
        "date": "2019-11-02",
        "commitResults": [
          {
            "hash": "3d4adeb93fc572609fd750d93bca97fba9f05fba",
            "messageTitle": "Added history tracking for current session for text field to make it closer to a command line!",
            "messageBody": "",
            "insertions": 104,
            "deletions": 25
          }
        ]
      },
      {
        "insertions": 85,
        "deletions": 105,
        "date": "2019-11-03",
        "commitResults": [
          {
            "hash": "57d58661e3ea021f509b4681d0fb2ea58585f730",
            "messageTitle": "First version of history for input text.",
            "messageBody": "",
            "insertions": 12,
            "deletions": 14
          },
          {
            "hash": "aa2c643114ae07f67347c6ecc5bebcba78848f92",
            "messageTitle": "Completed Command line functionality - up to see prev dwn to see next!",
            "messageBody": "",
            "insertions": 73,
            "deletions": 91
          }
        ]
      },
      {
        "insertions": 634,
        "deletions": 190,
        "date": "2019-11-04",
        "commitResults": [
          {
            "hash": "9158095706adfc65419ddd1905cc06948682a04e",
            "messageTitle": "Added theme feature and history feature to allow the user to store multiple versions of their tasklist.",
            "messageBody": "",
            "insertions": 364,
            "deletions": 38
          },
          {
            "hash": "048bb9efbce59d23afe63f71bd656d2b2d8afd45",
            "messageTitle": "Cleaned up some warning messages.",
            "messageBody": "",
            "insertions": 3,
            "deletions": 3
          },
          {
            "hash": "7f575013be40395594d929daf52586039787feb7",
            "messageTitle": "fixed checkstyle",
            "messageBody": "",
            "insertions": 2,
            "deletions": 2
          },
          {
            "hash": "779a949e1501c05cdf7cfde100639172334a7195",
            "messageTitle": "completed timeline feature!!!!",
            "messageBody": "",
            "insertions": 227,
            "deletions": 130
          },
          {
            "hash": "c4552d4c8acb960365111cbbcddc49a54faffccf",
            "messageTitle": "Completed checkstyle fixes.",
            "messageBody": "",
            "insertions": 38,
            "deletions": 17
          }
        ]
      },
      {
        "insertions": 91,
        "deletions": 18,
        "date": "2019-11-05",
        "commitResults": [
          {
            "hash": "f488e3a9b33af26e2999770638fcf249698f0755",
            "messageTitle": "added a help and manual command to user! test it out pretty cool.",
            "messageBody": "",
            "insertions": 8,
            "deletions": 0
          },
          {
            "hash": "d84eb6c710116c9ac370b8e9c0bf9e4030fcdbbe",
            "messageTitle": "Added the help and manual commands to aid users!",
            "messageBody": "",
            "insertions": 83,
            "deletions": 18
          }
        ]
      }
    ],
    "hanskw4267": [
      {
        "insertions": 700,
        "deletions": 534,
        "date": "2019-09-27",
        "commitResults": [
          {
            "hash": "04a7162c5bbea5605dd86418e1cfbca2dd916f27",
            "messageTitle": "cleaned up checkstyle of code",
            "messageBody": "",
            "insertions": 700,
            "deletions": 534
          }
        ]
      },
      {
        "insertions": 184,
        "deletions": 31,
        "date": "2019-10-14",
        "commitResults": [
          {
            "hash": "257814c65000488559d799038acb0666bbcff3ec",
            "messageTitle": "removed unused imports",
            "messageBody": "",
            "insertions": 7,
            "deletions": 11
          },
          {
            "hash": "8d10c1ed1fa68fe2644efe20beade838508af58a",
            "messageTitle": "added ability to add/edit comments to existing tasks",
            "messageBody": "",
            "insertions": 103,
            "deletions": 18
          },
          {
            "hash": "b872b70f1697bfbf8098cfb2461f2d758496dc44",
            "messageTitle": "added title to GUI window",
            "messageBody": "",
            "insertions": 1,
            "deletions": 0
          },
          {
            "hash": "5c05fdb6d4d4a79f8178098c53cd3eff74aa5765",
            "messageTitle": "added unit testing for Comment command",
            "messageBody": "",
            "insertions": 73,
            "deletions": 2
          }
        ]
      },
      {
        "insertions": 46,
        "deletions": 46,
        "date": "2019-10-23",
        "commitResults": [
          {
            "hash": "463d0c185447ae57f2e4020811d0d78959c029a4",
            "messageTitle": "declared \"magic\" strings as constants",
            "messageBody": "",
            "insertions": 46,
            "deletions": 18
          },
          {
            "hash": "3d0e7764ef5544c1db31e6e4f3105d76e271d33b",
            "messageTitle": "removed unused imports",
            "messageBody": "",
            "insertions": 0,
            "deletions": 28
          }
        ]
      },
      {
        "insertions": 333,
        "deletions": 381,
        "date": "2019-10-26",
        "commitResults": [
          {
            "hash": "d3b5d85e9617975e9d2221fdb4ccba8a8522e87a",
            "messageTitle": "refactored task package",
            "messageBody": "",
            "insertions": 151,
            "deletions": 283
          },
          {
            "hash": "978f754edc2ec9f8db6e5b81b045ac004e02a056",
            "messageTitle": "corrected checkstyle",
            "messageBody": "",
            "insertions": 23,
            "deletions": 18
          },
          {
            "hash": "07d7460238b097d390e0a0a91288ab63410e6aab",
            "messageTitle": "removed an unused constant",
            "messageBody": "",
            "insertions": 0,
            "deletions": 2
          },
          {
            "hash": "316e5cbc4be24b6bd26d8a5a33e9c1d8b980d1cd",
            "messageTitle": "added location to locationcommand output",
            "messageBody": "",
            "insertions": 2,
            "deletions": 1
          },
          {
            "hash": "b639b3035c782e26d348079165dfb79bd458dc6d",
            "messageTitle": "implemented error logging",
            "messageBody": "",
            "insertions": 76,
            "deletions": 15
          },
          {
            "hash": "176953c3795526f53338b0a0922ca313d4989483",
            "messageTitle": "extracted logger as own MyLogger class",
            "messageBody": "",
            "insertions": 64,
            "deletions": 54
          },
          {
            "hash": "8f439390819a9b18fb96405e1e6f619235b36de8",
            "messageTitle": "made log file name dynamic",
            "messageBody": "",
            "insertions": 17,
            "deletions": 8
          }
        ]
      },
      {
        "insertions": 335,
        "deletions": 241,
        "date": "2019-10-28",
        "commitResults": [
          {
            "hash": "801e3b12021323973fab3a17a2324d7a0750862a",
            "messageTitle": "add mylogger method for logs without input strings",
            "messageBody": "",
            "insertions": 24,
            "deletions": 4
          },
          {
            "hash": "825bf8e60581a18f8d57f25496767452ab3cd3fb",
            "messageTitle": "implemented assignment type tasks",
            "messageBody": "",
            "insertions": 216,
            "deletions": 123
          },
          {
            "hash": "b12620acf3be4496dcafb11766b9b1c58dc90a64",
            "messageTitle": "fixed checkstyle",
            "messageBody": "",
            "insertions": 3,
            "deletions": 2
          },
          {
            "hash": "7fe7e5b25243570d26c9966b019539a48223c3a3",
            "messageTitle": "cleaned unused imports",
            "messageBody": "",
            "insertions": 92,
            "deletions": 112
          }
        ]
      },
      {
        "insertions": 75,
        "deletions": 18,
        "date": "2019-10-31",
        "commitResults": [
          {
            "hash": "e69501cb0164dd6b1194f18b605a1f91266300a3",
            "messageTitle": "implemented exam type tasks",
            "messageBody": "",
            "insertions": 65,
            "deletions": 13
          },
          {
            "hash": "9806ac47b70d2dfefa04e366f330aac2df417804",
            "messageTitle": "fix checkstyle",
            "messageBody": "",
            "insertions": 8,
            "deletions": 3
          },
          {
            "hash": "18711187f653689feda7d9455105413bd052529f",
            "messageTitle": "fixed code due to failed tests",
            "messageBody": "",
            "insertions": 2,
            "deletions": 2
          }
        ]
      },
      {
        "insertions": 271,
        "deletions": 24,
        "date": "2019-11-03",
        "commitResults": [
          {
            "hash": "e08be128992593b049aae562d11ec838e96e6f2b",
            "messageTitle": "made module code extracted as upper case",
            "messageBody": "",
            "insertions": 1,
            "deletions": 1
          },
          {
            "hash": "77ca66c0eb19d83d12dc5149a88f09c4be3925ad",
            "messageTitle": "lecture and tutorial tasks implemented",
            "messageBody": "",
            "insertions": 147,
            "deletions": 9
          },
          {
            "hash": "88d160e984dca1a53ff95154f4ab291be03efb0a",
            "messageTitle": "fixed checkstyle",
            "messageBody": "",
            "insertions": 54,
            "deletions": 14
          },
          {
            "hash": "5584632100099a7328e18ec514629ac3290bc953",
            "messageTitle": "added junit to test for recurring parsing",
            "messageBody": "",
            "insertions": 69,
            "deletions": 0
          }
        ]
      },
      {
        "insertions": 62,
        "deletions": 43,
        "date": "2019-11-06",
        "commitResults": [
          {
            "hash": "2c56127be3e304d6cd523204eeab9f6c5004f9ec",
            "messageTitle": "tweaked the comment command confirmation message",
            "messageBody": "",
            "insertions": 1,
            "deletions": 1
          },
          {
            "hash": "34fd61e7f01b145851c5e95b4dfde72cf95cdcbf",
            "messageTitle": "added location to the Tostring methods to show the location during list command",
            "messageBody": "",
            "insertions": 19,
            "deletions": 6
          },
          {
            "hash": "498bcadf3f9ae68152fb2b965e84de0c79756c1a",
            "messageTitle": "fixed checkstyle and test",
            "messageBody": "",
            "insertions": 3,
            "deletions": 3
          },
          {
            "hash": "27ad7cb5af891d939477561bc41a0ce5acf2418f",
            "messageTitle": "added commands to printManual",
            "messageBody": "",
            "insertions": 16,
            "deletions": 9
          },
          {
            "hash": "98528ae8a67fffa8bf17101c6564529459c0621f",
            "messageTitle": "fixed checkstyle",
            "messageBody": "",
            "insertions": 23,
            "deletions": 24
          }
        ]
      },
      {
        "insertions": 122,
        "deletions": 79,
        "date": "2019-11-08",
        "commitResults": [
          {
            "hash": "295276559ef563abdf2fad1583ebc2d46f7d38c7",
            "messageTitle": "fixed bug where search coomand message shows wrong duration",
            "messageBody": "",
            "insertions": 16,
            "deletions": 14
          },
          {
            "hash": "01bcb764a4dcd363d7156e9d4fcca09d71f2c460",
            "messageTitle": "fix bug of no confirmation message for view command",
            "messageBody": "",
            "insertions": 1,
            "deletions": 0
          },
          {
            "hash": "400bf7eb4c89ded368246c71828ff54de7192cfe",
            "messageTitle": "fixed bug for lastday",
            "messageBody": "",
            "insertions": 1,
            "deletions": 1
          },
          {
            "hash": "0754ada52141ec6721ea9d64050ce7362c8e2eff",
            "messageTitle": "fixed bug for recurring",
            "messageBody": "",
            "insertions": 14,
            "deletions": 10
          },
          {
            "hash": "be64b96d0da9e3481b004d754f2b5bb04d6d983d",
            "messageTitle": "implemented logging for command classes",
            "messageBody": "",
            "insertions": 23,
            "deletions": 9
          },
          {
            "hash": "2a614839f3533800f97dc8e4b4e85d62cd4ded51",
            "messageTitle": "renamed log file to follow convention",
            "messageBody": "",
            "insertions": 1,
            "deletions": 1
          },
          {
            "hash": "86f1b841cfedf374c317d7c186ba56e4d0ac0c85",
            "messageTitle": "added reposense tags",
            "messageBody": "",
            "insertions": 43,
            "deletions": 19
          },
          {
            "hash": "58cd89ffc65d3c1d546e0083d2fe00a2161f13a7",
            "messageTitle": "Checkstyle fix",
            "messageBody": "",
            "insertions": 9,
            "deletions": 9
          },
          {
            "hash": "4c8cb72d32ed9b8d71a825d37757a52d80845f8b",
            "messageTitle": "changed method extractModCode to use regex matcher instead on iteration",
            "messageBody": "",
            "insertions": 14,
            "deletions": 16
          }
        ]
      },
      {
        "insertions": 24,
        "deletions": 13,
        "date": "2019-11-10",
        "commitResults": [
          {
            "hash": "71166708ef9c880cf1066c7aa7e4da6ece67b620",
            "messageTitle": "fixed error due to returning a null when no valid modcode can be found",
            "messageBody": "",
            "insertions": 22,
            "deletions": 11
          },
          {
            "hash": "776f86f7fec58162d5cafa40ca9ebcdb68d5d9d1",
            "messageTitle": "checkstyle fix",
            "messageBody": "",
            "insertions": 2,
            "deletions": 2
          }
        ]
      }
    ],
    "assman": [
      {
        "insertions": 126,
        "deletions": 0,
        "date": "2019-10-15",
        "commitResults": [
          {
            "hash": "c39b7fa7d232e2e025fa61768d6e6c83e1470de4",
            "messageTitle": "Created Assignment, Lecture, Test and Tutorial classes",
            "messageBody": "",
            "insertions": 126,
            "deletions": 0
          }
        ]
      },
      {
        "insertions": 4,
        "deletions": 4,
        "date": "2019-10-16",
        "commitResults": [
          {
            "hash": "35807a2c5071f4e8b6e25859d3cb2256ed804450",
            "messageTitle": "Fixed checkstyle errors",
            "messageBody": "",
            "insertions": 4,
            "deletions": 4
          }
        ]
      }
    ],
    "TanYiXiang": [
      {
        "insertions": 96,
        "deletions": 14,
        "date": "2019-10-07",
        "commitResults": [
          {
            "hash": "17e42547b9341b0b30235a74443e46f071611e40",
            "messageTitle": "Implemented Edit Description feature along with its Junit Test",
            "messageBody": "",
            "insertions": 84,
            "deletions": 13
          },
          {
            "hash": "b6a70e1ad5e6d6f08ae7cdbf7cd53cde1d574215",
            "messageTitle": "Minor checkstyle fix",
            "messageBody": "",
            "insertions": 12,
            "deletions": 1
          }
        ]
      },
      {
        "insertions": 237,
        "deletions": 116,
        "date": "2019-10-10",
        "commitResults": [
          {
            "hash": "e9d9ea8eae1e1c79c610dbaf6e178c3aebcda4e7",
            "messageTitle": "Implemented priority feature",
            "messageBody": "",
            "insertions": 219,
            "deletions": 96
          },
          {
            "hash": "8239309c3fec4b0c600d262c469901317fd26999",
            "messageTitle": "Fix unicode symbol checkstyle issues",
            "messageBody": "",
            "insertions": 5,
            "deletions": 5
          },
          {
            "hash": "78e4a160608890df5c2bea6fadf85f68f5f9ca61",
            "messageTitle": "Fixed ToString errors",
            "messageBody": "",
            "insertions": 8,
            "deletions": 10
          },
          {
            "hash": "a3c466b3f93ede25b50c90d23ca0de53b7ecd5fb",
            "messageTitle": "Fix Junit Checkstyle Issues",
            "messageBody": "",
            "insertions": 5,
            "deletions": 5
          }
        ]
      },
      {
        "insertions": 39,
        "deletions": 7,
        "date": "2019-10-11",
        "commitResults": [
          {
            "hash": "f317421c624f159159afd0a286eb4529d64e8ac9",
            "messageTitle": "Fixed accidental removal of  index check",
            "messageBody": "",
            "insertions": 4,
            "deletions": 0
          },
          {
            "hash": "7a42f0790269af25c97a1fcff7e89bebc11a2924",
            "messageTitle": "Enable users to unignore an ignored tasks.",
            "messageBody": "",
            "insertions": 35,
            "deletions": 7
          }
        ]
      },
      {
        "insertions": 92,
        "deletions": 83,
        "date": "2019-10-15",
        "commitResults": [
          {
            "hash": "eb72689990c8fe3e4f04d5674a640ad9ae17946c",
            "messageTitle": "Refactor postpone command .",
            "messageBody": "",
            "insertions": 92,
            "deletions": 83
          }
        ]
      },
      {
        "insertions": 143,
        "deletions": 45,
        "date": "2019-10-18",
        "commitResults": [
          {
            "hash": "65cf519e30ae1a9e6d3608a739598dd5a4ecff40",
            "messageTitle": "Refactor Parser subclasses",
            "messageBody": "",
            "insertions": 143,
            "deletions": 45
          }
        ]
      },
      {
        "insertions": 242,
        "deletions": 122,
        "date": "2019-10-21",
        "commitResults": [
          {
            "hash": "8149ae129b6a298b63878744e914d355ec83d974",
            "messageTitle": "Created more parser subclasses to adhere  OOP paradigm.",
            "messageBody": "",
            "insertions": 242,
            "deletions": 122
          }
        ]
      },
      {
        "insertions": 159,
        "deletions": 29,
        "date": "2019-10-23",
        "commitResults": [
          {
            "hash": "4b963e43cd25b3636bdccf246a245d2fcd712325",
            "messageTitle": "Change magical strings into constants. Rename boolean methods according to standard guidelines. Added comments to parser classes",
            "messageBody": "",
            "insertions": 159,
            "deletions": 29
          }
        ]
      },
      {
        "insertions": 87,
        "deletions": 46,
        "date": "2019-10-24",
        "commitResults": [
          {
            "hash": "e9e3e651c693e40f5b7310273ad94113d37cef39",
            "messageTitle": "Refactor PostponeCommand",
            "messageBody": "",
            "insertions": 87,
            "deletions": 46
          }
        ]
      },
      {
        "insertions": 324,
        "deletions": 41,
        "date": "2019-10-28",
        "commitResults": [
          {
            "hash": "a363a9bf1e73344d3a877c5e64678a6509e53b4b",
            "messageTitle": "Implemented basic ics export function.",
            "messageBody": "",
            "insertions": 195,
            "deletions": 34
          },
          {
            "hash": "3a3e3d114ee2b951c331740ca4338921e3a0260e",
            "messageTitle": "Fixed bug where chat bot doesn\u0027t print error messages.",
            "messageBody": "",
            "insertions": 56,
            "deletions": 2
          },
          {
            "hash": "a32aa053ef0a209ac3c1e78547fb7d6e6b4f3c63",
            "messageTitle": "Implement basic Junit test for event tasks.",
            "messageBody": "",
            "insertions": 4,
            "deletions": 0
          },
          {
            "hash": "e792eb3b91d83605d4bf508215fa160f0147facd",
            "messageTitle": "I forgot to stage it.....",
            "messageBody": "",
            "insertions": 67,
            "deletions": 3
          },
          {
            "hash": "b1a89fbc9a3308dd1a417f08d232a3b6b04c7940",
            "messageTitle": "Fixed binding issues.",
            "messageBody": "",
            "insertions": 2,
            "deletions": 2
          }
        ]
      },
      {
        "insertions": 369,
        "deletions": 48,
        "date": "2019-10-29",
        "commitResults": [
          {
            "hash": "2b68f363d8fc5e62fec335e69a8f49f51454fe0b",
            "messageTitle": "Added Junit tests for PriorityCommand",
            "messageBody": "",
            "insertions": 92,
            "deletions": 0
          },
          {
            "hash": "4ab73584e8df63203fe9a411c4dd64a6e6127976",
            "messageTitle": "Added Junit Tests for EditCommand. Minor refactor to Edit Command",
            "messageBody": "",
            "insertions": 87,
            "deletions": 9
          },
          {
            "hash": "d3e91b365a4842c02f7448bb06f849b0ec9e69c3",
            "messageTitle": "Implemented export command for TODO tasks and TODO with duration tasks.",
            "messageBody": "",
            "insertions": 87,
            "deletions": 27
          },
          {
            "hash": "fe385b525589c533cb1790a18047b92d09d9a433",
            "messageTitle": "Added Junit test for postpone command.",
            "messageBody": "",
            "insertions": 103,
            "deletions": 12
          }
        ]
      },
      {
        "insertions": 110,
        "deletions": 61,
        "date": "2019-10-31",
        "commitResults": [
          {
            "hash": "a187dd5866571f97f98e8ca04aad1422869cc312",
            "messageTitle": "Implement Json storage via Gson library.",
            "messageBody": "",
            "insertions": 110,
            "deletions": 61
          }
        ]
      },
      {
        "insertions": 78,
        "deletions": 54,
        "date": "2019-11-01",
        "commitResults": [
          {
            "hash": "9c8c2782b4804b93407d4cefbfa1202f866e5127",
            "messageTitle": "Refactor postpone command",
            "messageBody": "",
            "insertions": 67,
            "deletions": 20
          },
          {
            "hash": "0611c0b712fc8827b6f7022a5da04d03097f46e4",
            "messageTitle": "Fixed checkstyle",
            "messageBody": "",
            "insertions": 8,
            "deletions": 5
          },
          {
            "hash": "153e867c52d15cb7d0faa322a54f3df3035148e5",
            "messageTitle": "Fixed bye command, now it terminates.",
            "messageBody": "",
            "insertions": 3,
            "deletions": 29
          }
        ]
      },
      {
        "insertions": 215,
        "deletions": 99,
        "date": "2019-11-02",
        "commitResults": [
          {
            "hash": "d9e4e3dd1fb5678d79e600ef1afa40c4687a37bf",
            "messageTitle": "Fix export command to not include dateless todo tasks as it will cause corruption.",
            "messageBody": "",
            "insertions": 14,
            "deletions": 33
          },
          {
            "hash": "e52107e35d0e90d9d4129473eda7cf73858719d6",
            "messageTitle": "Fix Checkstyle",
            "messageBody": "",
            "insertions": 8,
            "deletions": 8
          },
          {
            "hash": "27030ef402ecc35db0d4a62ce15c1ae0ed2ab3b4",
            "messageTitle": "Modify export command to allow users to define their own file to export to. Command: export \u003cfile name\u003e",
            "messageBody": "",
            "insertions": 120,
            "deletions": 56
          },
          {
            "hash": "bf7f7b655dfbb5838449f898baa1ee8f3b946ec3",
            "messageTitle": "Modify deadline formatting in export command to better interpret start date and end date.",
            "messageBody": "",
            "insertions": 9,
            "deletions": 2
          },
          {
            "hash": "b1fc03267357f76388482d97caabf7cec197f481",
            "messageTitle": "Implemented basic Storage Junit test. Will add more later.",
            "messageBody": "",
            "insertions": 64,
            "deletions": 0
          }
        ]
      },
      {
        "insertions": 176,
        "deletions": 41,
        "date": "2019-11-03",
        "commitResults": [
          {
            "hash": "f6c3678ea117a5c683ae67bc2c3ae03c6b60f45e",
            "messageTitle": "Refactor postpone command and add test for clash.",
            "messageBody": "",
            "insertions": 63,
            "deletions": 16
          },
          {
            "hash": "7e1e3c8413a91dcc239832ec4eca098cad3dff3b",
            "messageTitle": "Modified export command to include flags to extract certain type of tasks",
            "messageBody": "",
            "insertions": 113,
            "deletions": 24
          },
          {
            "hash": "dbea873d4bbd374408ff6cb620f141cf779ec802",
            "messageTitle": "Remove println code.",
            "messageBody": "",
            "insertions": 0,
            "deletions": 1
          }
        ]
      },
      {
        "insertions": 93,
        "deletions": 11,
        "date": "2019-11-04",
        "commitResults": [
          {
            "hash": "9cb115f95b047d9a1315a427f8a5e165f5f8bfa1",
            "messageTitle": "Fixed postpone bug in which user can postpone to later dates.",
            "messageBody": "",
            "insertions": 61,
            "deletions": 3
          },
          {
            "hash": "f0240e958eb5337a140af363feee2fd35b9fd50f",
            "messageTitle": "Fix bug where json can\u0027t load exams,lectures and tutorials due to missing type variable.",
            "messageBody": "",
            "insertions": 1,
            "deletions": 0
          },
          {
            "hash": "ca6480261e318bfdf1af76538e78213b9122b03d",
            "messageTitle": "Enhance ics file to include module code for better reference if any.",
            "messageBody": "",
            "insertions": 17,
            "deletions": 8
          },
          {
            "hash": "91ce7c1357b0c017c0056ba83df8773d9c72dbae",
            "messageTitle": "Added load test to Junit storage test.",
            "messageBody": "",
            "insertions": 14,
            "deletions": 0
          }
        ]
      },
      {
        "insertions": 94,
        "deletions": 0,
        "date": "2019-11-07",
        "commitResults": [
          {
            "hash": "fcc6e60c9c0963c4c9a989c75e390cec73592726",
            "messageTitle": "Added Junit test for export.",
            "messageBody": "",
            "insertions": 94,
            "deletions": 0
          }
        ]
      },
      {
        "insertions": 81,
        "deletions": 12,
        "date": "2019-11-08",
        "commitResults": [
          {
            "hash": "ee08986383016d33cb79e7b4a0e6c35a4412fbcb",
            "messageTitle": "Added priority component in ics file during export and fix filename trim",
            "messageBody": "",
            "insertions": 14,
            "deletions": 1
          },
          {
            "hash": "46a3fea17f82c66c64fb34a34e3f98c63a429cc8",
            "messageTitle": "Checkstyle Fix",
            "messageBody": "",
            "insertions": 5,
            "deletions": 5
          },
          {
            "hash": "d04a17cfb598de47892c4a77b30583285fabb157",
            "messageTitle": "Implement logging for storage and fix empty calendar bug.",
            "messageBody": "",
            "insertions": 62,
            "deletions": 6
          }
        ]
      },
      {
        "insertions": 321,
        "deletions": 94,
        "date": "2019-11-09",
        "commitResults": [
          {
            "hash": "544936d793ab3dbf9cc11f881d8ea77236a04ee4",
            "messageTitle": "Added comments to methods and applied some SLAP.",
            "messageBody": "",
            "insertions": 321,
            "deletions": 94
          }
        ]
      }
    ],
    "fauzt": [
      {
        "insertions": 35,
        "deletions": 33,
        "date": "2019-09-21",
        "commitResults": [
          {
            "hash": "978e33d7d47c51600450d6b96afbbdf3e5fe3da1",
            "messageTitle": "refactor isClash feature, converted Task to abstract class",
            "messageBody": "",
            "insertions": 35,
            "deletions": 33
          }
        ]
      },
      {
        "insertions": 58,
        "deletions": 45,
        "date": "2019-09-23",
        "commitResults": [
          {
            "hash": "48e1c789dc95aced7a4bc80ef17adf6fe1ca7dfb",
            "messageTitle": "refactor todo command in Parser",
            "messageBody": "",
            "insertions": 58,
            "deletions": 45
          }
        ]
      },
      {
        "insertions": 58,
        "deletions": 20,
        "date": "2019-09-24",
        "commitResults": [
          {
            "hash": "7961c1bae1d7131224d1b8e9b58bdfc6372e54c2",
            "messageTitle": "refactor reminder feature, reference nullDate to common NULL_DATE",
            "messageBody": "",
            "insertions": 58,
            "deletions": 20
          }
        ]
      },
      {
        "insertions": 107,
        "deletions": 93,
        "date": "2019-10-06",
        "commitResults": [
          {
            "hash": "91b667f7f9a20b109333622b7510b9d6357b9e92",
            "messageTitle": "refactor deadline branch of Parser",
            "messageBody": "",
            "insertions": 52,
            "deletions": 37
          },
          {
            "hash": "92c397501c99db85222ba210fa680522458a6dfe",
            "messageTitle": "refactor event branch of Parser",
            "messageBody": "",
            "insertions": 55,
            "deletions": 56
          }
        ]
      },
      {
        "insertions": 98,
        "deletions": 3,
        "date": "2019-10-07",
        "commitResults": [
          {
            "hash": "a283b8a3815e0c8cb65764471d2c3f7fe379f400",
            "messageTitle": "updated Junit tests",
            "messageBody": "",
            "insertions": 98,
            "deletions": 3
          }
        ]
      },
      {
        "insertions": 237,
        "deletions": 102,
        "date": "2019-10-10",
        "commitResults": [
          {
            "hash": "0a3e2a6902b400e77d5c10bd9b567ebfa13fff0e",
            "messageTitle": "refactor todoWithDuration, added junit test cases",
            "messageBody": "",
            "insertions": 100,
            "deletions": 68
          },
          {
            "hash": "651c3431379866880ab2a2cc8bab654bc3aca85d",
            "messageTitle": "implement isIgnorable feature",
            "messageBody": "",
            "insertions": 60,
            "deletions": 9
          },
          {
            "hash": "9d0e2b1a3313891a4b8c94ab8dd6ea8ff338d9f1",
            "messageTitle": "rename TodoWithDuration to TodoWithinPeriod",
            "messageBody": "",
            "insertions": 24,
            "deletions": 8
          },
          {
            "hash": "50696ed9417c2bafda80adb93f4dc51826bb2d1c",
            "messageTitle": "added TodoWithDuration class for tasks with fixed duration",
            "messageBody": "",
            "insertions": 53,
            "deletions": 17
          }
        ]
      },
      {
        "insertions": 107,
        "deletions": 76,
        "date": "2019-10-11",
        "commitResults": [
          {
            "hash": "cf27fd5fe58391f4b94331209aef111988c85702",
            "messageTitle": "refactor NULL_DATE",
            "messageBody": "",
            "insertions": 25,
            "deletions": 42
          },
          {
            "hash": "2397f36d42ae8c2fd3b173af4188a840a739a4fc",
            "messageTitle": "created Reminder class, refactored reminder function",
            "messageBody": "",
            "insertions": 82,
            "deletions": 34
          }
        ]
      },
      {
        "insertions": 773,
        "deletions": 575,
        "date": "2019-10-15",
        "commitResults": [
          {
            "hash": "05dabcea62ff73c56644951c97c621d528d2c886",
            "messageTitle": "added TodoParse class",
            "messageBody": "",
            "insertions": 104,
            "deletions": 3
          },
          {
            "hash": "ce532a4be086a603a5ed325f69d74ebcdc59a59e",
            "messageTitle": "added TodoWithinPeriodParse class",
            "messageBody": "",
            "insertions": 75,
            "deletions": 76
          },
          {
            "hash": "75dd95181f6bcbe8f270a91a4f1b94096437ee72",
            "messageTitle": "added TodoWithDurationParser class",
            "messageBody": "",
            "insertions": 86,
            "deletions": 60
          },
          {
            "hash": "9f39d7a927cac7a2e87388d74ce489443efd7c4c",
            "messageTitle": "added abstract Parse class",
            "messageBody": "",
            "insertions": 33,
            "deletions": 26
          },
          {
            "hash": "149480618c8cb55a2b8bfe88cf9c6f7b68f85187",
            "messageTitle": "added abstract IndexParser class",
            "messageBody": "",
            "insertions": 34,
            "deletions": 0
          },
          {
            "hash": "b92e378be70d945d8946318b76ebb78ec3e67329",
            "messageTitle": "added abstract DescriptionParser class",
            "messageBody": "",
            "insertions": 30,
            "deletions": 14
          },
          {
            "hash": "d0f09eb45fdae962243890f241a1e05e6fe1f092",
            "messageTitle": "added RemindParser class",
            "messageBody": "",
            "insertions": 39,
            "deletions": 31
          },
          {
            "hash": "9fa21bb7f6b5c93aa27d34a908ba8ecf53428321",
            "messageTitle": "added DeadlineParser class",
            "messageBody": "",
            "insertions": 57,
            "deletions": 76
          },
          {
            "hash": "2b3d516ab96fad63e2d7277d35832ea3968d436c",
            "messageTitle": "renamed Parser class to ParserFactory, Parse class to Parser",
            "messageBody": "",
            "insertions": 277,
            "deletions": 278
          },
          {
            "hash": "76e64b12a0006dca03b755b12cdfc69b51317cc4",
            "messageTitle": "refactor Parser subclasses",
            "messageBody": "",
            "insertions": 38,
            "deletions": 11
          }
        ]
      },
      {
        "insertions": 20,
        "deletions": 8,
        "date": "2019-10-21",
        "commitResults": [
          {
            "hash": "b881817426849bae71b6da8433302f7317e3a815",
            "messageTitle": "refactor storage",
            "messageBody": "",
            "insertions": 18,
            "deletions": 6
          },
          {
            "hash": "fd92fa2665db11fa9976d551e9bf7ce82a11e317",
            "messageTitle": "minor edit",
            "messageBody": "",
            "insertions": 2,
            "deletions": 2
          }
        ]
      },
      {
        "insertions": 90,
        "deletions": 0,
        "date": "2019-10-22",
        "commitResults": [
          {
            "hash": "9057d973ee6dfe4d0bd3db33da4ce94bc8cc0a23",
            "messageTitle": "added TaskScheduleCommand",
            "messageBody": "",
            "insertions": 90,
            "deletions": 0
          }
        ]
      },
      {
        "insertions": 81,
        "deletions": 17,
        "date": "2019-10-23",
        "commitResults": [
          {
            "hash": "3594192606065fa843acae4f4654dcab7b5c7330",
            "messageTitle": "added TaskScheduleParser \u0026 implement Scheduling feature",
            "messageBody": "",
            "insertions": 76,
            "deletions": 9
          },
          {
            "hash": "3e1716c94ef25bd984cf148114aff129c774cfac",
            "messageTitle": "minor edit",
            "messageBody": "",
            "insertions": 5,
            "deletions": 4
          },
          {
            "hash": "5f0fb3f9a3def4e669f2aa9e21f934ea4d958431",
            "messageTitle": "minor edit",
            "messageBody": "",
            "insertions": 0,
            "deletions": 4
          }
        ]
      },
      {
        "insertions": 39,
        "deletions": 15,
        "date": "2019-10-27",
        "commitResults": [
          {
            "hash": "bbb46623ade9108dc487dddb7020650f74b82de4",
            "messageTitle": "added javadocs, moved obtainEventList method to TaskList",
            "messageBody": "",
            "insertions": 39,
            "deletions": 15
          }
        ]
      },
      {
        "insertions": 257,
        "deletions": 53,
        "date": "2019-10-28",
        "commitResults": [
          {
            "hash": "8772a711b81d43f9eec9ae8199cc5fb133f6cf59",
            "messageTitle": "added junit test",
            "messageBody": "",
            "insertions": 109,
            "deletions": 6
          },
          {
            "hash": "99e62386be952229a8cb55a53e323477b12859ef",
            "messageTitle": "modified command to accomadate date input",
            "messageBody": "",
            "insertions": 67,
            "deletions": 14
          },
          {
            "hash": "dafa80231f9a31e2ad857c6f40985971184f6724",
            "messageTitle": "modified ScheduleParser to accomodate date input",
            "messageBody": "",
            "insertions": 49,
            "deletions": 6
          },
          {
            "hash": "6816d82051571121034638421bc63ef091fd57f1",
            "messageTitle": "bugfix",
            "messageBody": "",
            "insertions": 16,
            "deletions": 15
          },
          {
            "hash": "2e24a47e997a5b35fed461a2da33450ef0799645",
            "messageTitle": "javadoc fix",
            "messageBody": "",
            "insertions": 16,
            "deletions": 12
          }
        ]
      },
      {
        "insertions": 55,
        "deletions": 38,
        "date": "2019-10-31",
        "commitResults": [
          {
            "hash": "95b2093890c0112520dbb8a132357b32d32e881c",
            "messageTitle": "srp, moved scheduling logic to seperate class",
            "messageBody": "",
            "insertions": 55,
            "deletions": 38
          }
        ]
      },
      {
        "insertions": 111,
        "deletions": 37,
        "date": "2019-11-02",
        "commitResults": [
          {
            "hash": "dc42ef99de91bc34a2ed4cc1dd33b39614fc0ab0",
            "messageTitle": "extended TaskScheduleCommand to accomodate no deadline inputs",
            "messageBody": "",
            "insertions": 52,
            "deletions": 19
          },
          {
            "hash": "566f0e40678a8e3585799aa37a0aa2cc9632d728",
            "messageTitle": "extended ScheduleParser to accomodate no deadline inputs",
            "messageBody": "",
            "insertions": 31,
            "deletions": 15
          },
          {
            "hash": "e4efa5509056c1c0edaf2892fa1a74e77d35a698",
            "messageTitle": "Schedule command bugfix",
            "messageBody": "",
            "insertions": 5,
            "deletions": 2
          },
          {
            "hash": "4efecb8ae79f57369b4abd5d68eae566dd8ffed4",
            "messageTitle": "javadoc",
            "messageBody": "",
            "insertions": 23,
            "deletions": 1
          }
        ]
      },
      {
        "insertions": 158,
        "deletions": 31,
        "date": "2019-11-04",
        "commitResults": [
          {
            "hash": "fd9b8e67e7b88d6a8bdd5510dbb0e3669a0515f3",
            "messageTitle": "minor exception fix",
            "messageBody": "",
            "insertions": 1,
            "deletions": 1
          },
          {
            "hash": "19ab93fe75a8d4701c0fa31282f84043764f6d6d",
            "messageTitle": "added string constants to TaskScheduler",
            "messageBody": "",
            "insertions": 17,
            "deletions": 7
          },
          {
            "hash": "9ff01f273dce28f890d58d0874bf79f0c0580727",
            "messageTitle": "updated TaskScheduleTest",
            "messageBody": "",
            "insertions": 3,
            "deletions": 3
          },
          {
            "hash": "99391e8f7b2bbd8bc2ee1d9225979b2a33749d48",
            "messageTitle": "created junit test for TaskScheduler logic",
            "messageBody": "",
            "insertions": 75,
            "deletions": 0
          },
          {
            "hash": "1db83921fda9db7c52616d09ebce5fc3325971b1",
            "messageTitle": "added multiline printing support for UI",
            "messageBody": "",
            "insertions": 59,
            "deletions": 13
          },
          {
            "hash": "ac1372432b090b0295aa8333babb1137cbe58a46",
            "messageTitle": "configured checkstyle xml for junit tests",
            "messageBody": "",
            "insertions": 3,
            "deletions": 7
          }
        ]
      },
      {
        "insertions": 43,
        "deletions": 26,
        "date": "2019-11-05",
        "commitResults": [
          {
            "hash": "f8762e6452efd0a53a28f3562ef0174a8e0f32bd",
            "messageTitle": "updated junit test",
            "messageBody": "",
            "insertions": 17,
            "deletions": 9
          },
          {
            "hash": "681772807f5f5edb45753c6df9bbe08e30e570f7",
            "messageTitle": "minor checkstyle fix",
            "messageBody": "",
            "insertions": 8,
            "deletions": 3
          },
          {
            "hash": "20acd91682c835cf78a457ca53679896729c7e51",
            "messageTitle": "added more test",
            "messageBody": "",
            "insertions": 10,
            "deletions": 0
          },
          {
            "hash": "447bd94c0d96cf557afb99f2970a9fe8af50420b",
            "messageTitle": "travis fix",
            "messageBody": "",
            "insertions": 8,
            "deletions": 14
          }
        ]
      },
      {
        "insertions": 80,
        "deletions": 56,
        "date": "2019-11-06",
        "commitResults": [
          {
            "hash": "4f40183e1b21da64ced8522dd82abf42f8ac688e",
            "messageTitle": "refactor \u0026 bugfix",
            "messageBody": "",
            "insertions": 52,
            "deletions": 39
          },
          {
            "hash": "8911fca7d125c888437a2d78c79a217156f4a0fa",
            "messageTitle": "minor fix",
            "messageBody": "",
            "insertions": 28,
            "deletions": 17
          }
        ]
      },
      {
        "insertions": 18,
        "deletions": 8,
        "date": "2019-11-07",
        "commitResults": [
          {
            "hash": "97d9014ec05a5dfee51e0599fa938600d1dc047d",
            "messageTitle": "refactor schedule method",
            "messageBody": "",
            "insertions": 18,
            "deletions": 8
          }
        ]
      },
      {
        "insertions": 238,
        "deletions": 193,
        "date": "2019-11-08",
        "commitResults": [
          {
            "hash": "62fbb769496fad40da1489fd7d503e47646dc3d0",
            "messageTitle": "schedule method bugfix",
            "messageBody": "",
            "insertions": 55,
            "deletions": 25
          },
          {
            "hash": "b5a685a6b092916264cf1eb00ad5d907d1d51ea7",
            "messageTitle": "remove gui tweaks, changes moved to different branch",
            "messageBody": "",
            "insertions": 3,
            "deletions": 21
          },
          {
            "hash": "70a90f9991ec5b6ffa4c0b419bc1847dbc68fa99",
            "messageTitle": "refactor TaskScheduler feature",
            "messageBody": "",
            "insertions": 83,
            "deletions": 86
          },
          {
            "hash": "3cc4572c2acfe096af0c722d33251afe92300520",
            "messageTitle": "refactor TaskScheduler feature",
            "messageBody": "",
            "insertions": 41,
            "deletions": 20
          },
          {
            "hash": "8e0306cab1a51c34de2eef90ef7a25a8287565c2",
            "messageTitle": "refactor TaskScheduler feature",
            "messageBody": "",
            "insertions": 49,
            "deletions": 41
          },
          {
            "hash": "aa6904a37d766aa520db58ac6fc5609d8f4f0f98",
            "messageTitle": "added nonnull assertions in TaskScheduler",
            "messageBody": "",
            "insertions": 7,
            "deletions": 0
          }
        ]
      },
      {
        "insertions": 45,
        "deletions": 22,
        "date": "2019-11-09",
        "commitResults": [
          {
            "hash": "76b00f8418e1d43809108b2018fea7564cef6b43",
            "messageTitle": "updated manual for schedule command, refactor manual constants to inner enum",
            "messageBody": "",
            "insertions": 44,
            "deletions": 21
          },
          {
            "hash": "364adcc9998f1fb613554d0fb3e53a36b8d6c5af",
            "messageTitle": "minor fix",
            "messageBody": "",
            "insertions": 1,
            "deletions": 1
          }
        ]
      }
    ]
  },
  "authorFinalContributionMap": {
    "E0310898": 2973,
    "hanskw4267": 1243,
    "assman": 3,
    "TanYiXiang": 2152,
    "fauzt": 1300
  },
  "authorFileTypeContributionMap": {
    "E0310898": {
      "tests": 59,
      "functional": 2806,
      "other": 108
    },
    "hanskw4267": {
      "tests": 143,
      "functional": 1100
    },
    "assman": {
      "tests": 0,
      "functional": 3
    },
    "TanYiXiang": {
      "tests": 549,
      "functional": 1599,
      "other": 4
    },
    "fauzt": {
      "tests": 385,
      "functional": 915
    }
  },
  "authorContributionVariance": {
    "E0310898": 128906.05,
    "hanskw4267": 45464.82,
    "assman": 305.64545,
    "TanYiXiang": 15593.739,
    "fauzt": 41094.72
  },
  "authorDisplayNameMap": {
    "E0310898": "CS2113-T13-3 SAI  . . ESH",
    "hanskw4267": "CS2113-T13-3 HAN  . . AJA",
    "assman": "CS2113-T13-3 PAR  . . MIR",
    "TanYiXiang": "CS2113-T13-3 TAN  . . ANG",
    "fauzt": "CS2113-T13-3 FAU  . . MAN"
  }
}
