{
  "authorDailyContributionsMap": {
    "Sukrut1881": [
      {
        "insertions": 113,
        "deletions": 10,
        "date": "2019-10-01",
        "commitResults": [
          {
            "hash": "e700b1d9204353c1370d5c059495926572c301d8",
            "messageTitle": "Added MarkDoneCommand Test",
            "messageBody": "",
            "insertions": 29,
            "deletions": 0
          },
          {
            "hash": "1822fbc183d73ab1d16b9ee972d8de3d3201f6c6",
            "messageTitle": "Added Fixed and DoWithin Test",
            "messageBody": "",
            "insertions": 33,
            "deletions": 0
          },
          {
            "hash": "7e0c85a21a77e2d676130905a0c072b83f571a6f",
            "messageTitle": "Added RecurringTaskTest",
            "messageBody": "",
            "insertions": 20,
            "deletions": 1
          },
          {
            "hash": "64ac057bf38d72e8c81dbdd399e720bb63406fff",
            "messageTitle": "Added ParserStorageUtil Test",
            "messageBody": "",
            "insertions": 30,
            "deletions": 0
          },
          {
            "hash": "23130cf1ea3d4594c18ec73d7421c3537113f742",
            "messageTitle": "Fixed Travis issue",
            "messageBody": "",
            "insertions": 1,
            "deletions": 9
          }
        ]
      },
      {
        "insertions": 306,
        "deletions": 66,
        "date": "2019-10-06",
        "commitResults": [
          {
            "hash": "b637d67dcbac10fee52570d1d0446a9a0b18daef",
            "messageTitle": "Holiday create and findPath command template",
            "messageBody": "",
            "insertions": 177,
            "deletions": 6
          },
          {
            "hash": "20d6ac3a7de9dd70acb53682176c7ece1b99d9f4",
            "messageTitle": "Added persistant storage for Holiday command",
            "messageBody": "",
            "insertions": 38,
            "deletions": 9
          },
          {
            "hash": "afde7c04f29e5dbfecdd856c68ecbe898186ae06",
            "messageTitle": "Fixed Checkstyle",
            "messageBody": "",
            "insertions": 83,
            "deletions": 43
          },
          {
            "hash": "77555595ed8031421f70167a05e07787b10b2ea1",
            "messageTitle": "Cleared the .txt file",
            "messageBody": "",
            "insertions": 8,
            "deletions": 8
          }
        ]
      },
      {
        "insertions": 5,
        "deletions": 11,
        "date": "2019-10-07",
        "commitResults": [
          {
            "hash": "5f4b2244f657de677dda84fd6637b637afd649f2",
            "messageTitle": "Fixed Codacity",
            "messageBody": "",
            "insertions": 5,
            "deletions": 11
          }
        ]
      },
      {
        "insertions": 164,
        "deletions": 30,
        "date": "2019-10-12",
        "commitResults": [
          {
            "hash": "611e897a7e7fe86d3e2a06347b713d6290078f1b",
            "messageTitle": "Added ApiParser to Model, Location changed to Venue",
            "messageBody": "",
            "insertions": 133,
            "deletions": 23
          },
          {
            "hash": "7901a0b88d1e731735970644a055a95ac51e2d09",
            "messageTitle": "Added Enum Class for FindPathCommand",
            "messageBody": "",
            "insertions": 31,
            "deletions": 7
          }
        ]
      },
      {
        "insertions": 167,
        "deletions": 53,
        "date": "2019-10-13",
        "commitResults": [
          {
            "hash": "d3b17c0aa0f09881804672f45b53c5c3aa7582c4",
            "messageTitle": "Added Recommended List",
            "messageBody": "",
            "insertions": 127,
            "deletions": 6
          },
          {
            "hash": "4955025ec7255d96418756fcadbe0f7e68a41020",
            "messageTitle": "Fixed Checkstyle",
            "messageBody": "",
            "insertions": 35,
            "deletions": 35
          },
          {
            "hash": "db10b413b049e5eb78a6c2aa5c798731a9bc7c8b",
            "messageTitle": "Fixed Codacity",
            "messageBody": "",
            "insertions": 5,
            "deletions": 12
          }
        ]
      },
      {
        "insertions": 119,
        "deletions": 65,
        "date": "2019-10-15",
        "commitResults": [
          {
            "hash": "f6c50a995f92fea98808e645e4bef3fe27fb8c4c",
            "messageTitle": "Added Read from recommendations.txt",
            "messageBody": "",
            "insertions": 53,
            "deletions": 34
          },
          {
            "hash": "76e0316fd20f4881e624c0163e392436f375ea07",
            "messageTitle": "Added ReccomendationsCommand Test",
            "messageBody": "",
            "insertions": 39,
            "deletions": 14
          },
          {
            "hash": "ea5d9cbd41e5af5c67a8773fe0d8f3109b52b288",
            "messageTitle": "Fixed Checkstyle",
            "messageBody": "",
            "insertions": 18,
            "deletions": 7
          },
          {
            "hash": "376f3f8321a93c93a853b71b681214abf3e92511",
            "messageTitle": "Fixed Codacity",
            "messageBody": "",
            "insertions": 3,
            "deletions": 5
          },
          {
            "hash": "17bb27f914bbfeddc0915b8f3aa0b6efba0b8423",
            "messageTitle": "Refactoring variable names",
            "messageBody": "",
            "insertions": 3,
            "deletions": 3
          },
          {
            "hash": "23ac10ebac15f13bcf1ed71e6914ec3faaabd52e",
            "messageTitle": "Update ParserStorageUtil.java",
            "messageBody": "",
            "insertions": 1,
            "deletions": 0
          },
          {
            "hash": "1d0e3ea2b06810aa6ea921487710ed430878eb54",
            "messageTitle": "Update ParserStorageUtil.java",
            "messageBody": "",
            "insertions": 1,
            "deletions": 1
          },
          {
            "hash": "20df6ce55324db6679b29e5e5e102c0afa774aa2",
            "messageTitle": "Update Storage.java",
            "messageBody": "",
            "insertions": 1,
            "deletions": 1
          }
        ]
      },
      {
        "insertions": 37,
        "deletions": 33,
        "date": "2019-10-19",
        "commitResults": [
          {
            "hash": "b3abf68be9a547c103694a6d8124016a520c9c5d",
            "messageTitle": "Fixed empty recommendations bug",
            "messageBody": "",
            "insertions": 2,
            "deletions": 1
          },
          {
            "hash": "b56edd495a1b658d33175ac42dd7c0283d21868e",
            "messageTitle": "Moved assert to Reccomendations Command",
            "messageBody": "",
            "insertions": 12,
            "deletions": 8
          },
          {
            "hash": "d61a13c8c6a0f50cc352116cc35a203af70b1bb9",
            "messageTitle": "Fixes",
            "messageBody": "",
            "insertions": 5,
            "deletions": 2
          },
          {
            "hash": "b7ce448363238c37b12fd57ea7c61e1f249cf8bf",
            "messageTitle": "Readded Recommendations.txt",
            "messageBody": "",
            "insertions": 1,
            "deletions": 1
          },
          {
            "hash": "195305a83f47e1ce01331dde37adf6d11067755d",
            "messageTitle": "Fixed Checkstyle checks",
            "messageBody": "",
            "insertions": 2,
            "deletions": 3
          },
          {
            "hash": "3c5655d7fc83f7b5f05a85048cb8e5a99e136e4a",
            "messageTitle": "Added assertions to recommendations",
            "messageBody": "",
            "insertions": 14,
            "deletions": 17
          },
          {
            "hash": "34b81853d185706607a6d82db797fb279af0fe06",
            "messageTitle": "Update build.gradle",
            "messageBody": "",
            "insertions": 1,
            "deletions": 1
          }
        ]
      },
      {
        "insertions": 179,
        "deletions": 11,
        "date": "2019-10-22",
        "commitResults": [
          {
            "hash": "0b61690a5b56c18ba3f0b342b029c319a783e7c1",
            "messageTitle": "Added Day, DayList, Itinerary Classes",
            "messageBody": "",
            "insertions": 12,
            "deletions": 0
          },
          {
            "hash": "0fc74f815a81a0e9eb5f83c52768d3e87d001039",
            "messageTitle": "Added Day, DayList, Itinerary Classes",
            "messageBody": "",
            "insertions": 167,
            "deletions": 11
          }
        ]
      },
      {
        "insertions": 525,
        "deletions": 255,
        "date": "2019-10-23",
        "commitResults": [
          {
            "hash": "f5cf84eff37f4b1bbaee93a14c5e23579e800327",
            "messageTitle": "Edited RecommendationCommand to new format",
            "messageBody": "",
            "insertions": 106,
            "deletions": 22
          },
          {
            "hash": "468f9bff842c2055e8f2f49b5063bc90ca92b887",
            "messageTitle": "Added storing and reading sample recommendation list",
            "messageBody": "",
            "insertions": 78,
            "deletions": 12
          },
          {
            "hash": "dcad91c4ced20b07b13bd7dd98a83637c975c0d7",
            "messageTitle": "Added SampleList and NewItinerary Commands",
            "messageBody": "",
            "insertions": 123,
            "deletions": 27
          },
          {
            "hash": "8bffc8f2cc93406baa534d5a8319f85ea5030eac",
            "messageTitle": "Fixed Checkstyle and Recommendation Test",
            "messageBody": "",
            "insertions": 87,
            "deletions": 77
          },
          {
            "hash": "4591ff1596839d637d792054fa9691ecd9e4f833",
            "messageTitle": "Fixed all checks",
            "messageBody": "",
            "insertions": 6,
            "deletions": 13
          },
          {
            "hash": "1c4a51d638f842d2a2234c55a2c63d92525cd498",
            "messageTitle": "Fixed all checks again",
            "messageBody": "",
            "insertions": 0,
            "deletions": 3
          },
          {
            "hash": "77ba06d5a69694a276fe28c615fcecfffd26334e",
            "messageTitle": "Refactored to Agenda and toString for Agenda",
            "messageBody": "",
            "insertions": 61,
            "deletions": 66
          },
          {
            "hash": "4d4c7a3a8eaa97db589efa35ece18160d8cf87c2",
            "messageTitle": "Refactored to Agenda and toString for Agenda",
            "messageBody": "",
            "insertions": 64,
            "deletions": 35
          }
        ]
      },
      {
        "insertions": 287,
        "deletions": 108,
        "date": "2019-10-24",
        "commitResults": [
          {
            "hash": "8f1a1e2818c228545d5fca9a3b79f32436c15557",
            "messageTitle": "Added Header JavaDoc Comments for All Classes",
            "messageBody": "",
            "insertions": 194,
            "deletions": 5
          },
          {
            "hash": "21b06238c7ad366bac6228e2ffa596e63514de28",
            "messageTitle": "Changed Java Docs Based on requests",
            "messageBody": "",
            "insertions": 92,
            "deletions": 102
          },
          {
            "hash": "e3c5e23eb88b279259dce5106f20b09e9b04a684",
            "messageTitle": "Fixed travis",
            "messageBody": "",
            "insertions": 1,
            "deletions": 1
          }
        ]
      }
    ],
    "Inno97": [
      {
        "insertions": 70,
        "deletions": 0,
        "date": "2019-10-01",
        "commitResults": [
          {
            "hash": "e94289c0948026924ffbc1757a9b541cdab6376c",
            "messageTitle": "fix errors in fork",
            "messageBody": "",
            "insertions": 70,
            "deletions": 0
          }
        ]
      },
      {
        "insertions": 187,
        "deletions": 2,
        "date": "2019-10-02",
        "commitResults": [
          {
            "hash": "fabd4fc7142d5da89424728aae1c7415cffabd3d",
            "messageTitle": "add API requests support",
            "messageBody": "",
            "insertions": 187,
            "deletions": 2
          }
        ]
      },
      {
        "insertions": 5,
        "deletions": 2,
        "date": "2019-10-03",
        "commitResults": [
          {
            "hash": "00481a38700f9b8cc026856329aa9c02a8c746ad",
            "messageTitle": "Update HttpReq.java",
            "messageBody": "",
            "insertions": 3,
            "deletions": 0
          },
          {
            "hash": "d1112db2e5e0b7e10d2a5061d11790c9770de4ac",
            "messageTitle": "Update UrlReq.java",
            "messageBody": "",
            "insertions": 2,
            "deletions": 0
          },
          {
            "hash": "7ae1372ec60a0205ded469a63f5e61d314c7f7b0",
            "messageTitle": "Update LocationSearchUrlReq.java",
            "messageBody": "",
            "insertions": 0,
            "deletions": 2
          }
        ]
      },
      {
        "insertions": 2256,
        "deletions": 1024,
        "date": "2019-10-10",
        "commitResults": [
          {
            "hash": "c3dc38898864252374654978d8dfa1e843376c18",
            "messageTitle": "add Conversation and Prompt classes",
            "messageBody": "",
            "insertions": 1274,
            "deletions": 71
          },
          {
            "hash": "3c505d3ee07aa5dda6a1f433c1a121d719e63b33",
            "messageTitle": "add threading and timeout support",
            "messageBody": "",
            "insertions": 640,
            "deletions": 490
          },
          {
            "hash": "d71b7151a708494669fb732c6620e10e0bcb6766",
            "messageTitle": "rename Prompt to Conversation, and Conversation to ConversationManager",
            "messageBody": "",
            "insertions": 342,
            "deletions": 463
          }
        ]
      },
      {
        "insertions": 36,
        "deletions": 5,
        "date": "2019-10-14",
        "commitResults": [
          {
            "hash": "8d62f02a08bb14c9f9d5204ca027f2cf8903064b",
            "messageTitle": "fix whitespace error in locationSearchUrlRequest and add Search Conversation",
            "messageBody": "",
            "insertions": 34,
            "deletions": 2
          },
          {
            "hash": "cfeaf9d03e132c111f2aa0c31fbb5e2252bc0d9e",
            "messageTitle": "add timeout to locationSearchUrlRequest",
            "messageBody": "",
            "insertions": 2,
            "deletions": 0
          },
          {
            "hash": "e37109976ca940b265be432b65231bdb93b29d5c",
            "messageTitle": "fix codacy issue with SearchConversation",
            "messageBody": "",
            "insertions": 0,
            "deletions": 3
          }
        ]
      },
      {
        "insertions": 158,
        "deletions": 127,
        "date": "2019-10-15",
        "commitResults": [
          {
            "hash": "a28d7d987677f1196fafe6940f92f95ba3fa6435",
            "messageTitle": "add threading support",
            "messageBody": "",
            "insertions": 26,
            "deletions": 12
          },
          {
            "hash": "f5cd84b2ce003d5862efde564d76ed1ae8038246",
            "messageTitle": "refactor Conversation class",
            "messageBody": "",
            "insertions": 101,
            "deletions": 62
          },
          {
            "hash": "09cd39da82b9ca03dfe8b6a069eabc1013b7674c",
            "messageTitle": "fix api calls giving null responses",
            "messageBody": "",
            "insertions": 30,
            "deletions": 30
          },
          {
            "hash": "6c6bc4a866ff847dd8dcdb32adeaf3ed517d90af",
            "messageTitle": "fix codacy issues",
            "messageBody": "",
            "insertions": 1,
            "deletions": 23
          }
        ]
      },
      {
        "insertions": 55,
        "deletions": 5,
        "date": "2019-10-16",
        "commitResults": [
          {
            "hash": "ef7fae07328daefb8ffbca5953906ca47e04769e",
            "messageTitle": "change requests to use generics and add StaticMapUrlRequest",
            "messageBody": "",
            "insertions": 55,
            "deletions": 5
          }
        ]
      },
      {
        "insertions": 988,
        "deletions": 302,
        "date": "2019-10-17",
        "commitResults": [
          {
            "hash": "51985d9e7543efafd2f2c1e9e3cfdf17c05e3dda",
            "messageTitle": "made abstract CommandResult class, and add map search command",
            "messageBody": "",
            "insertions": 668,
            "deletions": 196
          },
          {
            "hash": "d68837449109c49c6ec7990e97f418dfbc343b11",
            "messageTitle": "add Route and RouteNode classes",
            "messageBody": "",
            "insertions": 319,
            "deletions": 92
          },
          {
            "hash": "b909e44aea04e9fed8f092bcf05fc5b9fe77d710",
            "messageTitle": "Rename route.java to Route.java",
            "messageBody": "",
            "insertions": 0,
            "deletions": 0
          },
          {
            "hash": "69c9ebe8e93cd1600e658047e5149fa8e49af091",
            "messageTitle": "Rename routeNode.java to RouteNode.java",
            "messageBody": "",
            "insertions": 0,
            "deletions": 0
          },
          {
            "hash": "7996d51273202451313eb48e2c397c92ed65378b",
            "messageTitle": "change staticMapUrlRequest to not use SwingFXUtils",
            "messageBody": "",
            "insertions": 1,
            "deletions": 14
          }
        ]
      },
      {
        "insertions": 75,
        "deletions": 57,
        "date": "2019-10-18",
        "commitResults": [
          {
            "hash": "b0c65ccb6a7a346a0160af8009851ee28b1b4544",
            "messageTitle": "fix codacy issues",
            "messageBody": "",
            "insertions": 6,
            "deletions": 44
          },
          {
            "hash": "cbadc73de5a2e72c9f2c3fe1ba26d7791d888ef1",
            "messageTitle": "add interface for CommandResult classes",
            "messageBody": "",
            "insertions": 61,
            "deletions": 5
          },
          {
            "hash": "fb8f0a9376ce69b26aeae0356ef1002c196e64bb",
            "messageTitle": "rename Route to Road",
            "messageBody": "",
            "insertions": 3,
            "deletions": 3
          },
          {
            "hash": "8a63cdbe152543b010dcb429ed1989fc675c7ed7",
            "messageTitle": "rename Road to Route",
            "messageBody": "",
            "insertions": 3,
            "deletions": 3
          },
          {
            "hash": "85ca1307a419dbdf12e15e04a84098e2096896ce",
            "messageTitle": "move Route / RouteNode to transport package",
            "messageBody": "",
            "insertions": 2,
            "deletions": 2
          }
        ]
      },
      {
        "insertions": 670,
        "deletions": 54,
        "date": "2019-10-22",
        "commitResults": [
          {
            "hash": "524425f20b43b32528d58a082f9f5980269aac1e",
            "messageTitle": "add Route manipulation commands and make BusStop and TrainStation inherit RouteNode",
            "messageBody": "",
            "insertions": 670,
            "deletions": 54
          }
        ]
      },
      {
        "insertions": 1560,
        "deletions": 933,
        "date": "2019-10-23",
        "commitResults": [
          {
            "hash": "a6664c07c5baafcf6efeeaa2ac620cdba293a624",
            "messageTitle": "fast forward and add Parser support for Routes",
            "messageBody": "",
            "insertions": 1089,
            "deletions": 769
          },
          {
            "hash": "6c2f8a970bf8e501b19f1efebd3d248fa4e98c4b",
            "messageTitle": "add Listable interface to all List classes",
            "messageBody": "",
            "insertions": 45,
            "deletions": 4
          },
          {
            "hash": "0c01c3880e951ed296765ae0a1497547cc0caaef",
            "messageTitle": "fix checkstyle",
            "messageBody": "",
            "insertions": 37,
            "deletions": 47
          },
          {
            "hash": "02465259ceb5719bf5281cc32f61ab05e667e9b7",
            "messageTitle": "add tests for RouteXXXCommands",
            "messageBody": "",
            "insertions": 321,
            "deletions": 77
          },
          {
            "hash": "8db79bb18a65791f781abe1aa0f3c3ff91370cb6",
            "messageTitle": "resolve comments and fix out of bound error in RouteDelete command",
            "messageBody": "",
            "insertions": 59,
            "deletions": 27
          },
          {
            "hash": "d9892f75bf33e17bc623f04f5bf16b44e5a32e54",
            "messageTitle": "fix styling issues",
            "messageBody": "",
            "insertions": 9,
            "deletions": 9
          }
        ]
      },
      {
        "insertions": 804,
        "deletions": 451,
        "date": "2019-10-24",
        "commitResults": [
          {
            "hash": "dcdc46564042f1333162795bb850ad81708b3d56",
            "messageTitle": "fix merge issue",
            "messageBody": "",
            "insertions": 2,
            "deletions": 4
          },
          {
            "hash": "fc612a394289a3a093c8a211b0f4914f286fe195",
            "messageTitle": "fix exceptions for api requests and javadoc",
            "messageBody": "",
            "insertions": 802,
            "deletions": 447
          }
        ]
      },
      {
        "insertions": 642,
        "deletions": 189,
        "date": "2019-10-25",
        "commitResults": [
          {
            "hash": "24b5bc876b8b034879124b77371741bbd077269a",
            "messageTitle": "add new exceptions and fix javadoc comments",
            "messageBody": "",
            "insertions": 390,
            "deletions": 98
          },
          {
            "hash": "accb1f9ce996c4cff20ee0815063b6571b247354",
            "messageTitle": "add negative tests to Route tests",
            "messageBody": "",
            "insertions": 169,
            "deletions": 30
          },
          {
            "hash": "ff12f6d990a6254d48cb843c51ecae5b710948c1",
            "messageTitle": "fix codacy and appveyor",
            "messageBody": "",
            "insertions": 10,
            "deletions": 12
          },
          {
            "hash": "c8503fbedbe646ba98fff14ce83ea863f28a04c4",
            "messageTitle": "fix codacy ModelStub.java",
            "messageBody": "",
            "insertions": 1,
            "deletions": 5
          },
          {
            "hash": "7cc01196299a643c7075bcbe70660551a73da52a",
            "messageTitle": "resolve small fixes in PR",
            "messageBody": "",
            "insertions": 72,
            "deletions": 31
          },
          {
            "hash": "02026f8e78a3ae81b1f3a9c2a0b72ad56a619aa6",
            "messageTitle": "fix LocationSearchCommandTest",
            "messageBody": "",
            "insertions": 0,
            "deletions": 13
          }
        ]
      }
    ],
    "hongchuan97": [
      {
        "insertions": 89,
        "deletions": 442,
        "date": "2019-10-01",
        "commitResults": [
          {
            "hash": "0373df8a3423bae0aeebc71ca0ce21c86b4a7cec",
            "messageTitle": "Revert \"Merge branch \u0027master\u0027 into master\"",
            "messageBody": "This reverts commit d52d96cc662589f249fd896ff3e779bda1563233, reversing\nchanges made to bd6a6d9c1bd43cc50783bcd47f8f8b0cd03edff9.\n",
            "insertions": 10,
            "deletions": 441
          },
          {
            "hash": "1f132aea97bc04a05e6f5c755500cd24d8ea154c",
            "messageTitle": "Add image and Add Dofixed",
            "messageBody": "",
            "insertions": 78,
            "deletions": 0
          },
          {
            "hash": "28e424dc553b6350089fbad4fef4cd7b33cadfc2",
            "messageTitle": "Fix checkstyle",
            "messageBody": "",
            "insertions": 1,
            "deletions": 1
          }
        ]
      },
      {
        "insertions": 144,
        "deletions": 7,
        "date": "2019-10-06",
        "commitResults": [
          {
            "hash": "5624ac6de8b6d6779c57bc02bf4bb89f29b07c65",
            "messageTitle": "add Http request for datamall",
            "messageBody": "",
            "insertions": 144,
            "deletions": 7
          }
        ]
      },
      {
        "insertions": 120,
        "deletions": 49,
        "date": "2019-10-07",
        "commitResults": [
          {
            "hash": "db15e581cb392dba3bc2c3d961e6d7adc1d02b33",
            "messageTitle": "add getBusRoute",
            "messageBody": "",
            "insertions": 86,
            "deletions": 23
          },
          {
            "hash": "e4028c823f8968b2807101c0037635b63b4f7074",
            "messageTitle": "fixed checkstyle",
            "messageBody": "",
            "insertions": 34,
            "deletions": 26
          }
        ]
      },
      {
        "insertions": 282,
        "deletions": 72,
        "date": "2019-10-08",
        "commitResults": [
          {
            "hash": "829bfc69471f05fc587172e71e5b693bfe1336b9",
            "messageTitle": "add findPath",
            "messageBody": "",
            "insertions": 251,
            "deletions": 27
          },
          {
            "hash": "2438bc563b3dcb9c5432953fbd2b32ef21dfb9b7",
            "messageTitle": "fixed merge confict",
            "messageBody": "",
            "insertions": 17,
            "deletions": 21
          },
          {
            "hash": "efba4904438a5ca7677a9f3931c11d03decec4bc",
            "messageTitle": "fixed codacy",
            "messageBody": "",
            "insertions": 5,
            "deletions": 11
          },
          {
            "hash": "5f0cc4d39dc83f3494cf48709a01ab95c213abff",
            "messageTitle": "fixed more codacy",
            "messageBody": "",
            "insertions": 8,
            "deletions": 11
          },
          {
            "hash": "ec4bc28a3148df5627cf49ea607fe7db6e051abf",
            "messageTitle": "fix codacy",
            "messageBody": "",
            "insertions": 1,
            "deletions": 2
          }
        ]
      },
      {
        "insertions": 0,
        "deletions": 2,
        "date": "2019-10-11",
        "commitResults": [
          {
            "hash": "eaae801f2fa4d86f3d515c17d026725294e4298e",
            "messageTitle": "fixed merge conflict",
            "messageBody": "",
            "insertions": 0,
            "deletions": 2
          }
        ]
      },
      {
        "insertions": 243,
        "deletions": 34,
        "date": "2019-10-15",
        "commitResults": [
          {
            "hash": "73873e99055f69274826cc61522d6aeb7076219b",
            "messageTitle": "change bus data to storage",
            "messageBody": "",
            "insertions": 241,
            "deletions": 32
          },
          {
            "hash": "8a730217f46f0e8febea73c06eeb487fdc9d815d",
            "messageTitle": "fix Codacy",
            "messageBody": "",
            "insertions": 2,
            "deletions": 2
          }
        ]
      },
      {
        "insertions": 305,
        "deletions": 104,
        "date": "2019-10-18",
        "commitResults": [
          {
            "hash": "2c26650f6f40ad7a599b46c9c84d35c0fb6e9098",
            "messageTitle": "Add Mrt path search",
            "messageBody": "",
            "insertions": 305,
            "deletions": 104
          }
        ]
      },
      {
        "insertions": 3,
        "deletions": 5,
        "date": "2019-10-21",
        "commitResults": [
          {
            "hash": "73ba1e42c80de744ace17082f9e715aac8218140",
            "messageTitle": "fix codacy issue",
            "messageBody": "",
            "insertions": 3,
            "deletions": 5
          }
        ]
      },
      {
        "insertions": 2,
        "deletions": 2,
        "date": "2019-10-22",
        "commitResults": [
          {
            "hash": "af35d50d4a14c458a62b7caac439138889a7d7f0",
            "messageTitle": "fixed bug",
            "messageBody": "",
            "insertions": 1,
            "deletions": 1
          },
          {
            "hash": "3035c8e5745f080d27cdf8a42c3bd810109789fe",
            "messageTitle": "fixed bug in storage",
            "messageBody": "",
            "insertions": 1,
            "deletions": 1
          }
        ]
      }
    ],
    "Jefferson111": [
      {
        "insertions": 742,
        "deletions": 41,
        "date": "2019-09-24",
        "commitResults": [
          {
            "hash": "4650a910489fded64dec5ec3c715d0a5e9009fbb",
            "messageTitle": "Add Daniels\u0027 recurring task",
            "messageBody": "",
            "insertions": 83,
            "deletions": 4
          },
          {
            "hash": "1d53e7c66211a9f8a4a1d201cd593447a37eeea1",
            "messageTitle": "Upgrade viewSchedule command",
            "messageBody": "",
            "insertions": 513,
            "deletions": 1
          },
          {
            "hash": "c5c7d768337eaddb287ab3ff6b885da9f534a9f6",
            "messageTitle": "Add css for MainWindow",
            "messageBody": "",
            "insertions": 146,
            "deletions": 36
          }
        ]
      },
      {
        "insertions": 10,
        "deletions": 16,
        "date": "2019-09-27",
        "commitResults": [
          {
            "hash": "31ef9cc722f11e68a23341df249fed897879a0c5",
            "messageTitle": "Improve code quality",
            "messageBody": "",
            "insertions": 10,
            "deletions": 16
          }
        ]
      },
      {
        "insertions": 18,
        "deletions": 0,
        "date": "2019-09-28",
        "commitResults": [
          {
            "hash": "c6fa1f59f96bc9a581364bb6c5ac949493472461",
            "messageTitle": "Update User Guide",
            "messageBody": "",
            "insertions": 18,
            "deletions": 0
          }
        ]
      },
      {
        "insertions": 3,
        "deletions": 3,
        "date": "2019-10-01",
        "commitResults": [
          {
            "hash": "95df9c6cd927b72a8b43c3b3f06b451d51afbf4f",
            "messageTitle": "Update Fixed.java",
            "messageBody": "",
            "insertions": 1,
            "deletions": 1
          },
          {
            "hash": "cfea8022e7015d1558ff24794144bdd3892ae833",
            "messageTitle": "Update DeleteCommandTest.java",
            "messageBody": "",
            "insertions": 2,
            "deletions": 2
          }
        ]
      },
      {
        "insertions": 1,
        "deletions": 1,
        "date": "2019-10-02",
        "commitResults": [
          {
            "hash": "194a5d80032c394390fe4988ca154b3123d872a2",
            "messageTitle": "Update RecurringTaskTest.java",
            "messageBody": "",
            "insertions": 1,
            "deletions": 1
          }
        ]
      },
      {
        "insertions": 57,
        "deletions": 28,
        "date": "2019-10-04",
        "commitResults": [
          {
            "hash": "c497f998ceda55762711af28052637e967b0f84d",
            "messageTitle": "Update destination task type",
            "messageBody": "Can get coordinates from destination class itself now\n",
            "insertions": 52,
            "deletions": 26
          },
          {
            "hash": "924ffdc3b17a3a59bd237fe3965d8b21843498b1",
            "messageTitle": "Fix checkstyle",
            "messageBody": "",
            "insertions": 5,
            "deletions": 2
          }
        ]
      },
      {
        "insertions": 339,
        "deletions": 148,
        "date": "2019-10-05",
        "commitResults": [
          {
            "hash": "3822e132fa0087472e095c37575c824a2cd77a0a",
            "messageTitle": "Add Location class",
            "messageBody": "",
            "insertions": 184,
            "deletions": 148
          },
          {
            "hash": "52b5f90a3d50797ae1071c51ecfae46567092274",
            "messageTitle": "Add map",
            "messageBody": "",
            "insertions": 155,
            "deletions": 0
          }
        ]
      },
      {
        "insertions": 231,
        "deletions": 141,
        "date": "2019-10-07",
        "commitResults": [
          {
            "hash": "a9f6be61583b73a974b648c69fb394893fd2e5c0",
            "messageTitle": "update map image",
            "messageBody": "",
            "insertions": 2,
            "deletions": 4
          },
          {
            "hash": "96d40e5721934d850c0e478b1dffc92807b8338d",
            "messageTitle": "Add map command for developing use",
            "messageBody": "",
            "insertions": 27,
            "deletions": 7
          },
          {
            "hash": "2712a30ff60a4aa56ad34831368a8eb243de3196",
            "messageTitle": "More natural language by removing /",
            "messageBody": "",
            "insertions": 5,
            "deletions": 5
          },
          {
            "hash": "ac9bce42e9409afacd65c09b94bd7eb3f2608f55",
            "messageTitle": "Code quality stuff",
            "messageBody": "",
            "insertions": 1,
            "deletions": 2
          },
          {
            "hash": "95f927f18116158d88134f14191ddbb594d3f6cd",
            "messageTitle": "Missing EOF",
            "messageBody": "",
            "insertions": 1,
            "deletions": 1
          },
          {
            "hash": "f5b5eae860006372aab32b580f2bdd0f7ca48455",
            "messageTitle": "Refactor",
            "messageBody": "",
            "insertions": 195,
            "deletions": 122
          }
        ]
      },
      {
        "insertions": 21,
        "deletions": 39,
        "date": "2019-10-09",
        "commitResults": [
          {
            "hash": "a79bc821ebaaea1af802a794f03f521e584a165e",
            "messageTitle": "Delete MapCommand",
            "messageBody": "",
            "insertions": 21,
            "deletions": 39
          }
        ]
      },
      {
        "insertions": 599,
        "deletions": 11,
        "date": "2019-10-12",
        "commitResults": [
          {
            "hash": "49fcf8a4707ea6ce7ea93d6e58a1ad792e0ac7e4",
            "messageTitle": "Update model stuff",
            "messageBody": "",
            "insertions": 282,
            "deletions": 0
          },
          {
            "hash": "c3a3e663cedfb5d6a9dd09ef45ff529914cd37ea",
            "messageTitle": "Add more model stuff",
            "messageBody": "",
            "insertions": 317,
            "deletions": 11
          }
        ]
      },
      {
        "insertions": 1132,
        "deletions": 1782,
        "date": "2019-10-13",
        "commitResults": [
          {
            "hash": "76cfeba1aba55dc8b48397cd7384c726e6f4637c",
            "messageTitle": "Lots of cleanup",
            "messageBody": "",
            "insertions": 1046,
            "deletions": 1762
          },
          {
            "hash": "3a14d08d653c14ead1706efa5c69256dc19baf8d",
            "messageTitle": "Codacy stuff",
            "messageBody": "",
            "insertions": 6,
            "deletions": 7
          },
          {
            "hash": "ceed698da84f6505b03f78aa144dca26f39240be",
            "messageTitle": "Add tests",
            "messageBody": "",
            "insertions": 11,
            "deletions": 10
          },
          {
            "hash": "65bcf3f61102d05ca691b18d12650973a93f17d3",
            "messageTitle": "Add tests",
            "messageBody": "",
            "insertions": 18,
            "deletions": 1
          },
          {
            "hash": "eac7b7ef3e6307f81c0b0a4ae842f25a1828b409",
            "messageTitle": "Add tests",
            "messageBody": "",
            "insertions": 50,
            "deletions": 1
          },
          {
            "hash": "697b2848c3df91f1dc5ca4e4cca9a1b9acd4508f",
            "messageTitle": "Add missing EOF",
            "messageBody": "",
            "insertions": 1,
            "deletions": 1
          }
        ]
      },
      {
        "insertions": 1022,
        "deletions": 1804,
        "date": "2019-10-14",
        "commitResults": [
          {
            "hash": "acf61815d6095ac867c2bdcfe18eb76c676917b8",
            "messageTitle": "Add message when command is cancelled",
            "messageBody": "",
            "insertions": 32,
            "deletions": 10
          },
          {
            "hash": "87d965223ca82fca7fad6f64a5479bd1db3bb9fb",
            "messageTitle": "Merge model",
            "messageBody": "",
            "insertions": 246,
            "deletions": 1635
          },
          {
            "hash": "3c0f105aaed1c08052a019d8b81dcdcb801a4aa4",
            "messageTitle": "Update tests",
            "messageBody": "",
            "insertions": 599,
            "deletions": 153
          },
          {
            "hash": "833660879339b6d2b8640f003017ca318c5e215a",
            "messageTitle": "Add tests",
            "messageBody": "",
            "insertions": 130,
            "deletions": 0
          },
          {
            "hash": "3ea230370d14173ddd5206e50eb3ff996b0cb89c",
            "messageTitle": "gitignore data",
            "messageBody": "",
            "insertions": 15,
            "deletions": 6
          }
        ]
      },
      {
        "insertions": 212,
        "deletions": 227,
        "date": "2019-10-19",
        "commitResults": [
          {
            "hash": "50c29eb3f5a882187fc3578742a2f53cf1f7606a",
            "messageTitle": "Package .txt file into jar",
            "messageBody": "",
            "insertions": 14,
            "deletions": 7
          },
          {
            "hash": "d52cc597008706042a9cd6eb5435555388b33895",
            "messageTitle": "Add jar packaging for bus.txt",
            "messageBody": "",
            "insertions": 27,
            "deletions": 48
          },
          {
            "hash": "910c23a0b10c0f57700d121b1f5032536047ac40",
            "messageTitle": "Delete empty file",
            "messageBody": "",
            "insertions": 0,
            "deletions": 0
          },
          {
            "hash": "3a1aab430430aa7827c7234f56b120863f136b05",
            "messageTitle": "Remove unused import statements",
            "messageBody": "",
            "insertions": 1,
            "deletions": 12
          },
          {
            "hash": "08aff16b83c83a07895a5028a026a0dd00509dd6",
            "messageTitle": "Logging for Main class",
            "messageBody": "",
            "insertions": 5,
            "deletions": 1
          },
          {
            "hash": "ff6fe81d352bc5a76016e7f4733ee9747a4ee4cc",
            "messageTitle": "Rename comments",
            "messageBody": "",
            "insertions": 3,
            "deletions": 2
          },
          {
            "hash": "4c934e19c5ea56852b479d3d460ca2e79abf6398",
            "messageTitle": "Fix bug where the error messages are overwritten by ConversationManager",
            "messageBody": "",
            "insertions": 37,
            "deletions": 17
          },
          {
            "hash": "9644de2e776ed9641f699243430782496c54e8a8",
            "messageTitle": "Enable image loading on J\u0027s com",
            "messageBody": "",
            "insertions": 1,
            "deletions": 1
          },
          {
            "hash": "fa19c551680077b43531d529278bdcb16b1ffc5d",
            "messageTitle": "Move commands package under logic",
            "messageBody": "",
            "insertions": 92,
            "deletions": 92
          },
          {
            "hash": "28a1ca5cc43dcb804fb08a410c83ea08bf118663",
            "messageTitle": "Change from BufferedReader back to Scanner",
            "messageBody": "",
            "insertions": 28,
            "deletions": 45
          },
          {
            "hash": "8a8c40091115c318ac98561af8804cc9c862cd8a",
            "messageTitle": "Change if logic back",
            "messageBody": "",
            "insertions": 4,
            "deletions": 2
          }
        ]
      },
      {
        "insertions": 539,
        "deletions": 88,
        "date": "2019-10-20",
        "commitResults": [
          {
            "hash": "82692ea409e6691f6397c6e37d8ab33219f77724",
            "messageTitle": "Add observable list",
            "messageBody": "",
            "insertions": 53,
            "deletions": 1
          },
          {
            "hash": "ecf5601af9472e4544b8839af88427ca217dbe35",
            "messageTitle": "Change to getTasks instead of the Observable List",
            "messageBody": "",
            "insertions": 30,
            "deletions": 30
          },
          {
            "hash": "4789950984113dd39511d47b841ba5eb7053279c",
            "messageTitle": "Logging for LocationCard",
            "messageBody": "",
            "insertions": 5,
            "deletions": 0
          },
          {
            "hash": "7c8a177a03cbdf6f9df5b50626c8d63372c72e28",
            "messageTitle": "Add visibility for card on main window",
            "messageBody": "",
            "insertions": 6,
            "deletions": 1
          },
          {
            "hash": "c7f873198ffebe43d9f9efe09b69b2729a0265d2",
            "messageTitle": "Add EventCard for user visualization",
            "messageBody": "",
            "insertions": 42,
            "deletions": 2
          },
          {
            "hash": "f9c7af7fb51582fb76a830f4561eecf9d1f89710",
            "messageTitle": "Add display for events",
            "messageBody": "",
            "insertions": 65,
            "deletions": 26
          },
          {
            "hash": "8fa467b67212ca72b89661385ddbf11fdf867ee1",
            "messageTitle": "Add EditorList class",
            "messageBody": "",
            "insertions": 192,
            "deletions": 26
          },
          {
            "hash": "cd621222f62b866e6cdbc5d4bc97d39791eea494",
            "messageTitle": "Add classes to support editing",
            "messageBody": "",
            "insertions": 83,
            "deletions": 2
          },
          {
            "hash": "81438b73c7b840f5ada5091a2f9142df46fc003e",
            "messageTitle": "Add generic methods for edit features",
            "messageBody": "",
            "insertions": 63,
            "deletions": 0
          }
        ]
      },
      {
        "insertions": 578,
        "deletions": 1082,
        "date": "2019-10-21",
        "commitResults": [
          {
            "hash": "98f1113881619bb0279508df0ad68d239ecd4bdb",
            "messageTitle": "Delete Editor feature",
            "messageBody": "",
            "insertions": 0,
            "deletions": 392
          },
          {
            "hash": "fde3dfa09fbf0fcd59d3b63779af038027729205",
            "messageTitle": "Delete deadline and dowithin from codebase",
            "messageBody": "",
            "insertions": 8,
            "deletions": 366
          },
          {
            "hash": "33cf908839a67c652409772c70100f1c66c13909",
            "messageTitle": "change directory",
            "messageBody": "",
            "insertions": 1,
            "deletions": 1
          },
          {
            "hash": "93f9255c49dcb121f539dccc0cf4bfb07cf58a85",
            "messageTitle": "Remove the logic of FreeTimeCommand",
            "messageBody": "",
            "insertions": 2,
            "deletions": 21
          },
          {
            "hash": "b624936c5894e86b6ff740404c99875905a54175",
            "messageTitle": "Delete empty lines",
            "messageBody": "",
            "insertions": 0,
            "deletions": 2
          },
          {
            "hash": "72deb8caf7384d610a6e4684c2e3947634d732b3",
            "messageTitle": "Update TaskWithDates to contain 2 dates",
            "messageBody": "",
            "insertions": 31,
            "deletions": 8
          },
          {
            "hash": "8e8a74496fa2ce02beeaed023b1d7b39daa5d464",
            "messageTitle": "Update mother of Event",
            "messageBody": "",
            "insertions": 2,
            "deletions": 10
          },
          {
            "hash": "c58a0153d58c8c630c32d928d926d8d1155e2654",
            "messageTitle": "Deletion of Deadline and DoWithin test files",
            "messageBody": "",
            "insertions": 6,
            "deletions": 110
          },
          {
            "hash": "40158710c95be2610b0d9ea260ebe3bee4234be4",
            "messageTitle": "Add LocationSelector",
            "messageBody": "",
            "insertions": 166,
            "deletions": 0
          },
          {
            "hash": "1fb021f5c778b4aa7867bbcec34fa5625244643b",
            "messageTitle": "Add methods to support LocationSelector",
            "messageBody": "",
            "insertions": 37,
            "deletions": 0
          },
          {
            "hash": "eaffb83107a5b17a568b5887bee782c1927ef858",
            "messageTitle": "Remove ObservableList",
            "messageBody": "",
            "insertions": 48,
            "deletions": 51
          },
          {
            "hash": "3a160e7cc07dfb0f4f7b8c1e58d7b647ed4493b3",
            "messageTitle": "Sample code for LocationSelector",
            "messageBody": "",
            "insertions": 67,
            "deletions": 1
          },
          {
            "hash": "89a53181a496a2858b7e83c930147e04029463cf",
            "messageTitle": "Checkstyle and tests",
            "messageBody": "",
            "insertions": 63,
            "deletions": 110
          },
          {
            "hash": "8acfbd750278b9dcdebc144194feaba2f4f6e6e2",
            "messageTitle": "Add missing EOF",
            "messageBody": "",
            "insertions": 1,
            "deletions": 1
          },
          {
            "hash": "9f90f899084cc9ba8831ff65dc72fbb849dce903",
            "messageTitle": "Remove commented out code",
            "messageBody": "",
            "insertions": 0,
            "deletions": 1
          },
          {
            "hash": "11146aeb4457c7f73d4104f9de2d4da964aa5213",
            "messageTitle": "Add tests",
            "messageBody": "",
            "insertions": 119,
            "deletions": 0
          },
          {
            "hash": "274d432c828ff8a97a80012c3d928383a1f0813d",
            "messageTitle": "Trying coverage",
            "messageBody": "",
            "insertions": 27,
            "deletions": 8
          }
        ]
      },
      {
        "insertions": 138,
        "deletions": 92,
        "date": "2019-10-22",
        "commitResults": [
          {
            "hash": "d2558f469fc0de3c7a077eeffd15198cbda3e0fa",
            "messageTitle": "Add EventList",
            "messageBody": "",
            "insertions": 137,
            "deletions": 91
          },
          {
            "hash": "d096f495bf80130bd83c875fa63d5fe505358622",
            "messageTitle": "Remove unable to write file bug",
            "messageBody": "",
            "insertions": 1,
            "deletions": 1
          }
        ]
      },
      {
        "insertions": 3,
        "deletions": 3,
        "date": "2019-10-24",
        "commitResults": [
          {
            "hash": "8e9b8f0c6821d11f3acd56dc052551c00267170f",
            "messageTitle": "Fix traling whitespaces",
            "messageBody": "",
            "insertions": 2,
            "deletions": 2
          },
          {
            "hash": "f3c15b1fd0088bc7e7a8664824cb54fab85ec20d",
            "messageTitle": "Fix trailing",
            "messageBody": "",
            "insertions": 1,
            "deletions": 1
          }
        ]
      }
    ]
  },
  "authorFinalContributionMap": {
    "Sukrut1881": 877,
    "Inno97": 3711,
    "hongchuan97": 762,
    "Jefferson111": 2792
  },
  "authorFileTypeContributionMap": {
    "Sukrut1881": {
      "tests": 116,
      "functional": 757,
      "other": 4
    },
    "Inno97": {
      "tests": 471,
      "functional": 3240
    },
    "hongchuan97": {
      "tests": 7,
      "functional": 755
    },
    "Jefferson111": {
      "tests": 334,
      "functional": 2426,
      "other": 32
    }
  },
  "authorContributionVariance": {
    "Sukrut1881": 25547.816,
    "Inno97": 523628.8,
    "hongchuan97": 17115.623,
    "Jefferson111": 505484.47
  },
  "authorDisplayNameMap": {
    "Sukrut1881": "CS2113T-W13-3 GON  . . ESH",
    "Inno97": "CS2113T-W13-3 DAN  . . ANG",
    "hongchuan97": "CS2113T-W13-3 HEN  . . UAN",
    "Jefferson111": "CS2113T-W13-3 CHU  . . CHU"
  }
}
