{
  "authorDailyContributionsMap": {
    "Sukrut1881": [
      {
        "insertions": 113,
        "deletions": 10,
        "date": "2019-10-01",
        "commitResults": [
          {
            "hash": "e700b1d9204353c1370d5c059495926572c301d8",
            "messageTitle": "Added MarkDoneCommand Test",
            "messageBody": "",
            "insertions": 29,
            "deletions": 0
          },
          {
            "hash": "1822fbc183d73ab1d16b9ee972d8de3d3201f6c6",
            "messageTitle": "Added Fixed and DoWithin Test",
            "messageBody": "",
            "insertions": 33,
            "deletions": 0
          },
          {
            "hash": "7e0c85a21a77e2d676130905a0c072b83f571a6f",
            "messageTitle": "Added RecurringTaskTest",
            "messageBody": "",
            "insertions": 20,
            "deletions": 1
          },
          {
            "hash": "64ac057bf38d72e8c81dbdd399e720bb63406fff",
            "messageTitle": "Added ParserStorageUtil Test",
            "messageBody": "",
            "insertions": 30,
            "deletions": 0
          },
          {
            "hash": "23130cf1ea3d4594c18ec73d7421c3537113f742",
            "messageTitle": "Fixed Travis issue",
            "messageBody": "",
            "insertions": 1,
            "deletions": 9
          }
        ]
      },
      {
        "insertions": 306,
        "deletions": 66,
        "date": "2019-10-06",
        "commitResults": [
          {
            "hash": "b637d67dcbac10fee52570d1d0446a9a0b18daef",
            "messageTitle": "Holiday create and findPath command template",
            "messageBody": "",
            "insertions": 177,
            "deletions": 6
          },
          {
            "hash": "20d6ac3a7de9dd70acb53682176c7ece1b99d9f4",
            "messageTitle": "Added persistant storage for Holiday command",
            "messageBody": "",
            "insertions": 38,
            "deletions": 9
          },
          {
            "hash": "afde7c04f29e5dbfecdd856c68ecbe898186ae06",
            "messageTitle": "Fixed Checkstyle",
            "messageBody": "",
            "insertions": 83,
            "deletions": 43
          },
          {
            "hash": "77555595ed8031421f70167a05e07787b10b2ea1",
            "messageTitle": "Cleared the .txt file",
            "messageBody": "",
            "insertions": 8,
            "deletions": 8
          }
        ]
      },
      {
        "insertions": 5,
        "deletions": 11,
        "date": "2019-10-07",
        "commitResults": [
          {
            "hash": "5f4b2244f657de677dda84fd6637b637afd649f2",
            "messageTitle": "Fixed Codacity",
            "messageBody": "",
            "insertions": 5,
            "deletions": 11
          }
        ]
      },
      {
        "insertions": 164,
        "deletions": 30,
        "date": "2019-10-12",
        "commitResults": [
          {
            "hash": "611e897a7e7fe86d3e2a06347b713d6290078f1b",
            "messageTitle": "Added ApiParser to Model, Location changed to Venue",
            "messageBody": "",
            "insertions": 133,
            "deletions": 23
          },
          {
            "hash": "7901a0b88d1e731735970644a055a95ac51e2d09",
            "messageTitle": "Added Enum Class for FindPathCommand",
            "messageBody": "",
            "insertions": 31,
            "deletions": 7
          }
        ]
      },
      {
        "insertions": 167,
        "deletions": 53,
        "date": "2019-10-13",
        "commitResults": [
          {
            "hash": "d3b17c0aa0f09881804672f45b53c5c3aa7582c4",
            "messageTitle": "Added Recommended List",
            "messageBody": "",
            "insertions": 127,
            "deletions": 6
          },
          {
            "hash": "4955025ec7255d96418756fcadbe0f7e68a41020",
            "messageTitle": "Fixed Checkstyle",
            "messageBody": "",
            "insertions": 35,
            "deletions": 35
          },
          {
            "hash": "db10b413b049e5eb78a6c2aa5c798731a9bc7c8b",
            "messageTitle": "Fixed Codacity",
            "messageBody": "",
            "insertions": 5,
            "deletions": 12
          }
        ]
      },
      {
        "insertions": 119,
        "deletions": 65,
        "date": "2019-10-15",
        "commitResults": [
          {
            "hash": "f6c50a995f92fea98808e645e4bef3fe27fb8c4c",
            "messageTitle": "Added Read from recommendations.txt",
            "messageBody": "",
            "insertions": 53,
            "deletions": 34
          },
          {
            "hash": "76e0316fd20f4881e624c0163e392436f375ea07",
            "messageTitle": "Added ReccomendationsCommand Test",
            "messageBody": "",
            "insertions": 39,
            "deletions": 14
          },
          {
            "hash": "ea5d9cbd41e5af5c67a8773fe0d8f3109b52b288",
            "messageTitle": "Fixed Checkstyle",
            "messageBody": "",
            "insertions": 18,
            "deletions": 7
          },
          {
            "hash": "376f3f8321a93c93a853b71b681214abf3e92511",
            "messageTitle": "Fixed Codacity",
            "messageBody": "",
            "insertions": 3,
            "deletions": 5
          },
          {
            "hash": "17bb27f914bbfeddc0915b8f3aa0b6efba0b8423",
            "messageTitle": "Refactoring variable names",
            "messageBody": "",
            "insertions": 3,
            "deletions": 3
          },
          {
            "hash": "23ac10ebac15f13bcf1ed71e6914ec3faaabd52e",
            "messageTitle": "Update ParserStorageUtil.java",
            "messageBody": "",
            "insertions": 1,
            "deletions": 0
          },
          {
            "hash": "1d0e3ea2b06810aa6ea921487710ed430878eb54",
            "messageTitle": "Update ParserStorageUtil.java",
            "messageBody": "",
            "insertions": 1,
            "deletions": 1
          },
          {
            "hash": "20df6ce55324db6679b29e5e5e102c0afa774aa2",
            "messageTitle": "Update Storage.java",
            "messageBody": "",
            "insertions": 1,
            "deletions": 1
          }
        ]
      }
    ],
    "Inno97": [
      {
        "insertions": 70,
        "deletions": 0,
        "date": "2019-10-01",
        "commitResults": [
          {
            "hash": "e94289c0948026924ffbc1757a9b541cdab6376c",
            "messageTitle": "fix errors in fork",
            "messageBody": "",
            "insertions": 70,
            "deletions": 0
          }
        ]
      },
      {
        "insertions": 187,
        "deletions": 2,
        "date": "2019-10-02",
        "commitResults": [
          {
            "hash": "fabd4fc7142d5da89424728aae1c7415cffabd3d",
            "messageTitle": "add API requests support",
            "messageBody": "",
            "insertions": 187,
            "deletions": 2
          }
        ]
      },
      {
        "insertions": 5,
        "deletions": 2,
        "date": "2019-10-03",
        "commitResults": [
          {
            "hash": "00481a38700f9b8cc026856329aa9c02a8c746ad",
            "messageTitle": "Update HttpReq.java",
            "messageBody": "",
            "insertions": 3,
            "deletions": 0
          },
          {
            "hash": "d1112db2e5e0b7e10d2a5061d11790c9770de4ac",
            "messageTitle": "Update UrlReq.java",
            "messageBody": "",
            "insertions": 2,
            "deletions": 0
          },
          {
            "hash": "7ae1372ec60a0205ded469a63f5e61d314c7f7b0",
            "messageTitle": "Update LocationSearchUrlReq.java",
            "messageBody": "",
            "insertions": 0,
            "deletions": 2
          }
        ]
      },
      {
        "insertions": 2256,
        "deletions": 1024,
        "date": "2019-10-10",
        "commitResults": [
          {
            "hash": "c3dc38898864252374654978d8dfa1e843376c18",
            "messageTitle": "add Conversation and Prompt classes",
            "messageBody": "",
            "insertions": 1274,
            "deletions": 71
          },
          {
            "hash": "3c505d3ee07aa5dda6a1f433c1a121d719e63b33",
            "messageTitle": "add threading and timeout support",
            "messageBody": "",
            "insertions": 640,
            "deletions": 490
          },
          {
            "hash": "d71b7151a708494669fb732c6620e10e0bcb6766",
            "messageTitle": "rename Prompt to Conversation, and Conversation to ConversationManager",
            "messageBody": "",
            "insertions": 342,
            "deletions": 463
          }
        ]
      },
      {
        "insertions": 36,
        "deletions": 5,
        "date": "2019-10-14",
        "commitResults": [
          {
            "hash": "8d62f02a08bb14c9f9d5204ca027f2cf8903064b",
            "messageTitle": "fix whitespace error in locationSearchUrlRequest and add Search Conversation",
            "messageBody": "",
            "insertions": 34,
            "deletions": 2
          },
          {
            "hash": "cfeaf9d03e132c111f2aa0c31fbb5e2252bc0d9e",
            "messageTitle": "add timeout to locationSearchUrlRequest",
            "messageBody": "",
            "insertions": 2,
            "deletions": 0
          },
          {
            "hash": "e37109976ca940b265be432b65231bdb93b29d5c",
            "messageTitle": "fix codacy issue with SearchConversation",
            "messageBody": "",
            "insertions": 0,
            "deletions": 3
          }
        ]
      },
      {
        "insertions": 158,
        "deletions": 127,
        "date": "2019-10-15",
        "commitResults": [
          {
            "hash": "a28d7d987677f1196fafe6940f92f95ba3fa6435",
            "messageTitle": "add threading support",
            "messageBody": "",
            "insertions": 26,
            "deletions": 12
          },
          {
            "hash": "f5cd84b2ce003d5862efde564d76ed1ae8038246",
            "messageTitle": "refactor Conversation class",
            "messageBody": "",
            "insertions": 101,
            "deletions": 62
          },
          {
            "hash": "09cd39da82b9ca03dfe8b6a069eabc1013b7674c",
            "messageTitle": "fix api calls giving null responses",
            "messageBody": "",
            "insertions": 30,
            "deletions": 30
          },
          {
            "hash": "6c6bc4a866ff847dd8dcdb32adeaf3ed517d90af",
            "messageTitle": "fix codacy issues",
            "messageBody": "",
            "insertions": 1,
            "deletions": 23
          }
        ]
      },
      {
        "insertions": 55,
        "deletions": 5,
        "date": "2019-10-16",
        "commitResults": [
          {
            "hash": "ef7fae07328daefb8ffbca5953906ca47e04769e",
            "messageTitle": "change requests to use generics and add StaticMapUrlRequest",
            "messageBody": "",
            "insertions": 55,
            "deletions": 5
          }
        ]
      },
      {
        "insertions": 988,
        "deletions": 302,
        "date": "2019-10-17",
        "commitResults": [
          {
            "hash": "51985d9e7543efafd2f2c1e9e3cfdf17c05e3dda",
            "messageTitle": "made abstract CommandResult class, and add map search command",
            "messageBody": "",
            "insertions": 668,
            "deletions": 196
          },
          {
            "hash": "d68837449109c49c6ec7990e97f418dfbc343b11",
            "messageTitle": "add Route and RouteNode classes",
            "messageBody": "",
            "insertions": 319,
            "deletions": 92
          },
          {
            "hash": "b909e44aea04e9fed8f092bcf05fc5b9fe77d710",
            "messageTitle": "Rename route.java to Route.java",
            "messageBody": "",
            "insertions": 0,
            "deletions": 0
          },
          {
            "hash": "69c9ebe8e93cd1600e658047e5149fa8e49af091",
            "messageTitle": "Rename routeNode.java to RouteNode.java",
            "messageBody": "",
            "insertions": 0,
            "deletions": 0
          },
          {
            "hash": "7996d51273202451313eb48e2c397c92ed65378b",
            "messageTitle": "change staticMapUrlRequest to not use SwingFXUtils",
            "messageBody": "",
            "insertions": 1,
            "deletions": 14
          }
        ]
      },
      {
        "insertions": 75,
        "deletions": 57,
        "date": "2019-10-18",
        "commitResults": [
          {
            "hash": "b0c65ccb6a7a346a0160af8009851ee28b1b4544",
            "messageTitle": "fix codacy issues",
            "messageBody": "",
            "insertions": 6,
            "deletions": 44
          },
          {
            "hash": "cbadc73de5a2e72c9f2c3fe1ba26d7791d888ef1",
            "messageTitle": "add interface for CommandResult classes",
            "messageBody": "",
            "insertions": 61,
            "deletions": 5
          },
          {
            "hash": "fb8f0a9376ce69b26aeae0356ef1002c196e64bb",
            "messageTitle": "rename Route to Road",
            "messageBody": "",
            "insertions": 3,
            "deletions": 3
          },
          {
            "hash": "8a63cdbe152543b010dcb429ed1989fc675c7ed7",
            "messageTitle": "rename Road to Route",
            "messageBody": "",
            "insertions": 3,
            "deletions": 3
          },
          {
            "hash": "85ca1307a419dbdf12e15e04a84098e2096896ce",
            "messageTitle": "move Route / RouteNode to transport package",
            "messageBody": "",
            "insertions": 2,
            "deletions": 2
          }
        ]
      }
    ],
    "hongchuan97": [
      {
        "insertions": 89,
        "deletions": 442,
        "date": "2019-10-01",
        "commitResults": [
          {
            "hash": "0373df8a3423bae0aeebc71ca0ce21c86b4a7cec",
            "messageTitle": "Revert \"Merge branch \u0027master\u0027 into master\"",
            "messageBody": "This reverts commit d52d96cc662589f249fd896ff3e779bda1563233, reversing\nchanges made to bd6a6d9c1bd43cc50783bcd47f8f8b0cd03edff9.\n",
            "insertions": 10,
            "deletions": 441
          },
          {
            "hash": "1f132aea97bc04a05e6f5c755500cd24d8ea154c",
            "messageTitle": "Add image and Add Dofixed",
            "messageBody": "",
            "insertions": 78,
            "deletions": 0
          },
          {
            "hash": "28e424dc553b6350089fbad4fef4cd7b33cadfc2",
            "messageTitle": "Fix checkstyle",
            "messageBody": "",
            "insertions": 1,
            "deletions": 1
          }
        ]
      },
      {
        "insertions": 144,
        "deletions": 7,
        "date": "2019-10-06",
        "commitResults": [
          {
            "hash": "5624ac6de8b6d6779c57bc02bf4bb89f29b07c65",
            "messageTitle": "add Http request for datamall",
            "messageBody": "",
            "insertions": 144,
            "deletions": 7
          }
        ]
      },
      {
        "insertions": 120,
        "deletions": 49,
        "date": "2019-10-07",
        "commitResults": [
          {
            "hash": "db15e581cb392dba3bc2c3d961e6d7adc1d02b33",
            "messageTitle": "add getBusRoute",
            "messageBody": "",
            "insertions": 86,
            "deletions": 23
          },
          {
            "hash": "e4028c823f8968b2807101c0037635b63b4f7074",
            "messageTitle": "fixed checkstyle",
            "messageBody": "",
            "insertions": 34,
            "deletions": 26
          }
        ]
      },
      {
        "insertions": 282,
        "deletions": 72,
        "date": "2019-10-08",
        "commitResults": [
          {
            "hash": "829bfc69471f05fc587172e71e5b693bfe1336b9",
            "messageTitle": "add findPath",
            "messageBody": "",
            "insertions": 251,
            "deletions": 27
          },
          {
            "hash": "2438bc563b3dcb9c5432953fbd2b32ef21dfb9b7",
            "messageTitle": "fixed merge confict",
            "messageBody": "",
            "insertions": 17,
            "deletions": 21
          },
          {
            "hash": "efba4904438a5ca7677a9f3931c11d03decec4bc",
            "messageTitle": "fixed codacy",
            "messageBody": "",
            "insertions": 5,
            "deletions": 11
          },
          {
            "hash": "5f0cc4d39dc83f3494cf48709a01ab95c213abff",
            "messageTitle": "fixed more codacy",
            "messageBody": "",
            "insertions": 8,
            "deletions": 11
          },
          {
            "hash": "ec4bc28a3148df5627cf49ea607fe7db6e051abf",
            "messageTitle": "fix codacy",
            "messageBody": "",
            "insertions": 1,
            "deletions": 2
          }
        ]
      },
      {
        "insertions": 0,
        "deletions": 2,
        "date": "2019-10-11",
        "commitResults": [
          {
            "hash": "eaae801f2fa4d86f3d515c17d026725294e4298e",
            "messageTitle": "fixed merge conflict",
            "messageBody": "",
            "insertions": 0,
            "deletions": 2
          }
        ]
      },
      {
        "insertions": 243,
        "deletions": 34,
        "date": "2019-10-15",
        "commitResults": [
          {
            "hash": "73873e99055f69274826cc61522d6aeb7076219b",
            "messageTitle": "change bus data to storage",
            "messageBody": "",
            "insertions": 241,
            "deletions": 32
          },
          {
            "hash": "8a730217f46f0e8febea73c06eeb487fdc9d815d",
            "messageTitle": "fix Codacy",
            "messageBody": "",
            "insertions": 2,
            "deletions": 2
          }
        ]
      }
    ],
    "Jefferson111": [
      {
        "insertions": 742,
        "deletions": 41,
        "date": "2019-09-24",
        "commitResults": [
          {
            "hash": "4650a910489fded64dec5ec3c715d0a5e9009fbb",
            "messageTitle": "Add Daniels\u0027 recurring task",
            "messageBody": "",
            "insertions": 83,
            "deletions": 4
          },
          {
            "hash": "1d53e7c66211a9f8a4a1d201cd593447a37eeea1",
            "messageTitle": "Upgrade viewSchedule command",
            "messageBody": "",
            "insertions": 513,
            "deletions": 1
          },
          {
            "hash": "c5c7d768337eaddb287ab3ff6b885da9f534a9f6",
            "messageTitle": "Add css for MainWindow",
            "messageBody": "",
            "insertions": 146,
            "deletions": 36
          }
        ]
      },
      {
        "insertions": 10,
        "deletions": 16,
        "date": "2019-09-27",
        "commitResults": [
          {
            "hash": "31ef9cc722f11e68a23341df249fed897879a0c5",
            "messageTitle": "Improve code quality",
            "messageBody": "",
            "insertions": 10,
            "deletions": 16
          }
        ]
      },
      {
        "insertions": 18,
        "deletions": 0,
        "date": "2019-09-28",
        "commitResults": [
          {
            "hash": "c6fa1f59f96bc9a581364bb6c5ac949493472461",
            "messageTitle": "Update User Guide",
            "messageBody": "",
            "insertions": 18,
            "deletions": 0
          }
        ]
      },
      {
        "insertions": 3,
        "deletions": 3,
        "date": "2019-10-01",
        "commitResults": [
          {
            "hash": "95df9c6cd927b72a8b43c3b3f06b451d51afbf4f",
            "messageTitle": "Update Fixed.java",
            "messageBody": "",
            "insertions": 1,
            "deletions": 1
          },
          {
            "hash": "cfea8022e7015d1558ff24794144bdd3892ae833",
            "messageTitle": "Update DeleteCommandTest.java",
            "messageBody": "",
            "insertions": 2,
            "deletions": 2
          }
        ]
      },
      {
        "insertions": 1,
        "deletions": 1,
        "date": "2019-10-02",
        "commitResults": [
          {
            "hash": "194a5d80032c394390fe4988ca154b3123d872a2",
            "messageTitle": "Update RecurringTaskTest.java",
            "messageBody": "",
            "insertions": 1,
            "deletions": 1
          }
        ]
      },
      {
        "insertions": 57,
        "deletions": 28,
        "date": "2019-10-04",
        "commitResults": [
          {
            "hash": "c497f998ceda55762711af28052637e967b0f84d",
            "messageTitle": "Update destination task type",
            "messageBody": "Can get coordinates from destination class itself now\n",
            "insertions": 52,
            "deletions": 26
          },
          {
            "hash": "924ffdc3b17a3a59bd237fe3965d8b21843498b1",
            "messageTitle": "Fix checkstyle",
            "messageBody": "",
            "insertions": 5,
            "deletions": 2
          }
        ]
      },
      {
        "insertions": 339,
        "deletions": 148,
        "date": "2019-10-05",
        "commitResults": [
          {
            "hash": "3822e132fa0087472e095c37575c824a2cd77a0a",
            "messageTitle": "Add Location class",
            "messageBody": "",
            "insertions": 184,
            "deletions": 148
          },
          {
            "hash": "52b5f90a3d50797ae1071c51ecfae46567092274",
            "messageTitle": "Add map",
            "messageBody": "",
            "insertions": 155,
            "deletions": 0
          }
        ]
      },
      {
        "insertions": 231,
        "deletions": 141,
        "date": "2019-10-07",
        "commitResults": [
          {
            "hash": "a9f6be61583b73a974b648c69fb394893fd2e5c0",
            "messageTitle": "update map image",
            "messageBody": "",
            "insertions": 2,
            "deletions": 4
          },
          {
            "hash": "96d40e5721934d850c0e478b1dffc92807b8338d",
            "messageTitle": "Add map command for developing use",
            "messageBody": "",
            "insertions": 27,
            "deletions": 7
          },
          {
            "hash": "2712a30ff60a4aa56ad34831368a8eb243de3196",
            "messageTitle": "More natural language by removing /",
            "messageBody": "",
            "insertions": 5,
            "deletions": 5
          },
          {
            "hash": "ac9bce42e9409afacd65c09b94bd7eb3f2608f55",
            "messageTitle": "Code quality stuff",
            "messageBody": "",
            "insertions": 1,
            "deletions": 2
          },
          {
            "hash": "95f927f18116158d88134f14191ddbb594d3f6cd",
            "messageTitle": "Missing EOF",
            "messageBody": "",
            "insertions": 1,
            "deletions": 1
          },
          {
            "hash": "f5b5eae860006372aab32b580f2bdd0f7ca48455",
            "messageTitle": "Refactor",
            "messageBody": "",
            "insertions": 195,
            "deletions": 122
          }
        ]
      },
      {
        "insertions": 21,
        "deletions": 39,
        "date": "2019-10-09",
        "commitResults": [
          {
            "hash": "a79bc821ebaaea1af802a794f03f521e584a165e",
            "messageTitle": "Delete MapCommand",
            "messageBody": "",
            "insertions": 21,
            "deletions": 39
          }
        ]
      },
      {
        "insertions": 599,
        "deletions": 11,
        "date": "2019-10-12",
        "commitResults": [
          {
            "hash": "49fcf8a4707ea6ce7ea93d6e58a1ad792e0ac7e4",
            "messageTitle": "Update model stuff",
            "messageBody": "",
            "insertions": 282,
            "deletions": 0
          },
          {
            "hash": "c3a3e663cedfb5d6a9dd09ef45ff529914cd37ea",
            "messageTitle": "Add more model stuff",
            "messageBody": "",
            "insertions": 317,
            "deletions": 11
          }
        ]
      },
      {
        "insertions": 1132,
        "deletions": 1782,
        "date": "2019-10-13",
        "commitResults": [
          {
            "hash": "76cfeba1aba55dc8b48397cd7384c726e6f4637c",
            "messageTitle": "Lots of cleanup",
            "messageBody": "",
            "insertions": 1046,
            "deletions": 1762
          },
          {
            "hash": "3a14d08d653c14ead1706efa5c69256dc19baf8d",
            "messageTitle": "Codacy stuff",
            "messageBody": "",
            "insertions": 6,
            "deletions": 7
          },
          {
            "hash": "ceed698da84f6505b03f78aa144dca26f39240be",
            "messageTitle": "Add tests",
            "messageBody": "",
            "insertions": 11,
            "deletions": 10
          },
          {
            "hash": "65bcf3f61102d05ca691b18d12650973a93f17d3",
            "messageTitle": "Add tests",
            "messageBody": "",
            "insertions": 18,
            "deletions": 1
          },
          {
            "hash": "eac7b7ef3e6307f81c0b0a4ae842f25a1828b409",
            "messageTitle": "Add tests",
            "messageBody": "",
            "insertions": 50,
            "deletions": 1
          },
          {
            "hash": "697b2848c3df91f1dc5ca4e4cca9a1b9acd4508f",
            "messageTitle": "Add missing EOF",
            "messageBody": "",
            "insertions": 1,
            "deletions": 1
          }
        ]
      },
      {
        "insertions": 1022,
        "deletions": 1804,
        "date": "2019-10-14",
        "commitResults": [
          {
            "hash": "acf61815d6095ac867c2bdcfe18eb76c676917b8",
            "messageTitle": "Add message when command is cancelled",
            "messageBody": "",
            "insertions": 32,
            "deletions": 10
          },
          {
            "hash": "87d965223ca82fca7fad6f64a5479bd1db3bb9fb",
            "messageTitle": "Merge model",
            "messageBody": "",
            "insertions": 246,
            "deletions": 1635
          },
          {
            "hash": "3c0f105aaed1c08052a019d8b81dcdcb801a4aa4",
            "messageTitle": "Update tests",
            "messageBody": "",
            "insertions": 599,
            "deletions": 153
          },
          {
            "hash": "833660879339b6d2b8640f003017ca318c5e215a",
            "messageTitle": "Add tests",
            "messageBody": "",
            "insertions": 130,
            "deletions": 0
          },
          {
            "hash": "3ea230370d14173ddd5206e50eb3ff996b0cb89c",
            "messageTitle": "gitignore data",
            "messageBody": "",
            "insertions": 15,
            "deletions": 6
          }
        ]
      }
    ]
  },
  "authorFinalContributionMap": {
    "Sukrut1881": 287,
    "Inno97": 1268,
    "hongchuan97": 499,
    "Jefferson111": 2558
  },
  "authorFileTypeContributionMap": {
    "Sukrut1881": {
      "tests": 71,
      "functional": 216
    },
    "Inno97": {
      "tests": 16,
      "functional": 1252
    },
    "hongchuan97": {
      "tests": 7,
      "functional": 492
    },
    "Jefferson111": {
      "tests": 246,
      "functional": 2307,
      "other": 5
    }
  },
  "authorContributionVariance": {
    "Sukrut1881": 8204.88,
    "Inno97": 412262.06,
    "hongchuan97": 16311.429,
    "Jefferson111": 551974.56
  },
  "authorDisplayNameMap": {
    "Sukrut1881": "CS2113T-W13-3 GON  . . ESH",
    "Inno97": "CS2113T-W13-3 DAN  . . ANG",
    "hongchuan97": "CS2113T-W13-3 HEN  . . UAN",
    "Jefferson111": "CS2113T-W13-3 CHU  . . CHU"
  }
}
