{
  "authorDailyContributionsMap": {
    "limsiying": [
      {
        "insertions": 243,
        "deletions": 209,
        "date": "2019-09-25",
        "commitResults": [
          {
            "hash": "55543ca6899aecda078d311729bdfd7d9c8e7cdc",
            "messageTitle": "tidy up packages (#32)",
            "messageBody": "This closes #29.",
            "insertions": 243,
            "deletions": 209
          }
        ]
      },
      {
        "insertions": 61,
        "deletions": 52,
        "date": "2019-09-29",
        "commitResults": [
          {
            "hash": "1c586aecc9419cc54a2adbed107cdcb6eae1846d",
            "messageTitle": "Refactor Schedule class to TimeFrame  (#40)",
            "messageBody": "",
            "insertions": 45,
            "deletions": 39
          },
          {
            "hash": "a7ff5d3a2df5b79996295cc41f85e7e21bdf49d6",
            "messageTitle": "small update (#45)",
            "messageBody": "* test\r\n\r\n* test\r\n\r\n* test\r\n\r\n* test\r\n\r\n* test\r\n\r\n* test\r\n\r\n* test\r\n\r\n* image\r\n\r\n* image\r\n\r\n* image\r\n\r\n* image\r\n\r\n* update\r\n\r\n* update\r\n\r\n* update\r\n\r\n* update\r\n\r\n* update\r\n\r\n* update\r\n\r\n* refactor Schedule to TimeFrame\r\n\r\n* Add implements Comparable\u003cTimeFrame\u003e\r\n\r\n* 092919 ui fix (#2)\r\n\r\n* udate\r\n\r\n* udate\r\n\r\n* refactor Schedule to TimeFrame\r\n\r\n* update\r\n\r\n* update\r\n\r\n* update change in schedule command\r\n\r\n* fix merge conflict and bug\r\n\r\n* minor code change\r\n",
            "insertions": 16,
            "deletions": 13
          }
        ]
      },
      {
        "insertions": 60,
        "deletions": 43,
        "date": "2019-10-04",
        "commitResults": [
          {
            "hash": "189169e257e22d40d5dc57976b9bb1f84bfd209f",
            "messageTitle": "Add week view for ViewScheduleCommand (#55)",
            "messageBody": "* test\r\n\r\n* test\r\n\r\n* test\r\n\r\n* test\r\n\r\n* test\r\n\r\n* test\r\n\r\n* test\r\n\r\n* image\r\n\r\n* image\r\n\r\n* image\r\n\r\n* image\r\n\r\n* update\r\n\r\n* update\r\n\r\n* update\r\n\r\n* update\r\n\r\n* update\r\n\r\n* update\r\n\r\n* refactor Schedule to TimeFrame\r\n\r\n* Add implements Comparable\u003cTimeFrame\u003e\r\n\r\n* 092919 ui fix (#2)\r\n\r\n* udate\r\n\r\n* udate\r\n\r\n* refactor Schedule to TimeFrame\r\n\r\n* update\r\n\r\n* update\r\n\r\n* update change in schedule command\r\n\r\n* fix merge conflict and bug\r\n\r\n* minor code change\r\n\r\n* add academic context to date\r\n\r\n* modify ViewScheduleCommand to accept date range\r\n\r\n* add academic context to date\r\n\r\n* update to latest (#5)\r\n\r\n* merge to latest (#3)\r\n\r\n* refactor Schedule to TimeFrame\r\n\r\n* Add implements Comparable\u003cTimeFrame\u003e\r\n\r\n* 092919 ui fix (#2)\r\n\r\n* udate\r\n\r\n* udate\r\n\r\n* refactor Schedule to TimeFrame\r\n\r\n* Refactor Schedule class to TimeFrame  (#40)\r\n\r\n* Refactor TimeFrame class (#42)\r\n\r\n* Reimplement TimeFrameClass\r\n\r\n* Refactor ViewScheduleCommand\r\n\r\n* Allow for instantaneous tasks\r\n\r\n* Implement printing of schedule\r\n\r\n* update\r\n\r\n* update\r\n\r\n* update change in schedule command\r\n\r\n* fix merge conflict and bug\r\n\r\n* minor code change\r\n\r\n* Add date context (#4)\r\n\r\n* refactor Schedule to TimeFrame\r\n\r\n* Add implements Comparable\u003cTimeFrame\u003e\r\n\r\n* 092919 ui fix (#2)\r\n\r\n* udate\r\n\r\n* udate\r\n\r\n* refactor Schedule to TimeFrame\r\n\r\n* Refactor Schedule class to TimeFrame  (#40)\r\n\r\n* Refactor TimeFrame class (#42)\r\n\r\n* Reimplement TimeFrameClass\r\n\r\n* Refactor ViewScheduleCommand\r\n\r\n* Allow for instantaneous tasks\r\n\r\n* Implement printing of schedule\r\n\r\n* update\r\n\r\n* update\r\n\r\n* update change in schedule command\r\n\r\n* fix merge conflict and bug\r\n\r\n* minor code change\r\n\r\n* add academic context to date\r\n\r\n* modify ViewScheduleCommand to accept date range\r\n\r\n* add academic context to date\r\n\r\n* add week view\r\n\r\n* improve code quality\r\n\r\n* refactor Date to LocalDateTime, fix bug causing incorrect date resets\r\n\r\n* Add week view\r\n\r\n* Update javadoc\r\n\r\n* remove time run\r\n\r\n* remove time run\r\n\r\n* Merge branch \u0027master\u0027 of https://github.com/AY1920S1-CS2113T-T09-2/main into add_weekView\r\n\r\n# Conflicts:\r\n#\tsrc/main/java/Duke.java\r\n#\tsrc/main/java/duchess/logic/commands/ViewScheduleCommand.java\r\n\r\n* fix checkstyle indentation\r\n",
            "insertions": 60,
            "deletions": 43
          }
        ]
      },
      {
        "insertions": 234,
        "deletions": 32,
        "date": "2019-10-08",
        "commitResults": [
          {
            "hash": "adfc845b80d8042eb7dbe9d3892c82218726e739",
            "messageTitle": "Add academic context to chosen schedule date. (#83)",
            "messageBody": "* Add schedule command\r\n\r\n* Yellow flag handling\r\n\r\n* Add ui to show schedule\r\n\r\n* Add ViewSchedule command\r\n\r\n* Add view schedule message\r\n\r\n* Add command allowing user to view time specific tasks\r\n\r\n* Change Date states to public\r\n\r\n* Change Date states to public\r\n\r\n* Add test for ViewScheduleCommand\r\n\r\n* Add ViewScheduleCommand\r\n\r\n* Change back to private states\r\n\r\n* Change back to private states\r\n\r\n* Add test for ViewScheduleCommand\r\n\r\n* Add overload showSearchResult method\r\n\r\n* Add ViewScheduleCommand\r\n\r\n* ViewScheduleCommand displays separate events and deadlines for any given time period\r\n\r\n* ViewScheduleCommand displays separate events and deadlines for any given time period\r\n\r\n* Add getDate methods\r\n\r\n* Add getDate methods\r\n\r\n* Add ViewScheduleCommand\r\n\r\n* Add javadoc\r\n\r\n* Add javadoc\r\n\r\n* Add javadoc\r\n\r\n* Organise imports\r\n\r\n* Expand imports for checkstyle :(\r\n\r\n* Bug fix\r\n\r\n* Add abstract boolean isWithinTimeFrame\r\n\r\n* Change schedule ui\r\n\r\n* Add abstract method isWithinTimeFrame\r\n\r\n* Add abstract method isWithinTimeFrame\r\n\r\n* Add abstract method isWithinTimeFrame\r\n\r\n* Test ViewScheduleCommand\r\n\r\n* Add new abtract method isWithinTimeFrame\r\n\r\n* Add new abtract method isWithinTimeFrame\r\n\r\n* Add new abtract method isWithinTimeFrame\r\n\r\n* Add Schedule for printing time table\r\n\r\n* Add ViewScheduleCommand\r\n\r\n* Add timetable interface\r\n\r\n* Add abstract Schedule method\r\n\r\n* Add abstract Schedule method\r\n\r\n* Add abstract Schedule method\r\n\r\n* Add abstract Schedule method\r\n\r\n* Organise imports\r\n\r\n* Update with ui image, features and commands\r\n\r\n* Update\r\n\r\n* Update\r\n\r\n* Update\r\n\r\n* Update\r\n\r\n* Update\r\n\r\n* Update\r\n\r\n* Update\r\n\r\n* Update\r\n\r\n* Update\r\n\r\n* Update\r\n\r\n* Update\r\n\r\n* Update\r\n\r\n* Add javadoc and format code\r\n\r\n* Change nested loop\r\n\r\n* Add javadoc\r\n\r\n* Organise imports\r\n\r\n* Organise imports\r\n\r\n* im so technically challenged\r\n\r\n* Add test for Schedule\r\n\r\n* Add test for Schedule\r\n\r\n* Update features and commands\r\n\r\n* update link to Ui.png\r\n\r\n* test\r\n\r\n* test\r\n\r\n* test\r\n\r\n* test\r\n\r\n* test\r\n\r\n* test\r\n\r\n* test\r\n\r\n* test\r\n\r\n* image\r\n\r\n* image\r\n\r\n* image\r\n\r\n* image\r\n\r\n* update\r\n\r\n* update\r\n\r\n* update\r\n\r\n* update\r\n\r\n* update\r\n\r\n* update\r\n\r\n* refactor Schedule to TimeFrame\r\n\r\n* Add implements Comparable\u003cTimeFrame\u003e\r\n\r\n* 092919 ui fix (#2)\r\n\r\n* udate\r\n\r\n* udate\r\n\r\n* refactor Schedule to TimeFrame\r\n\r\n* update\r\n\r\n* update\r\n\r\n* update change in schedule command\r\n\r\n* fix merge conflict and bug\r\n\r\n* minor code change\r\n\r\n* merge to latest (#3)\r\n\r\n* refactor Schedule to TimeFrame\r\n\r\n* Add implements Comparable\u003cTimeFrame\u003e\r\n\r\n* 092919 ui fix (#2)\r\n\r\n* udate\r\n\r\n* udate\r\n\r\n* refactor Schedule to TimeFrame\r\n\r\n* Refactor Schedule class to TimeFrame  (#40)\r\n\r\n* Refactor TimeFrame class (#42)\r\n\r\n* Reimplement TimeFrameClass\r\n\r\n* Refactor ViewScheduleCommand\r\n\r\n* Allow for instantaneous tasks\r\n\r\n* Implement printing of schedule\r\n\r\n* update\r\n\r\n* update\r\n\r\n* update change in schedule command\r\n\r\n* fix merge conflict and bug\r\n\r\n* minor code change\r\n\r\n* add academic context to date\r\n\r\n* modify ViewScheduleCommand to accept date range\r\n\r\n* add academic context to date\r\n\r\n* Add date context (#4)\r\n\r\n* refactor Schedule to TimeFrame\r\n\r\n* Add implements Comparable\u003cTimeFrame\u003e\r\n\r\n* 092919 ui fix (#2)\r\n\r\n* udate\r\n\r\n* udate\r\n\r\n* refactor Schedule to TimeFrame\r\n\r\n* Refactor Schedule class to TimeFrame  (#40)\r\n\r\n* Refactor TimeFrame class (#42)\r\n\r\n* Reimplement TimeFrameClass\r\n\r\n* Refactor ViewScheduleCommand\r\n\r\n* Allow for instantaneous tasks\r\n\r\n* Implement printing of schedule\r\n\r\n* update\r\n\r\n* update\r\n\r\n* update change in schedule command\r\n\r\n* fix merge conflict and bug\r\n\r\n* minor code change\r\n\r\n* add academic context to date\r\n\r\n* modify ViewScheduleCommand to accept date range\r\n\r\n* add academic context to date\r\n\r\n* update to latest (#5)\r\n\r\n* merge to latest (#3)\r\n\r\n* refactor Schedule to TimeFrame\r\n\r\n* Add implements Comparable\u003cTimeFrame\u003e\r\n\r\n* 092919 ui fix (#2)\r\n\r\n* udate\r\n\r\n* udate\r\n\r\n* refactor Schedule to TimeFrame\r\n\r\n* Refactor Schedule class to TimeFrame  (#40)\r\n\r\n* Refactor TimeFrame class (#42)\r\n\r\n* Reimplement TimeFrameClass\r\n\r\n* Refactor ViewScheduleCommand\r\n\r\n* Allow for instantaneous tasks\r\n\r\n* Implement printing of schedule\r\n\r\n* update\r\n\r\n* update\r\n\r\n* update change in schedule command\r\n\r\n* fix merge conflict and bug\r\n\r\n* minor code change\r\n\r\n* Add date context (#4)\r\n\r\n* refactor Schedule to TimeFrame\r\n\r\n* Add implements Comparable\u003cTimeFrame\u003e\r\n\r\n* 092919 ui fix (#2)\r\n\r\n* udate\r\n\r\n* udate\r\n\r\n* refactor Schedule to TimeFrame\r\n\r\n* Refactor Schedule class to TimeFrame  (#40)\r\n\r\n* Refactor TimeFrame class (#42)\r\n\r\n* Reimplement TimeFrameClass\r\n\r\n* Refactor ViewScheduleCommand\r\n\r\n* Allow for instantaneous tasks\r\n\r\n* Implement printing of schedule\r\n\r\n* update\r\n\r\n* update\r\n\r\n* update change in schedule command\r\n\r\n* fix merge conflict and bug\r\n\r\n* minor code change\r\n\r\n* add academic context to date\r\n\r\n* modify ViewScheduleCommand to accept date range\r\n\r\n* add academic context to date\r\n\r\n* add week view\r\n\r\n* update with V2.0 features\r\n\r\n* update with V2.0 features\r\n\r\n* improve code quality\r\n\r\n* refactor Date to LocalDateTime, fix bug causing incorrect date resets\r\n\r\n* Add week view\r\n\r\n* Update javadoc\r\n\r\n* remove time run\r\n\r\n* remove time run\r\n\r\n* Merge branch \u0027master\u0027 of https://github.com/AY1920S1-CS2113T-T09-2/main into add_weekView\r\n\r\n# Conflicts:\r\n#\tsrc/main/java/Duke.java\r\n#\tsrc/main/java/duchess/logic/commands/ViewScheduleCommand.java\r\n\r\n* fix checkstyle indentation\r\n\r\n* add academic context to date\r\n\r\n* update\r\n\r\n* update\r\n\r\n* update\r\n\r\n* update\r\n\r\n* update\r\n\r\n* update\r\n\r\n* update\r\n\r\n* update\r\n\r\n* add junit tests\r\n\r\n* fix checkstyle\r\n\r\n* fix checkstyle\r\n\r\n* edit according to review\r\n\r\n* change according to requested changes\r\n",
            "insertions": 234,
            "deletions": 32
          }
        ]
      },
      {
        "insertions": 360,
        "deletions": 285,
        "date": "2019-10-15",
        "commitResults": [
          {
            "hash": "886a6ff1941e7f7cccbd443334d06b67913c653c",
            "messageTitle": "Add support to manage calendar for current academic year (#113)",
            "messageBody": "* add CalendarManager\r\n\r\n* add support to manage calendar for the current academic year\r\n\r\n* edit according to review\r\n\r\n* fix checkstyle\r\n",
            "insertions": 130,
            "deletions": 23
          },
          {
            "hash": "fa496afe8ca28a534afbe680888ea41dce6063e6",
            "messageTitle": "Add events which fall under the current academic year to calendar (#118)",
            "messageBody": "* insert events within current AY to calendar\r\n\r\n* add javadoc\r\n",
            "insertions": 182,
            "deletions": 246
          },
          {
            "hash": "5803445a5d7fb5504971a2c9b5165bb910c35caa",
            "messageTitle": "Add ability to delete events from calendar (#125)",
            "messageBody": "* Add ability to delete events from calendar",
            "insertions": 48,
            "deletions": 16
          }
        ]
      }
    ],
    "mohideenik": [
      {
        "insertions": 57,
        "deletions": 60,
        "date": "2019-09-25",
        "commitResults": [
          {
            "hash": "44b05806adf966fe285eb936bb3199a6bf96d70e",
            "messageTitle": "Remove instanceof from Snoozeable (#35)",
            "messageBody": "",
            "insertions": 57,
            "deletions": 60
          }
        ]
      },
      {
        "insertions": 112,
        "deletions": 193,
        "date": "2019-09-29",
        "commitResults": [
          {
            "hash": "72bd9de6489a1d6764056881098f7896e3d2d5d5",
            "messageTitle": "Refactor TimeFrame class (#42)",
            "messageBody": "* Reimplement TimeFrameClass\r\n\r\n* Refactor ViewScheduleCommand\r\n\r\n* Allow for instantaneous tasks\r\n\r\n* Implement printing of schedule\r\n",
            "insertions": 112,
            "deletions": 193
          }
        ]
      },
      {
        "insertions": 133,
        "deletions": 26,
        "date": "2019-10-01",
        "commitResults": [
          {
            "hash": "0c458a3c0e036765cdd4fca8367dab9fb79efbca",
            "messageTitle": "Change storage mechanism to JSON (#52)",
            "messageBody": "",
            "insertions": 133,
            "deletions": 26
          }
        ]
      },
      {
        "insertions": 189,
        "deletions": 133,
        "date": "2019-10-02",
        "commitResults": [
          {
            "hash": "733afd4e9dacac59951894f2f210f2eacacc309e",
            "messageTitle": "Implement basic module with central store (#53)",
            "messageBody": "* Clean up code and add support for tags\r\n\r\n* Add modules and a common store\r\n\r\n* Use optional to aggregate reminders\r\n",
            "insertions": 189,
            "deletions": 133
          }
        ]
      },
      {
        "insertions": 176,
        "deletions": 149,
        "date": "2019-10-04",
        "commitResults": [
          {
            "hash": "3627908b45461ced63b5e46f20af49f71638e3c3",
            "messageTitle": "Remove TaskList class",
            "messageBody": "",
            "insertions": 11,
            "deletions": 113
          },
          {
            "hash": "d48816ea10ea2fefb9b03f65357202fa96ab8680",
            "messageTitle": "Reorganize DukeException class",
            "messageBody": "",
            "insertions": 26,
            "deletions": 26
          },
          {
            "hash": "183964e101098d831f24c6eb3b1c35c0e102eca7",
            "messageTitle": "Add command to add module",
            "messageBody": "",
            "insertions": 139,
            "deletions": 10
          }
        ]
      },
      {
        "insertions": 68,
        "deletions": 22,
        "date": "2019-10-11",
        "commitResults": [
          {
            "hash": "294de88412672ee448b22ae0c93ad41d0804e16a",
            "messageTitle": "Add ability to tag tasks with modules (#95)",
            "messageBody": "",
            "insertions": 68,
            "deletions": 22
          }
        ]
      },
      {
        "insertions": 303,
        "deletions": 49,
        "date": "2019-10-12",
        "commitResults": [
          {
            "hash": "a7bb2db9ecbf58b020bd11eb38fe0b8d352773fa",
            "messageTitle": "Add codacy and coveralls badges to readme (#97)",
            "messageBody": "",
            "insertions": 33,
            "deletions": 0
          },
          {
            "hash": "5ef02eff0bfd5017bde0ae170c3ee80d115bde69",
            "messageTitle": "Automate Javadoc deployment (#101)",
            "messageBody": "",
            "insertions": 4,
            "deletions": 0
          },
          {
            "hash": "264863898d73df730550efdf03bf2c3b5bf797a9",
            "messageTitle": "Add ability to delete modules (#105)",
            "messageBody": "",
            "insertions": 266,
            "deletions": 49
          }
        ]
      },
      {
        "insertions": 190,
        "deletions": 58,
        "date": "2019-10-13",
        "commitResults": [
          {
            "hash": "23b63074c868811e21c8715bed4473305b6cd60f",
            "messageTitle": "Improve code quality (#106)",
            "messageBody": "",
            "insertions": 190,
            "deletions": 58
          }
        ]
      },
      {
        "insertions": 423,
        "deletions": 204,
        "date": "2019-10-14",
        "commitResults": [
          {
            "hash": "3ab514f6177718511cf6aa86d522135e5bd7f85e",
            "messageTitle": "Refactor parser in preparation for interactive parsing (#110)",
            "messageBody": "* Refactor parser in preparation for interactive parsing\r\n\r\n* Add function to parameterize user input\r\n\r\n* Add tests for util functions\r\n\r\n* Refactor ListCommand parsing\r\n",
            "insertions": 423,
            "deletions": 204
          }
        ]
      },
      {
        "insertions": 359,
        "deletions": 28,
        "date": "2019-10-15",
        "commitResults": [
          {
            "hash": "79f9fb008d7766af9fec7afb1e9403ab0ce991fa",
            "messageTitle": "Add interactive add module command (#121)",
            "messageBody": "",
            "insertions": 248,
            "deletions": 28
          },
          {
            "hash": "76bd4d2515d0fd9c589f4e021d20a96a4c963f54",
            "messageTitle": "Add tests for parser (#128)",
            "messageBody": "",
            "insertions": 111,
            "deletions": 0
          }
        ]
      }
    ],
    "nishanthelango": [
      {
        "insertions": 47,
        "deletions": 18,
        "date": "2019-09-27",
        "commitResults": [
          {
            "hash": "3aa829c1c39dc0daf61fff8175da1167b7295bf4",
            "messageTitle": "Remove instanceof from TaskList (#39)",
            "messageBody": "",
            "insertions": 47,
            "deletions": 18
          }
        ]
      },
      {
        "insertions": 26,
        "deletions": 35,
        "date": "2019-10-01",
        "commitResults": [
          {
            "hash": "9138e8bd52107569313a8e35666da6b6bf790c45",
            "messageTitle": "Clean up code (#51)",
            "messageBody": "* remove unecessary functions and rename addDeadlines()",
            "insertions": 26,
            "deletions": 35
          }
        ]
      },
      {
        "insertions": 86,
        "deletions": 98,
        "date": "2019-10-02",
        "commitResults": [
          {
            "hash": "b71c9b20f71092c96717077f9a78397e14f4e536",
            "messageTitle": "Replace SimpleDateFormat with LocalDateTime (#57)",
            "messageBody": "",
            "insertions": 86,
            "deletions": 98
          }
        ]
      },
      {
        "insertions": 123,
        "deletions": 123,
        "date": "2019-10-06",
        "commitResults": [
          {
            "hash": "6a8db28b0aaa0ffc0e21d63ef0d83cfcf4e16857",
            "messageTitle": "Fix Jackson problem for LocalDateTime (#79)",
            "messageBody": "* Store LocalDateTime objects as strings in JSON\r\n\r\n\r\n",
            "insertions": 123,
            "deletions": 123
          }
        ]
      },
      {
        "insertions": 53,
        "deletions": 14,
        "date": "2019-10-08",
        "commitResults": [
          {
            "hash": "d96a758ef6329c7592d81ed4f8e41440304a3f20",
            "messageTitle": "Add flexibility in searching for items using find command (#82)",
            "messageBody": "* Add longest common subsequence for better search\r\n\r\n* Add option to search for exact matches\r\n",
            "insertions": 53,
            "deletions": 14
          }
        ]
      },
      {
        "insertions": 24,
        "deletions": 6,
        "date": "2019-10-12",
        "commitResults": [
          {
            "hash": "dad5e36b7fb0a24028405f8a45890e7aa41d5a3b",
            "messageTitle": "Add sorting based on similarity for FindCommand (#104)",
            "messageBody": "* Add sorting based on similarity for FindCommand\r\n",
            "insertions": 24,
            "deletions": 6
          }
        ]
      },
      {
        "insertions": 160,
        "deletions": 139,
        "date": "2019-10-14",
        "commitResults": [
          {
            "hash": "3a71f1e05cc670c16314599de17464cbaababaa2",
            "messageTitle": "Move parsing from commands to parser (#111)",
            "messageBody": "* shift todo parsing\r\n\r\n* shift deadline parsing\r\n\r\n* modify unit tests\r\n",
            "insertions": 160,
            "deletions": 139
          }
        ]
      }
    ],
    "muserr": [
      {
        "insertions": 29,
        "deletions": 7,
        "date": "2019-09-26",
        "commitResults": [
          {
            "hash": "b79782d0ec14b2c5574cf4efdd335a14ae4bffde",
            "messageTitle": "Remove instanceof from ReminderCommand (#36)",
            "messageBody": "* Remove instanceof from ReminderCommand\r\n\r\n* Generalize reminders to tasks\r\n",
            "insertions": 29,
            "deletions": 7
          }
        ]
      },
      {
        "insertions": 10,
        "deletions": 6,
        "date": "2019-10-01",
        "commitResults": [
          {
            "hash": "8b0bcd1a7e455d656b54746e23ffa3de6684800e",
            "messageTitle": "Reminder command updates v1.1 (#50)",
            "messageBody": "* Remove instanceof from ReminderCommand\r\n\r\n* Updates to ReminderCommand V1.0\r\n\r\n* Sorts reminders in ascending order\r\n\r\n* Includes Event as part of reminder display\r\n\r\n* Updates to reminderCommand V1.1\r\n",
            "insertions": 10,
            "deletions": 6
          }
        ]
      },
      {
        "insertions": 25,
        "deletions": 25,
        "date": "2019-10-02",
        "commitResults": [
          {
            "hash": "2a69c161e8f8e3ba8ae4b574f041c42f0d840e04",
            "messageTitle": "Checkstyle fix (#58)",
            "messageBody": "* Remove instanceof from ReminderCommand\r\n\r\n* Updates to ReminderCommand V1.0\r\n\r\n* Sorts reminders in ascending order\r\n\r\n* Includes Event as part of reminder display\r\n\r\n* Merges with upstream\r\n\r\n* Changes to Indent Case\r\n\r\n* Changes to switch case alignment\r\n",
            "insertions": 25,
            "deletions": 25
          }
        ]
      },
      {
        "insertions": 64,
        "deletions": 13,
        "date": "2019-10-04",
        "commitResults": [
          {
            "hash": "a48c1fc568798f562131fd650e2714b0725d21f4",
            "messageTitle": "Includes history log V1.0 (#69)",
            "messageBody": "* Remove instanceof from ReminderCommand\r\n\r\n* Updates to ReminderCommand V1.0\r\n\r\n* Sorts reminders in ascending order\r\n\r\n* Includes Event as part of reminder display\r\n\r\n* Merges with upstream\r\n\r\n* Changes to Indent Case\r\n\r\n* Changes to switch case alignment\r\n\r\n* Includes history log V1.0\r\n\r\n* Includes history log V1.1\r\n",
            "insertions": 64,
            "deletions": 13
          }
        ]
      },
      {
        "insertions": 211,
        "deletions": 9,
        "date": "2019-10-07",
        "commitResults": [
          {
            "hash": "134798b2cea050ddde188939ae12e387230e95b9",
            "messageTitle": "Includes undo features (#84)",
            "messageBody": "* Remove instanceof from ReminderCommand\r\n\r\n* Updates to ReminderCommand V1.0\r\n\r\n* Sorts reminders in ascending order\r\n\r\n* Includes Event as part of reminder display\r\n\r\n* Merges with upstream\r\n\r\n* Changes to Indent Case\r\n\r\n* Changes to switch case alignment\r\n\r\n* Includes history log V1.0\r\n\r\n* Includes history log V1.1\r\n\r\n* Includes undo V1.0\r\n\r\n* Includes undo V1.0\r\n\r\n* Includes undo base\r\n\r\n* Includes undo V1.1\r\n\r\n* Changes to store static\r\n\r\n* Includes undo V1.2\r\n\r\n* Includes misc 1\r\n\r\n* Includes misc 2\r\n\r\n* Includes undo V2.0\r\n\r\n* Includes misc 3\r\n\r\n* Includes undo V2.1\r\n\r\n* Includes misc 4\r\n\r\n* Includes undo V2.2, improvements to base code\r\n\r\n* Includes undo boolean 1\r\n\r\n* Includes set undo boolean to commands\r\n\r\n* Includes misc 5\r\n\r\n* Resolves checkstyle issues\r\n\r\n* Changes to exception throws placement\r\n",
            "insertions": 211,
            "deletions": 9
          }
        ]
      },
      {
        "insertions": 23,
        "deletions": 57,
        "date": "2019-10-09",
        "commitResults": [
          {
            "hash": "0299abd3d60772101b92f2953cf063f77c046ff5",
            "messageTitle": "Includes undo enhancement. (#89)",
            "messageBody": "* Includes undo enhancement V1.0\r\n\r\n* Includes undo enhancement V1.1\r\n",
            "insertions": 23,
            "deletions": 57
          }
        ]
      },
      {
        "insertions": 178,
        "deletions": 33,
        "date": "2019-10-14",
        "commitResults": [
          {
            "hash": "568f4764d8cd984109c88acfa76cc804fb281149",
            "messageTitle": "Includes redo features. (#102)",
            "messageBody": "* Includes basic redo functionality 1\r\n\r\n* Updates to redo 1\r\n\r\n* Updates to checkstyle\r\n\r\n* Removes boolean flag\r\n\r\n* Swaps order of excution and push onto stack\r\n\r\n* Redoes undo feature V2.0\r\n\r\n* Includes updates to undo V2.0\r\n\r\n* Includes working undo V2.1\r\n\r\n* Updates to redo V2.0\r\n\r\n* Functioning Redo feature V21.\r\n\r\n* Cleans up code 1\r\n\r\n* Updates to checkstyle\r\n\r\n* Updates to checkstyle 2\r\n\r\n* Codacy amendments 1\r\n\r\n* Codacy amendments 2\r\n",
            "insertions": 178,
            "deletions": 33
          }
        ]
      },
      {
        "insertions": 33,
        "deletions": 30,
        "date": "2019-10-16",
        "commitResults": [
          {
            "hash": "f23620cda9ce5d13636141b958f21c6214603674",
            "messageTitle": "Includes updates for redo V3 (#120)",
            "messageBody": "* Includes updates for redo V3\r\n\r\n* Updates to undo feature\r\n\r\n* Updates to checkstyle\r\n",
            "insertions": 33,
            "deletions": 30
          }
        ]
      }
    ]
  },
  "authorFinalContributionMap": {
    "limsiying": 489,
    "mohideenik": 1827,
    "nishanthelango": 322,
    "muserr": 456
  },
  "authorFileTypeContributionMap": {
    "limsiying": {
      "tests": 77,
      "functional": 412
    },
    "mohideenik": {
      "tests": 489,
      "functional": 1292,
      "other": 46
    },
    "nishanthelango": {
      "tests": 61,
      "functional": 261
    },
    "muserr": {
      "tests": 31,
      "functional": 425
    }
  },
  "authorContributionVariance": {
    "limsiying": 23791.115,
    "mohideenik": 28733.488,
    "nishanthelango": 6240.391,
    "muserr": 3517.8062
  },
  "authorDisplayNameMap": {
    "limsiying": "CS2113T-T09-2 LIM  . . ING",
    "mohideenik": "CS2113T-T09-2 MOH  . . O Z",
    "nishanthelango": "CS2113T-T09-2 NIS  . . NGO",
    "muserr": "CS2113T-T09-2 NG   . . IAT"
  }
}
